file_path,commit_count,unique_authors,churn,days_since_modified,file_age_days
hibernate-c3p0/src/main/java/org/hibernate/c3p0/internal/C3P0ConnectionProvider.java,13,1,147,108,4762
hibernate-community-dialects/src/main/java/org/hibernate/community/dialect/AltibaseDialect.java,7,4,172,9,908
hibernate-community-dialects/src/main/java/org/hibernate/community/dialect/CockroachLegacyDialect.java,15,5,301,33,1440
hibernate-community-dialects/src/main/java/org/hibernate/community/dialect/CommunityDialectSelector.java,2,2,57,246,1782
hibernate-community-dialects/src/main/java/org/hibernate/community/dialect/DB2LegacyDialect.java,12,4,380,153,1402
hibernate-community-dialects/src/main/java/org/hibernate/community/dialect/DB2LegacySqlAstTranslator.java,2,1,23,178,1402
hibernate-community-dialects/src/main/java/org/hibernate/community/dialect/DB2zLegacyDialect.java,4,3,52,179,1402
hibernate-community-dialects/src/main/java/org/hibernate/community/dialect/FirebirdDialect.java,5,4,375,285,1782
hibernate-community-dialects/src/main/java/org/hibernate/community/dialect/H2LegacyDialect.java,11,5,72,39,1419
hibernate-community-dialects/src/main/java/org/hibernate/community/dialect/HSQLLegacyDialect.java,11,4,181,107,1329
hibernate-community-dialects/src/main/java/org/hibernate/community/dialect/MariaDBLegacyDialect.java,3,3,31,262,1423
hibernate-community-dialects/src/main/java/org/hibernate/community/dialect/MaxDBDialect.java,2,2,41,291,1782
hibernate-community-dialects/src/main/java/org/hibernate/community/dialect/MySQLLegacyDialect.java,7,4,188,153,1431
hibernate-community-dialects/src/main/java/org/hibernate/community/dialect/MySQLLegacySqlAstTranslator.java,4,4,87,93,1431
hibernate-community-dialects/src/main/java/org/hibernate/community/dialect/OracleLegacyDialect.java,14,6,241,9,1339
hibernate-community-dialects/src/main/java/org/hibernate/community/dialect/OracleLegacySqlAstTranslator.java,1,1,42,354,1354
hibernate-community-dialects/src/main/java/org/hibernate/community/dialect/PostgreSQLLegacyDialect.java,12,5,249,39,1356
hibernate-community-dialects/src/main/java/org/hibernate/community/dialect/SQLServerLegacyDialect.java,5,3,157,262,1425
hibernate-community-dialects/src/main/java/org/hibernate/community/dialect/SQLServerLegacySqlAstTranslator.java,2,1,103,178,1425
hibernate-community-dialects/src/main/java/org/hibernate/community/dialect/SQLiteDialect.java,4,4,113,246,1782
hibernate-community-dialects/src/main/java/org/hibernate/community/dialect/SybaseASELegacyDialect.java,3,3,89,246,1411
hibernate-community-dialects/src/main/java/org/hibernate/community/dialect/SybaseASELegacySqlAstTranslator.java,2,2,74,313,1411
hibernate-community-dialects/src/main/java/org/hibernate/community/dialect/SybaseLegacyDialect.java,4,3,74,44,1411
hibernate-community-dialects/src/main/java/org/hibernate/community/dialect/TeradataDialect.java,7,5,770,100,1782
hibernate-core/src/main/java/org/hibernate/BaseSessionEventListener.java,0,0,0,0,0
hibernate-core/src/main/java/org/hibernate/Cache.java,1,1,20,254,5692
hibernate-core/src/main/java/org/hibernate/CacheMode.java,2,2,41,10,5692
hibernate-core/src/main/java/org/hibernate/Interceptor.java,5,1,113,2,5692
hibernate-core/src/main/java/org/hibernate/LockOptions.java,13,3,1448,100,5692
hibernate-core/src/main/java/org/hibernate/NaturalIdMultiLoadAccess.java,5,2,54,53,2011
hibernate-core/src/main/java/org/hibernate/action/internal/BulkOperationCleanupAction.java,4,2,99,265,5532
hibernate-core/src/main/java/org/hibernate/action/internal/UnresolvedEntityInsertActions.java,8,1,187,238,5255
hibernate-core/src/main/java/org/hibernate/annotations/CacheConcurrencyStrategy.java,1,1,4,91,5692
hibernate-core/src/main/java/org/hibernate/annotations/SortComparator.java,0,0,0,0,0
hibernate-core/src/main/java/org/hibernate/binder/internal/CommentBinder.java,1,1,14,257,1225
hibernate-core/src/main/java/org/hibernate/boot/BootLogging.java,8,3,541,102,2111
hibernate-core/src/main/java/org/hibernate/boot/InvalidMappingException.java,0,0,0,0,0
hibernate-core/src/main/java/org/hibernate/boot/MappingException.java,0,0,0,0,0
hibernate-core/src/main/java/org/hibernate/boot/archive/internal/ArchiveHelper.java,5,2,214,54,4202
hibernate-core/src/main/java/org/hibernate/boot/archive/internal/JarFileBasedArchiveDescriptor.java,1,1,168,54,4202
hibernate-core/src/main/java/org/hibernate/boot/archive/internal/JarInputStreamBasedArchiveDescriptor.java,1,1,209,54,4202
hibernate-core/src/main/java/org/hibernate/boot/archive/internal/StandardArchiveDescriptorFactory.java,3,2,128,54,4202
hibernate-core/src/main/java/org/hibernate/boot/archive/scan/internal/NoopEntryHandler.java,0,0,0,0,0
hibernate-core/src/main/java/org/hibernate/boot/beanvalidation/GroupsPerOperation.java,0,0,0,0,0
hibernate-core/src/main/java/org/hibernate/boot/beanvalidation/TypeSafeActivator.java,10,1,347,148,1236
hibernate-core/src/main/java/org/hibernate/boot/cfgxml/internal/ConfigLoader.java,4,2,97,48,4079
hibernate-core/src/main/java/org/hibernate/boot/cfgxml/spi/LoadedConfig.java,4,1,143,160,4079
hibernate-core/src/main/java/org/hibernate/boot/internal/ClassLoaderAccessImpl.java,4,1,42,234,4079
hibernate-core/src/main/java/org/hibernate/boot/internal/DefaultCustomEntityDirtinessStrategy.java,0,0,0,0,0
hibernate-core/src/main/java/org/hibernate/boot/internal/InFlightMetadataCollectorImpl.java,18,4,628,66,4372
hibernate-core/src/main/java/org/hibernate/boot/internal/MetadataImpl.java,8,2,287,107,4079
hibernate-core/src/main/java/org/hibernate/boot/jaxb/hbm/transform/ColumnDefaultsInsertableNonUpdateableImpl.java,1,1,2,281,1461
hibernate-core/src/main/java/org/hibernate/boot/jaxb/hbm/transform/HbmXmlTransformer.java,8,2,876,94,1461
hibernate-core/src/main/java/org/hibernate/boot/jaxb/hbm/transform/TargetColumnAdapterJaxbJoinColumn.java,1,1,2,281,1461
hibernate-core/src/main/java/org/hibernate/boot/jaxb/internal/stax/FilteringXMLEventReader.java,0,0,0,0,0
hibernate-core/src/main/java/org/hibernate/boot/jaxb/internal/stax/LocalXmlResourceResolver.java,4,1,42,234,4079
hibernate-core/src/main/java/org/hibernate/boot/jaxb/internal/stax/XMLStreamConstantsUtils.java,0,0,0,0,0
hibernate-core/src/main/java/org/hibernate/boot/jaxb/spi/Binding.java,0,0,0,0,0
hibernate-core/src/main/java/org/hibernate/boot/model/TypeDefinition.java,3,1,89,241,4079
hibernate-core/src/main/java/org/hibernate/boot/model/internal/AbstractPropertyHolder.java,5,2,370,112,1238
hibernate-core/src/main/java/org/hibernate/boot/model/internal/AggregateComponentSecondPass.java,3,2,54,167,1238
hibernate-core/src/main/java/org/hibernate/boot/model/internal/AnnotatedColumn.java,20,4,517,18,1238
hibernate-core/src/main/java/org/hibernate/boot/model/internal/AnnotatedColumns.java,3,2,46,111,1238
hibernate-core/src/main/java/org/hibernate/boot/model/internal/AnnotatedDiscriminatorColumn.java,1,1,6,259,1238
hibernate-core/src/main/java/org/hibernate/boot/model/internal/AnnotationBinder.java,12,3,358,107,1354
hibernate-core/src/main/java/org/hibernate/boot/model/internal/BasicValueBinder.java,10,3,828,17,1354
hibernate-core/src/main/java/org/hibernate/boot/model/internal/BinderHelper.java,14,2,641,19,1238
hibernate-core/src/main/java/org/hibernate/boot/model/internal/ClassPropertyHolder.java,10,2,227,94,1238
hibernate-core/src/main/java/org/hibernate/boot/model/internal/CollectionBinder.java,34,5,1539,19,1259
hibernate-core/src/main/java/org/hibernate/boot/model/internal/CollectionPropertyHolder.java,10,2,48,95,1259
hibernate-core/src/main/java/org/hibernate/boot/model/internal/ColumnsBuilder.java,6,1,137,82,1238
hibernate-core/src/main/java/org/hibernate/boot/model/internal/CopyIdentifierComponentSecondPass.java,0,0,0,0,0
hibernate-core/src/main/java/org/hibernate/boot/model/internal/EmbeddableBinder.java,24,6,949,18,1231
hibernate-core/src/main/java/org/hibernate/boot/model/internal/EntityBinder.java,35,6,1308,4,1238
hibernate-core/src/main/java/org/hibernate/boot/model/internal/GeneratorBinder.java,17,2,702,2,1231
hibernate-core/src/main/java/org/hibernate/boot/model/internal/IdBagBinder.java,3,1,109,225,1238
hibernate-core/src/main/java/org/hibernate/boot/model/internal/IndexBinder.java,4,2,58,122,996
hibernate-core/src/main/java/org/hibernate/boot/model/internal/IndexOrUniqueKeySecondPass.java,0,0,0,0,0
hibernate-core/src/main/java/org/hibernate/boot/model/internal/InheritanceState.java,8,3,266,18,1238
hibernate-core/src/main/java/org/hibernate/boot/model/internal/JPAXMLOverriddenAnnotationReader.java,0,0,0,0,0
hibernate-core/src/main/java/org/hibernate/boot/model/internal/JPAXMLOverriddenMetadataProvider.java,0,0,0,0,0
hibernate-core/src/main/java/org/hibernate/boot/model/internal/OneToOneSecondPass.java,4,2,190,186,1238
hibernate-core/src/main/java/org/hibernate/boot/model/internal/PropertyBinder.java,21,3,582,5,1287
hibernate-core/src/main/java/org/hibernate/boot/model/internal/PropertyContainer.java,2,1,142,129,1238
hibernate-core/src/main/java/org/hibernate/boot/model/internal/QueryBinder.java,10,2,619,16,1238
hibernate-core/src/main/java/org/hibernate/boot/model/internal/QueryHintDefinition.java,5,2,87,16,1238
hibernate-core/src/main/java/org/hibernate/boot/model/internal/TableBinder.java,10,4,162,94,1238
hibernate-core/src/main/java/org/hibernate/boot/model/internal/ToOneBinder.java,17,3,643,73,1238
hibernate-core/src/main/java/org/hibernate/boot/model/internal/ToOneFkSecondPass.java,1,1,15,259,1238
hibernate-core/src/main/java/org/hibernate/boot/model/internal/XMLContext.java,0,0,0,0,0
hibernate-core/src/main/java/org/hibernate/boot/model/naming/Identifier.java,4,3,148,173,4079
hibernate-core/src/main/java/org/hibernate/boot/model/naming/ImplicitNamingStrategyJpaCompliantImpl.java,5,1,273,18,4079
hibernate-core/src/main/java/org/hibernate/boot/model/process/internal/InferredBasicValueResolver.java,6,2,345,151,2441
hibernate-core/src/main/java/org/hibernate/boot/model/process/internal/ManagedResourcesImpl.java,3,1,18,129,3965
hibernate-core/src/main/java/org/hibernate/boot/model/process/internal/ScanningCoordinator.java,8,2,762,54,3965
hibernate-core/src/main/java/org/hibernate/boot/model/process/spi/MetadataBuildingProcess.java,9,6,508,54,3965
hibernate-core/src/main/java/org/hibernate/boot/model/process/spi/NoOpMetadataSourceProcessorImpl.java,0,0,0,0,0
hibernate-core/src/main/java/org/hibernate/boot/model/relational/ColumnOrderingStrategyLegacy.java,0,0,0,0,0
hibernate-core/src/main/java/org/hibernate/boot/model/relational/ColumnOrderingStrategyStandard.java,1,1,6,237,1241
hibernate-core/src/main/java/org/hibernate/boot/model/relational/QualifiedNameParser.java,6,4,54,173,4079
hibernate-core/src/main/java/org/hibernate/boot/model/source/internal/annotations/AnnotationMetadataSourceProcessorImpl.java,8,2,213,61,4079
hibernate-core/src/main/java/org/hibernate/boot/model/source/internal/hbm/AbstractPluralAttributeSourceImpl.java,0,0,0,0,0
hibernate-core/src/main/java/org/hibernate/boot/model/source/internal/hbm/AttributesHelper.java,0,0,0,0,0
hibernate-core/src/main/java/org/hibernate/boot/model/source/internal/hbm/CompositeIdentifierSingularAttributeSourceManyToOneImpl.java,0,0,0,0,0
hibernate-core/src/main/java/org/hibernate/boot/model/source/internal/hbm/EntityHierarchyBuilder.java,3,1,125,234,4079
hibernate-core/src/main/java/org/hibernate/boot/model/source/internal/hbm/EntityHierarchySourceImpl.java,0,0,0,0,0
hibernate-core/src/main/java/org/hibernate/boot/model/source/internal/hbm/FetchCharacteristicsPluralAttributeImpl.java,0,0,0,0,0
hibernate-core/src/main/java/org/hibernate/boot/model/source/internal/hbm/FetchCharacteristicsSingularAssociationImpl.java,1,1,7,127,4079
hibernate-core/src/main/java/org/hibernate/boot/model/source/internal/hbm/FilterDefinitionBinder.java,3,1,88,234,4079
hibernate-core/src/main/java/org/hibernate/boot/model/source/internal/hbm/HbmMetadataSourceProcessorImpl.java,3,1,42,234,4079
hibernate-core/src/main/java/org/hibernate/boot/model/source/internal/hbm/Helper.java,2,2,23,96,4079
hibernate-core/src/main/java/org/hibernate/boot/model/source/internal/hbm/ModelBinder.java,21,3,4605,80,4079
hibernate-core/src/main/java/org/hibernate/boot/model/source/internal/hbm/PluralAttributeKeySourceImpl.java,0,0,0,0,0
hibernate-core/src/main/java/org/hibernate/boot/model/source/internal/hbm/RelationalValueSourceHelper.java,0,0,0,0,0
hibernate-core/src/main/java/org/hibernate/boot/query/BootQueryLogging.java,1,1,2,301,2090
hibernate-core/src/main/java/org/hibernate/boot/query/HbmResultSetMappingDescriptor.java,4,1,63,138,2102
hibernate-core/src/main/java/org/hibernate/boot/registry/BootstrapServiceRegistryBuilder.java,1,1,38,176,5003
hibernate-core/src/main/java/org/hibernate/boot/registry/classloading/internal/AggregatedClassLoader.java,1,1,19,291,2764
hibernate-core/src/main/java/org/hibernate/boot/registry/internal/BootstrapServiceRegistryImpl.java,8,1,100,176,5003
hibernate-core/src/main/java/org/hibernate/boot/registry/selector/internal/DefaultDialectSelector.java,0,0,0,0,0
hibernate-core/src/main/java/org/hibernate/bytecode/BytecodeLogging.java,1,1,23,240,1915
hibernate-core/src/main/java/org/hibernate/bytecode/enhance/internal/bytebuddy/BiDirectionalAssociationHandler.java,8,4,327,129,3505
hibernate-core/src/main/java/org/hibernate/bytecode/enhance/internal/bytebuddy/EnhancerImpl.java,12,6,1300,86,3505
hibernate-core/src/main/java/org/hibernate/bytecode/enhance/internal/bytebuddy/InlineDirtyCheckingHandler.java,2,2,64,129,3505
hibernate-core/src/main/java/org/hibernate/bytecode/enhance/internal/bytebuddy/PersistentAttributeTransformer.java,7,3,170,129,3505
hibernate-core/src/main/java/org/hibernate/bytecode/enhance/internal/tracker/NoopCollectionTracker.java,0,0,0,0,0
hibernate-core/src/main/java/org/hibernate/bytecode/enhance/spi/interceptor/EnhancementAsProxyLazinessInterceptor.java,8,3,209,174,2579
hibernate-core/src/main/java/org/hibernate/bytecode/enhance/spi/interceptor/EnhancementHelper.java,7,2,181,19,2579
hibernate-core/src/main/java/org/hibernate/bytecode/internal/BytecodeEnhancementMetadataPojoImpl.java,7,3,111,155,1249
hibernate-core/src/main/java/org/hibernate/bytecode/internal/bytebuddy/BytecodeProviderImpl.java,9,3,1192,238,3505
hibernate-core/src/main/java/org/hibernate/bytecode/internal/bytebuddy/HibernateMethodLookupDispatcher.java,0,0,0,0,0
hibernate-core/src/main/java/org/hibernate/bytecode/internal/none/DisallowedProxyFactory.java,0,0,0,0,0
hibernate-core/src/main/java/org/hibernate/bytecode/spi/ClassTransformer.java,1,1,9,73,5532
hibernate-core/src/main/java/org/hibernate/cache/RegionFactory.java,0,0,0,0,0
hibernate-core/src/main/java/org/hibernate/cache/cfg/internal/DomainDataRegionConfigImpl.java,2,1,57,144,2980
hibernate-core/src/main/java/org/hibernate/cache/internal/CollectionCacheInvalidator.java,6,2,81,247,4629
hibernate-core/src/main/java/org/hibernate/cache/internal/DisabledCaching.java,2,1,30,155,2980
hibernate-core/src/main/java/org/hibernate/cache/internal/EnabledCaching.java,9,1,350,154,2980
hibernate-core/src/main/java/org/hibernate/cache/internal/NaturalIdCacheKey.java,1,1,21,254,3456
hibernate-core/src/main/java/org/hibernate/cache/internal/NoCachingRegionFactory.java,0,0,0,0,0
hibernate-core/src/main/java/org/hibernate/cache/internal/NoCachingTransactionSynchronizationImpl.java,1,1,8,254,2980
hibernate-core/src/main/java/org/hibernate/cache/internal/QueryResultsCacheImpl.java,4,1,127,254,2966
hibernate-core/src/main/java/org/hibernate/cache/internal/StrategyCreatorRegionFactoryImpl.java,1,1,8,254,3629
hibernate-core/src/main/java/org/hibernate/cache/spi/QueryResultsCache.java,0,0,0,0,0
hibernate-core/src/main/java/org/hibernate/cache/spi/entry/CollectionCacheEntry.java,0,0,0,0,0
hibernate-core/src/main/java/org/hibernate/cache/spi/support/AbstractReadWriteAccess.java,7,1,360,91,2977
hibernate-core/src/main/java/org/hibernate/cache/spi/support/DomainDataRegionTemplate.java,4,1,139,129,2972
hibernate-core/src/main/java/org/hibernate/cfg/BatchSettings.java,2,1,19,233,999
hibernate-core/src/main/java/org/hibernate/cfg/BytecodeSettings.java,1,1,1,233,999
hibernate-core/src/main/java/org/hibernate/cfg/C3p0Settings.java,0,0,0,0,0
hibernate-core/src/main/java/org/hibernate/cfg/CacheSettings.java,0,0,0,0,0
hibernate-core/src/main/java/org/hibernate/cfg/Configuration.java,9,2,125,100,5692
hibernate-core/src/main/java/org/hibernate/cfg/DialectSpecificSettings.java,2,1,21,409,906
hibernate-core/src/main/java/org/hibernate/cfg/EnvironmentSettings.java,0,0,0,0,0
hibernate-core/src/main/java/org/hibernate/cfg/FetchSettings.java,1,1,2,100,999
hibernate-core/src/main/java/org/hibernate/cfg/JpaComplianceSettings.java,1,1,1,233,999
hibernate-core/src/main/java/org/hibernate/cfg/ManagedBeanSettings.java,1,1,4,233,999
hibernate-core/src/main/java/org/hibernate/cfg/MappingSettings.java,6,3,57,100,999
hibernate-core/src/main/java/org/hibernate/cfg/MultiTenancySettings.java,6,1,86,108,999
hibernate-core/src/main/java/org/hibernate/cfg/PersistenceSettings.java,2,2,45,54,999
hibernate-core/src/main/java/org/hibernate/cfg/ProxoolSettings.java,0,0,0,0,0
hibernate-core/src/main/java/org/hibernate/cfg/QuerySettings.java,4,3,30,13,999
hibernate-core/src/main/java/org/hibernate/cfg/SchemaToolingSettings.java,6,3,49,8,999
hibernate-core/src/main/java/org/hibernate/cfg/SecondPass.java,0,0,0,0,0
hibernate-core/src/main/java/org/hibernate/cfg/SessionEventSettings.java,0,0,0,0,0
hibernate-core/src/main/java/org/hibernate/cfg/StatisticsSettings.java,1,1,2,100,999
hibernate-core/src/main/java/org/hibernate/cfg/TransactionSettings.java,2,2,10,100,999
hibernate-core/src/main/java/org/hibernate/cfg/ValidationSettings.java,0,0,0,0,0
hibernate-core/src/main/java/org/hibernate/collection/spi/AbstractPersistentCollection.java,16,5,420,5,5485
hibernate-core/src/main/java/org/hibernate/collection/spi/PersistentList.java,4,2,248,5,1586
hibernate-core/src/main/java/org/hibernate/context/internal/JTASessionContext.java,7,2,107,120,5485
hibernate-core/src/main/java/org/hibernate/context/internal/ThreadLocalSessionContext.java,4,1,106,239,5485
hibernate-core/src/main/java/org/hibernate/dialect/AbstractHANADialect.java,0,0,0,0,0
hibernate-core/src/main/java/org/hibernate/dialect/AbstractPostgreSQLStructJdbcType.java,0,0,0,0,0
hibernate-core/src/main/java/org/hibernate/dialect/AbstractTransactSQLDialect.java,7,4,175,44,5692
hibernate-core/src/main/java/org/hibernate/dialect/CockroachDialect.java,21,6,400,33,2298
hibernate-core/src/main/java/org/hibernate/dialect/DB2Dialect.java,16,3,547,66,5692
hibernate-core/src/main/java/org/hibernate/dialect/DB2SqlAstTranslator.java,0,0,0,0,0
hibernate-core/src/main/java/org/hibernate/dialect/DB2zDialect.java,10,4,101,109,1983
hibernate-core/src/main/java/org/hibernate/dialect/Database.java,4,3,66,11,3255
hibernate-core/src/main/java/org/hibernate/dialect/Dialect.java,53,12,1673,5,5485
hibernate-core/src/main/java/org/hibernate/dialect/H2Dialect.java,16,5,275,17,5692
hibernate-core/src/main/java/org/hibernate/dialect/HSQLDialect.java,12,6,200,79,5692
hibernate-core/src/main/java/org/hibernate/dialect/JsonHelper.java,0,0,0,0,0
hibernate-core/src/main/java/org/hibernate/dialect/MariaDBDialect.java,11,5,152,66,3378
hibernate-core/src/main/java/org/hibernate/dialect/MySQLDialect.java,20,7,362,66,5692
hibernate-core/src/main/java/org/hibernate/dialect/MySQLSqlAstTranslator.java,0,0,0,0,0
hibernate-core/src/main/java/org/hibernate/dialect/OracleArrayJdbcType.java,0,0,0,0,0
hibernate-core/src/main/java/org/hibernate/dialect/OracleDialect.java,43,10,615,9,5692
hibernate-core/src/main/java/org/hibernate/dialect/PostgreSQLDialect.java,25,7,674,39,5692
hibernate-core/src/main/java/org/hibernate/dialect/PostgreSQLDriverKind.java,1,1,13,345,1668
hibernate-core/src/main/java/org/hibernate/dialect/Replacer.java,0,0,0,0,0
hibernate-core/src/main/java/org/hibernate/dialect/SQLServerDialect.java,13,4,336,66,5692
hibernate-core/src/main/java/org/hibernate/dialect/SQLServerSqlAstTranslator.java,0,0,0,0,0
hibernate-core/src/main/java/org/hibernate/dialect/SpannerDialect.java,18,3,1446,27,2298
hibernate-core/src/main/java/org/hibernate/dialect/StructJdbcType.java,0,0,0,0,0
hibernate-core/src/main/java/org/hibernate/dialect/SybaseASEDialect.java,8,3,138,48,2298
hibernate-core/src/main/java/org/hibernate/dialect/SybaseASESqlAstTranslator.java,0,0,0,0,0
hibernate-core/src/main/java/org/hibernate/dialect/SybaseDialect.java,7,3,66,44,5692
hibernate-core/src/main/java/org/hibernate/dialect/XmlHelper.java,0,0,0,0,0
hibernate-core/src/main/java/org/hibernate/dialect/aggregate/DB2AggregateSupport.java,4,2,129,17,1259
hibernate-core/src/main/java/org/hibernate/dialect/aggregate/OracleAggregateSupport.java,15,5,415,16,1259
hibernate-core/src/main/java/org/hibernate/dialect/aggregate/PostgreSQLAggregateSupport.java,2,1,21,17,1259
hibernate-core/src/main/java/org/hibernate/dialect/function/AggregateWindowEmulationQueryTransformer.java,1,1,6,4,1559
hibernate-core/src/main/java/org/hibernate/dialect/function/CastFunction.java,4,2,35,272,5692
hibernate-core/src/main/java/org/hibernate/dialect/function/CommonFunctionFactory.java,14,7,483,31,2331
hibernate-core/src/main/java/org/hibernate/dialect/function/CountFunction.java,2,2,29,39,1691
hibernate-core/src/main/java/org/hibernate/dialect/function/ExtractFunction.java,2,2,8,129,2298
hibernate-core/src/main/java/org/hibernate/dialect/function/FormatFunction.java,1,1,2,129,1529
hibernate-core/src/main/java/org/hibernate/dialect/function/HypotheticalSetWindowEmulation.java,0,0,0,0,0
hibernate-core/src/main/java/org/hibernate/dialect/function/InverseDistributionWindowEmulation.java,0,0,0,0,0
hibernate-core/src/main/java/org/hibernate/dialect/function/ListaggStringAggEmulation.java,1,1,2,297,1560
hibernate-core/src/main/java/org/hibernate/dialect/function/array/ArrayAndElementArgumentTypeResolver.java,2,2,5,296,934
hibernate-core/src/main/java/org/hibernate/dialect/function/array/ArrayContainsArgumentTypeResolver.java,1,1,2,297,927
hibernate-core/src/main/java/org/hibernate/dialect/function/array/ArrayViaElementArgumentReturnTypeResolver.java,1,1,25,191,955
hibernate-core/src/main/java/org/hibernate/dialect/function/array/HSQLArrayRemoveFunction.java,1,1,2,53,929
hibernate-core/src/main/java/org/hibernate/dialect/function/array/HSQLArraySetFunction.java,0,0,0,0,0
hibernate-core/src/main/java/org/hibernate/dialect/function/array/OracleArrayGetFunction.java,1,1,5,41,930
hibernate-core/src/main/java/org/hibernate/dialect/function/array/OracleArrayRemoveFunction.java,0,0,0,0,0
hibernate-core/src/main/java/org/hibernate/dialect/function/array/OracleArraySetFunction.java,0,0,0,0,0
hibernate-core/src/main/java/org/hibernate/dialect/pagination/AbstractLimitHandler.java,3,3,125,175,5052
hibernate-core/src/main/java/org/hibernate/dialect/pagination/OffsetFetchLimitHandler.java,2,2,43,175,2298
hibernate-core/src/main/java/org/hibernate/dialect/pagination/SQLServer2005LimitHandler.java,0,0,0,0,0
hibernate-core/src/main/java/org/hibernate/dialect/sequence/NoSequenceSupport.java,0,0,0,0,0
hibernate-core/src/main/java/org/hibernate/dialect/temptable/StandardTemporaryTableExporter.java,3,3,81,66,1622
hibernate-core/src/main/java/org/hibernate/dialect/temptable/TemporaryTable.java,9,2,868,92,1622
hibernate-core/src/main/java/org/hibernate/engine/internal/AbstractEntityEntry.java,1,1,0,351,4057
hibernate-core/src/main/java/org/hibernate/engine/internal/Cascade.java,12,1,392,80,5485
hibernate-core/src/main/java/org/hibernate/engine/internal/Collections.java,10,2,382,5,5485
hibernate-core/src/main/java/org/hibernate/engine/internal/EntityEntryContext.java,8,2,241,166,4953
hibernate-core/src/main/java/org/hibernate/engine/internal/ForeignKeys.java,5,4,58,2,5485
hibernate-core/src/main/java/org/hibernate/engine/internal/ManagedTypeHelper.java,1,1,18,281,1305
hibernate-core/src/main/java/org/hibernate/engine/internal/NaturalIdResolutionsImpl.java,13,2,1205,10,1928
hibernate-core/src/main/java/org/hibernate/engine/internal/Nullability.java,2,1,4,250,5485
hibernate-core/src/main/java/org/hibernate/engine/internal/StatefulPersistenceContext.java,25,5,1455,6,5485
hibernate-core/src/main/java/org/hibernate/engine/jdbc/ClobProxy.java,0,0,0,0,0
hibernate-core/src/main/java/org/hibernate/engine/jdbc/connections/internal/ConnectionProviderInitiator.java,8,1,72,155,5003
hibernate-core/src/main/java/org/hibernate/engine/jdbc/connections/internal/DriverManagerConnectionProviderImpl.java,14,2,688,273,5003
hibernate-core/src/main/java/org/hibernate/engine/jdbc/dialect/internal/StandardDialectResolver.java,0,0,0,0,0
hibernate-core/src/main/java/org/hibernate/engine/jdbc/env/internal/JdbcEnvironmentImpl.java,7,1,169,236,4079
hibernate-core/src/main/java/org/hibernate/engine/jdbc/env/internal/JdbcEnvironmentInitiator.java,14,4,243,32,4079
hibernate-core/src/main/java/org/hibernate/engine/jdbc/env/spi/IdentifierHelperBuilder.java,3,1,109,247,4001
hibernate-core/src/main/java/org/hibernate/engine/jdbc/env/spi/SQLStateType.java,1,1,16,279,4079
hibernate-core/src/main/java/org/hibernate/engine/jdbc/internal/BasicFormatterImpl.java,1,1,1,83,5545
hibernate-core/src/main/java/org/hibernate/engine/jdbc/internal/DDLFormatterImpl.java,1,1,12,302,5545
hibernate-core/src/main/java/org/hibernate/engine/jdbc/internal/HighlightingFormatter.java,0,0,0,0,0
hibernate-core/src/main/java/org/hibernate/engine/jdbc/internal/MutationStatementPreparerImpl.java,2,1,23,242,1262
hibernate-core/src/main/java/org/hibernate/engine/jdbc/internal/ResultSetReturnImpl.java,3,2,93,32,4864
hibernate-core/src/main/java/org/hibernate/engine/jdbc/internal/StatementPreparerImpl.java,6,2,80,32,5548
hibernate-core/src/main/java/org/hibernate/engine/jdbc/mutation/internal/MutationExecutorStandard.java,1,1,6,5,1262
hibernate-core/src/main/java/org/hibernate/engine/jdbc/mutation/internal/MutationQueryOptions.java,3,1,16,107,1262
hibernate-core/src/main/java/org/hibernate/engine/jdbc/mutation/internal/PreparedStatementGroupNone.java,0,0,0,0,0
hibernate-core/src/main/java/org/hibernate/engine/jdbc/spi/ConnectionObserverAdapter.java,0,0,0,0,0
hibernate-core/src/main/java/org/hibernate/engine/jdbc/spi/SqlExceptionHelper.java,1,1,8,238,5545
hibernate-core/src/main/java/org/hibernate/engine/jndi/internal/JndiServiceImpl.java,7,1,99,238,5003
hibernate-core/src/main/java/org/hibernate/engine/profile/FetchProfile.java,3,1,28,238,5692
hibernate-core/src/main/java/org/hibernate/engine/query/spi/ParamLocationRecognizer.java,0,0,0,0,0
hibernate-core/src/main/java/org/hibernate/engine/spi/ActionQueue.java,16,3,942,5,5485
hibernate-core/src/main/java/org/hibernate/engine/spi/BatchFetchQueue.java,6,2,413,75,5485
hibernate-core/src/main/java/org/hibernate/engine/spi/CascadingAction.java,4,1,86,353,5485
hibernate-core/src/main/java/org/hibernate/engine/spi/CascadingActions.java,11,1,317,11,5015
hibernate-core/src/main/java/org/hibernate/engine/spi/CollectionEntry.java,9,1,268,100,5485
hibernate-core/src/main/java/org/hibernate/engine/spi/CollectionKey.java,2,2,117,5,5485
hibernate-core/src/main/java/org/hibernate/engine/spi/EntityKey.java,2,2,106,5,5485
hibernate-core/src/main/java/org/hibernate/engine/spi/EntityUniqueKey.java,0,0,0,0,0
hibernate-core/src/main/java/org/hibernate/engine/spi/ExecutableList.java,3,1,130,238,4664
hibernate-core/src/main/java/org/hibernate/engine/spi/NaturalIdResolutions.java,0,0,0,0,0
hibernate-core/src/main/java/org/hibernate/engine/spi/SubselectFetch.java,0,0,0,0,0
hibernate-core/src/main/java/org/hibernate/engine/spi/TypedValue.java,0,0,0,0,0
hibernate-core/src/main/java/org/hibernate/engine/transaction/internal/TransactionImpl.java,6,1,125,174,4038
hibernate-core/src/main/java/org/hibernate/engine/transaction/jta/platform/internal/NoJtaPlatform.java,0,0,0,0,0
hibernate-core/src/main/java/org/hibernate/engine/transaction/spi/TransactionObserver.java,0,0,0,0,0
hibernate-core/src/main/java/org/hibernate/event/internal/DefaultDeleteEventListener.java,13,3,263,2,5485
hibernate-core/src/main/java/org/hibernate/event/internal/DefaultInitializeCollectionEventListener.java,6,2,77,238,5485
hibernate-core/src/main/java/org/hibernate/event/internal/DefaultLoadEventListener.java,9,1,282,10,5485
hibernate-core/src/main/java/org/hibernate/event/internal/DefaultMergeEventListener.java,15,2,384,2,5485
hibernate-core/src/main/java/org/hibernate/event/internal/DefaultRefreshEventListener.java,14,2,412,167,5485
hibernate-core/src/main/java/org/hibernate/event/internal/DefaultReplicateEventListener.java,7,1,108,155,5485
hibernate-core/src/main/java/org/hibernate/event/internal/EmptyEventManager.java,0,0,0,0,0
hibernate-core/src/main/java/org/hibernate/event/internal/EntityCopyObserverFactoryInitiator.java,7,1,117,238,2774
hibernate-core/src/main/java/org/hibernate/event/internal/WrapVisitor.java,9,2,113,48,5485
hibernate-core/src/main/java/org/hibernate/event/service/internal/EventListenerGroupImpl.java,5,2,77,123,5499
hibernate-core/src/main/java/org/hibernate/event/spi/EventType.java,1,1,1,172,5485
hibernate-core/src/main/java/org/hibernate/event/spi/MergeContext.java,3,2,11,100,1561
hibernate-core/src/main/java/org/hibernate/event/spi/RefreshEvent.java,4,2,45,107,5485
hibernate-core/src/main/java/org/hibernate/exception/internal/SQLStateConversionDelegate.java,1,1,2,333,5238
hibernate-core/src/main/java/org/hibernate/generator/internal/GeneratedAlwaysGeneration.java,1,1,11,4,1254
hibernate-core/src/main/java/org/hibernate/graph/AttributeNode.java,2,1,12,95,2776
hibernate-core/src/main/java/org/hibernate/graph/internal/GraphParserLogging.java,1,1,2,301,1521
hibernate-core/src/main/java/org/hibernate/id/CompositeNestedGeneratedValueGenerator.java,6,3,367,4,5692
hibernate-core/src/main/java/org/hibernate/id/ExportableColumn.java,0,0,0,0,0
hibernate-core/src/main/java/org/hibernate/id/IdentifierGeneratorHelper.java,7,1,764,2,5692
hibernate-core/src/main/java/org/hibernate/id/IncrementGenerator.java,7,1,112,2,5692
hibernate-core/src/main/java/org/hibernate/id/enhanced/SequenceStyleGenerator.java,16,4,205,4,5692
hibernate-core/src/main/java/org/hibernate/id/enhanced/StandardOptimizerDescriptor.java,1,1,67,225,4738
hibernate-core/src/main/java/org/hibernate/id/enhanced/TableGenerator.java,15,4,637,2,5692
hibernate-core/src/main/java/org/hibernate/id/enhanced/TableStructure.java,10,2,258,2,5692
hibernate-core/src/main/java/org/hibernate/id/factory/IdGenFactoryLogging.java,0,0,0,0,0
hibernate-core/src/main/java/org/hibernate/id/factory/internal/IdentifierGeneratorUtil.java,0,0,0,0,0
hibernate-core/src/main/java/org/hibernate/internal/AbstractSharedSessionContract.java,41,6,2255,2,3674
hibernate-core/src/main/java/org/hibernate/internal/ConnectionObserverStatsBridge.java,0,0,0,0,0
hibernate-core/src/main/java/org/hibernate/internal/ContextualJdbcConnectionAccess.java,3,1,40,174,3674
hibernate-core/src/main/java/org/hibernate/internal/EmptyInterceptor.java,0,0,0,0,0
hibernate-core/src/main/java/org/hibernate/internal/EmptyScrollableResults.java,1,1,0,174,3429
hibernate-core/src/main/java/org/hibernate/internal/ExceptionConverterImpl.java,9,3,123,95,3660
hibernate-core/src/main/java/org/hibernate/internal/FetchingScrollableResultsImpl.java,2,2,4,174,5495
hibernate-core/src/main/java/org/hibernate/internal/FilterHelper.java,2,1,12,175,5495
hibernate-core/src/main/java/org/hibernate/internal/JdbcObserverImpl.java,0,0,0,0,0
hibernate-core/src/main/java/org/hibernate/internal/SessionFactoryImpl.java,38,3,1350,5,5495
hibernate-core/src/main/java/org/hibernate/internal/SessionImpl.java,65,8,2686,2,5495
hibernate-core/src/main/java/org/hibernate/internal/StatelessSessionImpl.java,48,7,1809,2,5495
hibernate-core/src/main/java/org/hibernate/internal/util/ReflectHelper.java,4,2,92,94,5545
hibernate-core/src/main/java/org/hibernate/internal/util/SerializationHelper.java,4,1,130,238,5545
hibernate-core/src/main/java/org/hibernate/internal/util/StringHelper.java,2,2,42,94,5545
hibernate-core/src/main/java/org/hibernate/internal/util/beans/BeanInfoHelper.java,2,2,186,94,5692
hibernate-core/src/main/java/org/hibernate/internal/util/collections/BoundedConcurrentHashMap.java,1,1,3,332,5185
hibernate-core/src/main/java/org/hibernate/internal/util/collections/CollectionHelper.java,5,3,88,54,5545
hibernate-core/src/main/java/org/hibernate/internal/util/collections/ConcurrentReferenceHashMap.java,0,0,0,0,0
hibernate-core/src/main/java/org/hibernate/internal/util/collections/IdentityMap.java,0,0,0,0,0
hibernate-core/src/main/java/org/hibernate/internal/util/collections/LinkedIdentityHashMap.java,1,1,297,244,1083
hibernate-core/src/main/java/org/hibernate/internal/util/compare/ComparableComparator.java,1,1,9,173,5545
hibernate-core/src/main/java/org/hibernate/internal/util/config/ConfigurationHelper.java,5,2,449,5,5692
hibernate-core/src/main/java/org/hibernate/internal/util/securitymanager/SystemSecurityManager.java,0,0,0,0,0
hibernate-core/src/main/java/org/hibernate/jdbc/Expectations.java,4,1,20,238,5692
hibernate-core/src/main/java/org/hibernate/jpa/HibernateHints.java,8,3,177,12,1570
hibernate-core/src/main/java/org/hibernate/jpa/HibernatePersistenceProvider.java,10,2,660,13,3674
hibernate-core/src/main/java/org/hibernate/jpa/LegacySpecHints.java,0,0,0,0,0
hibernate-core/src/main/java/org/hibernate/jpa/SpecHints.java,1,1,4,129,1570
hibernate-core/src/main/java/org/hibernate/jpa/boot/internal/EntityManagerFactoryBuilderImpl.java,13,2,1140,54,3712
hibernate-core/src/main/java/org/hibernate/jpa/boot/internal/PersistenceXmlParser.java,0,0,0,0,0
hibernate-core/src/main/java/org/hibernate/jpa/event/internal/CallbackDefinitionResolverLegacyImpl.java,0,0,0,0,0
hibernate-core/src/main/java/org/hibernate/jpa/internal/JpaComplianceImpl.java,1,1,42,242,2956
hibernate-core/src/main/java/org/hibernate/jpa/internal/util/LogHelper.java,5,1,168,238,3674
hibernate-core/src/main/java/org/hibernate/jpa/internal/util/PersistenceUtilHelper.java,0,0,0,0,0
hibernate-core/src/main/java/org/hibernate/loader/LoaderLogging.java,1,1,3,301,1929
hibernate-core/src/main/java/org/hibernate/loader/ast/internal/CollectionLoaderSubSelectFetch.java,5,3,117,25,2350
hibernate-core/src/main/java/org/hibernate/loader/ast/internal/LoaderHelper.java,9,3,71,100,2011
hibernate-core/src/main/java/org/hibernate/loader/ast/internal/LoaderSelectBuilder.java,6,4,321,25,2351
hibernate-core/src/main/java/org/hibernate/loader/ast/internal/LoaderSqlAstCreationState.java,4,2,31,66,2351
hibernate-core/src/main/java/org/hibernate/loader/ast/internal/MultiIdEntityLoaderArrayParam.java,6,3,134,17,1130
hibernate-core/src/main/java/org/hibernate/loader/ast/internal/MultiIdEntityLoaderStandard.java,0,0,0,0,0
hibernate-core/src/main/java/org/hibernate/loader/ast/internal/MultiKeyLoadLogging.java,2,2,83,102,1130
hibernate-core/src/main/java/org/hibernate/loader/ast/internal/SingleUniqueKeyEntityLoaderStandard.java,6,3,56,66,2350
hibernate-core/src/main/java/org/hibernate/mapping/AggregateColumn.java,1,1,12,233,1259
hibernate-core/src/main/java/org/hibernate/mapping/Any.java,2,1,13,80,5692
hibernate-core/src/main/java/org/hibernate/mapping/BasicValue.java,19,4,595,125,2441
hibernate-core/src/main/java/org/hibernate/mapping/Column.java,7,2,270,41,5692
hibernate-core/src/main/java/org/hibernate/mapping/Component.java,11,3,416,89,5692
hibernate-core/src/main/java/org/hibernate/mapping/DependantValue.java,0,0,0,0,0
hibernate-core/src/main/java/org/hibernate/mapping/ForeignKey.java,2,1,55,233,5692
hibernate-core/src/main/java/org/hibernate/mapping/OneToMany.java,4,1,29,92,5692
hibernate-core/src/main/java/org/hibernate/mapping/PersistentClass.java,19,6,361,25,5692
hibernate-core/src/main/java/org/hibernate/mapping/Property.java,16,3,319,4,5692
hibernate-core/src/main/java/org/hibernate/mapping/PropertyGeneration.java,0,0,0,0,0
hibernate-core/src/main/java/org/hibernate/mapping/RootClass.java,9,4,169,25,5692
hibernate-core/src/main/java/org/hibernate/mapping/Table.java,11,1,297,66,5692
hibernate-core/src/main/java/org/hibernate/metamodel/internal/AttributeFactory.java,14,3,461,138,3674
hibernate-core/src/main/java/org/hibernate/metamodel/internal/EmbeddableInstantiatorPojoStandard.java,5,1,26,126,1781
hibernate-core/src/main/java/org/hibernate/metamodel/internal/EntityInstantiatorPojoStandard.java,5,2,50,238,1781
hibernate-core/src/main/java/org/hibernate/metamodel/internal/EntityRepresentationStrategyPojoStandard.java,14,4,413,126,1781
hibernate-core/src/main/java/org/hibernate/metamodel/internal/ManagedTypeRepresentationResolverStandard.java,2,1,8,167,1781
hibernate-core/src/main/java/org/hibernate/metamodel/internal/MetadataContext.java,18,2,974,128,3674
hibernate-core/src/main/java/org/hibernate/metamodel/internal/PluralAttributeMetadataImpl.java,2,1,142,223,2480
hibernate-core/src/main/java/org/hibernate/metamodel/internal/PojoInstantiatorImpl.java,0,0,0,0,0
hibernate-core/src/main/java/org/hibernate/metamodel/internal/RuntimeMetamodelsImpl.java,0,0,0,0,0
hibernate-core/src/main/java/org/hibernate/metamodel/mapping/CollectionPart.java,1,1,43,363,2383
hibernate-core/src/main/java/org/hibernate/metamodel/mapping/DefaultDiscriminatorConverter.java,0,0,0,0,0
hibernate-core/src/main/java/org/hibernate/metamodel/mapping/EmbeddableMappingType.java,0,0,0,0,0
hibernate-core/src/main/java/org/hibernate/metamodel/mapping/MappingModelHelper.java,0,0,0,0,0
hibernate-core/src/main/java/org/hibernate/metamodel/mapping/NaturalIdLogging.java,2,1,38,301,1901
hibernate-core/src/main/java/org/hibernate/metamodel/mapping/TableDetails.java,2,2,34,100,1248
hibernate-core/src/main/java/org/hibernate/metamodel/mapping/internal/AbstractEmbeddableMapping.java,8,2,135,17,1621
hibernate-core/src/main/java/org/hibernate/metamodel/mapping/internal/AbstractEntityCollectionPart.java,2,1,110,126,1262
hibernate-core/src/main/java/org/hibernate/metamodel/mapping/internal/CompoundNaturalIdMapping.java,7,3,470,94,2011
hibernate-core/src/main/java/org/hibernate/metamodel/mapping/internal/DiscriminatedAssociationAttributeMapping.java,7,1,116,20,2082
hibernate-core/src/main/java/org/hibernate/metamodel/mapping/internal/DiscriminatedCollectionPart.java,2,1,39,20,2082
hibernate-core/src/main/java/org/hibernate/metamodel/mapping/internal/EmbeddableMappingTypeImpl.java,9,2,327,17,1677
hibernate-core/src/main/java/org/hibernate/metamodel/mapping/internal/EmbeddedForeignKeyDescriptor.java,3,2,79,5,2250
hibernate-core/src/main/java/org/hibernate/metamodel/mapping/internal/EntityRowIdMappingImpl.java,3,2,36,17,2206
hibernate-core/src/main/java/org/hibernate/metamodel/mapping/internal/IdClassEmbeddable.java,3,1,108,126,1677
hibernate-core/src/main/java/org/hibernate/metamodel/mapping/internal/InverseNonAggregatedIdentifierMapping.java,2,1,126,171,1527
hibernate-core/src/main/java/org/hibernate/metamodel/mapping/internal/ManyToManyCollectionPart.java,6,3,144,5,1262
hibernate-core/src/main/java/org/hibernate/metamodel/mapping/internal/MappingModelCreationHelper.java,12,3,503,17,2441
hibernate-core/src/main/java/org/hibernate/metamodel/mapping/internal/MappingModelCreationProcess.java,3,1,52,249,2441
hibernate-core/src/main/java/org/hibernate/metamodel/mapping/internal/NonAggregatedIdentifierMappingImpl.java,4,2,115,155,2315
hibernate-core/src/main/java/org/hibernate/metamodel/mapping/internal/SoftDeleteMappingImpl.java,6,4,259,5,977
hibernate-core/src/main/java/org/hibernate/metamodel/mapping/internal/ToOneAttributeMapping.java,9,4,1081,20,2172
hibernate-core/src/main/java/org/hibernate/metamodel/mapping/internal/VirtualIdEmbeddable.java,2,1,32,126,1677
hibernate-core/src/main/java/org/hibernate/metamodel/mapping/ordering/ast/ParseTreeVisitor.java,1,1,44,361,2341
hibernate-core/src/main/java/org/hibernate/metamodel/model/domain/AbstractManagedType.java,0,0,0,0,0
hibernate-core/src/main/java/org/hibernate/metamodel/model/domain/internal/ArrayTupleType.java,9,2,50,153,1713
hibernate-core/src/main/java/org/hibernate/metamodel/model/domain/internal/JpaMetamodelImpl.java,18,2,661,128,2544
hibernate-core/src/main/java/org/hibernate/metamodel/model/domain/internal/MappingMetamodelImpl.java,19,4,545,5,2342
hibernate-core/src/main/java/org/hibernate/persister/collection/AbstractCollectionPersister.java,13,3,1024,5,5692
hibernate-core/src/main/java/org/hibernate/persister/collection/mutation/InsertRowsCoordinatorTablePerSubclass.java,5,2,95,5,1144
hibernate-core/src/main/java/org/hibernate/persister/entity/AbstractEntityPersister.java,64,7,4451,5,2206
hibernate-core/src/main/java/org/hibernate/persister/entity/AbstractPropertyMapping.java,0,0,0,0,0
hibernate-core/src/main/java/org/hibernate/persister/entity/JoinedSubclassEntityPersister.java,15,5,691,5,5692
hibernate-core/src/main/java/org/hibernate/persister/entity/SingleTableEntityPersister.java,8,4,242,5,5692
hibernate-core/src/main/java/org/hibernate/persister/entity/UnionSubclassEntityPersister.java,12,5,445,5,5692
hibernate-core/src/main/java/org/hibernate/persister/entity/mutation/AbstractDeleteCoordinator.java,5,2,230,66,977
hibernate-core/src/main/java/org/hibernate/persister/entity/mutation/InsertCoordinator.java,0,0,0,0,0
hibernate-core/src/main/java/org/hibernate/persister/entity/mutation/UpdateCoordinatorStandard.java,17,4,824,5,1262
hibernate-core/src/main/java/org/hibernate/pretty/MessageHelper.java,1,1,11,300,5692
hibernate-core/src/main/java/org/hibernate/procedure/internal/DB2CallableStatementSupport.java,1,1,2,107,1243
hibernate-core/src/main/java/org/hibernate/procedure/internal/PostgreSQLCallableStatementSupport.java,1,1,2,107,1259
hibernate-core/src/main/java/org/hibernate/procedure/internal/ProcedureCallImpl.java,22,3,2058,13,4864
hibernate-core/src/main/java/org/hibernate/procedure/internal/StandardCallableStatementSupport.java,1,1,2,107,4597
hibernate-core/src/main/java/org/hibernate/procedure/internal/SybaseCallableStatementSupport.java,1,1,2,107,1109
hibernate-core/src/main/java/org/hibernate/property/access/internal/AccessStrategyHelper.java,3,1,46,167,1098
hibernate-core/src/main/java/org/hibernate/property/access/internal/PropertyAccessStrategyNoopImpl.java,1,1,5,281,3993
hibernate-core/src/main/java/org/hibernate/property/access/spi/SetterMethodImpl.java,5,1,30,238,3993
hibernate-core/src/main/java/org/hibernate/proxy/AbstractLazyInitializer.java,10,2,144,5,5692
hibernate-core/src/main/java/org/hibernate/proxy/AbstractSerializableProxy.java,0,0,0,0,0
hibernate-core/src/main/java/org/hibernate/proxy/map/MapProxy.java,2,1,79,249,5692
hibernate-core/src/main/java/org/hibernate/proxy/pojo/bytebuddy/ByteBuddyInterceptor.java,6,1,112,80,3505
hibernate-core/src/main/java/org/hibernate/proxy/pojo/bytebuddy/ByteBuddyProxyFactory.java,1,1,12,249,3505
hibernate-core/src/main/java/org/hibernate/query/QueryArgumentException.java,1,1,15,161,1041
hibernate-core/src/main/java/org/hibernate/query/criteria/internal/NamedCriteriaQueryMementoImpl.java,4,3,219,107,1560
hibernate-core/src/main/java/org/hibernate/query/derived/AnonymousTupleTableGroupProducer.java,0,0,0,0,0
hibernate-core/src/main/java/org/hibernate/query/hql/internal/BasicDotIdentifierConsumer.java,7,1,196,128,2481
hibernate-core/src/main/java/org/hibernate/query/hql/internal/FullyQualifiedReflectivePathTerminal.java,4,2,307,246,2539
hibernate-core/src/main/java/org/hibernate/query/hql/internal/QualifiedJoinPredicatePathConsumer.java,1,1,16,252,2481
hibernate-core/src/main/java/org/hibernate/query/hql/internal/SemanticQueryBuilder.java,33,3,2661,19,2546
hibernate-core/src/main/java/org/hibernate/query/hql/internal/SqmPathRegistryImpl.java,5,2,257,187,2539
hibernate-core/src/main/java/org/hibernate/query/hql/internal/StandardHqlTranslator.java,7,2,79,65,2421
hibernate-core/src/main/java/org/hibernate/query/internal/BindingTypeHelper.java,2,1,4,363,3674
hibernate-core/src/main/java/org/hibernate/query/internal/ParameterMetadataImpl.java,4,1,73,173,3674
hibernate-core/src/main/java/org/hibernate/query/internal/QueryInterpretationCacheDisabledImpl.java,3,2,51,226,2531
hibernate-core/src/main/java/org/hibernate/query/internal/QueryParameterBindingsImpl.java,12,1,209,29,3673
hibernate-core/src/main/java/org/hibernate/query/results/DomainResultCreationStateImpl.java,0,0,0,0,0
hibernate-core/src/main/java/org/hibernate/query/results/FromClauseAccessImpl.java,0,0,0,0,0
hibernate-core/src/main/java/org/hibernate/query/results/ResultSetMappingImpl.java,0,0,0,0,0
hibernate-core/src/main/java/org/hibernate/query/results/TableGroupImpl.java,0,0,0,0,0
hibernate-core/src/main/java/org/hibernate/query/results/dynamic/DynamicResultBuilderEntityStandard.java,0,0,0,0,0
hibernate-core/src/main/java/org/hibernate/query/results/implicit/ImplicitFetchBuilderEntity.java,0,0,0,0,0
hibernate-core/src/main/java/org/hibernate/query/spi/AbstractCommonQueryContract.java,27,4,1532,12,1593
hibernate-core/src/main/java/org/hibernate/query/spi/AbstractQuery.java,12,2,892,107,2537
hibernate-core/src/main/java/org/hibernate/query/spi/AbstractSelectionQuery.java,13,3,1062,66,1593
hibernate-core/src/main/java/org/hibernate/query/spi/QueryOptionsAdapter.java,3,1,13,107,2239
hibernate-core/src/main/java/org/hibernate/query/spi/QueryParameterBinding.java,7,3,171,123,3674
hibernate-core/src/main/java/org/hibernate/query/spi/QueryParameterBindingValidator.java,9,1,317,152,3361
hibernate-core/src/main/java/org/hibernate/query/spi/QueryParameterBindings.java,5,2,27,150,3674
hibernate-core/src/main/java/org/hibernate/query/sql/internal/NativeQueryImpl.java,26,9,1782,13,2540
hibernate-core/src/main/java/org/hibernate/query/sql/internal/ParameterParser.java,0,0,0,0,0
hibernate-core/src/main/java/org/hibernate/query/sql/internal/ParameterRecognizerImpl.java,1,1,5,284,2525
hibernate-core/src/main/java/org/hibernate/query/sql/internal/ResultSetMappingProcessor.java,3,3,232,116,1837
hibernate-core/src/main/java/org/hibernate/query/sql/internal/SQLQueryParser.java,4,3,95,285,1879
hibernate-core/src/main/java/org/hibernate/query/sqm/InterpretationException.java,0,0,0,0,0
hibernate-core/src/main/java/org/hibernate/query/sqm/SqmTreeCreationLogger.java,0,0,0,0,0
hibernate-core/src/main/java/org/hibernate/query/sqm/SqmTreeTransformationLogger.java,1,1,2,312,2425
hibernate-core/src/main/java/org/hibernate/query/sqm/TemporalUnit.java,0,0,0,0,0
hibernate-core/src/main/java/org/hibernate/query/sqm/function/AbstractSqmSelfRenderingFunctionDescriptor.java,1,1,3,297,2298
hibernate-core/src/main/java/org/hibernate/query/sqm/function/NamedSqmFunctionDescriptor.java,2,1,20,301,2333
hibernate-core/src/main/java/org/hibernate/query/sqm/internal/ConcreteSqmSelectQueryPlan.java,13,3,558,4,2546
hibernate-core/src/main/java/org/hibernate/query/sqm/internal/QuerySqmImpl.java,7,3,61,330,2546
hibernate-core/src/main/java/org/hibernate/query/sqm/internal/SqmCriteriaNodeBuilder.java,30,5,1324,13,2546
hibernate-core/src/main/java/org/hibernate/query/sqm/internal/SqmSelectionQueryImpl.java,12,3,1262,12,1569
hibernate-core/src/main/java/org/hibernate/query/sqm/internal/SqmTreePrinter.java,4,2,87,191,2469
hibernate-core/src/main/java/org/hibernate/query/sqm/internal/SqmUtil.java,14,3,414,6,2546
hibernate-core/src/main/java/org/hibernate/query/sqm/internal/TypecheckUtil.java,12,3,189,154,1059
hibernate-core/src/main/java/org/hibernate/query/sqm/mutation/internal/MatchingIdSelectionHelper.java,6,3,184,172,2363
hibernate-core/src/main/java/org/hibernate/query/sqm/mutation/internal/MutationQueryLogging.java,0,0,0,0,0
hibernate-core/src/main/java/org/hibernate/query/sqm/mutation/internal/SqmMutationStrategyHelper.java,8,4,342,76,2546
hibernate-core/src/main/java/org/hibernate/query/sqm/mutation/internal/cte/CteInsertHandler.java,10,5,384,172,1622
hibernate-core/src/main/java/org/hibernate/query/sqm/mutation/internal/cte/CteUpdateHandler.java,2,2,17,283,2372
hibernate-core/src/main/java/org/hibernate/query/sqm/mutation/internal/inline/InlineUpdateHandler.java,3,2,474,102,2363
hibernate-core/src/main/java/org/hibernate/query/sqm/mutation/internal/temptable/InsertExecutionDelegate.java,4,2,1286,283,1622
hibernate-core/src/main/java/org/hibernate/query/sqm/mutation/internal/temptable/RestrictedDeleteExecutionDelegate.java,3,2,587,283,1622
hibernate-core/src/main/java/org/hibernate/query/sqm/mutation/internal/temptable/TableBasedInsertHandler.java,10,4,1959,105,1622
hibernate-core/src/main/java/org/hibernate/query/sqm/produce/function/ArgumentTypesValidator.java,4,1,59,241,1586
hibernate-core/src/main/java/org/hibernate/query/sqm/produce/function/StandardFunctionArgumentTypeResolvers.java,1,1,250,297,1550
hibernate-core/src/main/java/org/hibernate/query/sqm/produce/function/StandardFunctionReturnTypeResolvers.java,2,2,20,191,2546
hibernate-core/src/main/java/org/hibernate/query/sqm/produce/function/internal/PatternRenderer.java,6,1,95,230,2546
hibernate-core/src/main/java/org/hibernate/query/sqm/sql/BaseSqmToSqlAstConverter.java,47,7,4481,4,2366
hibernate-core/src/main/java/org/hibernate/query/sqm/sql/FakeSqmToSqlAstConverter.java,2,2,4,13,1588
hibernate-core/src/main/java/org/hibernate/query/sqm/sql/internal/BasicValuedPathInterpretation.java,0,0,0,0,0
hibernate-core/src/main/java/org/hibernate/query/sqm/sql/internal/EntityValuedPathInterpretation.java,2,2,6,191,2393
hibernate-core/src/main/java/org/hibernate/query/sqm/sql/internal/SqlAstQueryPartProcessingStateImpl.java,0,0,0,0,0
hibernate-core/src/main/java/org/hibernate/query/sqm/tree/SqmStatement.java,0,0,0,0,0
hibernate-core/src/main/java/org/hibernate/query/sqm/tree/cte/SqmCteStatement.java,4,2,175,154,2371
hibernate-core/src/main/java/org/hibernate/query/sqm/tree/domain/SqmCteRoot.java,5,3,43,154,1339
hibernate-core/src/main/java/org/hibernate/query/sqm/tree/domain/SqmDerivedRoot.java,5,3,61,154,1438
hibernate-core/src/main/java/org/hibernate/query/sqm/tree/domain/SqmMapEntryReference.java,10,3,145,13,2546
hibernate-core/src/main/java/org/hibernate/query/sqm/tree/domain/SqmPolymorphicRootDescriptor.java,4,3,76,129,2546
hibernate-core/src/main/java/org/hibernate/query/sqm/tree/expression/SqmFieldLiteral.java,10,2,297,128,2539
hibernate-core/src/main/java/org/hibernate/query/sqm/tree/expression/SqmFunction.java,7,4,72,119,2333
hibernate-core/src/main/java/org/hibernate/query/sqm/tree/expression/SqmLiteralEntityType.java,6,2,37,154,2546
hibernate-core/src/main/java/org/hibernate/query/sqm/tree/expression/SqmWindow.java,3,2,90,191,1257
hibernate-core/src/main/java/org/hibernate/query/sqm/tree/from/SqmCteJoin.java,5,3,60,154,1339
hibernate-core/src/main/java/org/hibernate/query/sqm/tree/from/SqmDerivedJoin.java,6,4,93,13,1438
hibernate-core/src/main/java/org/hibernate/query/sqm/tree/select/SqmQueryGroup.java,5,2,141,154,1970
hibernate-core/src/main/java/org/hibernate/query/sqm/tree/select/SqmQuerySpec.java,8,3,276,16,2546
hibernate-core/src/main/java/org/hibernate/query/sqm/tree/select/SqmSubQuery.java,13,3,487,13,2546
hibernate-core/src/main/java/org/hibernate/resource/beans/container/internal/CdiBeanContainerExtendedAccessImpl.java,0,0,0,0,0
hibernate-core/src/main/java/org/hibernate/resource/jdbc/internal/ResourceRegistryStandardImpl.java,6,2,413,301,4038
hibernate-core/src/main/java/org/hibernate/resource/transaction/backend/jdbc/internal/DdlTransactionIsolatorNonJtaImpl.java,3,1,7,232,3573
hibernate-core/src/main/java/org/hibernate/resource/transaction/backend/jdbc/internal/JdbcIsolationDelegate.java,6,1,193,236,4034
hibernate-core/src/main/java/org/hibernate/resource/transaction/backend/jta/internal/JtaTransactionAdapterTransactionManagerImpl.java,1,1,27,300,4038
hibernate-core/src/main/java/org/hibernate/resource/transaction/backend/jta/internal/synchronization/SynchronizationCallbackCoordinatorNonTrackingImpl.java,3,1,33,240,4038
hibernate-core/src/main/java/org/hibernate/spi/TreatedNavigablePath.java,1,1,0,191,1511
hibernate-core/src/main/java/org/hibernate/sql/ForUpdateFragment.java,1,1,75,354,5692
hibernate-core/src/main/java/org/hibernate/sql/InFragment.java,0,0,0,0,0
hibernate-core/src/main/java/org/hibernate/sql/Template.java,9,3,376,73,5692
hibernate-core/src/main/java/org/hibernate/sql/ast/SqlTreeCreationLogger.java,0,0,0,0,0
hibernate-core/src/main/java/org/hibernate/sql/ast/SqlTreePrinter.java,2,1,66,301,2440
hibernate-core/src/main/java/org/hibernate/sql/ast/spi/AbstractSqlAstTranslator.java,51,13,2681,5,2365
hibernate-core/src/main/java/org/hibernate/sql/ast/spi/AbstractSqlAstWalker.java,1,1,10,4,2440
hibernate-core/src/main/java/org/hibernate/sql/ast/spi/AggregateFunctionChecker.java,1,1,7,110,1811
hibernate-core/src/main/java/org/hibernate/sql/ast/spi/SimpleFromClauseAccessImpl.java,2,1,51,301,2503
hibernate-core/src/main/java/org/hibernate/sql/ast/tree/cte/CteTable.java,3,2,266,145,2372
hibernate-core/src/main/java/org/hibernate/sql/ast/tree/expression/AggregateColumnWriteExpression.java,0,0,0,0,0
hibernate-core/src/main/java/org/hibernate/sql/ast/tree/from/FunctionTableReference.java,0,0,0,0,0
hibernate-core/src/main/java/org/hibernate/sql/ast/tree/from/MutatingTableReferenceGroupWrapper.java,1,1,6,256,2356
hibernate-core/src/main/java/org/hibernate/sql/ast/tree/from/StandardTableGroup.java,0,0,0,0,0
hibernate-core/src/main/java/org/hibernate/sql/ast/tree/from/UnionTableGroup.java,0,0,0,0,0
hibernate-core/src/main/java/org/hibernate/sql/ast/tree/from/UnionTableReference.java,0,0,0,0,0
hibernate-core/src/main/java/org/hibernate/sql/ast/tree/from/ValuesTableGroup.java,0,0,0,0,0
hibernate-core/src/main/java/org/hibernate/sql/ast/tree/from/ValuesTableReference.java,0,0,0,0,0
hibernate-core/src/main/java/org/hibernate/sql/ast/tree/predicate/FilterPredicate.java,1,1,61,174,2525
hibernate-core/src/main/java/org/hibernate/sql/exec/internal/JdbcCallImpl.java,2,1,53,216,1685
hibernate-core/src/main/java/org/hibernate/sql/exec/internal/JdbcParameterBindingsImpl.java,5,2,172,216,2440
hibernate-core/src/main/java/org/hibernate/sql/exec/internal/JdbcSelectExecutorStandardImpl.java,15,5,385,25,2439
hibernate-core/src/main/java/org/hibernate/sql/exec/spi/JdbcOperationQuerySelect.java,2,2,4,270,1262
hibernate-core/src/main/java/org/hibernate/sql/exec/spi/JdbcParameterBindings.java,2,1,10,363,2532
hibernate-core/src/main/java/org/hibernate/sql/exec/spi/JdbcParametersList.java,0,0,0,0,0
hibernate-core/src/main/java/org/hibernate/sql/model/ast/ColumnValueBindingList.java,2,2,29,5,1202
hibernate-core/src/main/java/org/hibernate/sql/model/ast/ColumnValueParameterList.java,1,1,14,185,1259
hibernate-core/src/main/java/org/hibernate/sql/model/ast/builder/TableDeleteBuilderSkipped.java,2,2,9,5,1262
hibernate-core/src/main/java/org/hibernate/sql/model/ast/builder/TableUpdateBuilderSkipped.java,2,2,13,5,1262
hibernate-core/src/main/java/org/hibernate/sql/model/internal/MutationGroupNone.java,1,1,0,5,1262
hibernate-core/src/main/java/org/hibernate/sql/model/internal/TableUpdateNoSet.java,1,1,0,5,1262
hibernate-core/src/main/java/org/hibernate/sql/results/caching/internal/QueryCachePutManagerDisabledImpl.java,0,0,0,0,0
hibernate-core/src/main/java/org/hibernate/sql/results/graph/DomainResultGraphPrinter.java,1,1,21,302,2351
hibernate-core/src/main/java/org/hibernate/sql/results/graph/collection/internal/AbstractCollectionInitializer.java,4,2,59,5,2351
hibernate-core/src/main/java/org/hibernate/sql/results/graph/collection/internal/AbstractImmediateCollectionInitializer.java,4,2,474,25,2351
hibernate-core/src/main/java/org/hibernate/sql/results/graph/collection/internal/DelayedCollectionInitializer.java,1,1,5,223,2351
hibernate-core/src/main/java/org/hibernate/sql/results/graph/collection/internal/SelectEagerCollectionInitializer.java,1,1,21,223,2253
hibernate-core/src/main/java/org/hibernate/sql/results/graph/embeddable/AbstractEmbeddableInitializer.java,0,0,0,0,0
hibernate-core/src/main/java/org/hibernate/sql/results/graph/embeddable/internal/AbstractNonAggregatedIdentifierMappingInitializer.java,0,0,0,0,0
hibernate-core/src/main/java/org/hibernate/sql/results/graph/entity/AbstractEntityInitializer.java,0,0,0,0,0
hibernate-core/src/main/java/org/hibernate/sql/results/graph/entity/EntityLoadingLogging.java,1,1,25,247,1549
hibernate-core/src/main/java/org/hibernate/sql/results/graph/entity/internal/EntityDelayedFetchInitializer.java,4,3,357,25,2154
hibernate-core/src/main/java/org/hibernate/sql/results/graph/entity/internal/EntitySelectFetchInitializer.java,5,3,202,25,2250
hibernate-core/src/main/java/org/hibernate/sql/results/graph/entity/internal/EntitySelectFetchInitializerBuilder.java,0,0,0,0,0
hibernate-core/src/main/java/org/hibernate/sql/results/graph/instantiation/internal/DynamicInstantiationAssemblerInjectionImpl.java,2,2,24,94,2351
hibernate-core/src/main/java/org/hibernate/sql/results/graph/instantiation/internal/DynamicInstantiationResultImpl.java,3,1,50,151,2351
hibernate-core/src/main/java/org/hibernate/sql/results/internal/InitializersList.java,0,0,0,0,0
hibernate-core/src/main/java/org/hibernate/sql/results/internal/ResultsHelper.java,11,2,338,6,2173
hibernate-core/src/main/java/org/hibernate/sql/results/internal/RowProcessingStateStandardImpl.java,2,1,8,270,2439
hibernate-core/src/main/java/org/hibernate/sql/results/internal/RowTransformerArrayImpl.java,0,0,0,0,0
hibernate-core/src/main/java/org/hibernate/sql/results/internal/RowTransformerDatabaseSnapshotImpl.java,0,0,0,0,0
hibernate-core/src/main/java/org/hibernate/sql/results/internal/RowTransformerListImpl.java,0,0,0,0,0
hibernate-core/src/main/java/org/hibernate/sql/results/internal/RowTransformerSingularReturnImpl.java,0,0,0,0,0
hibernate-core/src/main/java/org/hibernate/sql/results/internal/RowTransformerStandardImpl.java,0,0,0,0,0
hibernate-core/src/main/java/org/hibernate/sql/results/internal/domain/CircularBiDirectionalFetchImpl.java,1,1,2,273,2154
hibernate-core/src/main/java/org/hibernate/sql/results/jdbc/internal/DeferredResultSetAccess.java,15,3,321,107,2351
hibernate-core/src/main/java/org/hibernate/sql/results/jdbc/internal/JdbcValuesCacheHit.java,2,2,111,67,2351
hibernate-core/src/main/java/org/hibernate/sql/results/jdbc/internal/JdbcValuesMappingProducerStandard.java,1,1,4,156,2351
hibernate-core/src/main/java/org/hibernate/sql/results/spi/ListResultsConsumer.java,5,2,89,143,2439
hibernate-core/src/main/java/org/hibernate/sql/results/spi/ScrollableResultsConsumer.java,4,2,66,12,2439
hibernate-core/src/main/java/org/hibernate/stat/SessionStatistics.java,0,0,0,0,0
hibernate-core/src/main/java/org/hibernate/stat/internal/NaturalIdStatisticsImpl.java,3,2,71,172,2980
hibernate-core/src/main/java/org/hibernate/tool/schema/extract/internal/AbstractInformationExtractorImpl.java,8,2,775,175,1794
hibernate-core/src/main/java/org/hibernate/tool/schema/internal/AbstractSchemaMigrator.java,9,2,153,129,3541
hibernate-core/src/main/java/org/hibernate/tool/schema/internal/AbstractSchemaValidator.java,7,3,293,8,3541
hibernate-core/src/main/java/org/hibernate/tool/schema/internal/ColumnDefinitions.java,5,3,151,66,1243
hibernate-core/src/main/java/org/hibernate/tool/schema/internal/ExceptionHandlerCollectingImpl.java,0,0,0,0,0
hibernate-core/src/main/java/org/hibernate/tool/schema/internal/GroupedSchemaMigratorImpl.java,2,2,37,222,3541
hibernate-core/src/main/java/org/hibernate/tool/schema/internal/HibernateSchemaManagementTool.java,6,2,90,222,4079
hibernate-core/src/main/java/org/hibernate/tool/schema/internal/IndividuallySchemaMigratorImpl.java,1,1,12,230,3541
hibernate-core/src/main/java/org/hibernate/tool/schema/internal/SchemaCreatorImpl.java,7,1,132,175,4079
hibernate-core/src/main/java/org/hibernate/tool/schema/internal/SchemaDropperImpl.java,7,1,101,175,4079
hibernate-core/src/main/java/org/hibernate/tool/schema/internal/StandardTableExporter.java,6,2,209,66,4079
hibernate-core/src/main/java/org/hibernate/tool/schema/internal/exec/GenerationTargetToDatabase.java,8,1,70,66,3755
hibernate-core/src/main/java/org/hibernate/tool/schema/internal/exec/GenerationTargetToStdout.java,1,1,5,235,3747
hibernate-core/src/main/java/org/hibernate/tool/schema/internal/exec/ScriptSourceInputFromFile.java,3,1,17,235,3747
hibernate-core/src/main/java/org/hibernate/tool/schema/internal/exec/ScriptSourceInputNonExistentImpl.java,2,1,7,235,3747
hibernate-core/src/main/java/org/hibernate/tool/schema/spi/SchemaManagementToolCoordinator.java,8,3,683,8,3747
hibernate-core/src/main/java/org/hibernate/tuple/entity/CompositeGeneratorBuilder.java,4,1,436,4,1235
hibernate-core/src/main/java/org/hibernate/tuple/entity/EntityMetamodel.java,15,4,484,90,5692
hibernate-core/src/main/java/org/hibernate/type/AbstractStandardBasicType.java,8,1,131,154,5692
hibernate-core/src/main/java/org/hibernate/type/AnyType.java,5,2,120,58,5692
hibernate-core/src/main/java/org/hibernate/type/BasicTypeRegistry.java,22,2,505,41,5692
hibernate-core/src/main/java/org/hibernate/type/CollectionType.java,8,2,115,25,5692
hibernate-core/src/main/java/org/hibernate/type/CustomType.java,4,1,54,153,5692
hibernate-core/src/main/java/org/hibernate/type/EntityType.java,2,1,66,155,5692
hibernate-core/src/main/java/org/hibernate/type/EnumType.java,0,0,0,0,0
hibernate-core/src/main/java/org/hibernate/type/SerializableToBlobType.java,0,0,0,0,0
hibernate-core/src/main/java/org/hibernate/type/TrueFalseConverter.java,1,1,18,246,1828
hibernate-core/src/main/java/org/hibernate/type/TypeHelper.java,2,1,13,303,5692
hibernate-core/src/main/java/org/hibernate/type/YesNoConverter.java,1,1,19,246,1828
hibernate-core/src/main/java/org/hibernate/type/descriptor/java/AbstractClassJavaType.java,3,1,22,155,1571
hibernate-core/src/main/java/org/hibernate/type/descriptor/java/AbstractJavaType.java,2,1,9,173,1571
hibernate-core/src/main/java/org/hibernate/type/descriptor/java/ArrayJavaType.java,6,1,263,154,1496
hibernate-core/src/main/java/org/hibernate/type/descriptor/java/BooleanJavaType.java,4,1,108,155,1571
hibernate-core/src/main/java/org/hibernate/type/descriptor/java/ClobJavaType.java,2,1,25,155,1571
hibernate-core/src/main/java/org/hibernate/type/descriptor/java/ClockHelper.java,1,1,53,255,1511
hibernate-core/src/main/java/org/hibernate/type/descriptor/java/DataHelper.java,6,2,55,238,5692
hibernate-core/src/main/java/org/hibernate/type/descriptor/java/Immutability.java,0,0,0,0,0
hibernate-core/src/main/java/org/hibernate/type/descriptor/java/ImmutableMutabilityPlan.java,0,0,0,0,0
hibernate-core/src/main/java/org/hibernate/type/descriptor/java/JdbcDateJavaType.java,9,2,198,124,1571
hibernate-core/src/main/java/org/hibernate/type/descriptor/java/JdbcTimeJavaType.java,9,2,196,124,1571
hibernate-core/src/main/java/org/hibernate/type/descriptor/java/LobStreamDataHelper.java,0,0,0,0,0
hibernate-core/src/main/java/org/hibernate/type/descriptor/java/LocalDateTimeJavaType.java,5,1,76,151,1571
hibernate-core/src/main/java/org/hibernate/type/descriptor/java/LocaleJavaType.java,5,2,170,155,1571
hibernate-core/src/main/java/org/hibernate/type/descriptor/java/OffsetDateTimeJavaType.java,4,1,120,151,1571
hibernate-core/src/main/java/org/hibernate/type/descriptor/java/ZonedDateTimeJavaType.java,4,1,102,151,1571
hibernate-core/src/main/java/org/hibernate/type/descriptor/java/spi/BasicCollectionJavaType.java,3,1,183,155,1496
hibernate-core/src/main/java/org/hibernate/type/descriptor/jdbc/BigIntJdbcType.java,1,1,4,153,1672
hibernate-core/src/main/java/org/hibernate/type/descriptor/jdbc/BinaryJdbcType.java,0,0,0,0,0
hibernate-core/src/main/java/org/hibernate/type/descriptor/jdbc/BooleanJdbcType.java,1,1,4,153,1672
hibernate-core/src/main/java/org/hibernate/type/descriptor/jdbc/CharJdbcType.java,0,0,0,0,0
hibernate-core/src/main/java/org/hibernate/type/descriptor/jdbc/DateJdbcType.java,2,1,11,153,1672
hibernate-core/src/main/java/org/hibernate/type/descriptor/jdbc/DecimalJdbcType.java,1,1,4,153,1672
hibernate-core/src/main/java/org/hibernate/type/descriptor/jdbc/DoubleJdbcType.java,1,1,4,153,1672
hibernate-core/src/main/java/org/hibernate/type/descriptor/jdbc/FloatJdbcType.java,1,1,6,153,1672
hibernate-core/src/main/java/org/hibernate/type/descriptor/jdbc/IntegerJdbcType.java,1,1,4,153,1672
hibernate-core/src/main/java/org/hibernate/type/descriptor/jdbc/JdbcType.java,4,2,125,115,1672
hibernate-core/src/main/java/org/hibernate/type/descriptor/jdbc/JsonAsStringJdbcType.java,3,2,133,44,1356
hibernate-core/src/main/java/org/hibernate/type/descriptor/jdbc/LongNVarcharJdbcType.java,1,1,3,246,1672
hibernate-core/src/main/java/org/hibernate/type/descriptor/jdbc/NCharJdbcType.java,1,1,3,246,1672
hibernate-core/src/main/java/org/hibernate/type/descriptor/jdbc/NVarcharJdbcType.java,5,3,121,44,1672
hibernate-core/src/main/java/org/hibernate/type/descriptor/jdbc/NumericJdbcType.java,0,0,0,0,0
hibernate-core/src/main/java/org/hibernate/type/descriptor/jdbc/RealJdbcType.java,1,1,4,153,1672
hibernate-core/src/main/java/org/hibernate/type/descriptor/jdbc/SmallIntJdbcType.java,1,1,4,153,1672
hibernate-core/src/main/java/org/hibernate/type/descriptor/jdbc/TimeAsTimestampWithTimeZoneJdbcType.java,1,1,4,153,1137
hibernate-core/src/main/java/org/hibernate/type/descriptor/jdbc/TimeJdbcType.java,2,1,11,153,1672
hibernate-core/src/main/java/org/hibernate/type/descriptor/jdbc/TimeUtcAsJdbcTimeJdbcType.java,2,2,17,18,1150
hibernate-core/src/main/java/org/hibernate/type/descriptor/jdbc/TimeUtcAsOffsetTimeJdbcType.java,1,1,4,153,1150
hibernate-core/src/main/java/org/hibernate/type/descriptor/jdbc/TimeWithTimeZoneJdbcType.java,1,1,4,153,1150
hibernate-core/src/main/java/org/hibernate/type/descriptor/jdbc/TimestampJdbcType.java,2,1,11,153,1672
hibernate-core/src/main/java/org/hibernate/type/descriptor/jdbc/TimestampUtcAsInstantJdbcType.java,2,2,20,18,1150
hibernate-core/src/main/java/org/hibernate/type/descriptor/jdbc/TimestampUtcAsJdbcTimestampJdbcType.java,2,2,20,18,1150
hibernate-core/src/main/java/org/hibernate/type/descriptor/jdbc/TimestampUtcAsOffsetDateTimeJdbcType.java,1,1,4,153,1150
hibernate-core/src/main/java/org/hibernate/type/descriptor/jdbc/TimestampWithTimeZoneJdbcType.java,2,1,10,153,1672
hibernate-core/src/main/java/org/hibernate/type/descriptor/jdbc/TinyIntAsSmallIntJdbcType.java,0,0,0,0,0
hibernate-core/src/main/java/org/hibernate/type/descriptor/jdbc/TinyIntJdbcType.java,1,1,4,153,1672
hibernate-core/src/main/java/org/hibernate/type/descriptor/jdbc/VarcharJdbcType.java,2,1,11,153,1672
hibernate-core/src/main/java/org/hibernate/type/descriptor/jdbc/XmlAsStringJdbcType.java,3,2,109,44,1496
hibernate-core/src/main/java/org/hibernate/type/descriptor/jdbc/spi/JdbcTypeRegistry.java,5,2,76,246,1658
hibernate-core/src/main/java/org/hibernate/type/descriptor/sql/spi/DdlTypeRegistry.java,5,2,67,52,1529
hibernate-core/src/main/java/org/hibernate/type/format/jaxb/JaxbXmlFormatMapper.java,2,2,41,246,1238
hibernate-core/src/main/java/org/hibernate/type/internal/ConvertedBasicTypeImpl.java,2,1,9,303,1677
hibernate-core/src/main/java/org/hibernate/type/spi/TypeConfiguration.java,17,2,386,128,2979
hibernate-core/src/main/java/org/hibernate/usertype/UserCollectionType.java,0,0,0,0,0
hibernate-core/src/main/java/org/hibernate/usertype/internal/OffsetDateTimeCompositeUserType.java,0,0,0,0,0
hibernate-core/src/main/java/org/hibernate/usertype/internal/OffsetTimeCompositeUserType.java,0,0,0,0,0
hibernate-core/src/main/java/org/hibernate/usertype/internal/ZonedDateTimeCompositeUserType.java,0,0,0,0,0
hibernate-envers/src/main/java/org/hibernate/envers/boot/internal/EnversMetadataBuildingContextImpl.java,1,1,8,193,1628
hibernate-envers/src/main/java/org/hibernate/envers/boot/internal/EnversServiceImpl.java,0,0,0,0,0
hibernate-envers/src/main/java/org/hibernate/envers/boot/model/Column.java,0,0,0,0,0
hibernate-envers/src/main/java/org/hibernate/envers/boot/model/Key.java,0,0,0,0,0
hibernate-envers/src/main/java/org/hibernate/envers/boot/model/RootPersistentEntity.java,1,1,7,25,1628
hibernate-envers/src/main/java/org/hibernate/envers/boot/model/SetAttribute.java,0,0,0,0,0
hibernate-envers/src/main/java/org/hibernate/envers/boot/model/TypeSpecification.java,0,0,0,0,0
hibernate-envers/src/main/java/org/hibernate/envers/configuration/Configuration.java,0,0,0,0,0
hibernate-envers/src/main/java/org/hibernate/envers/configuration/EnversSettings.java,0,0,0,0,0
hibernate-envers/src/main/java/org/hibernate/envers/configuration/internal/EntitiesConfigurator.java,1,1,2,193,4780
hibernate-envers/src/main/java/org/hibernate/envers/configuration/internal/RevisionInfoConfiguration.java,2,2,31,167,4780
hibernate-envers/src/main/java/org/hibernate/envers/configuration/internal/metadata/BasicMetadataGenerator.java,0,0,0,0,0
hibernate-envers/src/main/java/org/hibernate/envers/configuration/internal/metadata/reader/AuditedPropertiesReader.java,3,3,8,100,4780
hibernate-envers/src/main/java/org/hibernate/envers/configuration/internal/metadata/reader/ComponentAuditedPropertiesReader.java,1,1,2,100,4780
hibernate-envers/src/main/java/org/hibernate/envers/configuration/internal/metadata/reader/DynamicProperty.java,0,0,0,0,0
hibernate-envers/src/main/java/org/hibernate/envers/event/spi/BaseEnversCollectionEventListener.java,1,1,5,58,4780
hibernate-envers/src/main/java/org/hibernate/envers/event/spi/BaseEnversEventListener.java,2,2,17,269,4780
hibernate-envers/src/main/java/org/hibernate/envers/exception/RevisionDoesNotExistException.java,0,0,0,0,0
hibernate-envers/src/main/java/org/hibernate/envers/internal/entities/EntitiesConfigurations.java,0,0,0,0,0
hibernate-envers/src/main/java/org/hibernate/envers/internal/entities/mapper/ComponentPropertyMapper.java,1,1,22,269,4780
hibernate-envers/src/main/java/org/hibernate/envers/internal/entities/mapper/MultiPropertyMapper.java,1,1,18,269,4780
hibernate-envers/src/main/java/org/hibernate/envers/internal/entities/mapper/SinglePropertyMapper.java,1,1,18,269,4780
hibernate-envers/src/main/java/org/hibernate/envers/internal/entities/mapper/relation/BasicCollectionMapper.java,1,1,8,269,4780
hibernate-envers/src/main/java/org/hibernate/envers/internal/entities/mapper/relation/ListCollectionMapper.java,1,1,6,269,4780
hibernate-envers/src/main/java/org/hibernate/envers/internal/entities/mapper/relation/MapCollectionMapper.java,1,1,6,269,4780
hibernate-envers/src/main/java/org/hibernate/envers/internal/entities/mapper/relation/component/MiddleDummyComponentMapper.java,1,1,4,269,4780
hibernate-envers/src/main/java/org/hibernate/envers/internal/entities/mapper/relation/lazy/proxy/CollectionProxy.java,0,0,0,0,0
hibernate-envers/src/main/java/org/hibernate/envers/internal/entities/mapper/relation/lazy/proxy/MapProxy.java,0,0,0,0,0
hibernate-envers/src/main/java/org/hibernate/envers/internal/entities/mapper/relation/lazy/proxy/SortedMapProxy.java,0,0,0,0,0
hibernate-envers/src/main/java/org/hibernate/envers/internal/reader/AuditReaderImpl.java,1,1,2,269,4780
hibernate-envers/src/main/java/org/hibernate/envers/internal/synchronization/AuditProcess.java,2,2,123,240,4780
hibernate-envers/src/main/java/org/hibernate/envers/internal/synchronization/work/PersistentCollectionChangeWorkUnit.java,1,1,23,269,4780
hibernate-envers/src/main/java/org/hibernate/envers/internal/tools/query/QueryBuilder.java,1,1,4,269,4780
hibernate-envers/src/main/java/org/hibernate/envers/query/AuditQueryCreator.java,0,0,0,0,0
hibernate-envers/src/main/java/org/hibernate/envers/query/criteria/internal/SimpleAuditExpression.java,0,0,0,0,0
hibernate-envers/src/main/java/org/hibernate/envers/query/internal/impl/AbstractAuditAssociationQuery.java,0,0,0,0,0
hibernate-envers/src/main/java/org/hibernate/envers/strategy/AuditStrategy.java,1,1,9,269,5692
hibernate-envers/src/main/java/org/hibernate/envers/strategy/DefaultAuditStrategy.java,0,0,0,0,0
hibernate-envers/src/main/java/org/hibernate/envers/strategy/ValidityAuditStrategy.java,0,0,0,0,0
hibernate-envers/src/main/java/org/hibernate/envers/strategy/internal/ValidityAuditStrategy.java,4,1,147,16,2742
hibernate-jcache/src/main/java/org/hibernate/cache/jcache/ConfigSettings.java,0,0,0,0,0
hibernate-micrometer/src/main/java/org/hibernate/stat/HibernateMetrics.java,1,1,300,101,2000
hibernate-micrometer/src/main/java/org/hibernate/stat/HibernateQueryMetrics.java,2,2,137,101,2000
hibernate-proxool/src/main/java/org/hibernate/proxool/internal/ProxoolConnectionProvider.java,0,0,0,0,0
hibernate-spatial/src/main/java/org/hibernate/spatial/SpatialFunction.java,1,1,10,100,5405
hibernate-spatial/src/main/java/org/hibernate/spatial/SpatialRelation.java,1,1,6,100,5405
hibernate-spatial/src/main/java/org/hibernate/spatial/dialect/hana/HANASpatialFunctions.java,0,0,0,0,0
hibernate-spatial/src/main/java/org/hibernate/spatial/dialect/oracle/OracleSDOFunctionDescriptors.java,0,0,0,0,0
hibernate-testing/src/main/java/org/hibernate/testing/boot/BasicTestingJdbcServiceImpl.java,0,0,0,0,0
hibernate-testing/src/main/java/org/hibernate/testing/boot/BootstrapContextImpl.java,3,3,29,41,2991
hibernate-testing/src/main/java/org/hibernate/testing/bytecode/enhancement/BytecodeEnhancerRunner.java,0,0,0,0,0
hibernate-testing/src/main/java/org/hibernate/testing/cache/CachingRegionFactory.java,1,1,7,219,5450
hibernate-testing/src/main/java/org/hibernate/testing/cleaner/DB2DatabaseCleaner.java,0,0,0,0,0
hibernate-testing/src/main/java/org/hibernate/testing/cleaner/JdbcConnectionContext.java,2,2,19,240,1922
hibernate-testing/src/main/java/org/hibernate/testing/cleaner/OracleDatabaseCleaner.java,2,2,69,66,1922
hibernate-testing/src/main/java/org/hibernate/testing/cleaner/SQLServerDatabaseCleaner.java,1,1,7,66,1922
hibernate-testing/src/main/java/org/hibernate/testing/env/ConnectionProviderBuilder.java,1,1,15,273,5538
hibernate-testing/src/main/java/org/hibernate/testing/hamcrest/CollectionMatchers.java,0,0,0,0,0
hibernate-testing/src/main/java/org/hibernate/testing/jdbc/DataSourceStub.java,1,1,6,273,2412
hibernate-testing/src/main/java/org/hibernate/testing/jdbc/JdbcMocks.java,0,0,0,0,0
hibernate-testing/src/main/java/org/hibernate/testing/jdbc/JdbcSpies.java,0,0,0,0,0
hibernate-testing/src/main/java/org/hibernate/testing/jdbc/ResultSetUtil.java,0,0,0,0,0
hibernate-testing/src/main/java/org/hibernate/testing/jdbc/SQLStatementInspector.java,3,3,17,67,2250
hibernate-testing/src/main/java/org/hibernate/testing/jdbc/SharedDriverManagerTypeCacheClearingIntegrator.java,1,1,2,273,912
hibernate-testing/src/main/java/org/hibernate/testing/junit4/BaseCoreFunctionalTestCase.java,3,3,23,213,5543
hibernate-testing/src/main/java/org/hibernate/testing/junit4/BaseNonConfigCoreFunctionalTestCase.java,2,2,29,213,4079
hibernate-testing/src/main/java/org/hibernate/testing/junit4/BaseUnitTestCase.java,1,1,0,213,5543
hibernate-testing/src/main/java/org/hibernate/testing/junit4/CustomParameterized.java,0,0,0,0,0
hibernate-testing/src/main/java/org/hibernate/testing/junit4/CustomRunner.java,3,2,84,63,5543
hibernate-testing/src/main/java/org/hibernate/testing/orm/JournalingGenerationTarget.java,0,0,0,0,0
hibernate-testing/src/main/java/org/hibernate/testing/orm/domain/gambit/Shirt.java,0,0,0,0,0
hibernate-testing/src/main/java/org/hibernate/testing/orm/domain/userguide/Call.java,0,0,0,0,0
hibernate-testing/src/main/java/org/hibernate/testing/orm/jpa/PersistenceUnitDescriptorAdapter.java,3,1,25,54,1747
hibernate-testing/src/main/java/org/hibernate/testing/orm/jpa/PersistenceUnitInfoAdapter.java,2,1,0,13,1747
hibernate-testing/src/main/java/org/hibernate/testing/orm/jpa/PersistenceUnitInfoImpl.java,3,2,15,13,1979
hibernate-testing/src/main/java/org/hibernate/testing/orm/junit/AbstractEntityManagerFactoryScope.java,2,2,3,206,1857
hibernate-testing/src/main/java/org/hibernate/testing/orm/junit/BaseSessionFactoryFunctionalTest.java,2,2,0,212,2531
hibernate-testing/src/main/java/org/hibernate/testing/orm/junit/DialectFilterExtension.java,4,3,90,172,2531
hibernate-testing/src/main/java/org/hibernate/testing/orm/junit/DomainModelExtension.java,5,4,53,172,2531
hibernate-testing/src/main/java/org/hibernate/testing/orm/junit/EntityManagerFactoryBasedFunctionalTest.java,5,3,61,54,1857
hibernate-testing/src/main/java/org/hibernate/testing/orm/junit/EntityManagerFactoryExtension.java,3,3,19,185,1979
hibernate-testing/src/main/java/org/hibernate/testing/orm/junit/FailureExpectedExtension.java,2,2,10,172,2531
hibernate-testing/src/main/java/org/hibernate/testing/orm/junit/ServiceRegistryExtension.java,4,3,20,172,2531
hibernate-testing/src/main/java/org/hibernate/testing/orm/junit/SessionFactoryExtension.java,11,6,103,32,2531
hibernate-testing/src/main/java/org/hibernate/testing/orm/junit/SettingProvider.java,0,0,0,0,0
hibernate-testing/src/main/java/org/hibernate/testing/orm/transaction/TransactionUtil.java,9,3,182,33,1857
hibernate-testing/src/main/java/org/hibernate/testing/schema/SchemaValidateHelper.java,0,0,0,0,0
hibernate-testing/src/main/java/org/hibernate/testing/transaction/TransactionUtil.java,1,1,13,188,3590
hibernate-testing/src/main/java/org/hibernate/testing/transaction/TransactionUtil2.java,1,1,6,301,3097
hibernate-testing/src/main/java/org/hibernate/testing/util/ReflectionUtil.java,0,0,0,0,0
hibernate-testing/src/main/java/org/hibernate/testing/util/jpa/PersistenceUnitInfoAdapter.java,3,1,2,13,2419
hibernate-testing/src/main/java/org/hibernate/testing/util/jpa/PersistenceUnitInfoPropertiesWrapper.java,1,1,0,129,2419
local-build-plugins/src/main/java/org/hibernate/orm/docs/ReleaseFamilyDocumentation.java,1,1,63,228,1479
local-build-plugins/src/main/java/org/hibernate/orm/jakarta/JakartaPublishingPlugin.java,1,1,219,215,1479
local-build-plugins/src/main/java/org/hibernate/orm/post/DialectReportTask.java,5,3,104,207,1109
local-build-plugins/src/main/java/org/hibernate/orm/post/IndexManager.java,0,0,0,0,0
local-build-plugins/src/main/java/org/hibernate/orm/properties/jdk11/SettingsCollector.java,0,0,0,0,0
tooling/hibernate-ant/src/main/java/org/hibernate/tool/enhance/EnhancementTask.java,3,1,9,285,1923
tooling/hibernate-ant/src/main/java/org/hibernate/tool/hbm2ddl/SchemaExport.java,4,3,671,40,1686
tooling/hibernate-ant/src/main/java/org/hibernate/tool/hbm2ddl/SchemaExportTask.java,0,0,0,0,0
tooling/hibernate-ant/src/main/java/org/hibernate/tool/hbm2ddl/SchemaUpdate.java,3,2,344,40,1686
tooling/hibernate-ant/src/main/java/org/hibernate/tool/hbm2ddl/ScriptExporter.java,0,0,0,0,0
tooling/hibernate-enhance-maven-plugin/src/main/java/org/hibernate/orm/tooling/maven/MavenEnhancePlugin.java,0,0,0,0,0
tooling/hibernate-gradle-plugin/src/main/java/org/hibernate/orm/tooling/gradle/Helper.java,1,1,10,414,2033
tooling/hibernate-gradle-plugin/src/main/java/org/hibernate/orm/tooling/gradle/HibernateOrmPlugin.java,8,3,144,40,2033
tooling/metamodel-generator/src/main/java/org/hibernate/jpamodelgen/JPAMetaModelEntityProcessor.java,0,0,0,0,0
tooling/metamodel-generator/src/main/java/org/hibernate/jpamodelgen/annotation/AnnotationMeta.java,0,0,0,0,0
tooling/metamodel-generator/src/main/java/org/hibernate/jpamodelgen/annotation/AnnotationMetaEntity.java,0,0,0,0,0
tooling/metamodel-generator/src/main/java/org/hibernate/jpamodelgen/annotation/CriteriaFinderMethod.java,0,0,0,0,0
tooling/metamodel-generator/src/main/java/org/hibernate/jpamodelgen/annotation/ErrorHandler.java,0,0,0,0,0
tooling/metamodel-generator/src/main/java/org/hibernate/jpamodelgen/util/TypeRenderingVisitor.java,0,0,0,0,0
tooling/metamodel-generator/src/main/java/org/hibernate/jpamodelgen/util/xml/JpaNamespaceTransformingEventReader.java,0,0,0,0,0
tooling/metamodel-generator/src/main/java/org/hibernate/jpamodelgen/validation/ProcessorSessionFactory.java,0,0,0,0,0
tooling/metamodel-generator/src/main/java/org/hibernate/jpamodelgen/xml/JpaDescriptorParser.java,0,0,0,0,0
tooling/metamodel-generator/src/main/java/org/hibernate/jpamodelgen/xml/XmlMetaEntity.java,0,0,0,0,0
hibernate-community-dialects/src/main/java/org/hibernate/community/dialect/AltibaseSqlAstTranslator.java,1,1,29,313,908
hibernate-community-dialects/src/main/java/org/hibernate/community/dialect/CUBRIDDialect.java,3,3,63,246,1782
hibernate-community-dialects/src/main/java/org/hibernate/community/dialect/CommunityDatabase.java,4,3,61,11,1782
hibernate-community-dialects/src/main/java/org/hibernate/community/dialect/DerbyLegacyDialect.java,8,4,252,153,1417
hibernate-community-dialects/src/main/java/org/hibernate/community/dialect/FirebirdSqlAstTranslator.java,2,2,92,332,1782
hibernate-community-dialects/src/main/java/org/hibernate/community/dialect/H2LegacySqlAstTranslator.java,0,0,0,0,0
hibernate-community-dialects/src/main/java/org/hibernate/community/dialect/InformixDialect.java,44,4,794,39,1782
hibernate-community-dialects/src/main/java/org/hibernate/community/dialect/MimerSQLDialect.java,1,1,11,354,1782
hibernate-community-dialects/src/main/java/org/hibernate/community/dialect/PostgresPlusLegacyDialect.java,1,1,1,41,1241
hibernate-community-dialects/src/main/java/org/hibernate/community/dialect/RDMSOS2200Dialect.java,4,3,161,107,1782
hibernate-core/src/main/java/org/hibernate/Session.java,26,5,3029,13,5692
hibernate-core/src/main/java/org/hibernate/Version.java,1,1,8,238,5692
hibernate-core/src/main/java/org/hibernate/action/internal/CollectionAction.java,5,2,91,5,5532
hibernate-core/src/main/java/org/hibernate/action/internal/EntityAction.java,3,2,23,5,5532
hibernate-core/src/main/java/org/hibernate/action/internal/EntityDeleteAction.java,7,2,182,5,5532
hibernate-core/src/main/java/org/hibernate/action/internal/EntityIdentityInsertAction.java,4,2,187,5,5532
hibernate-core/src/main/java/org/hibernate/action/internal/EntityIncrementVersionProcess.java,3,2,11,173,5532
hibernate-core/src/main/java/org/hibernate/action/internal/EntityUpdateAction.java,8,2,262,5,5532
hibernate-core/src/main/java/org/hibernate/action/internal/EntityVerifyVersionProcess.java,3,2,14,173,5532
hibernate-core/src/main/java/org/hibernate/action/internal/QueuedOperationCollectionAction.java,2,2,13,5,4738
hibernate-core/src/main/java/org/hibernate/annotations/DialectOverride.java,1,1,1,100,1582
hibernate-core/src/main/java/org/hibernate/boot/MetadataSources.java,6,2,108,160,4079
hibernate-core/src/main/java/org/hibernate/boot/archive/internal/ExplodedArchiveDescriptor.java,1,1,198,54,4202
hibernate-core/src/main/java/org/hibernate/boot/archive/scan/internal/MappingFileDescriptorImpl.java,0,0,0,0,0
hibernate-core/src/main/java/org/hibernate/boot/archive/scan/internal/ScanResultCollector.java,0,0,0,0,0
hibernate-core/src/main/java/org/hibernate/boot/archive/scan/spi/AbstractScannerImpl.java,0,0,0,0,0
hibernate-core/src/main/java/org/hibernate/boot/archive/spi/InputStreamAccess.java,1,1,24,54,4202
hibernate-core/src/main/java/org/hibernate/boot/beanvalidation/BeanValidationEventListener.java,9,2,243,81,1236
hibernate-core/src/main/java/org/hibernate/boot/beanvalidation/BeanValidationIntegrator.java,5,1,177,241,1236
hibernate-core/src/main/java/org/hibernate/boot/cfgxml/internal/JaxbCfgProcessor.java,3,1,103,234,4114
hibernate-core/src/main/java/org/hibernate/boot/internal/MetadataBuilderImpl.java,9,2,420,54,4079
hibernate-core/src/main/java/org/hibernate/boot/internal/NamedProcedureCallDefinitionImpl.java,4,2,44,107,2537
hibernate-core/src/main/java/org/hibernate/boot/internal/SessionFactoryOptionsBuilder.java,30,8,992,4,3062
hibernate-core/src/main/java/org/hibernate/boot/jaxb/hbm/internal/CacheAccessTypeConverter.java,0,0,0,0,0
hibernate-core/src/main/java/org/hibernate/boot/jaxb/hbm/internal/CacheModeConverter.java,0,0,0,0,0
hibernate-core/src/main/java/org/hibernate/boot/jaxb/hbm/internal/ExecuteUpdateResultCheckStyleConverter.java,1,1,22,96,4079
hibernate-core/src/main/java/org/hibernate/boot/jaxb/hbm/internal/FlushModeConverter.java,0,0,0,0,0
hibernate-core/src/main/java/org/hibernate/boot/jaxb/hbm/internal/GenerationTimingConverter.java,0,0,0,0,0
hibernate-core/src/main/java/org/hibernate/boot/jaxb/hbm/internal/ImplicitResultSetMappingDefinition.java,0,0,0,0,0
hibernate-core/src/main/java/org/hibernate/boot/jaxb/hbm/internal/LockModeConverter.java,0,0,0,0,0
hibernate-core/src/main/java/org/hibernate/boot/jaxb/hbm/internal/OptimisticLockStyleConverter.java,0,0,0,0,0
hibernate-core/src/main/java/org/hibernate/boot/jaxb/hbm/internal/RepresentationModeConverter.java,0,0,0,0,0
hibernate-core/src/main/java/org/hibernate/boot/jaxb/hbm/spi/PluralAttributeInfo.java,0,0,0,0,0
hibernate-core/src/main/java/org/hibernate/boot/jaxb/hbm/spi/ResultSetMappingBindingDefinition.java,0,0,0,0,0
hibernate-core/src/main/java/org/hibernate/boot/jaxb/hbm/transform/HbmTransformationLogging.java,0,0,0,0,0
hibernate-core/src/main/java/org/hibernate/boot/jaxb/internal/AbstractBinder.java,3,1,15,234,4079
hibernate-core/src/main/java/org/hibernate/boot/jaxb/internal/InputStreamAccessXmlSource.java,3,2,57,129,2204
hibernate-core/src/main/java/org/hibernate/boot/jaxb/internal/XmlSources.java,2,2,168,276,2204
hibernate-core/src/main/java/org/hibernate/boot/jaxb/internal/stax/BaseXMLEventReader.java,0,0,0,0,0
hibernate-core/src/main/java/org/hibernate/boot/jaxb/internal/stax/JpaOrmXmlEventReader.java,0,0,0,0,0
hibernate-core/src/main/java/org/hibernate/boot/jaxb/internal/stax/LocalSchemaLocator.java,2,1,21,234,4079
hibernate-core/src/main/java/org/hibernate/boot/jaxb/internal/stax/MappingEventReader.java,0,0,0,0,0
hibernate-core/src/main/java/org/hibernate/boot/jaxb/mapping/marshall/AccessTypeMarshalling.java,0,0,0,0,0
hibernate-core/src/main/java/org/hibernate/boot/jaxb/mapping/marshall/CacheAccessTypeMarshalling.java,0,0,0,0,0
hibernate-core/src/main/java/org/hibernate/boot/jaxb/mapping/marshall/CacheModeMarshalling.java,0,0,0,0,0
hibernate-core/src/main/java/org/hibernate/boot/jaxb/mapping/marshall/CollectionClassificationMarshalling.java,0,0,0,0,0
hibernate-core/src/main/java/org/hibernate/boot/jaxb/mapping/marshall/ConstraintModeMarshalling.java,0,0,0,0,0
hibernate-core/src/main/java/org/hibernate/boot/jaxb/mapping/marshall/DiscriminatorTypeMarshalling.java,0,0,0,0,0
hibernate-core/src/main/java/org/hibernate/boot/jaxb/mapping/marshall/EnumTypeMarshalling.java,0,0,0,0,0
hibernate-core/src/main/java/org/hibernate/boot/jaxb/mapping/marshall/FetchTypeMarshalling.java,0,0,0,0,0
hibernate-core/src/main/java/org/hibernate/boot/jaxb/mapping/marshall/FlushModeMarshalling.java,0,0,0,0,0
hibernate-core/src/main/java/org/hibernate/boot/jaxb/mapping/marshall/GenerationTimingMarshalling.java,0,0,0,0,0
hibernate-core/src/main/java/org/hibernate/boot/jaxb/mapping/marshall/GenerationTypeMarshalling.java,0,0,0,0,0
hibernate-core/src/main/java/org/hibernate/boot/jaxb/mapping/marshall/InheritanceTypeMarshalling.java,0,0,0,0,0
hibernate-core/src/main/java/org/hibernate/boot/jaxb/mapping/marshall/LockModeTypeMarshalling.java,0,0,0,0,0
hibernate-core/src/main/java/org/hibernate/boot/jaxb/mapping/marshall/OnDeleteActionMarshalling.java,0,0,0,0,0
hibernate-core/src/main/java/org/hibernate/boot/jaxb/mapping/marshall/OptimisticLockStyleMarshalling.java,0,0,0,0,0
hibernate-core/src/main/java/org/hibernate/boot/jaxb/mapping/marshall/ParameterModeMarshalling.java,0,0,0,0,0
hibernate-core/src/main/java/org/hibernate/boot/jaxb/mapping/marshall/PolymorphismTypeMarshalling.java,0,0,0,0,0
hibernate-core/src/main/java/org/hibernate/boot/jaxb/mapping/marshall/ResultCheckStyleMarshalling.java,0,0,0,0,0
hibernate-core/src/main/java/org/hibernate/boot/jaxb/mapping/marshall/TemporalTypeMarshalling.java,0,0,0,0,0
hibernate-core/src/main/java/org/hibernate/boot/jaxb/mapping/marshall/UuidGeneratorStyleMarshalling.java,0,0,0,0,0
hibernate-core/src/main/java/org/hibernate/boot/model/convert/internal/AbstractConverterDescriptor.java,5,1,46,138,3067
hibernate-core/src/main/java/org/hibernate/boot/model/convert/internal/ConverterHelper.java,5,1,177,138,1610
hibernate-core/src/main/java/org/hibernate/boot/model/convert/spi/RegisteredConversion.java,3,1,31,138,1451
hibernate-core/src/main/java/org/hibernate/boot/model/internal/AggregateComponentBinder.java,4,1,193,17,1238
hibernate-core/src/main/java/org/hibernate/boot/model/internal/AnnotatedJoinColumn.java,12,4,217,19,1238
hibernate-core/src/main/java/org/hibernate/boot/model/internal/AnnotatedJoinColumns.java,9,1,254,18,1238
hibernate-core/src/main/java/org/hibernate/boot/model/internal/AnyBinder.java,7,2,164,22,1231
hibernate-core/src/main/java/org/hibernate/boot/model/internal/ClassLoaderAccessLazyImpl.java,1,1,33,259,1238
hibernate-core/src/main/java/org/hibernate/boot/model/internal/CollectionSecondPass.java,6,1,56,238,1238
hibernate-core/src/main/java/org/hibernate/boot/model/internal/ComponentPropertyHolder.java,8,4,323,95,1238
hibernate-core/src/main/java/org/hibernate/boot/model/internal/DelayedParameterizedTypeBean.java,0,0,0,0,0
hibernate-core/src/main/java/org/hibernate/boot/model/internal/FkSecondPass.java,0,0,0,0,0
hibernate-core/src/main/java/org/hibernate/boot/model/internal/HCANNHelper.java,0,0,0,0,0
hibernate-core/src/main/java/org/hibernate/boot/model/internal/IndexColumn.java,2,1,23,131,1238
hibernate-core/src/main/java/org/hibernate/boot/model/internal/ListBinder.java,3,1,13,258,1238
hibernate-core/src/main/java/org/hibernate/boot/model/internal/MapBinder.java,3,1,75,258,1259
hibernate-core/src/main/java/org/hibernate/boot/model/internal/ResultSetMappingSecondPass.java,2,1,4,238,1238
hibernate-core/src/main/java/org/hibernate/boot/model/internal/SecondaryTableFromAnnotationSecondPass.java,0,0,0,0,0
hibernate-core/src/main/java/org/hibernate/boot/model/internal/SecondaryTableSecondPass.java,0,0,0,0,0
hibernate-core/src/main/java/org/hibernate/boot/model/internal/SoftDeleteHelper.java,3,1,32,66,977
hibernate-core/src/main/java/org/hibernate/boot/model/internal/TimeZoneStorageHelper.java,1,1,5,259,1231
hibernate-core/src/main/java/org/hibernate/boot/model/internal/WrappedInferredData.java,0,0,0,0,0
hibernate-core/src/main/java/org/hibernate/boot/model/naming/CamelCaseToUnderscoresNamingStrategy.java,0,0,0,0,0
hibernate-core/src/main/java/org/hibernate/boot/model/naming/ImplicitNamingStrategyLegacyJpaImpl.java,5,1,90,18,4079
hibernate-core/src/main/java/org/hibernate/boot/model/naming/NamingHelper.java,2,1,138,349,4079
hibernate-core/src/main/java/org/hibernate/boot/model/process/internal/NamedBasicTypeResolution.java,0,0,0,0,0
hibernate-core/src/main/java/org/hibernate/boot/model/process/internal/NamedConverterResolution.java,4,1,47,96,2441
hibernate-core/src/main/java/org/hibernate/boot/model/relational/AbstractAuxiliaryDatabaseObject.java,1,1,4,66,4079
hibernate-core/src/main/java/org/hibernate/boot/model/relational/Namespace.java,6,1,47,160,3944
hibernate-core/src/main/java/org/hibernate/boot/model/source/internal/hbm/AbstractEntitySourceImpl.java,1,1,15,166,4079
hibernate-core/src/main/java/org/hibernate/boot/model/source/internal/hbm/AbstractPluralAssociationElementSourceImpl.java,0,0,0,0,0
hibernate-core/src/main/java/org/hibernate/boot/model/source/internal/hbm/AbstractSingularAttributeSourceEmbeddedImpl.java,0,0,0,0,0
hibernate-core/src/main/java/org/hibernate/boot/model/source/internal/hbm/AuxiliaryDatabaseObjectBinder.java,0,0,0,0,0
hibernate-core/src/main/java/org/hibernate/boot/model/source/internal/hbm/FetchProfileBinder.java,3,1,59,234,4079
hibernate-core/src/main/java/org/hibernate/boot/model/source/internal/hbm/HibernateTypeSourceImpl.java,0,0,0,0,0
hibernate-core/src/main/java/org/hibernate/boot/model/source/internal/hbm/IdClassSource.java,0,0,0,0,0
hibernate-core/src/main/java/org/hibernate/boot/model/source/internal/hbm/IdentifierGeneratorDefinitionBinder.java,3,1,13,234,4079
hibernate-core/src/main/java/org/hibernate/boot/model/source/internal/hbm/IdentifierSourceAggregatedCompositeImpl.java,0,0,0,0,0
hibernate-core/src/main/java/org/hibernate/boot/model/source/internal/hbm/IdentifierSourceNonAggregatedCompositeImpl.java,0,0,0,0,0
hibernate-core/src/main/java/org/hibernate/boot/model/source/internal/hbm/NamedQueryBinder.java,3,2,125,16,4079
hibernate-core/src/main/java/org/hibernate/boot/model/source/internal/hbm/PluralAttributeElementSourceManyToAnyImpl.java,0,0,0,0,0
hibernate-core/src/main/java/org/hibernate/boot/model/source/internal/hbm/PluralAttributeElementSourceOneToManyImpl.java,0,0,0,0,0
hibernate-core/src/main/java/org/hibernate/boot/model/source/internal/hbm/PluralAttributeMapKeyManyToAnySourceImpl.java,0,0,0,0,0
hibernate-core/src/main/java/org/hibernate/boot/model/source/internal/hbm/PluralAttributeMapKeySourceEmbeddedImpl.java,0,0,0,0,0
hibernate-core/src/main/java/org/hibernate/boot/model/source/internal/hbm/RelationalObjectBinder.java,0,0,0,0,0
hibernate-core/src/main/java/org/hibernate/boot/model/source/internal/hbm/SecondaryTableSourceImpl.java,0,0,0,0,0
hibernate-core/src/main/java/org/hibernate/boot/model/source/internal/hbm/SingularAttributeSourceAnyImpl.java,0,0,0,0,0
hibernate-core/src/main/java/org/hibernate/boot/model/source/internal/hbm/TypeDefinitionBinder.java,4,1,30,234,4079
hibernate-core/src/main/java/org/hibernate/boot/model/source/spi/JdbcDataType.java,0,0,0,0,0
hibernate-core/src/main/java/org/hibernate/boot/model/source/spi/ToolingHint.java,0,0,0,0,0
hibernate-core/src/main/java/org/hibernate/boot/query/AbstractNamedQueryBuilder.java,2,1,7,107,2111
hibernate-core/src/main/java/org/hibernate/boot/query/ImplicitHbmResultSetMappingDescriptorBuilder.java,1,1,3,302,2090
hibernate-core/src/main/java/org/hibernate/boot/query/SqlResultSetMappingDescriptor.java,3,2,12,116,2102
hibernate-core/src/main/java/org/hibernate/boot/registry/classloading/internal/ClassLoaderServiceImpl.java,3,1,46,238,5003
hibernate-core/src/main/java/org/hibernate/boot/registry/internal/StandardServiceRegistryImpl.java,0,0,0,0,0
hibernate-core/src/main/java/org/hibernate/boot/registry/selector/internal/AggregatedDialectSelector.java,1,1,6,234,1782
hibernate-core/src/main/java/org/hibernate/boot/registry/selector/internal/StrategySelectorBuilder.java,11,6,118,160,5003
hibernate-core/src/main/java/org/hibernate/boot/registry/selector/internal/StrategySelectorImpl.java,6,1,201,234,5003
hibernate-core/src/main/java/org/hibernate/boot/spi/AbstractDelegatingMetadata.java,0,0,0,0,0
hibernate-core/src/main/java/org/hibernate/boot/spi/AbstractDelegatingMetadataBuilderImplementor.java,2,1,27,54,3960
hibernate-core/src/main/java/org/hibernate/boot/spi/AbstractDelegatingMetadataBuildingOptions.java,0,0,0,0,0
hibernate-core/src/main/java/org/hibernate/boot/spi/AbstractDelegatingSessionFactoryBuilder.java,5,2,35,4,4031
hibernate-core/src/main/java/org/hibernate/boot/spi/AbstractDelegatingSessionFactoryBuilderImplementor.java,0,0,0,0,0
hibernate-core/src/main/java/org/hibernate/boot/spi/AbstractNamedQueryDefinition.java,2,1,198,107,2537
hibernate-core/src/main/java/org/hibernate/boot/spi/InFlightMetadataCollector.java,5,4,37,107,4079
hibernate-core/src/main/java/org/hibernate/boot/xsd/LocalXsdResolver.java,3,1,36,234,2961
hibernate-core/src/main/java/org/hibernate/bytecode/enhance/internal/bytebuddy/CodeTemplates.java,0,0,0,0,0
hibernate-core/src/main/java/org/hibernate/bytecode/enhance/internal/bytebuddy/FieldReaderAppender.java,2,2,128,129,3505
hibernate-core/src/main/java/org/hibernate/bytecode/enhance/internal/bytebuddy/FieldWriterAppender.java,2,2,87,129,3505
hibernate-core/src/main/java/org/hibernate/bytecode/enhance/internal/bytebuddy/InlineDirtyCheckerEqualsHelper.java,1,1,79,129,1291
hibernate-core/src/main/java/org/hibernate/bytecode/enhance/internal/tracker/SortedFieldTracker.java,0,0,0,0,0
hibernate-core/src/main/java/org/hibernate/bytecode/enhance/spi/interceptor/AbstractInterceptor.java,3,2,72,174,2579
hibernate-core/src/main/java/org/hibernate/bytecode/enhance/spi/interceptor/AbstractLazyLoadInterceptor.java,1,1,23,329,2579
hibernate-core/src/main/java/org/hibernate/bytecode/internal/bytebuddy/BasicProxyFactoryImpl.java,2,2,56,155,3505
hibernate-core/src/main/java/org/hibernate/bytecode/internal/bytebuddy/ByteBuddyState.java,7,4,149,55,2952
hibernate-core/src/main/java/org/hibernate/bytecode/internal/none/NoneBasicProxyFactory.java,0,0,0,0,0
hibernate-core/src/main/java/org/hibernate/cache/cfg/internal/AbstractDomainDataCachingConfig.java,0,0,0,0,0
hibernate-core/src/main/java/org/hibernate/cache/cfg/internal/EntityDataCachingConfigImpl.java,2,1,12,144,2980
hibernate-core/src/main/java/org/hibernate/cache/internal/BasicCacheKeyImplementation.java,0,0,0,0,0
hibernate-core/src/main/java/org/hibernate/cache/internal/CacheKeyImplementation.java,1,1,3,254,3456
hibernate-core/src/main/java/org/hibernate/cache/internal/RegionFactoryInitiator.java,6,1,105,237,5479
hibernate-core/src/main/java/org/hibernate/cache/spi/AbstractCacheTransactionSynchronization.java,0,0,0,0,0
hibernate-core/src/main/java/org/hibernate/cache/spi/QueryKey.java,1,1,55,254,5485
hibernate-core/src/main/java/org/hibernate/cache/spi/QuerySpacesHelper.java,0,0,0,0,0
hibernate-core/src/main/java/org/hibernate/cache/spi/entry/CacheEntryHelper.java,2,1,48,251,1562
hibernate-core/src/main/java/org/hibernate/cache/spi/entry/StandardCacheEntryImpl.java,1,1,2,239,4891
hibernate-core/src/main/java/org/hibernate/cache/spi/entry/StructuredCacheEntry.java,1,1,2,254,5485
hibernate-core/src/main/java/org/hibernate/cache/spi/entry/StructuredCollectionCacheEntry.java,1,1,6,254,5485
hibernate-core/src/main/java/org/hibernate/cache/spi/entry/StructuredMapCacheEntry.java,1,1,15,254,5485
hibernate-core/src/main/java/org/hibernate/cache/spi/support/AbstractCollectionDataAccess.java,0,0,0,0,0
hibernate-core/src/main/java/org/hibernate/cache/spi/support/AbstractDomainDataRegion.java,3,1,105,91,2977
hibernate-core/src/main/java/org/hibernate/cache/spi/support/AbstractEntityDataAccess.java,0,0,0,0,0
hibernate-core/src/main/java/org/hibernate/cache/spi/support/AbstractNaturalIdDataAccess.java,0,0,0,0,0
hibernate-core/src/main/java/org/hibernate/cache/spi/support/AbstractRegion.java,0,0,0,0,0
hibernate-core/src/main/java/org/hibernate/cache/spi/support/CacheUtils.java,1,1,22,254,2972
hibernate-core/src/main/java/org/hibernate/cache/spi/support/CollectionReadWriteAccess.java,3,1,12,91,2977
hibernate-core/src/main/java/org/hibernate/cache/spi/support/DirectAccessRegionTemplate.java,0,0,0,0,0
hibernate-core/src/main/java/org/hibernate/cache/spi/support/EntityReadWriteAccess.java,3,1,40,91,2977
hibernate-core/src/main/java/org/hibernate/cfg/Environment.java,5,1,80,237,5692
hibernate-core/src/main/java/org/hibernate/cfg/ImprovedNamingStrategy.java,0,0,0,0,0
hibernate-core/src/main/java/org/hibernate/collection/internal/StandardArraySemantics.java,0,0,0,0,0
hibernate-core/src/main/java/org/hibernate/collection/spi/AbstractSetSemantics.java,0,0,0,0,0
hibernate-core/src/main/java/org/hibernate/collection/spi/CollectionSemantics.java,0,0,0,0,0
hibernate-core/src/main/java/org/hibernate/collection/spi/InitializerProducerBuilder.java,1,1,121,223,1592
hibernate-core/src/main/java/org/hibernate/collection/spi/PersistentArrayHolder.java,4,1,159,239,1586
hibernate-core/src/main/java/org/hibernate/collection/spi/PersistentBag.java,3,1,60,246,1586
hibernate-core/src/main/java/org/hibernate/collection/spi/PersistentCollection.java,4,4,75,5,5485
hibernate-core/src/main/java/org/hibernate/collection/spi/PersistentMap.java,5,3,179,5,1586
hibernate-core/src/main/java/org/hibernate/collection/spi/PersistentSet.java,2,1,45,246,1586
hibernate-core/src/main/java/org/hibernate/collection/spi/PersistentSortedMap.java,0,0,0,0,0
hibernate-core/src/main/java/org/hibernate/context/internal/ManagedSessionContext.java,1,1,19,239,5485
hibernate-core/src/main/java/org/hibernate/dialect/AbstractPostgreSQLJsonPGObjectType.java,0,0,0,0,0
hibernate-core/src/main/java/org/hibernate/dialect/BooleanDecoder.java,0,0,0,0,0
hibernate-core/src/main/java/org/hibernate/dialect/CockroachDialectQueryHints.java,1,1,78,129,1047
hibernate-core/src/main/java/org/hibernate/dialect/DerbyDialect.java,0,0,0,0,0
hibernate-core/src/main/java/org/hibernate/dialect/DialectDelegateWrapper.java,0,0,0,0,0
hibernate-core/src/main/java/org/hibernate/dialect/H2DurationIntervalSecondJdbcType.java,0,0,0,0,0
hibernate-core/src/main/java/org/hibernate/dialect/H2SqlAstTranslator.java,0,0,0,0,0
hibernate-core/src/main/java/org/hibernate/dialect/OracleArrayJdbcTypeConstructor.java,0,0,0,0,0
hibernate-core/src/main/java/org/hibernate/dialect/OracleJdbcHelper.java,0,0,0,0,0
hibernate-core/src/main/java/org/hibernate/dialect/OracleNestedTableJdbcType.java,0,0,0,0,0
hibernate-core/src/main/java/org/hibernate/dialect/OracleReflectionStructJdbcType.java,0,0,0,0,0
hibernate-core/src/main/java/org/hibernate/dialect/OracleSqlAstTranslator.java,0,0,0,0,0
hibernate-core/src/main/java/org/hibernate/dialect/OracleTypes.java,1,1,1,278,1263
hibernate-core/src/main/java/org/hibernate/dialect/PgJdbcHelper.java,0,0,0,0,0
hibernate-core/src/main/java/org/hibernate/dialect/PostgreSQLInetJdbcType.java,0,0,0,0,0
hibernate-core/src/main/java/org/hibernate/dialect/PostgreSQLIntervalSecondJdbcType.java,0,0,0,0,0
hibernate-core/src/main/java/org/hibernate/dialect/PostgreSQLStructCastingJdbcType.java,0,0,0,0,0
hibernate-core/src/main/java/org/hibernate/dialect/PostgreSQLStructPGObjectJdbcType.java,0,0,0,0,0
hibernate-core/src/main/java/org/hibernate/dialect/PostgresPlusDialect.java,5,4,66,41,5692
hibernate-core/src/main/java/org/hibernate/dialect/SimpleDatabaseVersion.java,1,1,25,129,1615
hibernate-core/src/main/java/org/hibernate/dialect/SpannerSqlAstTranslator.java,0,0,0,0,0
hibernate-core/src/main/java/org/hibernate/dialect/SqlAstTranslatorWithMerge.java,0,0,0,0,0
hibernate-core/src/main/java/org/hibernate/dialect/StructHelper.java,0,0,0,0,0
hibernate-core/src/main/java/org/hibernate/dialect/function/AvgFunction.java,4,1,103,241,1629
hibernate-core/src/main/java/org/hibernate/dialect/function/IntegralTimestampaddFunction.java,0,0,0,0,0
hibernate-core/src/main/java/org/hibernate/dialect/function/SumReturnTypeResolver.java,2,1,20,278,1561
hibernate-core/src/main/java/org/hibernate/dialect/function/TimestampaddFunction.java,0,0,0,0,0
hibernate-core/src/main/java/org/hibernate/dialect/function/TrimFunction.java,0,0,0,0,0
hibernate-core/src/main/java/org/hibernate/dialect/function/array/AbstractArrayContainsFunction.java,3,2,7,102,927
hibernate-core/src/main/java/org/hibernate/dialect/function/array/AbstractArrayFillFunction.java,1,1,2,297,923
hibernate-core/src/main/java/org/hibernate/dialect/function/array/AbstractArrayOverlapsFunction.java,0,0,0,0,0
hibernate-core/src/main/java/org/hibernate/dialect/function/array/AbstractArrayPositionFunction.java,0,0,0,0,0
hibernate-core/src/main/java/org/hibernate/dialect/function/array/AbstractArrayPositionsFunction.java,0,0,0,0,0
hibernate-core/src/main/java/org/hibernate/dialect/function/array/AbstractArrayRemoveFunction.java,0,0,0,0,0
hibernate-core/src/main/java/org/hibernate/dialect/function/array/AbstractArrayTrimFunction.java,0,0,0,0,0
hibernate-core/src/main/java/org/hibernate/dialect/function/array/ArrayHelper.java,0,0,0,0,0
hibernate-core/src/main/java/org/hibernate/dialect/function/array/ArrayViaArgumentReturnTypeResolver.java,0,0,0,0,0
hibernate-core/src/main/java/org/hibernate/dialect/function/array/DdlTypeHelper.java,5,1,148,17,929
hibernate-core/src/main/java/org/hibernate/dialect/function/array/ElementViaArrayArgumentReturnTypeResolver.java,0,0,0,0,0
hibernate-core/src/main/java/org/hibernate/dialect/hint/IndexQueryHintHandler.java,0,0,0,0,0
hibernate-core/src/main/java/org/hibernate/dialect/identity/H2FinalTableIdentityColumnSupport.java,0,0,0,0,0
hibernate-core/src/main/java/org/hibernate/dialect/identity/H2IdentityColumnSupport.java,0,0,0,0,0
hibernate-core/src/main/java/org/hibernate/dialect/lock/LockingStrategyException.java,0,0,0,0,0
hibernate-core/src/main/java/org/hibernate/dialect/lock/OptimisticForceIncrementLockingStrategy.java,2,2,12,157,5692
hibernate-core/src/main/java/org/hibernate/dialect/lock/PessimisticReadSelectLockingStrategy.java,0,0,0,0,0
hibernate-core/src/main/java/org/hibernate/dialect/lock/PessimisticReadUpdateLockingStrategy.java,6,1,130,157,5692
hibernate-core/src/main/java/org/hibernate/dialect/lock/PessimisticWriteSelectLockingStrategy.java,0,0,0,0,0
hibernate-core/src/main/java/org/hibernate/dialect/lock/PessimisticWriteUpdateLockingStrategy.java,6,1,129,157,5692
hibernate-core/src/main/java/org/hibernate/dialect/pagination/AbstractNoOffsetLimitHandler.java,2,2,52,175,2298
hibernate-core/src/main/java/org/hibernate/dialect/pagination/DerbyLimitHandler.java,0,0,0,0,0
hibernate-core/src/main/java/org/hibernate/dialect/pagination/Oracle12LimitHandler.java,4,4,237,107,1816
hibernate-core/src/main/java/org/hibernate/dialect/pagination/SQLServer2012LimitHandler.java,1,1,8,175,3398
hibernate-core/src/main/java/org/hibernate/dialect/temptable/TemporaryTableHelper.java,6,2,101,238,1622
hibernate-core/src/main/java/org/hibernate/dialect/unique/CreateTableUniqueDelegate.java,1,1,2,96,1262
hibernate-core/src/main/java/org/hibernate/engine/internal/ImmutableEntityEntry.java,2,1,142,351,4057
hibernate-core/src/main/java/org/hibernate/engine/internal/MutableEntityEntry.java,2,1,106,351,4069
hibernate-core/src/main/java/org/hibernate/engine/internal/NonNullableTransientDependencies.java,2,1,52,265,5255
hibernate-core/src/main/java/org/hibernate/engine/jdbc/BlobProxy.java,0,0,0,0,0
hibernate-core/src/main/java/org/hibernate/engine/jdbc/batch/internal/BatchImpl.java,10,2,94,1,1262
hibernate-core/src/main/java/org/hibernate/engine/jdbc/connections/internal/BasicConnectionCreator.java,1,1,6,279,4597
hibernate-core/src/main/java/org/hibernate/engine/jdbc/connections/internal/ConnectionCreatorFactory.java,2,1,6,279,1711
hibernate-core/src/main/java/org/hibernate/engine/jdbc/connections/internal/DatasourceConnectionProviderImpl.java,10,1,99,66,5003
hibernate-core/src/main/java/org/hibernate/engine/jdbc/cursor/internal/StandardRefCursorSupport.java,4,1,18,238,5003
hibernate-core/src/main/java/org/hibernate/engine/jdbc/dialect/internal/DialectFactoryImpl.java,0,0,0,0,0
hibernate-core/src/main/java/org/hibernate/engine/jdbc/env/internal/DefaultSchemaNameResolver.java,0,0,0,0,0
hibernate-core/src/main/java/org/hibernate/engine/jdbc/env/internal/ExtractedDatabaseMetaDataImpl.java,6,1,307,236,4079
hibernate-core/src/main/java/org/hibernate/engine/jdbc/env/internal/LobCreationHelper.java,2,1,41,242,1110
hibernate-core/src/main/java/org/hibernate/engine/jdbc/internal/BinaryStreamImpl.java,0,0,0,0,0
hibernate-core/src/main/java/org/hibernate/engine/jdbc/internal/CharacterStreamImpl.java,0,0,0,0,0
hibernate-core/src/main/java/org/hibernate/engine/jdbc/internal/JdbcCoordinatorImpl.java,12,3,225,5,5548
hibernate-core/src/main/java/org/hibernate/engine/jdbc/mutation/internal/AbstractSingleMutationExecutor.java,1,1,9,5,1262
hibernate-core/src/main/java/org/hibernate/engine/jdbc/mutation/internal/MutationExecutorPostInsertSingleTable.java,0,0,0,0,0
hibernate-core/src/main/java/org/hibernate/engine/jdbc/mutation/internal/MutationExecutorServiceInitiator.java,1,1,58,19,1262
hibernate-core/src/main/java/org/hibernate/engine/jdbc/mutation/internal/PreparedStatementGroupSingleTable.java,0,0,0,0,0
hibernate-core/src/main/java/org/hibernate/engine/jdbc/mutation/spi/BindingGroup.java,1,1,27,5,1262
hibernate-core/src/main/java/org/hibernate/engine/jdbc/spi/SqlStatementLogger.java,2,1,59,238,5545
hibernate-core/src/main/java/org/hibernate/engine/jdbc/spi/TypeInfo.java,4,1,38,238,4740
hibernate-core/src/main/java/org/hibernate/engine/query/spi/AbstractParameterDescriptor.java,3,2,22,191,3091
hibernate-core/src/main/java/org/hibernate/engine/spi/AbstractDelegatingSessionBuilder.java,7,2,104,5,3943
hibernate-core/src/main/java/org/hibernate/engine/spi/AbstractDelegatingSessionBuilderImplementor.java,1,1,5,254,3943
hibernate-core/src/main/java/org/hibernate/engine/spi/AbstractDelegatingSharedSessionBuilder.java,10,2,83,5,3943
hibernate-core/src/main/java/org/hibernate/engine/spi/EffectiveEntityGraph.java,6,3,145,117,2776
hibernate-core/src/main/java/org/hibernate/engine/spi/EntityEntryFactory.java,1,1,3,351,4069
hibernate-core/src/main/java/org/hibernate/engine/spi/LoadQueryInfluencers.java,11,3,130,5,5485
hibernate-core/src/main/java/org/hibernate/engine/spi/PersistenceContext.java,6,1,90,80,5485
hibernate-core/src/main/java/org/hibernate/engine/spi/SessionDelegatorBaseImpl.java,27,6,481,2,5176
hibernate-core/src/main/java/org/hibernate/engine/spi/SessionFactoryDelegatingImpl.java,9,2,114,5,4015
hibernate-core/src/main/java/org/hibernate/engine/spi/SessionLazyDelegator.java,14,2,270,13,1480
hibernate-core/src/main/java/org/hibernate/engine/transaction/jta/platform/internal/AtomikosJtaPlatform.java,0,0,0,0,0
hibernate-core/src/main/java/org/hibernate/engine/transaction/jta/platform/internal/BitronixJtaPlatform.java,0,0,0,0,0
hibernate-core/src/main/java/org/hibernate/engine/transaction/jta/platform/internal/JBossStandAloneJtaPlatform.java,1,1,2,255,5003
hibernate-core/src/main/java/org/hibernate/engine/transaction/jta/platform/internal/JOTMJtaPlatform.java,0,0,0,0,0
hibernate-core/src/main/java/org/hibernate/engine/transaction/jta/platform/internal/JOnASJtaPlatform.java,0,0,0,0,0
hibernate-core/src/main/java/org/hibernate/engine/transaction/jta/platform/internal/StandardJtaPlatformResolver.java,5,2,47,247,4836
hibernate-core/src/main/java/org/hibernate/engine/transaction/jta/platform/internal/WebSphereExtendedJtaPlatform.java,0,0,0,0,0
hibernate-core/src/main/java/org/hibernate/engine/transaction/jta/platform/internal/WebSphereJtaPlatform.java,0,0,0,0,0
hibernate-core/src/main/java/org/hibernate/engine/transaction/jta/platform/internal/WebSphereLibertyJtaPlatform.java,0,0,0,0,0
hibernate-core/src/main/java/org/hibernate/engine/transaction/jta/platform/internal/WildFlyStandAloneJtaPlatform.java,0,0,0,0,0
hibernate-core/src/main/java/org/hibernate/event/internal/AbstractFlushingEventListener.java,15,2,344,2,5485
hibernate-core/src/main/java/org/hibernate/event/internal/AbstractSaveEventListener.java,12,2,232,2,5485
hibernate-core/src/main/java/org/hibernate/event/internal/AbstractVisitor.java,0,0,0,0,0
hibernate-core/src/main/java/org/hibernate/event/internal/DefaultEvictEventListener.java,5,1,46,169,5485
hibernate-core/src/main/java/org/hibernate/event/internal/DefaultFlushEntityEventListener.java,17,5,307,2,5485
hibernate-core/src/main/java/org/hibernate/event/internal/DefaultSaveOrUpdateEventListener.java,0,0,0,0,0
hibernate-core/src/main/java/org/hibernate/event/internal/DirtyCollectionSearchVisitor.java,5,3,67,11,5485
hibernate-core/src/main/java/org/hibernate/event/internal/EntityCopyAllowedLoggedObserver.java,7,1,148,238,4349
hibernate-core/src/main/java/org/hibernate/event/internal/EventUtil.java,0,0,0,0,0
hibernate-core/src/main/java/org/hibernate/event/internal/OnReplicateVisitor.java,3,1,13,80,5485
hibernate-core/src/main/java/org/hibernate/event/internal/ProxyVisitor.java,2,1,30,169,5485
hibernate-core/src/main/java/org/hibernate/event/internal/ReattachVisitor.java,6,1,60,169,5485
hibernate-core/src/main/java/org/hibernate/event/service/internal/PostCommitEventListenerGroupImpl.java,4,2,23,123,4437
hibernate-core/src/main/java/org/hibernate/event/spi/AbstractCollectionEvent.java,4,2,211,143,5485
hibernate-core/src/main/java/org/hibernate/event/spi/AbstractEvent.java,1,1,28,269,5485
hibernate-core/src/main/java/org/hibernate/event/spi/AbstractPreDatabaseOperationEvent.java,1,1,3,269,5485
hibernate-core/src/main/java/org/hibernate/event/spi/LoadEvent.java,4,2,84,107,5485
hibernate-core/src/main/java/org/hibernate/generator/EventTypeSets.java,0,0,0,0,0
hibernate-core/src/main/java/org/hibernate/generator/internal/NaturalIdHelper.java,0,0,0,0,0
hibernate-core/src/main/java/org/hibernate/graph/EntityGraphs.java,6,2,158,107,2881
hibernate-core/src/main/java/org/hibernate/graph/GraphParser.java,4,2,64,100,2776
hibernate-core/src/main/java/org/hibernate/graph/internal/AbstractGraph.java,0,0,0,0,0
hibernate-core/src/main/java/org/hibernate/graph/internal/AbstractGraphNode.java,0,0,0,0,0
hibernate-core/src/main/java/org/hibernate/graph/internal/AttributeNodeImpl.java,6,2,267,13,2776
hibernate-core/src/main/java/org/hibernate/graph/spi/GraphHelper.java,0,0,0,0,0
hibernate-core/src/main/java/org/hibernate/id/AbstractUUIDGenerator.java,1,1,8,225,5692
hibernate-core/src/main/java/org/hibernate/id/ForeignGenerator.java,1,1,7,4,5692
hibernate-core/src/main/java/org/hibernate/id/GUIDGenerator.java,6,1,61,4,5692
hibernate-core/src/main/java/org/hibernate/id/UUIDGenerator.java,4,1,83,4,5692
hibernate-core/src/main/java/org/hibernate/id/UUIDHexGenerator.java,4,1,23,4,5692
hibernate-core/src/main/java/org/hibernate/id/enhanced/HiLoOptimizer.java,7,2,101,2,4738
hibernate-core/src/main/java/org/hibernate/id/enhanced/PooledLoOptimizer.java,9,2,130,2,4738
hibernate-core/src/main/java/org/hibernate/id/enhanced/PooledLoThreadLocalOptimizer.java,7,2,82,2,3798
hibernate-core/src/main/java/org/hibernate/id/enhanced/PooledOptimizer.java,9,2,173,2,4738
hibernate-core/src/main/java/org/hibernate/id/enhanced/SequenceStructure.java,11,1,233,2,5692
hibernate-core/src/main/java/org/hibernate/id/enhanced/StandardNamingStrategy.java,2,1,102,131,1502
hibernate-core/src/main/java/org/hibernate/id/factory/internal/AutoGenerationTypeStrategy.java,0,0,0,0,0
hibernate-core/src/main/java/org/hibernate/id/factory/internal/StandardIdentifierGeneratorFactory.java,0,0,0,0,0
hibernate-core/src/main/java/org/hibernate/id/insert/AbstractReturningDelegate.java,5,3,86,5,5692
hibernate-core/src/main/java/org/hibernate/id/insert/AbstractSelectingDelegate.java,5,3,194,5,5692
hibernate-core/src/main/java/org/hibernate/id/insert/BasicSelectingDelegate.java,1,1,5,287,1262
hibernate-core/src/main/java/org/hibernate/id/insert/GetGeneratedKeysDelegate.java,5,3,165,5,1262
hibernate-core/src/main/java/org/hibernate/id/insert/InsertReturningDelegate.java,2,1,63,106,1262
hibernate-core/src/main/java/org/hibernate/id/insert/UniqueKeySelectingDelegate.java,2,1,11,106,1255
hibernate-core/src/main/java/org/hibernate/id/uuid/CustomVersionOneStrategy.java,1,1,47,225,5692
hibernate-core/src/main/java/org/hibernate/internal/AbstractScrollableResults.java,2,2,8,174,5495
hibernate-core/src/main/java/org/hibernate/internal/BaselineSessionEventsListenerBuilder.java,0,0,0,0,0
hibernate-core/src/main/java/org/hibernate/internal/CoreLogging.java,1,1,39,238,4737
hibernate-core/src/main/java/org/hibernate/internal/CoreMessageLogger.java,42,4,1031,102,5511
hibernate-core/src/main/java/org/hibernate/internal/FastSessionServices.java,0,0,0,0,0
hibernate-core/src/main/java/org/hibernate/internal/FetchProfileHelper.java,2,1,27,175,1223
hibernate-core/src/main/java/org/hibernate/internal/JdbcSessionContextImpl.java,2,2,10,32,3674
hibernate-core/src/main/java/org/hibernate/internal/MultiIdentifierLoadAccessImpl.java,7,3,179,94,2011
hibernate-core/src/main/java/org/hibernate/internal/NaturalIdMultiLoadAccessStandard.java,9,3,196,94,2011
hibernate-core/src/main/java/org/hibernate/internal/QueryParameterBindingTypeResolverImpl.java,0,0,0,0,0
hibernate-core/src/main/java/org/hibernate/internal/SessionFactoryRegistry.java,6,1,190,174,5495
hibernate-core/src/main/java/org/hibernate/internal/TransactionManagement.java,0,0,0,0,0
hibernate-core/src/main/java/org/hibernate/internal/log/DeprecationLogger.java,7,5,75,102,4202
hibernate-core/src/main/java/org/hibernate/internal/log/LoggingHelper.java,0,0,0,0,0
hibernate-core/src/main/java/org/hibernate/internal/util/BytesHelper.java,0,0,0,0,0
hibernate-core/src/main/java/org/hibernate/internal/util/GenericsHelper.java,8,3,989,6,1610
hibernate-core/src/main/java/org/hibernate/internal/util/NullnessUtil.java,0,0,0,0,0
hibernate-core/src/main/java/org/hibernate/internal/util/PropertiesHelper.java,0,0,0,0,0
hibernate-core/src/main/java/org/hibernate/internal/util/QuotingHelper.java,0,0,0,0,0
hibernate-core/src/main/java/org/hibernate/internal/util/ValueHolder.java,0,0,0,0,0
hibernate-core/src/main/java/org/hibernate/internal/util/collections/ArrayHelper.java,4,2,384,252,5545
hibernate-core/src/main/java/org/hibernate/internal/util/collections/LazyIndexedMap.java,0,0,0,0,0
hibernate-core/src/main/java/org/hibernate/internal/util/collections/MapBackedClassValue.java,2,1,14,246,1300
hibernate-core/src/main/java/org/hibernate/internal/util/collections/ReadOnlyMap.java,0,0,0,0,0
hibernate-core/src/main/java/org/hibernate/internal/util/type/PrimitiveWrapperHelper.java,2,1,290,154,4794
hibernate-core/src/main/java/org/hibernate/jpa/boot/internal/Helper.java,0,0,0,0,0
hibernate-core/src/main/java/org/hibernate/jpa/boot/internal/PersistenceUnitInfoDescriptor.java,9,2,88,13,3674
hibernate-core/src/main/java/org/hibernate/jpa/boot/spi/Bootstrap.java,2,2,32,116,3712
hibernate-core/src/main/java/org/hibernate/jpa/boot/spi/JpaSettings.java,0,0,0,0,0
hibernate-core/src/main/java/org/hibernate/jpa/boot/spi/ProviderChecker.java,4,2,61,100,3674
hibernate-core/src/main/java/org/hibernate/jpa/event/internal/CallbackRegistryImpl.java,2,2,306,123,3069
hibernate-core/src/main/java/org/hibernate/jpa/event/internal/CallbacksFactory.java,2,2,101,123,2805
hibernate-core/src/main/java/org/hibernate/jpa/event/internal/EmbeddableCallback.java,1,1,97,123,2993
hibernate-core/src/main/java/org/hibernate/jpa/event/internal/EntityCallback.java,1,1,41,123,3069
hibernate-core/src/main/java/org/hibernate/jpa/event/internal/ListenerCallback.java,1,1,29,123,3069
hibernate-core/src/main/java/org/hibernate/jpa/internal/HintsCollector.java,1,1,34,242,1570
hibernate-core/src/main/java/org/hibernate/jpa/internal/LegacySpecHelper.java,0,0,0,0,0
hibernate-core/src/main/java/org/hibernate/jpa/internal/util/ConfigurationHelper.java,4,2,59,13,3674
hibernate-core/src/main/java/org/hibernate/jpa/internal/util/FlushModeTypeHelper.java,6,2,137,13,3674
hibernate-core/src/main/java/org/hibernate/jpa/spi/NativeQueryConstructorTransformer.java,4,2,141,36,1077
hibernate-core/src/main/java/org/hibernate/loader/BatchFetchStyle.java,0,0,0,0,0
hibernate-core/src/main/java/org/hibernate/loader/MultipleBagFetchException.java,0,0,0,0,0
hibernate-core/src/main/java/org/hibernate/loader/PropertyPath.java,0,0,0,0,0
hibernate-core/src/main/java/org/hibernate/loader/ast/internal/AbstractCollectionBatchLoader.java,6,2,112,25,1130
hibernate-core/src/main/java/org/hibernate/loader/ast/internal/AbstractEntityBatchLoader.java,4,1,46,216,1084
hibernate-core/src/main/java/org/hibernate/loader/ast/internal/AbstractMultiIdEntityLoader.java,10,3,266,25,1130
hibernate-core/src/main/java/org/hibernate/loader/ast/internal/AbstractNaturalIdLoader.java,9,3,526,66,2011
hibernate-core/src/main/java/org/hibernate/loader/ast/internal/CacheEntityLoaderHelper.java,0,0,0,0,0
hibernate-core/src/main/java/org/hibernate/loader/ast/internal/DatabaseSnapshotExecutor.java,7,3,179,171,2351
hibernate-core/src/main/java/org/hibernate/loader/ast/internal/MultiKeyLoadChunker.java,3,2,39,172,1130
hibernate-core/src/main/java/org/hibernate/loader/ast/internal/MultiNaturalIdLoaderArrayParam.java,5,3,47,17,1130
hibernate-core/src/main/java/org/hibernate/loader/ast/internal/MultiNaturalIdLoadingBatcher.java,4,2,75,66,2011
hibernate-core/src/main/java/org/hibernate/loader/ast/internal/NoCallbackExecutionContext.java,0,0,0,0,0
hibernate-core/src/main/java/org/hibernate/loader/ast/internal/SingleIdEntityLoaderStandardImpl.java,5,3,148,25,2351
hibernate-core/src/main/java/org/hibernate/loader/ast/internal/SingleIdEntityLoaderSupport.java,0,0,0,0,0
hibernate-core/src/main/java/org/hibernate/loader/ast/spi/EntityMultiLoader.java,0,0,0,0,0
hibernate-core/src/main/java/org/hibernate/loader/internal/AliasConstantsHelper.java,0,0,0,0,0
hibernate-core/src/main/java/org/hibernate/loader/internal/BaseNaturalIdLoadAccessImpl.java,8,2,149,94,1236
hibernate-core/src/main/java/org/hibernate/loader/internal/IdentifierLoadAccessImpl.java,8,2,112,94,1236
hibernate-core/src/main/java/org/hibernate/loader/internal/NaturalIdLoadAccessImpl.java,3,2,34,94,1236
hibernate-core/src/main/java/org/hibernate/loader/internal/SimpleNaturalIdLoadAccessImpl.java,6,2,60,94,1236
hibernate-core/src/main/java/org/hibernate/mapping/Collection.java,10,3,228,66,5692
hibernate-core/src/main/java/org/hibernate/mapping/DenormalizedTable.java,2,1,16,233,5692
hibernate-core/src/main/java/org/hibernate/mapping/Formula.java,0,0,0,0,0
hibernate-core/src/main/java/org/hibernate/mapping/IdentifierCollection.java,2,1,8,95,5692
hibernate-core/src/main/java/org/hibernate/mapping/IndexedCollection.java,1,1,12,233,5692
hibernate-core/src/main/java/org/hibernate/mapping/Join.java,6,3,69,25,5692
hibernate-core/src/main/java/org/hibernate/mapping/MappedSuperclass.java,4,1,34,129,5692
hibernate-core/src/main/java/org/hibernate/mapping/MappingHelper.java,6,4,33,133,2441
hibernate-core/src/main/java/org/hibernate/mapping/PrimaryKey.java,3,1,55,223,5692
hibernate-core/src/main/java/org/hibernate/mapping/Set.java,4,1,94,82,5692
hibernate-core/src/main/java/org/hibernate/mapping/SimpleValue.java,17,3,400,4,5692
hibernate-core/src/main/java/org/hibernate/mapping/ToOne.java,3,1,75,66,5692
hibernate-core/src/main/java/org/hibernate/mapping/UniqueKey.java,2,1,9,233,5692
hibernate-core/src/main/java/org/hibernate/metamodel/MappingMetamodel.java,6,2,64,5,2342
hibernate-core/src/main/java/org/hibernate/metamodel/RuntimeMetamodels.java,1,1,16,361,2342
hibernate-core/src/main/java/org/hibernate/metamodel/internal/AbstractCompositeIdentifierMapping.java,2,1,64,126,2119
hibernate-core/src/main/java/org/hibernate/metamodel/internal/AbstractDynamicMapInstantiator.java,1,1,4,223,1781
hibernate-core/src/main/java/org/hibernate/metamodel/internal/AbstractEmbeddableRepresentationStrategy.java,0,0,0,0,0
hibernate-core/src/main/java/org/hibernate/metamodel/internal/AbstractEntityInstantiatorPojo.java,4,3,73,223,1781
hibernate-core/src/main/java/org/hibernate/metamodel/internal/AbstractPojoInstantiator.java,0,0,0,0,0
hibernate-core/src/main/java/org/hibernate/metamodel/internal/BaseAttributeMetadata.java,1,1,15,223,2480
hibernate-core/src/main/java/org/hibernate/metamodel/internal/EmbeddableHelper.java,2,1,24,93,1236
hibernate-core/src/main/java/org/hibernate/metamodel/internal/EmbeddableRepresentationStrategyPojo.java,6,1,174,126,1781
hibernate-core/src/main/java/org/hibernate/metamodel/internal/EntityRepresentationStrategyMap.java,5,1,29,223,1781
hibernate-core/src/main/java/org/hibernate/metamodel/internal/JpaMetaModelPopulationSetting.java,0,0,0,0,0
hibernate-core/src/main/java/org/hibernate/metamodel/internal/JpaStaticMetaModelPopulationSetting.java,0,0,0,0,0
hibernate-core/src/main/java/org/hibernate/metamodel/internal/PluralAttributeMetadata.java,0,0,0,0,0
hibernate-core/src/main/java/org/hibernate/metamodel/mapping/DiscriminatorConverter.java,3,1,40,80,1146
hibernate-core/src/main/java/org/hibernate/metamodel/mapping/EntityMappingType.java,9,3,125,66,2441
hibernate-core/src/main/java/org/hibernate/metamodel/mapping/ManagedMappingType.java,0,0,0,0,0
hibernate-core/src/main/java/org/hibernate/metamodel/mapping/MappingModelExpressible.java,0,0,0,0,0
hibernate-core/src/main/java/org/hibernate/metamodel/mapping/SelectableConsumer.java,3,2,203,17,1866
hibernate-core/src/main/java/org/hibernate/metamodel/mapping/SelectablePath.java,1,1,25,239,1259
hibernate-core/src/main/java/org/hibernate/metamodel/mapping/SqlExpressible.java,0,0,0,0,0
hibernate-core/src/main/java/org/hibernate/metamodel/mapping/internal/AbstractAttributeMapping.java,0,0,0,0,0
hibernate-core/src/main/java/org/hibernate/metamodel/mapping/internal/AbstractDiscriminatorMapping.java,2,1,21,126,1714
hibernate-core/src/main/java/org/hibernate/metamodel/mapping/internal/AbstractDomainPath.java,3,1,104,126,2088
hibernate-core/src/main/java/org/hibernate/metamodel/mapping/internal/AbstractNaturalIdMapping.java,2,2,6,126,2011
hibernate-core/src/main/java/org/hibernate/metamodel/mapping/internal/AbstractSingularAttributeMapping.java,1,1,2,250,2441
hibernate-core/src/main/java/org/hibernate/metamodel/mapping/internal/AbstractStateArrayContributorMapping.java,0,0,0,0,0
hibernate-core/src/main/java/org/hibernate/metamodel/mapping/internal/BasicAttributeMapping.java,5,2,198,17,1846
hibernate-core/src/main/java/org/hibernate/metamodel/mapping/internal/BasicEntityIdentifierMappingImpl.java,5,3,176,17,2292
hibernate-core/src/main/java/org/hibernate/metamodel/mapping/internal/CaseStatementDiscriminatorMappingImpl.java,7,2,158,4,1714
hibernate-core/src/main/java/org/hibernate/metamodel/mapping/internal/DiscriminatedAssociationMapping.java,10,2,469,17,2082
hibernate-core/src/main/java/org/hibernate/metamodel/mapping/internal/DiscriminatorTypeImpl.java,0,0,0,0,0
hibernate-core/src/main/java/org/hibernate/metamodel/mapping/internal/EmbeddedCollectionPart.java,4,1,44,19,2383
hibernate-core/src/main/java/org/hibernate/metamodel/mapping/internal/EmbeddedIdentifierMappingImpl.java,2,2,11,126,2362
hibernate-core/src/main/java/org/hibernate/metamodel/mapping/internal/EntityVersionMappingImpl.java,4,2,94,17,2441
hibernate-core/src/main/java/org/hibernate/metamodel/mapping/internal/MutableAttributeMappingList.java,1,1,2,243,1154
hibernate-core/src/main/java/org/hibernate/metamodel/mapping/internal/PluralAttributeMappingImpl.java,11,4,905,5,2386
hibernate-core/src/main/java/org/hibernate/metamodel/mapping/internal/SelectableMappingImpl.java,6,2,173,17,1866
hibernate-core/src/main/java/org/hibernate/metamodel/mapping/internal/SelectableMappingsImpl.java,5,2,117,17,1866
hibernate-core/src/main/java/org/hibernate/metamodel/mapping/internal/SimpleAttributeMetadata.java,1,1,2,281,1249
hibernate-core/src/main/java/org/hibernate/metamodel/mapping/internal/SimpleForeignKeyDescriptor.java,7,3,124,17,2383
hibernate-core/src/main/java/org/hibernate/metamodel/mapping/ordering/OrderByFragmentTranslator.java,4,2,65,243,2341
hibernate-core/src/main/java/org/hibernate/metamodel/model/domain/AbstractDomainType.java,0,0,0,0,0
hibernate-core/src/main/java/org/hibernate/metamodel/model/domain/AbstractIdentifiableType.java,0,0,0,0,0
hibernate-core/src/main/java/org/hibernate/metamodel/model/domain/internal/AbstractSqmPathSource.java,2,2,5,191,2545
hibernate-core/src/main/java/org/hibernate/metamodel/model/domain/internal/AnyDiscriminatorSqmPath.java,6,2,44,154,1406
hibernate-core/src/main/java/org/hibernate/metamodel/model/domain/internal/DomainModelHelper.java,1,1,13,154,2545
hibernate-core/src/main/java/org/hibernate/metamodel/model/domain/internal/EmbeddableTypeImpl.java,6,2,58,153,2776
hibernate-core/src/main/java/org/hibernate/metamodel/model/domain/internal/EntityTypeImpl.java,7,3,92,129,2776
hibernate-core/src/main/java/org/hibernate/metamodel/model/domain/internal/MappedSuperclassTypeImpl.java,5,2,29,153,2776
hibernate-core/src/main/java/org/hibernate/metamodel/model/domain/internal/PathHelper.java,2,2,8,153,1042
hibernate-core/src/main/java/org/hibernate/metamodel/model/domain/internal/PluralAttributeBuilder.java,3,1,60,153,2776
hibernate-core/src/main/java/org/hibernate/metamodel/model/domain/internal/PrimitiveBasicTypeImpl.java,0,0,0,0,0
hibernate-core/src/main/java/org/hibernate/persister/collection/BasicCollectionPersister.java,10,3,927,5,5692
hibernate-core/src/main/java/org/hibernate/persister/collection/CollectionPersister.java,3,2,80,5,5692
hibernate-core/src/main/java/org/hibernate/persister/collection/ElementPropertyMapping.java,0,0,0,0,0
hibernate-core/src/main/java/org/hibernate/persister/collection/OneToManyPersister.java,10,3,699,5,5692
hibernate-core/src/main/java/org/hibernate/persister/collection/SQLLoadableCollection.java,0,0,0,0,0
hibernate-core/src/main/java/org/hibernate/persister/collection/mutation/AbstractUpdateRowsCoordinator.java,6,2,41,5,1262
hibernate-core/src/main/java/org/hibernate/persister/collection/mutation/CollectionTableMapping.java,2,2,30,5,1262
hibernate-core/src/main/java/org/hibernate/persister/collection/mutation/DeleteRowsCoordinatorTablePerSubclass.java,5,2,68,5,1144
hibernate-core/src/main/java/org/hibernate/persister/collection/mutation/RemoveCoordinatorTablePerSubclass.java,6,2,70,5,1144
hibernate-core/src/main/java/org/hibernate/persister/collection/mutation/RowMutationOperations.java,3,2,76,5,1262
hibernate-core/src/main/java/org/hibernate/persister/collection/mutation/UpdateRowsCoordinatorStandard.java,2,2,37,5,1262
hibernate-core/src/main/java/org/hibernate/persister/collection/mutation/UpdateRowsCoordinatorTablePerSubclass.java,2,2,203,5,1144
hibernate-core/src/main/java/org/hibernate/persister/entity/DirtyHelper.java,1,1,3,160,1562
hibernate-core/src/main/java/org/hibernate/persister/entity/DiscriminatorHelper.java,3,1,45,80,1555
hibernate-core/src/main/java/org/hibernate/persister/entity/PropertyMapping.java,0,0,0,0,0
hibernate-core/src/main/java/org/hibernate/persister/entity/mutation/AbstractMutationCoordinator.java,12,5,276,5,1262
hibernate-core/src/main/java/org/hibernate/persister/entity/mutation/DeleteCoordinatorSoft.java,2,1,212,66,977
hibernate-core/src/main/java/org/hibernate/persister/entity/mutation/DeleteCoordinatorStandard.java,3,2,162,5,977
hibernate-core/src/main/java/org/hibernate/persister/entity/mutation/EntityTableMapping.java,6,3,764,5,1262
hibernate-core/src/main/java/org/hibernate/persister/entity/mutation/TableSet.java,3,3,12,5,1042
hibernate-core/src/main/java/org/hibernate/persister/entity/mutation/UpdateCoordinator.java,0,0,0,0,0
hibernate-core/src/main/java/org/hibernate/procedure/internal/FunctionReturnImpl.java,4,2,23,107,2536
hibernate-core/src/main/java/org/hibernate/procedure/internal/ProcedureParamBindings.java,7,1,111,156,2531
hibernate-core/src/main/java/org/hibernate/property/access/internal/AbstractSetterMethodSerialForm.java,1,1,2,249,1098
hibernate-core/src/main/java/org/hibernate/property/access/internal/PropertyAccessBasicImpl.java,2,1,31,249,3993
hibernate-core/src/main/java/org/hibernate/property/access/internal/PropertyAccessEmbeddedImpl.java,1,1,3,281,3993
hibernate-core/src/main/java/org/hibernate/property/access/internal/PropertyAccessStrategyResolverStandardImpl.java,1,1,46,281,3993
hibernate-core/src/main/java/org/hibernate/property/access/spi/Getter.java,1,1,2,281,3993
hibernate-core/src/main/java/org/hibernate/property/access/spi/GetterMethodImpl.java,5,1,28,238,3993
hibernate-core/src/main/java/org/hibernate/property/access/spi/SetterFieldImpl.java,2,1,39,249,3993
hibernate-core/src/main/java/org/hibernate/proxy/ProxyConfiguration.java,1,1,7,249,3505
hibernate-core/src/main/java/org/hibernate/query/NativeQuery.java,9,3,793,16,3674
hibernate-core/src/main/java/org/hibernate/query/Order.java,0,0,0,0,0
hibernate-core/src/main/java/org/hibernate/query/Page.java,1,1,2,97,1047
hibernate-core/src/main/java/org/hibernate/query/Query.java,13,3,1604,13,3674
hibernate-core/src/main/java/org/hibernate/query/SelectionQuery.java,12,2,350,13,1593
hibernate-core/src/main/java/org/hibernate/query/criteria/CriteriaDefinition.java,4,3,43,13,1040
hibernate-core/src/main/java/org/hibernate/query/criteria/HibernateCriteriaBuilder.java,8,4,270,16,3674
hibernate-core/src/main/java/org/hibernate/query/criteria/JpaQueryableCriteria.java,0,0,0,0,0
hibernate-core/src/main/java/org/hibernate/query/criteria/spi/HibernateCriteriaBuilderDelegate.java,8,4,278,13,1259
hibernate-core/src/main/java/org/hibernate/query/derived/AnonymousTupleBasicValuedModelPart.java,0,0,0,0,0
hibernate-core/src/main/java/org/hibernate/query/derived/AnonymousTupleEmbeddableValuedModelPart.java,0,0,0,0,0
hibernate-core/src/main/java/org/hibernate/query/derived/AnonymousTupleEntityValuedModelPart.java,0,0,0,0,0
hibernate-core/src/main/java/org/hibernate/query/hql/internal/HqlParseTreeBuilder.java,0,0,0,0,0
hibernate-core/src/main/java/org/hibernate/query/hql/internal/NamedHqlQueryMementoImpl.java,3,2,200,107,2540
hibernate-core/src/main/java/org/hibernate/query/hql/internal/QualifiedJoinPathConsumer.java,8,4,100,154,2481
hibernate-core/src/main/java/org/hibernate/query/hql/internal/QuerySplitter.java,2,1,34,154,2537
hibernate-core/src/main/java/org/hibernate/query/hql/internal/SqmTreeCreationHelper.java,4,1,113,301,979
hibernate-core/src/main/java/org/hibernate/query/hql/spi/SqmQueryImplementor.java,5,2,270,107,1574
hibernate-core/src/main/java/org/hibernate/query/internal/FetchMementoHbmStandard.java,3,2,55,116,2090
hibernate-core/src/main/java/org/hibernate/query/internal/NamedObjectRepositoryImpl.java,5,2,492,107,2013
hibernate-core/src/main/java/org/hibernate/query/internal/NamedQueryHelper.java,1,1,227,343,2540
hibernate-core/src/main/java/org/hibernate/query/internal/QueryEngineImpl.java,8,2,150,226,1069
hibernate-core/src/main/java/org/hibernate/query/internal/QueryInterpretationCacheStandardImpl.java,8,3,115,152,2531
hibernate-core/src/main/java/org/hibernate/query/internal/QueryOptionsImpl.java,5,2,131,10,2537
hibernate-core/src/main/java/org/hibernate/query/internal/QueryParameterNamedImpl.java,3,2,11,191,3674
hibernate-core/src/main/java/org/hibernate/query/internal/QueryParameterPositionalImpl.java,2,2,5,191,2531
hibernate-core/src/main/java/org/hibernate/query/named/AbstractNamedQueryMemento.java,2,1,188,107,2462
hibernate-core/src/main/java/org/hibernate/query/named/ResultMementoInstantiation.java,2,1,8,116,2099
hibernate-core/src/main/java/org/hibernate/query/results/Builders.java,0,0,0,0,0
hibernate-core/src/main/java/org/hibernate/query/results/ImplicitAttributeFetchBuilder.java,0,0,0,0,0
hibernate-core/src/main/java/org/hibernate/query/results/ResultsHelper.java,0,0,0,0,0
hibernate-core/src/main/java/org/hibernate/query/results/complete/CompleteFetchBuilderEmbeddableValuedModelPart.java,0,0,0,0,0
hibernate-core/src/main/java/org/hibernate/query/results/complete/CompleteFetchBuilderEntityValuedModelPart.java,0,0,0,0,0
hibernate-core/src/main/java/org/hibernate/query/results/complete/CompleteResultBuilderBasicValuedStandard.java,0,0,0,0,0
hibernate-core/src/main/java/org/hibernate/query/results/complete/CompleteResultBuilderCollectionStandard.java,0,0,0,0,0
hibernate-core/src/main/java/org/hibernate/query/results/complete/CompleteResultBuilderEntityJpa.java,0,0,0,0,0
hibernate-core/src/main/java/org/hibernate/query/results/dynamic/AbstractFetchBuilderContainer.java,0,0,0,0,0
hibernate-core/src/main/java/org/hibernate/query/results/dynamic/DynamicFetchBuilderLegacy.java,0,0,0,0,0
hibernate-core/src/main/java/org/hibernate/query/results/dynamic/DynamicResultBuilderBasicStandard.java,0,0,0,0,0
hibernate-core/src/main/java/org/hibernate/query/results/dynamic/DynamicResultBuilderInstantiation.java,0,0,0,0,0
hibernate-core/src/main/java/org/hibernate/query/results/implicit/ImplicitFetchBuilderEmbeddable.java,0,0,0,0,0
hibernate-core/src/main/java/org/hibernate/query/results/implicit/ImplicitResultClassBuilder.java,0,0,0,0,0
hibernate-core/src/main/java/org/hibernate/query/spi/AbstractQueryParameter.java,6,2,24,191,1570
hibernate-core/src/main/java/org/hibernate/query/spi/QueryImplementor.java,5,2,236,13,3673
hibernate-core/src/main/java/org/hibernate/query/spi/QueryInterpretationCache.java,1,1,3,285,2531
hibernate-core/src/main/java/org/hibernate/query/spi/QueryProducerImplementor.java,1,1,95,129,3674
hibernate-core/src/main/java/org/hibernate/query/spi/SqlOmittingQueryOptions.java,5,2,37,15,1970
hibernate-core/src/main/java/org/hibernate/query/sql/NativeQueryLogging.java,0,0,0,0,0
hibernate-core/src/main/java/org/hibernate/query/sql/internal/NamedNativeQueryMementoImpl.java,2,1,156,107,2540
hibernate-core/src/main/java/org/hibernate/query/sql/internal/NativeNonSelectQueryPlanImpl.java,1,1,2,270,2525
hibernate-core/src/main/java/org/hibernate/query/sql/spi/NativeQueryImplementor.java,5,2,305,16,2540
hibernate-core/src/main/java/org/hibernate/query/sql/spi/NativeSelectQueryDefinition.java,1,1,2,116,2525
hibernate-core/src/main/java/org/hibernate/query/sqm/BinaryArithmeticOperator.java,0,0,0,0,0
hibernate-core/src/main/java/org/hibernate/query/sqm/NodeBuilder.java,7,4,90,16,2546
hibernate-core/src/main/java/org/hibernate/query/sqm/function/AbstractSqmFunctionDescriptor.java,0,0,0,0,0
hibernate-core/src/main/java/org/hibernate/query/sqm/function/PatternBasedSqmFunctionDescriptor.java,1,1,15,301,2331
hibernate-core/src/main/java/org/hibernate/query/sqm/function/SelfRenderingSqmFunction.java,6,2,50,154,2294
hibernate-core/src/main/java/org/hibernate/query/sqm/function/SelfRenderingSqmOrderedSetAggregateFunction.java,4,3,85,154,1560
hibernate-core/src/main/java/org/hibernate/query/sqm/function/SqmFunctionRegistry.java,6,2,179,130,2333
hibernate-core/src/main/java/org/hibernate/query/sqm/internal/DomainParameterXref.java,3,3,264,150,2546
hibernate-core/src/main/java/org/hibernate/query/sqm/internal/SimpleDeleteQueryPlan.java,3,2,210,102,2546
hibernate-core/src/main/java/org/hibernate/query/sqm/internal/SqmInterpretationsKey.java,6,3,60,12,2546
hibernate-core/src/main/java/org/hibernate/query/sqm/mutation/internal/SqmInsertStrategyHelper.java,0,0,0,0,0
hibernate-core/src/main/java/org/hibernate/query/sqm/mutation/internal/cte/AbstractCteMutationHandler.java,4,2,141,172,2372
hibernate-core/src/main/java/org/hibernate/query/sqm/mutation/internal/inline/InPredicateRestrictionProducer.java,0,0,0,0,0
hibernate-core/src/main/java/org/hibernate/query/sqm/mutation/internal/inline/InlineDeleteHandler.java,6,4,356,76,2363
hibernate-core/src/main/java/org/hibernate/query/sqm/mutation/internal/inline/InlineMutationStrategy.java,1,1,36,283,1622
hibernate-core/src/main/java/org/hibernate/query/sqm/mutation/internal/temptable/AbstractDeleteExecutionDelegate.java,2,1,121,283,977
hibernate-core/src/main/java/org/hibernate/query/sqm/mutation/internal/temptable/ExecuteWithTemporaryTableHelper.java,6,3,710,102,1622
hibernate-core/src/main/java/org/hibernate/query/sqm/mutation/internal/temptable/ExecuteWithoutIdTableHelper.java,0,0,0,0,0
hibernate-core/src/main/java/org/hibernate/query/sqm/mutation/internal/temptable/GlobalTemporaryTableStrategy.java,6,2,54,236,1622
hibernate-core/src/main/java/org/hibernate/query/sqm/mutation/internal/temptable/LocalTemporaryTableStrategy.java,2,1,20,289,1622
hibernate-core/src/main/java/org/hibernate/query/sqm/mutation/internal/temptable/PersistentTableStrategy.java,6,2,50,236,1622
hibernate-core/src/main/java/org/hibernate/query/sqm/mutation/internal/temptable/SoftDeleteExecutionDelegate.java,2,1,399,283,977
hibernate-core/src/main/java/org/hibernate/query/sqm/mutation/internal/temptable/TableBasedUpdateHandler.java,6,3,1038,102,1622
hibernate-core/src/main/java/org/hibernate/query/sqm/mutation/internal/temptable/UpdateExecutionDelegate.java,3,2,551,283,1622
hibernate-core/src/main/java/org/hibernate/query/sqm/mutation/spi/AbstractMutationHandler.java,2,2,2,283,2546
hibernate-core/src/main/java/org/hibernate/query/sqm/produce/function/FunctionReturnTypeResolver.java,1,1,4,191,2546
hibernate-core/src/main/java/org/hibernate/query/sqm/spi/DelegatingSqmSelectionQueryImplementor.java,7,2,734,107,1229
hibernate-core/src/main/java/org/hibernate/query/sqm/spi/SqmCreationHelper.java,4,2,59,31,2469
hibernate-core/src/main/java/org/hibernate/query/sqm/sql/AggregateColumnAssignmentHandler.java,0,0,0,0,0
hibernate-core/src/main/java/org/hibernate/query/sqm/sql/internal/AbstractSqmPathInterpretation.java,0,0,0,0,0
hibernate-core/src/main/java/org/hibernate/query/sqm/sql/internal/DiscriminatorPathInterpretation.java,0,0,0,0,0
hibernate-core/src/main/java/org/hibernate/query/sqm/sql/internal/DomainResultProducer.java,0,0,0,0,0
hibernate-core/src/main/java/org/hibernate/query/sqm/sql/internal/EmbeddableValuedExpression.java,0,0,0,0,0
hibernate-core/src/main/java/org/hibernate/query/sqm/sql/internal/SqlAstProcessingStateImpl.java,0,0,0,0,0
hibernate-core/src/main/java/org/hibernate/query/sqm/sql/internal/SqmMapEntryResult.java,0,0,0,0,0
hibernate-core/src/main/java/org/hibernate/query/sqm/sql/internal/SqmParameterInterpretation.java,0,0,0,0,0
hibernate-core/src/main/java/org/hibernate/query/sqm/tree/AbstractSqmDmlStatement.java,5,2,80,154,2546
hibernate-core/src/main/java/org/hibernate/query/sqm/tree/AbstractSqmRestrictedDmlStatement.java,5,3,105,16,1707
hibernate-core/src/main/java/org/hibernate/query/sqm/tree/AbstractSqmStatement.java,7,2,49,154,2546
hibernate-core/src/main/java/org/hibernate/query/sqm/tree/cte/SqmCteTable.java,7,3,105,191,2371
hibernate-core/src/main/java/org/hibernate/query/sqm/tree/cte/SqmCteTableColumn.java,5,2,45,191,2371
hibernate-core/src/main/java/org/hibernate/query/sqm/tree/domain/AbstractSqmAttributeJoin.java,4,2,91,191,2546
hibernate-core/src/main/java/org/hibernate/query/sqm/tree/domain/AbstractSqmFrom.java,11,3,381,60,2546
hibernate-core/src/main/java/org/hibernate/query/sqm/tree/domain/AbstractSqmJoin.java,7,3,166,13,2546
hibernate-core/src/main/java/org/hibernate/query/sqm/tree/domain/AbstractSqmPath.java,9,4,439,13,2546
hibernate-core/src/main/java/org/hibernate/query/sqm/tree/domain/AbstractSqmPluralJoin.java,2,2,8,191,2546
hibernate-core/src/main/java/org/hibernate/query/sqm/tree/domain/AbstractSqmQualifiedJoin.java,0,0,0,0,0
hibernate-core/src/main/java/org/hibernate/query/sqm/tree/domain/AbstractSqmSimplePath.java,6,2,42,154,2546
hibernate-core/src/main/java/org/hibernate/query/sqm/tree/domain/AbstractSqmSpecificPluralPartPath.java,1,1,37,191,2546
hibernate-core/src/main/java/org/hibernate/query/sqm/tree/domain/NonAggregatedCompositeSimplePath.java,2,2,20,154,2055
hibernate-core/src/main/java/org/hibernate/query/sqm/tree/domain/SqmAnyValuedSimplePath.java,2,2,36,154,2546
hibernate-core/src/main/java/org/hibernate/query/sqm/tree/domain/SqmCorrelatedBagJoin.java,3,2,21,154,1970
hibernate-core/src/main/java/org/hibernate/query/sqm/tree/domain/SqmCorrelatedListJoin.java,3,2,21,154,1970
hibernate-core/src/main/java/org/hibernate/query/sqm/tree/domain/SqmCorrelatedMapJoin.java,3,2,21,154,1970
hibernate-core/src/main/java/org/hibernate/query/sqm/tree/domain/SqmCorrelatedSetJoin.java,3,2,21,154,1970
hibernate-core/src/main/java/org/hibernate/query/sqm/tree/domain/SqmCorrelatedSingularJoin.java,3,2,21,154,1970
hibernate-core/src/main/java/org/hibernate/query/sqm/tree/domain/SqmEmbeddedValuedSimplePath.java,7,2,47,154,2546
hibernate-core/src/main/java/org/hibernate/query/sqm/tree/domain/SqmEntityValuedSimplePath.java,4,2,24,154,2546
hibernate-core/src/main/java/org/hibernate/query/sqm/tree/domain/SqmPluralValuedSimplePath.java,4,3,81,13,2546
hibernate-core/src/main/java/org/hibernate/query/sqm/tree/domain/SqmTreatedBagJoin.java,8,3,87,13,2546
hibernate-core/src/main/java/org/hibernate/query/sqm/tree/expression/AbstractSqmExpression.java,7,3,140,13,2546
hibernate-core/src/main/java/org/hibernate/query/sqm/tree/expression/AbstractSqmParameter.java,5,2,37,31,2546
hibernate-core/src/main/java/org/hibernate/query/sqm/tree/expression/Compatibility.java,1,1,6,191,2546
hibernate-core/src/main/java/org/hibernate/query/sqm/tree/expression/SqmExpressionHelper.java,6,2,66,46,1583
hibernate-core/src/main/java/org/hibernate/query/sqm/tree/expression/SqmFormat.java,3,2,21,191,2331
hibernate-core/src/main/java/org/hibernate/query/sqm/tree/expression/SqmLiteral.java,6,2,60,154,2546
hibernate-core/src/main/java/org/hibernate/query/sqm/tree/expression/SqmSummarization.java,4,2,35,154,1979
hibernate-core/src/main/java/org/hibernate/query/sqm/tree/expression/SqmTuple.java,6,2,45,154,2546
hibernate-core/src/main/java/org/hibernate/query/sqm/tree/expression/ValueBindJpaCriteriaParameter.java,12,3,171,154,1569
hibernate-core/src/main/java/org/hibernate/query/sqm/tree/from/SqmAttributeJoin.java,2,2,41,13,2546
hibernate-core/src/main/java/org/hibernate/query/sqm/tree/insert/AbstractSqmInsertStatement.java,2,1,49,191,2546
hibernate-core/src/main/java/org/hibernate/query/sqm/tree/insert/SqmInsertValuesStatement.java,5,2,123,154,2275
hibernate-core/src/main/java/org/hibernate/query/sqm/tree/jpa/ParameterCollector.java,7,3,103,38,2546
hibernate-core/src/main/java/org/hibernate/query/sqm/tree/predicate/AbstractNegatableSqmPredicate.java,5,2,45,191,2546
hibernate-core/src/main/java/org/hibernate/query/sqm/tree/predicate/AbstractSqmPredicate.java,4,3,92,13,2546
hibernate-core/src/main/java/org/hibernate/query/sqm/tree/predicate/SqmBooleanExpressionPredicate.java,3,2,59,191,2546
hibernate-core/src/main/java/org/hibernate/query/sqm/tree/predicate/SqmInListPredicate.java,4,2,56,154,2546
hibernate-core/src/main/java/org/hibernate/query/sqm/tree/predicate/SqmJunctionPredicate.java,5,2,63,191,1529
hibernate-core/src/main/java/org/hibernate/query/sqm/tree/select/AbstractSqmSelectQuery.java,10,3,233,13,2546
hibernate-core/src/main/java/org/hibernate/query/sqm/tree/select/SqmDynamicInstantiation.java,11,2,205,151,2546
hibernate-core/src/main/java/org/hibernate/query/sqm/tree/select/SqmJpaCompoundSelection.java,9,4,143,97,2546
hibernate-core/src/main/java/org/hibernate/query/sqm/tree/select/SqmOrderByClause.java,3,2,35,191,2546
hibernate-core/src/main/java/org/hibernate/query/sqm/tree/select/SqmQueryPart.java,3,2,144,191,1970
hibernate-core/src/main/java/org/hibernate/query/sqm/tree/select/SqmSelectStatement.java,11,3,245,13,2546
hibernate-core/src/main/java/org/hibernate/query/sqm/tree/select/SqmSelection.java,4,2,57,191,2546
hibernate-core/src/main/java/org/hibernate/query/sqm/tree/select/SqmSortSpecification.java,4,2,55,191,2546
hibernate-core/src/main/java/org/hibernate/query/sqm/tree/update/SqmSetClause.java,4,2,38,191,2546
hibernate-core/src/main/java/org/hibernate/resource/beans/container/internal/CdiBeanContainerBuilder.java,0,0,0,0,0
hibernate-core/src/main/java/org/hibernate/resource/beans/container/internal/JpaCompliantLifecycleStrategy.java,2,1,14,240,3036
hibernate-core/src/main/java/org/hibernate/resource/beans/internal/FallbackBeanInstanceProducer.java,4,1,15,240,3036
hibernate-core/src/main/java/org/hibernate/resource/transaction/backend/jdbc/internal/JdbcResourceLocalTransactionCoordinatorImpl.java,11,1,178,4,4034
hibernate-core/src/main/java/org/hibernate/resource/transaction/backend/jta/internal/JtaIsolationDelegate.java,5,1,227,242,4038
hibernate-core/src/main/java/org/hibernate/resource/transaction/backend/jta/internal/JtaTransactionCoordinatorImpl.java,5,1,106,240,4038
hibernate-core/src/main/java/org/hibernate/resource/transaction/backend/jta/internal/StatusTranslator.java,1,1,11,4,4038
hibernate-core/src/main/java/org/hibernate/resource/transaction/internal/TransactionCoordinatorBuilderInitiator.java,2,1,22,236,4038
hibernate-core/src/main/java/org/hibernate/service/NullServiceException.java,1,1,6,176,3404
hibernate-core/src/main/java/org/hibernate/service/StandardServiceInitiators.java,5,3,16,5,5529
hibernate-core/src/main/java/org/hibernate/service/UnknownServiceException.java,1,1,6,176,5525
hibernate-core/src/main/java/org/hibernate/service/internal/AbstractServiceRegistryImpl.java,10,2,240,129,5526
hibernate-core/src/main/java/org/hibernate/service/spi/InjectService.java,1,1,5,176,5692
hibernate-core/src/main/java/org/hibernate/service/spi/ServiceBinding.java,3,1,16,129,5470
hibernate-core/src/main/java/org/hibernate/spi/EntityIdentifierNavigablePath.java,0,0,0,0,0
hibernate-core/src/main/java/org/hibernate/spi/NavigablePath.java,2,2,132,191,1511
hibernate-core/src/main/java/org/hibernate/sql/ast/spi/SqlAliasBase.java,0,0,0,0,0
hibernate-core/src/main/java/org/hibernate/sql/ast/spi/SqlAliasStemHelper.java,0,0,0,0,0
hibernate-core/src/main/java/org/hibernate/sql/ast/spi/SqlExpressionResolver.java,1,1,0,191,2525
hibernate-core/src/main/java/org/hibernate/sql/ast/tree/AbstractMutationStatement.java,3,2,25,5,1970
hibernate-core/src/main/java/org/hibernate/sql/ast/tree/AbstractStatement.java,0,0,0,0,0
hibernate-core/src/main/java/org/hibernate/sql/ast/tree/AbstractUpdateOrDeleteStatement.java,3,2,32,5,1027
hibernate-core/src/main/java/org/hibernate/sql/ast/tree/cte/CteStatement.java,0,0,0,0,0
hibernate-core/src/main/java/org/hibernate/sql/ast/tree/expression/CastTarget.java,2,2,68,17,2331
hibernate-core/src/main/java/org/hibernate/sql/ast/tree/expression/Collation.java,0,0,0,0,0
hibernate-core/src/main/java/org/hibernate/sql/ast/tree/expression/ColumnReference.java,0,0,0,0,0
hibernate-core/src/main/java/org/hibernate/sql/ast/tree/expression/Expression.java,0,0,0,0,0
hibernate-core/src/main/java/org/hibernate/sql/ast/tree/expression/Format.java,0,0,0,0,0
hibernate-core/src/main/java/org/hibernate/sql/ast/tree/expression/LiteralAsParameter.java,1,1,5,272,1998
hibernate-core/src/main/java/org/hibernate/sql/ast/tree/expression/QueryLiteral.java,2,1,18,312,2496
hibernate-core/src/main/java/org/hibernate/sql/ast/tree/from/AbstractTableGroup.java,1,1,6,15,2462
hibernate-core/src/main/java/org/hibernate/sql/ast/tree/from/AbstractTableReference.java,0,0,0,0,0
hibernate-core/src/main/java/org/hibernate/sql/ast/tree/from/ColumnReferenceQualifier.java,0,0,0,0,0
hibernate-core/src/main/java/org/hibernate/sql/ast/tree/from/CorrelatedTableGroup.java,0,0,0,0,0
hibernate-core/src/main/java/org/hibernate/sql/ast/tree/from/DerivedTableReference.java,1,1,4,301,1608
hibernate-core/src/main/java/org/hibernate/sql/ast/tree/from/MappedByTableGroup.java,0,0,0,0,0
hibernate-core/src/main/java/org/hibernate/sql/ast/tree/from/NamedTableReference.java,6,3,106,5,1608
hibernate-core/src/main/java/org/hibernate/sql/ast/tree/from/StandardVirtualTableGroup.java,0,0,0,0,0
hibernate-core/src/main/java/org/hibernate/sql/ast/tree/from/TableGroup.java,1,1,9,15,2525
hibernate-core/src/main/java/org/hibernate/sql/ast/tree/from/TableGroupJoin.java,3,1,17,126,2525
hibernate-core/src/main/java/org/hibernate/sql/ast/tree/predicate/AbstractPredicate.java,0,0,0,0,0
hibernate-core/src/main/java/org/hibernate/sql/ast/tree/select/QueryPart.java,0,0,0,0,0
hibernate-core/src/main/java/org/hibernate/sql/ast/tree/select/SortSpecification.java,2,1,33,87,2525
hibernate-core/src/main/java/org/hibernate/sql/ast/tree/update/UpdateStatement.java,3,2,23,5,2525
hibernate-core/src/main/java/org/hibernate/sql/exec/internal/AbstractJdbcParameter.java,4,2,74,44,2431
hibernate-core/src/main/java/org/hibernate/sql/exec/internal/JdbcCallParameterExtractorImpl.java,1,1,6,315,1685
hibernate-core/src/main/java/org/hibernate/sql/exec/internal/JdbcParameterBindingImpl.java,2,2,20,171,2105
hibernate-core/src/main/java/org/hibernate/sql/exec/spi/StatementCreatorHelper.java,2,2,1,270,2363
hibernate-core/src/main/java/org/hibernate/sql/model/ModelMutationLogging.java,3,2,142,102,1262
hibernate-core/src/main/java/org/hibernate/sql/model/PreparableMutationOperation.java,1,1,2,324,1262
hibernate-core/src/main/java/org/hibernate/sql/model/ast/AbstractRestrictedTableMutation.java,1,1,0,5,1262
hibernate-core/src/main/java/org/hibernate/sql/model/ast/AbstractTableDelete.java,1,1,0,5,1262
hibernate-core/src/main/java/org/hibernate/sql/model/ast/AbstractTableInsert.java,1,1,0,5,1262
hibernate-core/src/main/java/org/hibernate/sql/model/ast/AbstractTableMutation.java,1,1,0,5,1262
hibernate-core/src/main/java/org/hibernate/sql/model/ast/AbstractTableUpdate.java,1,1,0,5,1262
hibernate-core/src/main/java/org/hibernate/sql/model/ast/ColumnWriteFragment.java,1,1,27,185,1262
hibernate-core/src/main/java/org/hibernate/sql/model/ast/MutationGroup.java,1,1,0,5,1262
hibernate-core/src/main/java/org/hibernate/sql/model/ast/builder/AbstractRestrictedTableMutationBuilder.java,2,2,14,5,1262
hibernate-core/src/main/java/org/hibernate/sql/model/ast/builder/AbstractTableInsertBuilder.java,2,2,12,5,1262
hibernate-core/src/main/java/org/hibernate/sql/model/ast/builder/AbstractTableMutationBuilder.java,3,3,30,5,1262
hibernate-core/src/main/java/org/hibernate/sql/model/ast/builder/AbstractTableUpdateBuilder.java,3,3,22,5,1262
hibernate-core/src/main/java/org/hibernate/sql/model/ast/builder/CollectionRowDeleteBuilder.java,1,1,0,5,975
hibernate-core/src/main/java/org/hibernate/sql/model/ast/builder/CollectionRowDeleteByUpdateSetNullBuilder.java,1,1,0,5,975
hibernate-core/src/main/java/org/hibernate/sql/model/ast/builder/ColumnValueBindingBuilder.java,2,2,42,93,1158
hibernate-core/src/main/java/org/hibernate/sql/model/ast/builder/MutationGroupBuilder.java,2,2,2,5,1262
hibernate-core/src/main/java/org/hibernate/sql/model/ast/builder/TableMergeBuilder.java,2,2,4,5,1075
hibernate-core/src/main/java/org/hibernate/sql/model/internal/MutationGroupSingle.java,1,1,0,5,1262
hibernate-core/src/main/java/org/hibernate/sql/model/internal/MutationGroupStandard.java,1,1,0,5,1262
hibernate-core/src/main/java/org/hibernate/sql/model/internal/MutationOperationGroupFactory.java,0,0,0,0,0
hibernate-core/src/main/java/org/hibernate/sql/model/jdbc/AbstractJdbcMutation.java,3,2,15,5,1262
hibernate-core/src/main/java/org/hibernate/sql/model/jdbc/DeleteOrUpsertOperation.java,11,4,230,5,1200
hibernate-core/src/main/java/org/hibernate/sql/model/jdbc/OptionalTableUpdateOperation.java,15,3,659,5,1262
hibernate-core/src/main/java/org/hibernate/sql/results/caching/internal/QueryCachePutManagerEnabledImpl.java,0,0,0,0,0
hibernate-core/src/main/java/org/hibernate/sql/results/graph/AbstractFetchParent.java,0,0,0,0,0
hibernate-core/src/main/java/org/hibernate/sql/results/graph/EntityGraphTraversalState.java,0,0,0,0,0
hibernate-core/src/main/java/org/hibernate/sql/results/graph/FetchList.java,0,0,0,0,0
hibernate-core/src/main/java/org/hibernate/sql/results/graph/basic/BasicResultAssembler.java,2,1,52,126,2351
hibernate-core/src/main/java/org/hibernate/sql/results/graph/collection/internal/AbstractCollectionAssembler.java,0,0,0,0,0
hibernate-core/src/main/java/org/hibernate/sql/results/graph/collection/internal/BagInitializerProducer.java,0,0,0,0,0
hibernate-core/src/main/java/org/hibernate/sql/results/graph/collection/internal/CollectionDomainResult.java,0,0,0,0,0
hibernate-core/src/main/java/org/hibernate/sql/results/graph/collection/internal/CollectionFetch.java,0,0,0,0,0
hibernate-core/src/main/java/org/hibernate/sql/results/graph/collection/internal/ListInitializerProducer.java,0,0,0,0,0
hibernate-core/src/main/java/org/hibernate/sql/results/graph/embeddable/EmbeddableInitializer.java,0,0,0,0,0
hibernate-core/src/main/java/org/hibernate/sql/results/graph/embeddable/internal/AggregateEmbeddableFetchInitializer.java,0,0,0,0,0
hibernate-core/src/main/java/org/hibernate/sql/results/graph/embeddable/internal/AggregateEmbeddableResultInitializer.java,0,0,0,0,0
hibernate-core/src/main/java/org/hibernate/sql/results/graph/entity/AbstractEntityResultGraphNode.java,3,2,116,5,2351
hibernate-core/src/main/java/org/hibernate/sql/results/graph/entity/AbstractNonLazyEntityFetch.java,0,0,0,0,0
hibernate-core/src/main/java/org/hibernate/sql/results/graph/entity/internal/AbstractBatchEntitySelectFetchInitializer.java,4,3,274,25,1280
hibernate-core/src/main/java/org/hibernate/sql/results/graph/entity/internal/AbstractNonJoinedEntityFetch.java,0,0,0,0,0
hibernate-core/src/main/java/org/hibernate/sql/results/graph/entity/internal/BatchEntityInsideEmbeddableSelectFetchInitializer.java,1,1,96,223,1280
hibernate-core/src/main/java/org/hibernate/sql/results/graph/entity/internal/BatchEntitySelectFetchInitializer.java,1,1,70,223,1657
hibernate-core/src/main/java/org/hibernate/sql/results/graph/entity/internal/EntityDelayedFetchImpl.java,0,0,0,0,0
hibernate-core/src/main/java/org/hibernate/sql/results/graph/entity/internal/EntityJoinedFetchInitializer.java,0,0,0,0,0
hibernate-core/src/main/java/org/hibernate/sql/results/graph/instantiation/internal/BeanInjectorField.java,0,0,0,0,0
hibernate-core/src/main/java/org/hibernate/sql/results/graph/instantiation/internal/DynamicInstantiation.java,2,1,32,153,2351
hibernate-core/src/main/java/org/hibernate/sql/results/graph/instantiation/internal/DynamicInstantiationArgument.java,1,1,7,153,2351
hibernate-core/src/main/java/org/hibernate/sql/results/internal/LoadingCollectionEntryImpl.java,0,0,0,0,0
hibernate-core/src/main/java/org/hibernate/sql/results/internal/RowTransformerConstructorImpl.java,1,1,8,199,1078
hibernate-core/src/main/java/org/hibernate/sql/results/internal/RowTransformerTupleTransformerAdapter.java,0,0,0,0,0
hibernate-core/src/main/java/org/hibernate/sql/results/internal/StandardEntityGraphTraversalStateImpl.java,1,1,43,95,2242
hibernate-core/src/main/java/org/hibernate/sql/results/internal/StandardRowReader.java,2,1,100,155,2439
hibernate-core/src/main/java/org/hibernate/sql/results/internal/TupleImpl.java,3,1,41,131,2497
hibernate-core/src/main/java/org/hibernate/sql/results/jdbc/internal/AbstractResultSetAccess.java,5,1,173,153,2351
hibernate-core/src/main/java/org/hibernate/sql/results/jdbc/internal/JdbcValuesSourceProcessingStateStandardImpl.java,2,2,53,156,2351
hibernate-core/src/main/java/org/hibernate/stat/internal/AbstractCacheableDataStatistics.java,3,1,94,228,2980
hibernate-core/src/main/java/org/hibernate/stat/internal/QueryStatisticsImpl.java,2,1,31,228,2980
hibernate-core/src/main/java/org/hibernate/stat/internal/StatisticsImpl.java,7,2,90,172,2980
hibernate-core/src/main/java/org/hibernate/tool/schema/JdbcMetadaAccessStrategy.java,1,1,0,235,3541
hibernate-core/src/main/java/org/hibernate/tool/schema/UniqueConstraintSchemaUpdateStrategy.java,3,1,10,175,1686
hibernate-core/src/main/java/org/hibernate/tool/schema/extract/internal/ExtractionContextImpl.java,3,1,15,236,4079
hibernate-core/src/main/java/org/hibernate/tool/schema/extract/internal/TableInformationImpl.java,1,1,12,237,4079
hibernate-core/src/main/java/org/hibernate/tool/schema/internal/DdlTransactionIsolatorProvidedConnectionImpl.java,4,1,21,230,3573
hibernate-core/src/main/java/org/hibernate/tool/schema/internal/Helper.java,8,1,116,175,3747
hibernate-core/src/main/java/org/hibernate/tool/schema/internal/SchemaTruncatorImpl.java,5,1,276,229,1273
hibernate-core/src/main/java/org/hibernate/tool/schema/internal/StandardTableMigrator.java,4,1,51,229,1244
hibernate-core/src/main/java/org/hibernate/tool/schema/internal/exec/JdbcConnectionAccessConnectionProviderImpl.java,6,1,28,235,3747
hibernate-core/src/main/java/org/hibernate/tool/schema/internal/exec/JdbcConnectionAccessProvidedConnectionImpl.java,6,1,42,235,3747
hibernate-core/src/main/java/org/hibernate/tool/schema/internal/exec/ScriptSourceInputFromUrl.java,2,1,9,235,3747
hibernate-core/src/main/java/org/hibernate/tool/schema/internal/exec/ScriptTargetOutputToStdout.java,0,0,0,0,0
hibernate-core/src/main/java/org/hibernate/tuple/BaselineAttributeInformation.java,1,1,15,465,4815
hibernate-core/src/main/java/org/hibernate/tuple/DynamicMapInstantiator.java,0,0,0,0,0
hibernate-core/src/main/java/org/hibernate/type/AbstractSingleColumnStandardBasicType.java,0,0,0,0,0
hibernate-core/src/main/java/org/hibernate/type/AbstractType.java,1,1,2,246,5692
hibernate-core/src/main/java/org/hibernate/type/BasicArrayType.java,5,2,82,154,1496
hibernate-core/src/main/java/org/hibernate/type/BasicCollectionType.java,3,2,51,246,1496
hibernate-core/src/main/java/org/hibernate/type/ComponentType.java,9,1,303,145,5692
hibernate-core/src/main/java/org/hibernate/type/EmbeddedComponentType.java,1,1,12,246,5692
hibernate-core/src/main/java/org/hibernate/type/ManyToOneType.java,1,1,9,246,5692
hibernate-core/src/main/java/org/hibernate/type/StandardBasicTypes.java,5,2,168,151,5692
hibernate-core/src/main/java/org/hibernate/type/descriptor/DateTimeUtils.java,0,0,0,0,0
hibernate-core/src/main/java/org/hibernate/type/descriptor/converter/internal/EnumHelper.java,0,0,0,0,0
hibernate-core/src/main/java/org/hibernate/type/descriptor/java/AbstractArrayJavaType.java,5,1,94,154,1496
hibernate-core/src/main/java/org/hibernate/type/descriptor/java/AbstractTemporalJavaType.java,4,1,50,151,1571
hibernate-core/src/main/java/org/hibernate/type/descriptor/java/ArrayMutabilityPlan.java,1,1,25,154,5692
hibernate-core/src/main/java/org/hibernate/type/descriptor/java/BooleanPrimitiveArrayJavaType.java,3,2,18,155,1496
hibernate-core/src/main/java/org/hibernate/type/descriptor/java/ByteArrayJavaType.java,5,2,61,116,1571
hibernate-core/src/main/java/org/hibernate/type/descriptor/java/CharacterArrayJavaType.java,4,1,40,116,1571
hibernate-core/src/main/java/org/hibernate/type/descriptor/java/ClassJavaType.java,2,1,15,155,1571
hibernate-core/src/main/java/org/hibernate/type/descriptor/java/DoublePrimitiveArrayJavaType.java,3,2,23,155,1496
hibernate-core/src/main/java/org/hibernate/type/descriptor/java/FloatPrimitiveArrayJavaType.java,3,2,23,155,1496
hibernate-core/src/main/java/org/hibernate/type/descriptor/java/IncomparableComparator.java,1,1,1,246,5692
hibernate-core/src/main/java/org/hibernate/type/descriptor/java/IntegerPrimitiveArrayJavaType.java,3,2,23,155,1496
hibernate-core/src/main/java/org/hibernate/type/descriptor/java/JavaTypeHelper.java,1,1,0,191,1571
hibernate-core/src/main/java/org/hibernate/type/descriptor/java/LongPrimitiveArrayJavaType.java,3,2,23,155,1496
hibernate-core/src/main/java/org/hibernate/type/descriptor/java/ObjectArrayJavaType.java,3,1,23,155,1571
hibernate-core/src/main/java/org/hibernate/type/descriptor/java/PrimitiveByteArrayJavaType.java,5,3,49,124,1571
hibernate-core/src/main/java/org/hibernate/type/descriptor/java/PrimitiveCharacterArrayJavaType.java,4,2,32,124,1571
hibernate-core/src/main/java/org/hibernate/type/descriptor/java/RowVersionJavaType.java,0,0,0,0,0
hibernate-core/src/main/java/org/hibernate/type/descriptor/java/ShortPrimitiveArrayJavaType.java,3,2,23,155,1496
hibernate-core/src/main/java/org/hibernate/type/descriptor/java/spi/FormatMapperBasedJavaType.java,2,1,16,155,914
hibernate-core/src/main/java/org/hibernate/type/descriptor/java/spi/JavaTypeBaseline.java,0,0,0,0,0
hibernate-core/src/main/java/org/hibernate/type/descriptor/java/spi/JavaTypeRegistry.java,8,2,325,36,1658
hibernate-core/src/main/java/org/hibernate/type/descriptor/java/spi/MapEntryJavaType.java,1,1,5,156,1571
hibernate-core/src/main/java/org/hibernate/type/descriptor/jdbc/ArrayJdbcType.java,12,5,410,138,1496
hibernate-core/src/main/java/org/hibernate/type/descriptor/jdbc/BasicBinder.java,1,1,16,115,1878
hibernate-core/src/main/java/org/hibernate/type/descriptor/jdbc/BasicExtractor.java,1,1,18,115,1874
hibernate-core/src/main/java/org/hibernate/type/descriptor/jdbc/BlobJdbcType.java,2,1,8,153,1672
hibernate-core/src/main/java/org/hibernate/type/descriptor/jdbc/ClobJdbcType.java,1,1,4,246,1672
hibernate-core/src/main/java/org/hibernate/type/descriptor/jdbc/JdbcTypeFamilyInformation.java,0,0,0,0,0
hibernate-core/src/main/java/org/hibernate/type/descriptor/jdbc/JdbcTypeJavaClassMappings.java,2,1,48,115,1874
hibernate-core/src/main/java/org/hibernate/type/descriptor/jdbc/JsonJdbcType.java,6,5,90,116,1668
hibernate-core/src/main/java/org/hibernate/type/descriptor/jdbc/LongVarcharJdbcType.java,1,1,3,246,1672
hibernate-core/src/main/java/org/hibernate/type/descriptor/jdbc/NClobJdbcType.java,4,3,462,44,1672
hibernate-core/src/main/java/org/hibernate/type/descriptor/jdbc/OracleJsonBlobJdbcType.java,0,0,0,0,0
hibernate-core/src/main/java/org/hibernate/type/descriptor/jdbc/spi/AbstractJdbcLiteralFormatter.java,0,0,0,0,0
hibernate-core/src/main/java/org/hibernate/type/descriptor/jdbc/spi/BasicJdbcLiteralFormatter.java,2,1,23,154,1874
hibernate-core/src/main/java/org/hibernate/type/descriptor/sql/DdlType.java,1,1,12,17,1528
hibernate-core/src/main/java/org/hibernate/type/descriptor/sql/internal/CapacityDependentDdlType.java,1,1,45,93,1528
hibernate-core/src/main/java/org/hibernate/type/format/jackson/JacksonIntegration.java,6,3,239,160,1228
hibernate-core/src/main/java/org/hibernate/type/format/jakartajson/JakartaJsonIntegration.java,0,0,0,0,0
hibernate-core/src/main/java/org/hibernate/type/internal/CompositeUserTypeJavaTypeWrapper.java,1,1,5,155,1543
hibernate-core/src/main/java/org/hibernate/type/internal/UserTypeJavaTypeWrapper.java,3,1,120,155,1828
hibernate-core/src/main/java/org/hibernate/type/internal/UserTypeSqlTypeAdapter.java,0,0,0,0,0
hibernate-core/src/main/java/org/hibernate/usertype/BaseUserTypeSupport.java,1,1,20,345,1682
hibernate-envers/src/main/java/org/hibernate/envers/AuditOverride.java,0,0,0,0,0
hibernate-envers/src/main/java/org/hibernate/envers/CrossTypeRevisionChangesReader.java,0,0,0,0,0
hibernate-envers/src/main/java/org/hibernate/envers/boot/internal/AdditionalJaxbMappingProducerImpl.java,0,0,0,0,0
hibernate-envers/src/main/java/org/hibernate/envers/boot/internal/ImprovedModifiedColumnNamingStrategy.java,0,0,0,0,0
hibernate-envers/src/main/java/org/hibernate/envers/boot/model/AbstractIdentifier.java,0,0,0,0,0
hibernate-envers/src/main/java/org/hibernate/envers/boot/model/Formula.java,0,0,0,0,0
hibernate-envers/src/main/java/org/hibernate/envers/boot/model/JoinedSubclassPersistentEntity.java,0,0,0,0,0
hibernate-envers/src/main/java/org/hibernate/envers/boot/model/PersistentEntity.java,0,0,0,0,0
hibernate-envers/src/main/java/org/hibernate/envers/boot/model/Selection.java,0,0,0,0,0
hibernate-envers/src/main/java/org/hibernate/envers/boot/model/SubclassPersistentEntity.java,0,0,0,0,0
hibernate-envers/src/main/java/org/hibernate/envers/boot/model/UnionSubclassPersistentEntity.java,0,0,0,0,0
hibernate-envers/src/main/java/org/hibernate/envers/configuration/internal/metadata/AbstractCollectionMetadataGenerator.java,0,0,0,0,0
hibernate-envers/src/main/java/org/hibernate/envers/configuration/internal/metadata/AbstractMetadataGenerator.java,1,1,2,121,1628
hibernate-envers/src/main/java/org/hibernate/envers/configuration/internal/metadata/AuditMetadataGenerator.java,1,1,3,102,4780
hibernate-envers/src/main/java/org/hibernate/envers/configuration/internal/metadata/CollectionMappedByResolver.java,3,3,148,102,1628
hibernate-envers/src/main/java/org/hibernate/envers/configuration/internal/metadata/ColumnNameIterator.java,0,0,0,0,0
hibernate-envers/src/main/java/org/hibernate/envers/configuration/internal/metadata/ValueMetadataGenerator.java,0,0,0,0,0
hibernate-envers/src/main/java/org/hibernate/envers/configuration/internal/metadata/reader/PropertyAuditingData.java,0,0,0,0,0
hibernate-envers/src/main/java/org/hibernate/envers/event/spi/BaseEnversUpdateEventListener.java,0,0,0,0,0
hibernate-envers/src/main/java/org/hibernate/envers/function/OrderByFragmentFunction.java,0,0,0,0,0
hibernate-envers/src/main/java/org/hibernate/envers/internal/EnversLogging.java,2,2,5,102,4737
hibernate-envers/src/main/java/org/hibernate/envers/internal/entities/EntityInstantiator.java,1,1,3,121,4780
hibernate-envers/src/main/java/org/hibernate/envers/internal/entities/PropertyData.java,0,0,0,0,0
hibernate-envers/src/main/java/org/hibernate/envers/internal/entities/RelationDescription.java,1,1,16,121,4780
hibernate-envers/src/main/java/org/hibernate/envers/internal/entities/mapper/AbstractMapper.java,0,0,0,0,0
hibernate-envers/src/main/java/org/hibernate/envers/internal/entities/mapper/MultiDynamicComponentMapper.java,1,1,12,269,4608
hibernate-envers/src/main/java/org/hibernate/envers/internal/entities/mapper/id/AbstractIdMapper.java,0,0,0,0,0
hibernate-envers/src/main/java/org/hibernate/envers/internal/entities/mapper/id/IdMapper.java,1,1,10,269,4780
hibernate-envers/src/main/java/org/hibernate/envers/internal/entities/mapper/relation/AbstractCollectionMapper.java,1,1,16,269,4780
hibernate-envers/src/main/java/org/hibernate/envers/internal/entities/mapper/relation/AbstractToOneMapper.java,1,1,14,269,4780
hibernate-envers/src/main/java/org/hibernate/envers/internal/entities/mapper/relation/SortedMapCollectionMapper.java,0,0,0,0,0
hibernate-envers/src/main/java/org/hibernate/envers/internal/entities/mapper/relation/SortedSetCollectionMapper.java,0,0,0,0,0
hibernate-envers/src/main/java/org/hibernate/envers/internal/entities/mapper/relation/ToOneIdMapper.java,4,4,63,63,4780
hibernate-envers/src/main/java/org/hibernate/envers/internal/entities/mapper/relation/lazy/AbstractDelegateSessionImplementor.java,1,1,17,107,4780
hibernate-envers/src/main/java/org/hibernate/envers/internal/entities/mapper/relation/lazy/initializor/AbstractCollectionInitializor.java,0,0,0,0,0
hibernate-envers/src/main/java/org/hibernate/envers/internal/entities/mapper/relation/lazy/initializor/ListCollectionInitializor.java,0,0,0,0,0
hibernate-envers/src/main/java/org/hibernate/envers/internal/entities/mapper/relation/lazy/initializor/SortedMapCollectionInitializor.java,0,0,0,0,0
hibernate-envers/src/main/java/org/hibernate/envers/internal/entities/mapper/relation/lazy/initializor/SortedSetCollectionInitializor.java,0,0,0,0,0
hibernate-envers/src/main/java/org/hibernate/envers/internal/entities/mapper/relation/query/AbstractRelationQueryGenerator.java,0,0,0,0,0
hibernate-envers/src/main/java/org/hibernate/envers/internal/reader/CrossTypeRevisionChangesReaderImpl.java,0,0,0,0,0
hibernate-envers/src/main/java/org/hibernate/envers/internal/revisioninfo/DefaultRevisionInfoGenerator.java,1,1,12,269,4780
hibernate-envers/src/main/java/org/hibernate/envers/internal/revisioninfo/RevisionInfoGenerator.java,1,1,4,269,4780
hibernate-envers/src/main/java/org/hibernate/envers/internal/synchronization/EntityChangeNotifier.java,1,1,9,269,4780
hibernate-envers/src/main/java/org/hibernate/envers/internal/synchronization/SessionCacheCleaner.java,1,1,2,269,4780
hibernate-envers/src/main/java/org/hibernate/envers/internal/tools/ArgumentsTools.java,0,0,0,0,0
hibernate-envers/src/main/java/org/hibernate/envers/internal/tools/ArraysTools.java,0,0,0,0,0
hibernate-envers/src/main/java/org/hibernate/envers/internal/tools/EntityTools.java,1,1,11,269,4780
hibernate-envers/src/main/java/org/hibernate/envers/internal/tools/MappingTools.java,0,0,0,0,0
hibernate-envers/src/main/java/org/hibernate/envers/internal/tools/ReflectionTools.java,0,0,0,0,0
hibernate-envers/src/main/java/org/hibernate/envers/internal/tools/StringTools.java,0,0,0,0,0
hibernate-envers/src/main/java/org/hibernate/envers/internal/tools/Tools.java,0,0,0,0,0
hibernate-envers/src/main/java/org/hibernate/envers/internal/tools/Triple.java,0,0,0,0,0
hibernate-envers/src/main/java/org/hibernate/envers/query/AuditQuery.java,0,0,0,0,0
hibernate-envers/src/main/java/org/hibernate/envers/query/criteria/internal/CriteriaTools.java,0,0,0,0,0
hibernate-envers/src/main/java/org/hibernate/envers/query/internal/impl/AbstractAuditQuery.java,3,1,20,16,4780
hibernate-envers/src/main/java/org/hibernate/envers/query/internal/impl/EntitiesAtRevisionQuery.java,0,0,0,0,0
hibernate-envers/src/main/java/org/hibernate/envers/query/internal/impl/EntitiesModifiedAtRevisionQuery.java,0,0,0,0,0
hibernate-envers/src/main/java/org/hibernate/envers/query/internal/impl/RevisionsOfEntityQuery.java,1,1,2,269,4780
hibernate-envers/src/main/java/org/hibernate/envers/strategy/spi/AuditStrategy.java,1,1,6,269,2742
hibernate-envers/src/main/java/org/hibernate/envers/tools/Pair.java,0,0,0,0,0
hibernate-graalvm/src/main/java/org/hibernate/graalvm/internal/StaticClassLists.java,2,1,7,138,2278
hibernate-hikaricp/src/main/java/org/hibernate/hikaricp/internal/HikariCPConnectionProvider.java,12,1,136,127,4437
hibernate-hikaricp/src/main/java/org/hibernate/hikaricp/internal/HikariConfigurationUtil.java,1,1,12,127,4437
hibernate-jcache/src/main/java/org/hibernate/cache/jcache/JCacheHelper.java,0,0,0,0,0
hibernate-jcache/src/main/java/org/hibernate/cache/jcache/internal/JCacheRegionFactory.java,0,0,0,0,0
hibernate-spatial/src/main/java/org/hibernate/spatial/GeolatteGeometryJavaType.java,0,0,0,0,0
hibernate-spatial/src/main/java/org/hibernate/spatial/JTSGeometryJavaType.java,0,0,0,0,0
hibernate-spatial/src/main/java/org/hibernate/spatial/dialect/hana/HANAGeometryType.java,0,0,0,0,0
hibernate-spatial/src/main/java/org/hibernate/spatial/dialect/hana/HANASpatialUtils.java,0,0,0,0,0
hibernate-spatial/src/main/java/org/hibernate/spatial/dialect/oracle/SDOGeometryType.java,0,0,0,0,0
hibernate-spatial/src/main/java/org/hibernate/spatial/dialect/postgis/PostgisPG10Dialect.java,0,0,0,0,0
hibernate-spatial/src/main/java/org/hibernate/spatial/dialect/postgis/PostgisSqmFunctionDescriptors.java,0,0,0,0,0
hibernate-spatial/src/main/java/org/hibernate/spatial/dialect/sqlserver/AbstractSqlServerGISType.java,0,0,0,0,0
hibernate-spatial/src/main/java/org/hibernate/spatial/predicate/GeolatteFilterPredicate.java,0,0,0,0,0
hibernate-spatial/src/main/java/org/hibernate/spatial/predicate/GeolatteSpatialPredicates.java,0,0,0,0,0
hibernate-spatial/src/main/java/org/hibernate/spatial/predicate/JTSFilterPredicate.java,0,0,0,0,0
hibernate-spatial/src/main/java/org/hibernate/spatial/predicate/JTSSpatialPredicates.java,0,0,0,0,0
hibernate-testing/src/main/java/org/hibernate/testing/DialectChecks.java,4,3,25,11,5541
hibernate-testing/src/main/java/org/hibernate/testing/async/ExecutableAdapter.java,0,0,0,0,0
hibernate-testing/src/main/java/org/hibernate/testing/async/TimedExecutor.java,0,0,0,0,0
hibernate-testing/src/main/java/org/hibernate/testing/boot/ExtraJavaServicesClassLoaderService.java,0,0,0,0,0
hibernate-testing/src/main/java/org/hibernate/testing/boot/MetadataBuildingContextTestingImpl.java,0,0,0,0,0
hibernate-testing/src/main/java/org/hibernate/testing/bytecode/enhancement/EnhancerTestUtils.java,0,0,0,0,0
hibernate-testing/src/main/java/org/hibernate/testing/cache/MapStorageAccessImpl.java,1,1,12,91,2966
hibernate-testing/src/main/java/org/hibernate/testing/cleaner/AbstractMySQLDatabaseCleaner.java,0,0,0,0,0
hibernate-testing/src/main/java/org/hibernate/testing/cleaner/H2DatabaseCleaner.java,0,0,0,0,0
hibernate-testing/src/main/java/org/hibernate/testing/cleaner/MariaDBDatabaseCleaner.java,0,0,0,0,0
hibernate-testing/src/main/java/org/hibernate/testing/cleaner/MySQL5DatabaseCleaner.java,0,0,0,0,0
hibernate-testing/src/main/java/org/hibernate/testing/cleaner/MySQL8DatabaseCleaner.java,0,0,0,0,0
hibernate-testing/src/main/java/org/hibernate/testing/cleaner/PostgreSQLDatabaseCleaner.java,0,0,0,0,0
hibernate-testing/src/main/java/org/hibernate/testing/hamcrest/AssignableMatcher.java,0,0,0,0,0
hibernate-testing/src/main/java/org/hibernate/testing/hamcrest/CollectionElementMatcher.java,0,0,0,0,0
hibernate-testing/src/main/java/org/hibernate/testing/hamcrest/CollectionEmptinessMatcher.java,0,0,0,0,0
hibernate-testing/src/main/java/org/hibernate/testing/hamcrest/CollectionSizeMatcher.java,0,0,0,0,0
hibernate-testing/src/main/java/org/hibernate/testing/hamcrest/HasNullElementsMatcher.java,0,0,0,0,0
hibernate-testing/src/main/java/org/hibernate/testing/hamcrest/InitializationCheckMatcher.java,0,0,0,0,0
hibernate-testing/src/main/java/org/hibernate/testing/jdbc/SharedDriverManagerConnectionProviderImpl.java,3,3,48,273,1922
hibernate-testing/src/main/java/org/hibernate/testing/jdbc/leak/ConnectionLeakUtil.java,0,0,0,0,0
hibernate-testing/src/main/java/org/hibernate/testing/jta/JtaAwareConnectionProviderImpl.java,3,3,13,273,5133
hibernate-testing/src/main/java/org/hibernate/testing/junit4/ExtraAssertions.java,0,0,0,0,0
hibernate-testing/src/main/java/org/hibernate/testing/junit4/Helper.java,1,1,4,291,5543
hibernate-testing/src/main/java/org/hibernate/testing/junit4/TestClassMetadata.java,0,0,0,0,0
hibernate-testing/src/main/java/org/hibernate/testing/logger/Log4J2DelegatingLogger.java,1,1,0,83,1811
hibernate-testing/src/main/java/org/hibernate/testing/logger/LogInspectionHelper.java,2,2,11,83,4090
hibernate-testing/src/main/java/org/hibernate/testing/orm/UnclosedFixtureResourcesLogging.java,0,0,0,0,0
hibernate-testing/src/main/java/org/hibernate/testing/orm/domain/AbstractDomainModelDescriptor.java,0,0,0,0,0
hibernate-testing/src/main/java/org/hibernate/testing/orm/domain/animal/Address.java,0,0,0,0,0
hibernate-testing/src/main/java/org/hibernate/testing/orm/domain/animal/Animal.java,0,0,0,0,0
hibernate-testing/src/main/java/org/hibernate/testing/orm/domain/animal/Zoo.java,0,0,0,0,0
hibernate-testing/src/main/java/org/hibernate/testing/orm/domain/gambit/EntityOfDynamicComponent.java,0,0,0,0,0
hibernate-testing/src/main/java/org/hibernate/testing/orm/domain/gambit/EnumValue.java,0,0,0,0,0
hibernate-testing/src/main/java/org/hibernate/testing/orm/domain/helpdesk/Ticket.java,0,0,0,0,0
hibernate-testing/src/main/java/org/hibernate/testing/orm/domain/retail/Payment.java,0,0,0,0,0
hibernate-testing/src/main/java/org/hibernate/testing/orm/jdbc/TimeZoneConnectionProvider.java,1,1,6,273,1721
hibernate-testing/src/main/java/org/hibernate/testing/orm/junit/ClassLoadingIsolaterExtension.java,1,1,11,172,1931
hibernate-testing/src/main/java/org/hibernate/testing/orm/junit/DialectContext.java,3,3,12,240,1857
hibernate-testing/src/main/java/org/hibernate/testing/orm/junit/DialectFeatureChecks.java,49,12,795,11,2531
hibernate-testing/src/main/java/org/hibernate/testing/orm/junit/DomainModelScope.java,2,2,8,172,2531
hibernate-testing/src/main/java/org/hibernate/testing/orm/junit/EntityManagerFactoryParameterResolver.java,0,0,0,0,0
hibernate-testing/src/main/java/org/hibernate/testing/orm/junit/EntityManagerFactoryScopeExtension.java,0,0,0,0,0
hibernate-testing/src/main/java/org/hibernate/testing/orm/junit/ExpectedExceptionExtension.java,1,1,16,172,2531
hibernate-testing/src/main/java/org/hibernate/testing/orm/junit/ExtraAssertions.java,0,0,0,0,0
hibernate-testing/src/main/java/org/hibernate/testing/orm/junit/Logger.java,1,1,8,172,1871
hibernate-testing/src/main/java/org/hibernate/testing/orm/junit/LoggingInspectionsScope.java,3,1,21,172,1871
hibernate-testing/src/main/java/org/hibernate/testing/orm/junit/MessageKeyWatcherImpl.java,3,2,10,172,1871
hibernate-testing/src/main/java/org/hibernate/testing/orm/junit/NotImplementedYetExtension.java,1,1,2,220,1970
hibernate-testing/src/main/java/org/hibernate/testing/orm/junit/ServiceRegistryScope.java,4,3,25,172,2531
hibernate-testing/src/main/java/org/hibernate/testing/orm/junit/TestingUtil.java,0,0,0,0,0
hibernate-testing/src/main/java/org/hibernate/testing/schema/SchemaCreateHelper.java,0,0,0,0,0
hibernate-testing/src/main/java/org/hibernate/testing/schema/SchemaDropHelper.java,0,0,0,0,0
hibernate-testing/src/main/java/org/hibernate/testing/schema/SchemaUpdateHelper.java,0,0,0,0,0
hibernate-testing/src/main/java/org/hibernate/testing/util/ServiceRegistryUtil.java,3,2,16,54,993
hibernate-testing/src/main/java/org/hibernate/testing/util/TestPathHelper.java,0,0,0,0,0
hibernate-testing/src/main/java/org/hibernate/testing/util/uuid/SafeRandomUUIDGenerator.java,0,0,0,0,0
hibernate-vector/src/main/java/org/hibernate/vector/VectorJdbcType.java,1,1,0,282,914
local-build-plugins/src/main/java/org/hibernate/orm/ReleaseFamilyIdentifier.java,0,0,0,0,0
local-build-plugins/src/main/java/org/hibernate/orm/antlr/AntlrHelper.java,2,2,86,101,1479
local-build-plugins/src/main/java/org/hibernate/orm/antlr/SplitGrammarDescriptor.java,0,0,0,0,0
local-build-plugins/src/main/java/org/hibernate/orm/antlr/SplitGrammarGenerationTask.java,3,2,63,101,1479
local-build-plugins/src/main/java/org/hibernate/orm/db/DatabaseService.java,0,0,0,0,0
local-build-plugins/src/main/java/org/hibernate/orm/docs/DescriptorAccess.java,1,1,84,228,1479
local-build-plugins/src/main/java/org/hibernate/orm/docs/DocumentationPublishingPlugin.java,1,1,112,228,1479
local-build-plugins/src/main/java/org/hibernate/orm/docs/GenerateDescriptorTask.java,1,1,132,228,1479
local-build-plugins/src/main/java/org/hibernate/orm/docs/PublishDescriptorTask.java,1,1,57,228,1479
local-build-plugins/src/main/java/org/hibernate/orm/docs/PublishMigrationGuide.java,1,1,75,228,1135
local-build-plugins/src/main/java/org/hibernate/orm/docs/PublishTask.java,1,1,70,228,1479
local-build-plugins/src/main/java/org/hibernate/orm/docs/ReleaseFamilyIdentifierMarshalling.java,1,1,29,228,1479
local-build-plugins/src/main/java/org/hibernate/orm/docs/RsyncHelper.java,1,1,26,228,1135
local-build-plugins/src/main/java/org/hibernate/orm/env/HibernateVersion.java,0,0,0,0,0
local-build-plugins/src/main/java/org/hibernate/orm/jakarta/JakartaDirectoryTransformation.java,1,1,82,215,1479
local-build-plugins/src/main/java/org/hibernate/orm/jakarta/JakartaJarTransformation.java,1,1,65,215,1479
local-build-plugins/src/main/java/org/hibernate/orm/jakarta/JakartaPlugin.java,1,1,271,215,1479
local-build-plugins/src/main/java/org/hibernate/orm/jakarta/JakartaSpec.java,1,1,45,215,1479
local-build-plugins/src/main/java/org/hibernate/orm/post/AbstractJandexAwareTask.java,0,0,0,0,0
local-build-plugins/src/main/java/org/hibernate/orm/post/DeprecationReportTask.java,0,0,0,0,0
local-build-plugins/src/main/java/org/hibernate/orm/post/Helper.java,1,1,18,215,1109
local-build-plugins/src/main/java/org/hibernate/orm/post/IncubationReportTask.java,0,0,0,0,0
local-build-plugins/src/main/java/org/hibernate/orm/post/IndexerTask.java,1,1,4,215,1479
local-build-plugins/src/main/java/org/hibernate/orm/post/InternalsReportTask.java,0,0,0,0,0
local-build-plugins/src/main/java/org/hibernate/orm/post/LoggingReportTask.java,3,1,20,101,1479
local-build-plugins/src/main/java/org/hibernate/orm/properties/AsciiDocWriter.java,1,1,9,101,1199
local-build-plugins/src/main/java/org/hibernate/orm/properties/SettingDescriptor.java,0,0,0,0,0
local-build-plugins/src/main/java/org/hibernate/orm/properties/SettingDescriptorComparator.java,0,0,0,0,0
local-build-plugins/src/main/java/org/hibernate/orm/properties/SettingsDocSection.java,0,0,0,0,0
local-build-plugins/src/main/java/org/hibernate/orm/properties/Utils.java,0,0,0,0,0
local-build-plugins/src/main/java/org/hibernate/orm/properties/jdk17/JavadocToAsciidocConverter.java,0,0,0,0,0
local-build-plugins/src/main/java/org/hibernate/orm/properties/jdk17/SettingsCollector.java,0,0,0,0,0
local-build-plugins/src/main/java/org/hibernate/orm/toolchains/JdkVersionConfig.java,6,2,188,110,1006
local-build-plugins/src/main/java/org/hibernate/orm/toolchains/JdkVersionPlugin.java,3,1,10,362,1006
local-build-plugins/src/main/java/org/hibernate/orm/toolchains/JdkVersionSettingsPlugin.java,5,1,41,327,1006
local-build-plugins/src/main/java/org/hibernate/orm/toolchains/JdkVersionsLogging.java,1,1,41,362,1006
tooling/hibernate-ant/src/main/java/org/hibernate/tool/hbm2ddl/Exporter.java,0,0,0,0,0
tooling/hibernate-ant/src/main/java/org/hibernate/tool/hbm2ddl/ForeignKeyMetadata.java,0,0,0,0,0
tooling/hibernate-ant/src/main/java/org/hibernate/tool/hbm2ddl/IndexMetadata.java,0,0,0,0,0
tooling/hibernate-ant/src/main/java/org/hibernate/tool/hbm2ddl/TargetTypeHelper.java,1,1,53,40,1686
tooling/hibernate-gradle-plugin/src/main/java/org/hibernate/orm/tooling/gradle/HibernateOrmSpec.java,3,2,231,40,2033
tooling/hibernate-gradle-plugin/src/main/java/org/hibernate/orm/tooling/gradle/HibernateVersion.java,0,0,0,0,0
tooling/hibernate-gradle-plugin/src/main/java/org/hibernate/orm/tooling/gradle/enhance/EnhancementHelper.java,6,2,91,285,2033
tooling/hibernate-gradle-plugin/src/main/java/org/hibernate/orm/tooling/gradle/misc/TransformHbmXmlTask.java,1,1,70,414,1461
tooling/metamodel-generator/src/main/java/org/hibernate/jpamodelgen/Version.java,0,0,0,0,0
tooling/metamodel-generator/src/main/java/org/hibernate/jpamodelgen/annotation/AbstractFinderMethod.java,0,0,0,0,0
tooling/metamodel-generator/src/main/java/org/hibernate/jpamodelgen/annotation/AbstractQueryMethod.java,0,0,0,0,0
tooling/metamodel-generator/src/main/java/org/hibernate/jpamodelgen/annotation/AnnotationMetaAttribute.java,0,0,0,0,0
tooling/metamodel-generator/src/main/java/org/hibernate/jpamodelgen/annotation/MetaAttributeGenerationVisitor.java,0,0,0,0,0
tooling/metamodel-generator/src/main/java/org/hibernate/jpamodelgen/util/NullnessUtil.java,0,0,0,0,0
tooling/metamodel-generator/src/main/java/org/hibernate/jpamodelgen/util/TypeUtils.java,0,0,0,0,0
tooling/metamodel-generator/src/main/java/org/hibernate/jpamodelgen/validation/MockCollectionPersister.java,0,0,0,0,0
tooling/metamodel-generator/src/main/java/org/hibernate/jpamodelgen/validation/MockEntityPersister.java,0,0,0,0,0
tooling/metamodel-generator/src/main/java/org/hibernate/jpamodelgen/validation/MockSessionFactory.java,0,0,0,0,0
tooling/metamodel-generator/src/main/java/org/hibernate/jpamodelgen/validation/Mocker.java,0,0,0,0,0
tooling/metamodel-generator/src/main/java/org/hibernate/jpamodelgen/validation/Validation.java,0,0,0,0,0
hibernate-agroal/src/main/java/org/hibernate/agroal/internal/AgroalConnectionProvider.java,12,1,169,127,3169
hibernate-community-dialects/src/main/java/org/hibernate/community/dialect/CUBRIDSqlAstTranslator.java,0,0,0,0,0
hibernate-community-dialects/src/main/java/org/hibernate/community/dialect/Cache71Dialect.java,0,0,0,0,0
hibernate-community-dialects/src/main/java/org/hibernate/community/dialect/DB2390Dialect.java,0,0,0,0,0
hibernate-community-dialects/src/main/java/org/hibernate/community/dialect/DB2390V8Dialect.java,0,0,0,0,0
hibernate-community-dialects/src/main/java/org/hibernate/community/dialect/DB297Dialect.java,0,0,0,0,0
hibernate-community-dialects/src/main/java/org/hibernate/community/dialect/DB2iLegacyDialect.java,4,2,35,262,1402
hibernate-community-dialects/src/main/java/org/hibernate/community/dialect/DerbyTenFiveDialect.java,0,0,0,0,0
hibernate-community-dialects/src/main/java/org/hibernate/community/dialect/DerbyTenSevenDialect.java,0,0,0,0,0
hibernate-community-dialects/src/main/java/org/hibernate/community/dialect/DerbyTenSixDialect.java,0,0,0,0,0
hibernate-community-dialects/src/main/java/org/hibernate/community/dialect/Informix10Dialect.java,0,0,0,0,0
hibernate-community-dialects/src/main/java/org/hibernate/community/dialect/Ingres10Dialect.java,0,0,0,0,0
hibernate-community-dialects/src/main/java/org/hibernate/community/dialect/Ingres9Dialect.java,0,0,0,0,0
hibernate-community-dialects/src/main/java/org/hibernate/community/dialect/IngresDialect.java,2,2,62,291,1782
hibernate-community-dialects/src/main/java/org/hibernate/community/dialect/MariaDB102Dialect.java,0,0,0,0,0
hibernate-community-dialects/src/main/java/org/hibernate/community/dialect/MariaDB103Dialect.java,0,0,0,0,0
hibernate-community-dialects/src/main/java/org/hibernate/community/dialect/MariaDB10Dialect.java,0,0,0,0,0
hibernate-community-dialects/src/main/java/org/hibernate/community/dialect/MariaDB53Dialect.java,0,0,0,0,0
hibernate-community-dialects/src/main/java/org/hibernate/community/dialect/MySQL55Dialect.java,0,0,0,0,0
hibernate-community-dialects/src/main/java/org/hibernate/community/dialect/MySQL57Dialect.java,0,0,0,0,0
hibernate-community-dialects/src/main/java/org/hibernate/community/dialect/MySQL5Dialect.java,0,0,0,0,0
hibernate-community-dialects/src/main/java/org/hibernate/community/dialect/Oracle10gDialect.java,0,0,0,0,0
hibernate-community-dialects/src/main/java/org/hibernate/community/dialect/Oracle12cDialect.java,0,0,0,0,0
hibernate-community-dialects/src/main/java/org/hibernate/community/dialect/Oracle8iDialect.java,0,0,0,0,0
hibernate-community-dialects/src/main/java/org/hibernate/community/dialect/Oracle9iDialect.java,0,0,0,0,0
hibernate-community-dialects/src/main/java/org/hibernate/community/dialect/PostgreSQL10Dialect.java,0,0,0,0,0
hibernate-community-dialects/src/main/java/org/hibernate/community/dialect/PostgreSQL81Dialect.java,0,0,0,0,0
hibernate-community-dialects/src/main/java/org/hibernate/community/dialect/PostgreSQL82Dialect.java,0,0,0,0,0
hibernate-community-dialects/src/main/java/org/hibernate/community/dialect/PostgreSQL91Dialect.java,0,0,0,0,0
hibernate-community-dialects/src/main/java/org/hibernate/community/dialect/PostgreSQL92Dialect.java,0,0,0,0,0
hibernate-community-dialects/src/main/java/org/hibernate/community/dialect/PostgreSQL93Dialect.java,0,0,0,0,0
hibernate-community-dialects/src/main/java/org/hibernate/community/dialect/PostgreSQL94Dialect.java,0,0,0,0,0
hibernate-community-dialects/src/main/java/org/hibernate/community/dialect/PostgreSQL95Dialect.java,0,0,0,0,0
hibernate-community-dialects/src/main/java/org/hibernate/community/dialect/PostgreSQL9Dialect.java,0,0,0,0,0
hibernate-community-dialects/src/main/java/org/hibernate/community/dialect/SAPDBDialect.java,0,0,0,0,0
hibernate-community-dialects/src/main/java/org/hibernate/community/dialect/SQLServer2005Dialect.java,0,0,0,0,0
hibernate-community-dialects/src/main/java/org/hibernate/community/dialect/SQLServer2008Dialect.java,0,0,0,0,0
hibernate-community-dialects/src/main/java/org/hibernate/community/dialect/Sybase11Dialect.java,0,0,0,0,0
hibernate-community-dialects/src/main/java/org/hibernate/community/dialect/SybaseASE157Dialect.java,0,0,0,0,0
hibernate-community-dialects/src/main/java/org/hibernate/community/dialect/SybaseASE15Dialect.java,0,0,0,0,0
hibernate-community-dialects/src/main/java/org/hibernate/community/dialect/SybaseAnywhereDialect.java,2,2,49,246,1782
hibernate-community-dialects/src/main/java/org/hibernate/community/dialect/Teradata14Dialect.java,0,0,0,0,0
hibernate-community-dialects/src/main/java/org/hibernate/community/dialect/identity/CUBRIDIdentityColumnSupport.java,0,0,0,0,0
hibernate-community-dialects/src/main/java/org/hibernate/community/dialect/identity/CacheIdentityColumnSupport.java,0,0,0,0,0
hibernate-community-dialects/src/main/java/org/hibernate/community/dialect/identity/FirebirdIdentityColumnSupport.java,0,0,0,0,0
hibernate-community-dialects/src/main/java/org/hibernate/community/dialect/identity/InformixIdentityColumnSupport.java,1,1,26,312,1782
hibernate-community-dialects/src/main/java/org/hibernate/community/dialect/identity/Ingres10IdentityColumnSupport.java,0,0,0,0,0
hibernate-community-dialects/src/main/java/org/hibernate/community/dialect/identity/Ingres9IdentityColumnSupport.java,0,0,0,0,0
hibernate-community-dialects/src/main/java/org/hibernate/community/dialect/identity/MimerSQLIdentityColumnSupport.java,0,0,0,0,0
hibernate-community-dialects/src/main/java/org/hibernate/community/dialect/identity/SQLiteIdentityColumnSupport.java,0,0,0,0,0
hibernate-community-dialects/src/main/java/org/hibernate/community/dialect/identity/SybaseAnywhereIdentityColumnSupport.java,0,0,0,0,0
hibernate-community-dialects/src/main/java/org/hibernate/community/dialect/identity/Teradata14IdentityColumnSupport.java,1,1,30,298,1782
hibernate-community-dialects/src/main/java/org/hibernate/community/dialect/pagination/AltibaseLimitHandler.java,1,1,17,285,908
hibernate-community-dialects/src/main/java/org/hibernate/community/dialect/pagination/RowsLimitHandler.java,1,1,22,285,1782
hibernate-community-dialects/src/main/java/org/hibernate/community/dialect/pagination/TimesTenLimitHandler.java,2,2,53,285,1782
hibernate-community-dialects/src/main/java/org/hibernate/community/dialect/sequence/CUBRIDSequenceSupport.java,0,0,0,0,0
hibernate-community-dialects/src/main/java/org/hibernate/community/dialect/sequence/CacheSequenceSupport.java,0,0,0,0,0
hibernate-community-dialects/src/main/java/org/hibernate/community/dialect/sequence/SequenceInformationExtractorAltibaseDatabaseImpl.java,0,0,0,0,0
hibernate-community-dialects/src/main/java/org/hibernate/community/dialect/sequence/SequenceInformationExtractorCUBRIDDatabaseImpl.java,0,0,0,0,0
hibernate-community-dialects/src/main/java/org/hibernate/community/dialect/sequence/SequenceInformationExtractorFirebirdDatabaseImpl.java,0,0,0,0,0
hibernate-community-dialects/src/main/java/org/hibernate/community/dialect/sequence/SequenceInformationExtractorInformixDatabaseImpl.java,0,0,0,0,0
hibernate-community-dialects/src/main/java/org/hibernate/community/dialect/sequence/SequenceInformationExtractorIngresDatabaseImpl.java,0,0,0,0,0
hibernate-community-dialects/src/main/java/org/hibernate/community/dialect/sequence/SequenceInformationExtractorMimerSQLDatabaseImpl.java,0,0,0,0,0
hibernate-community-dialects/src/main/java/org/hibernate/community/dialect/sequence/SequenceInformationExtractorSAPDBDatabaseImpl.java,0,0,0,0,0
hibernate-community-dialects/src/main/java/org/hibernate/community/dialect/sequence/SequenceInformationExtractorTimesTenDatabaseImpl.java,0,0,0,0,0
hibernate-core/src/main/java/org/hibernate/DuplicateMappingException.java,0,0,0,0,0
hibernate-core/src/main/java/org/hibernate/EmptyInterceptor.java,0,0,0,0,0
hibernate-core/src/main/java/org/hibernate/Filter.java,0,0,0,0,0
hibernate-core/src/main/java/org/hibernate/IdentifierLoadAccess.java,4,1,184,94,5338
hibernate-core/src/main/java/org/hibernate/Metamodel.java,0,0,0,0,0
hibernate-core/src/main/java/org/hibernate/MultiIdentifierLoadAccess.java,4,3,53,94,3839
hibernate-core/src/main/java/org/hibernate/NaturalIdLoadAccess.java,5,2,68,94,5338
hibernate-core/src/main/java/org/hibernate/QueryException.java,1,1,10,191,5692
hibernate-core/src/main/java/org/hibernate/ReplicationMode.java,0,0,0,0,0
hibernate-core/src/main/java/org/hibernate/SessionBuilder.java,13,2,294,5,5519
hibernate-core/src/main/java/org/hibernate/SessionFactory.java,6,2,99,97,5692
hibernate-core/src/main/java/org/hibernate/SharedSessionBuilder.java,11,3,86,5,5519
hibernate-core/src/main/java/org/hibernate/StatelessSessionBuilder.java,11,2,223,5,5485
hibernate-core/src/main/java/org/hibernate/annotations/AttributeAccessor.java,0,0,0,0,0
hibernate-core/src/main/java/org/hibernate/annotations/Cache.java,0,0,0,0,0
hibernate-core/src/main/java/org/hibernate/annotations/CacheModeType.java,0,0,0,0,0
hibernate-core/src/main/java/org/hibernate/annotations/CurrentTimestamp.java,1,1,3,290,1741
hibernate-core/src/main/java/org/hibernate/annotations/DynamicInsert.java,0,0,0,0,0
hibernate-core/src/main/java/org/hibernate/annotations/DynamicUpdate.java,1,1,1,100,5410
hibernate-core/src/main/java/org/hibernate/annotations/ForeignKey.java,0,0,0,0,0
hibernate-core/src/main/java/org/hibernate/annotations/Generated.java,0,0,0,0,0
hibernate-core/src/main/java/org/hibernate/annotations/GenerationTime.java,0,0,0,0,0
hibernate-core/src/main/java/org/hibernate/annotations/GeneratorType.java,0,0,0,0,0
hibernate-core/src/main/java/org/hibernate/annotations/GenericGenerator.java,0,0,0,0,0
hibernate-core/src/main/java/org/hibernate/annotations/Index.java,0,0,0,0,0
hibernate-core/src/main/java/org/hibernate/annotations/IndexColumn.java,0,0,0,0,0
hibernate-core/src/main/java/org/hibernate/annotations/LazyCollection.java,0,0,0,0,0
hibernate-core/src/main/java/org/hibernate/annotations/LazyCollectionOption.java,0,0,0,0,0
hibernate-core/src/main/java/org/hibernate/annotations/LazyToOne.java,0,0,0,0,0
hibernate-core/src/main/java/org/hibernate/annotations/LazyToOneOption.java,0,0,0,0,0
hibernate-core/src/main/java/org/hibernate/annotations/Loader.java,0,0,0,0,0
hibernate-core/src/main/java/org/hibernate/annotations/NamedNativeQuery.java,3,2,8,11,5692
hibernate-core/src/main/java/org/hibernate/annotations/NamedQuery.java,3,2,10,11,5692
hibernate-core/src/main/java/org/hibernate/annotations/NoAttributeConverter.java,0,0,0,0,0
hibernate-core/src/main/java/org/hibernate/annotations/OrderBy.java,0,0,0,0,0
hibernate-core/src/main/java/org/hibernate/annotations/Persister.java,0,0,0,0,0
hibernate-core/src/main/java/org/hibernate/annotations/Polymorphism.java,0,0,0,0,0
hibernate-core/src/main/java/org/hibernate/annotations/PolymorphismType.java,0,0,0,0,0
hibernate-core/src/main/java/org/hibernate/annotations/Proxy.java,0,0,0,0,0
hibernate-core/src/main/java/org/hibernate/annotations/QueryHints.java,0,0,0,0,0
hibernate-core/src/main/java/org/hibernate/annotations/SelectBeforeUpdate.java,0,0,0,0,0
hibernate-core/src/main/java/org/hibernate/annotations/Source.java,1,1,5,255,5692
hibernate-core/src/main/java/org/hibernate/annotations/Table.java,0,0,0,0,0
hibernate-core/src/main/java/org/hibernate/annotations/Tables.java,0,0,0,0,0
hibernate-core/src/main/java/org/hibernate/annotations/Target.java,0,0,0,0,0
hibernate-core/src/main/java/org/hibernate/annotations/Where.java,0,0,0,0,0
hibernate-core/src/main/java/org/hibernate/annotations/WhereJoinTable.java,0,0,0,0,0
hibernate-core/src/main/java/org/hibernate/boot/AttributeConverterInfo.java,0,0,0,0,0
hibernate-core/src/main/java/org/hibernate/boot/MetadataBuilder.java,2,1,33,54,4079
hibernate-core/src/main/java/org/hibernate/boot/SessionFactoryBuilder.java,5,2,53,4,4079
hibernate-core/src/main/java/org/hibernate/boot/archive/scan/spi/ClassFileArchiveEntryHandler.java,0,0,0,0,0
hibernate-core/src/main/java/org/hibernate/boot/archive/scan/spi/ScanOptions.java,1,1,40,54,4202
hibernate-core/src/main/java/org/hibernate/boot/beanvalidation/DuplicationStrategyImpl.java,0,0,0,0,0
hibernate-core/src/main/java/org/hibernate/boot/cfgxml/internal/CfgXmlAccessServiceInitiator.java,0,0,0,0,0
hibernate-core/src/main/java/org/hibernate/boot/internal/DefaultSessionFactoryBuilderInitiator.java,0,0,0,0,0
hibernate-core/src/main/java/org/hibernate/boot/internal/DefaultSessionFactoryBuilderService.java,0,0,0,0,0
hibernate-core/src/main/java/org/hibernate/boot/internal/GenerationStrategyInterpreter.java,0,0,0,0,0
hibernate-core/src/main/java/org/hibernate/boot/internal/SessionFactoryBuilderImpl.java,7,2,165,4,4079
hibernate-core/src/main/java/org/hibernate/boot/internal/SimpleResourceLocator.java,0,0,0,0,0
hibernate-core/src/main/java/org/hibernate/boot/internal/StandardEntityNotFoundDelegate.java,0,0,0,0,0
hibernate-core/src/main/java/org/hibernate/boot/jaxb/hbm/transform/ColumnDefaultsBasicImpl.java,1,1,2,281,1461
hibernate-core/src/main/java/org/hibernate/boot/jaxb/hbm/transform/UnsupportedFeatureHandling.java,0,0,0,0,0
hibernate-core/src/main/java/org/hibernate/boot/jaxb/internal/MappingBinder.java,3,1,56,234,4079
hibernate-core/src/main/java/org/hibernate/boot/model/Caching.java,0,0,0,0,0
hibernate-core/src/main/java/org/hibernate/boot/model/TypeBeanInstanceProducer.java,0,0,0,0,0
hibernate-core/src/main/java/org/hibernate/boot/model/TypeContributions.java,1,1,6,246,4210
hibernate-core/src/main/java/org/hibernate/boot/model/convert/internal/AttributeConverterManager.java,9,1,232,138,3067
hibernate-core/src/main/java/org/hibernate/boot/model/convert/internal/AutoApplicableConverterDescriptorBypassedImpl.java,0,0,0,0,0
hibernate-core/src/main/java/org/hibernate/boot/model/internal/AttributeConverterDefinitionCollector.java,0,0,0,0,0
hibernate-core/src/main/java/org/hibernate/boot/model/internal/PersistentAttributeFilter.java,0,0,0,0,0
hibernate-core/src/main/java/org/hibernate/boot/model/internal/PkDrivenByDefaultMapsIdSecondPass.java,0,0,0,0,0
hibernate-core/src/main/java/org/hibernate/boot/model/internal/PropertyHolder.java,5,2,20,95,1238
hibernate-core/src/main/java/org/hibernate/boot/model/internal/PropertyMappingElementCollector.java,0,0,0,0,0
hibernate-core/src/main/java/org/hibernate/boot/model/naming/EntityNaming.java,0,0,0,0,0
hibernate-core/src/main/java/org/hibernate/boot/model/naming/ImplicitNamingStrategyComponentPathImpl.java,0,0,0,0,0
hibernate-core/src/main/java/org/hibernate/boot/model/naming/ImplicitNamingStrategyLegacyHbmImpl.java,2,1,34,118,4079
hibernate-core/src/main/java/org/hibernate/boot/model/naming/PhysicalNamingStrategyStandardImpl.java,0,0,0,0,0
hibernate-core/src/main/java/org/hibernate/boot/model/process/internal/VersionResolution.java,2,1,38,154,2216
hibernate-core/src/main/java/org/hibernate/boot/model/relational/SqlStringGenerationContext.java,0,0,0,0,0
hibernate-core/src/main/java/org/hibernate/boot/model/source/internal/hbm/AbstractToOneAttributeSourceImpl.java,0,0,0,0,0
hibernate-core/src/main/java/org/hibernate/boot/model/source/internal/hbm/ColumnSourceImpl.java,0,0,0,0,0
hibernate-core/src/main/java/org/hibernate/boot/model/source/internal/hbm/FilterSourceImpl.java,0,0,0,0,0
hibernate-core/src/main/java/org/hibernate/boot/model/source/internal/hbm/JoinedSubclassEntitySourceImpl.java,0,0,0,0,0
hibernate-core/src/main/java/org/hibernate/boot/model/source/internal/hbm/MappingDocument.java,5,1,52,234,4079
hibernate-core/src/main/java/org/hibernate/boot/model/source/internal/hbm/PluralAttributeElementSourceManyToManyImpl.java,0,0,0,0,0
hibernate-core/src/main/java/org/hibernate/boot/model/source/spi/AbstractAttributeKey.java,0,0,0,0,0
hibernate-core/src/main/java/org/hibernate/boot/model/source/spi/IdentifierSource.java,0,0,0,0,0
hibernate-core/src/main/java/org/hibernate/boot/model/source/spi/MetadataSourceProcessor.java,0,0,0,0,0
hibernate-core/src/main/java/org/hibernate/boot/model/source/spi/SingularAttributeNature.java,0,0,0,0,0
hibernate-core/src/main/java/org/hibernate/boot/spi/AdditionalJaxbMappingProducer.java,0,0,0,0,0
hibernate-core/src/main/java/org/hibernate/boot/spi/AdditionalMappingContributions.java,0,0,0,0,0
hibernate-core/src/main/java/org/hibernate/boot/spi/MetadataBuilderContributor.java,1,1,4,100,4070
hibernate-core/src/main/java/org/hibernate/boot/spi/MetadataBuildingOptions.java,0,0,0,0,0
hibernate-core/src/main/java/org/hibernate/boot/spi/MetadataContributor.java,0,0,0,0,0
hibernate-core/src/main/java/org/hibernate/boot/spi/SessionFactoryOptions.java,9,4,92,4,4042
hibernate-core/src/main/java/org/hibernate/boot/xsd/MappingXsdSupport.java,1,1,8,129,2961
hibernate-core/src/main/java/org/hibernate/bytecode/enhance/internal/bytebuddy/ByteBuddyEnhancementContext.java,3,3,118,129,3505
hibernate-core/src/main/java/org/hibernate/bytecode/enhance/spi/EnhancementContext.java,4,2,47,285,4953
hibernate-core/src/main/java/org/hibernate/bytecode/enhance/spi/LazyPropertyInitializer.java,1,1,2,80,3831
hibernate-core/src/main/java/org/hibernate/bytecode/internal/BytecodeProviderInitiator.java,1,1,18,249,2287
hibernate-core/src/main/java/org/hibernate/bytecode/internal/bytebuddy/PassThroughInterceptor.java,0,0,0,0,0
hibernate-core/src/main/java/org/hibernate/bytecode/spi/BytecodeProvider.java,0,0,0,0,0
hibernate-core/src/main/java/org/hibernate/cache/cfg/spi/EntityDataCachingConfig.java,2,1,4,144,2980
hibernate-core/src/main/java/org/hibernate/cache/internal/DefaultCacheKeysFactory.java,2,1,34,154,4001
hibernate-core/src/main/java/org/hibernate/cache/internal/SimpleCacheKeysFactory.java,0,0,0,0,0
hibernate-core/src/main/java/org/hibernate/cache/internal/StandardTimestampsCacheFactory.java,0,0,0,0,0
hibernate-core/src/main/java/org/hibernate/cache/spi/CacheImplementor.java,0,0,0,0,0
hibernate-core/src/main/java/org/hibernate/cache/spi/FilterKey.java,0,0,0,0,0
hibernate-core/src/main/java/org/hibernate/cache/spi/access/EntityDataAccess.java,2,2,12,97,2980
hibernate-core/src/main/java/org/hibernate/cache/spi/entry/CacheEntry.java,0,0,0,0,0
hibernate-core/src/main/java/org/hibernate/cache/spi/entry/UnstructuredCacheEntry.java,0,0,0,0,0
hibernate-core/src/main/java/org/hibernate/cache/spi/support/RegionNameQualifier.java,1,1,13,254,2977
hibernate-core/src/main/java/org/hibernate/cfg/AvailableSettings.java,3,3,10,5,5497
hibernate-core/src/main/java/org/hibernate/cfg/DefaultComponentSafeNamingStrategy.java,0,0,0,0,0
hibernate-core/src/main/java/org/hibernate/cfg/DefaultNamingStrategy.java,0,0,0,0,0
hibernate-core/src/main/java/org/hibernate/cfg/JdbcSettings.java,6,3,91,32,999
hibernate-core/src/main/java/org/hibernate/cfg/MetadataSourceType.java,0,0,0,0,0
hibernate-core/src/main/java/org/hibernate/cfg/NamingStrategy.java,0,0,0,0,0
hibernate-core/src/main/java/org/hibernate/cfg/PersistenceStandardNamingStrategy.java,0,0,0,0,0
hibernate-core/src/main/java/org/hibernate/cfg/RecoverableException.java,0,0,0,0,0
hibernate-core/src/main/java/org/hibernate/classic/Lifecycle.java,0,0,0,0,0
hibernate-core/src/main/java/org/hibernate/collection/internal/CustomCollectionTypeSemantics.java,0,0,0,0,0
hibernate-core/src/main/java/org/hibernate/collection/internal/StandardCollectionSemanticsResolver.java,0,0,0,0,0
hibernate-core/src/main/java/org/hibernate/collection/internal/StandardSortedMapSemantics.java,0,0,0,0,0
hibernate-core/src/main/java/org/hibernate/collection/internal/StandardSortedSetSemantics.java,0,0,0,0,0
hibernate-core/src/main/java/org/hibernate/collection/spi/AbstractMapSemantics.java,0,0,0,0,0
hibernate-core/src/main/java/org/hibernate/collection/spi/BagSemantics.java,0,0,0,0,0
hibernate-core/src/main/java/org/hibernate/collection/spi/CollectionSemanticsResolver.java,0,0,0,0,0
hibernate-core/src/main/java/org/hibernate/collection/spi/MapSemantics.java,0,0,0,0,0
hibernate-core/src/main/java/org/hibernate/collection/spi/PersistentIdentifierBag.java,1,1,12,342,1586
hibernate-core/src/main/java/org/hibernate/dialect/DB2400Dialect.java,0,0,0,0,0
hibernate-core/src/main/java/org/hibernate/dialect/DB2400V7R3Dialect.java,0,0,0,0,0
hibernate-core/src/main/java/org/hibernate/dialect/DB2iDialect.java,11,3,101,109,1983
hibernate-core/src/main/java/org/hibernate/dialect/DerbySqlAstTranslator.java,0,0,0,0,0
hibernate-core/src/main/java/org/hibernate/dialect/HANACloudColumnStoreDialect.java,0,0,0,0,0
hibernate-core/src/main/java/org/hibernate/dialect/HSQLSqlAstTranslator.java,0,0,0,0,0
hibernate-core/src/main/java/org/hibernate/dialect/MariaDB106Dialect.java,0,0,0,0,0
hibernate-core/src/main/java/org/hibernate/dialect/MariaDBSqlAstTranslator.java,0,0,0,0,0
hibernate-core/src/main/java/org/hibernate/dialect/MySQL8Dialect.java,0,0,0,0,0
hibernate-core/src/main/java/org/hibernate/dialect/MySQLServerConfiguration.java,4,2,139,129,1245
hibernate-core/src/main/java/org/hibernate/dialect/OracleBooleanJdbcType.java,0,0,0,0,0
hibernate-core/src/main/java/org/hibernate/dialect/PostgreSQLCastingInetJdbcType.java,0,0,0,0,0
hibernate-core/src/main/java/org/hibernate/dialect/PostgreSQLCastingIntervalSecondJdbcType.java,0,0,0,0,0
hibernate-core/src/main/java/org/hibernate/dialect/PostgreSQLUUIDJdbcType.java,0,0,0,0,0
hibernate-core/src/main/java/org/hibernate/dialect/SQLServer2012Dialect.java,0,0,0,0,0
hibernate-core/src/main/java/org/hibernate/dialect/SQLServer2016Dialect.java,0,0,0,0,0
hibernate-core/src/main/java/org/hibernate/dialect/SqlAstTranslatorWithUpsert.java,0,0,0,0,0
hibernate-core/src/main/java/org/hibernate/dialect/VarcharUUIDJdbcType.java,0,0,0,0,0
hibernate-core/src/main/java/org/hibernate/dialect/function/InsertSubstringOverlayEmulation.java,0,0,0,0,0
hibernate-core/src/main/java/org/hibernate/dialect/identity/AbstractTransactSQLIdentityColumnSupport.java,0,0,0,0,0
hibernate-core/src/main/java/org/hibernate/dialect/identity/CockroachDBIdentityColumnSupport.java,0,0,0,0,0
hibernate-core/src/main/java/org/hibernate/dialect/identity/DB2390IdentityColumnSupport.java,0,0,0,0,0
hibernate-core/src/main/java/org/hibernate/dialect/identity/DB2IdentityColumnSupport.java,0,0,0,0,0
hibernate-core/src/main/java/org/hibernate/dialect/identity/DB2zIdentityColumnSupport.java,0,0,0,0,0
hibernate-core/src/main/java/org/hibernate/dialect/identity/HANAIdentityColumnSupport.java,0,0,0,0,0
hibernate-core/src/main/java/org/hibernate/dialect/identity/HSQLIdentityColumnSupport.java,0,0,0,0,0
hibernate-core/src/main/java/org/hibernate/dialect/identity/IdentityColumnSupportImpl.java,0,0,0,0,0
hibernate-core/src/main/java/org/hibernate/dialect/identity/MySQLIdentityColumnSupport.java,0,0,0,0,0
hibernate-core/src/main/java/org/hibernate/dialect/identity/Oracle12cGetGeneratedKeysDelegate.java,0,0,0,0,0
hibernate-core/src/main/java/org/hibernate/dialect/identity/Oracle12cIdentityColumnSupport.java,0,0,0,0,0
hibernate-core/src/main/java/org/hibernate/dialect/identity/PostgreSQLIdentityColumnSupport.java,0,0,0,0,0
hibernate-core/src/main/java/org/hibernate/dialect/identity/SQLServerIdentityColumnSupport.java,0,0,0,0,0
hibernate-core/src/main/java/org/hibernate/dialect/identity/SybaseJconnIdentityColumnSupport.java,0,0,0,0,0
hibernate-core/src/main/java/org/hibernate/dialect/lock/UpdateLockingStrategy.java,6,1,131,157,5692
hibernate-core/src/main/java/org/hibernate/dialect/pagination/LegacyDB2LimitHandler.java,1,1,5,285,2298
hibernate-core/src/main/java/org/hibernate/dialect/pagination/LegacyHSQLLimitHandler.java,0,0,0,0,0
hibernate-core/src/main/java/org/hibernate/dialect/pagination/LimitLimitHandler.java,2,2,39,175,2298
hibernate-core/src/main/java/org/hibernate/dialect/pagination/LimitOffsetLimitHandler.java,2,2,43,175,2298
hibernate-core/src/main/java/org/hibernate/dialect/pagination/NoopLimitHandler.java,2,2,21,175,5052
hibernate-core/src/main/java/org/hibernate/dialect/pagination/TopLimitHandler.java,1,1,17,285,4077
hibernate-core/src/main/java/org/hibernate/dialect/sequence/LegacyDB2SequenceSupport.java,0,0,0,0,0
hibernate-core/src/main/java/org/hibernate/dialect/unique/DefaultUniqueDelegate.java,0,0,0,0,0
hibernate-core/src/main/java/org/hibernate/engine/OptimisticLockStyle.java,0,0,0,0,0
hibernate-core/src/main/java/org/hibernate/engine/config/internal/ConfigurationServiceImpl.java,7,1,98,155,5003
hibernate-core/src/main/java/org/hibernate/engine/config/internal/ConfigurationServiceInitiator.java,0,0,0,0,0
hibernate-core/src/main/java/org/hibernate/engine/internal/ImmutableEntityEntryFactory.java,2,1,8,351,4057
hibernate-core/src/main/java/org/hibernate/engine/internal/MutableEntityEntryFactory.java,2,1,5,351,4057
hibernate-core/src/main/java/org/hibernate/engine/internal/Versioning.java,3,1,31,249,5485
hibernate-core/src/main/java/org/hibernate/engine/jdbc/NClobProxy.java,0,0,0,0,0
hibernate-core/src/main/java/org/hibernate/engine/jdbc/NonContextualLobCreator.java,0,0,0,0,0
hibernate-core/src/main/java/org/hibernate/engine/jdbc/ReaderInputStream.java,0,0,0,0,0
hibernate-core/src/main/java/org/hibernate/engine/jdbc/batch/internal/BatchBuilderInitiator.java,2,1,55,19,5548
hibernate-core/src/main/java/org/hibernate/engine/jdbc/batch/spi/BatchKey.java,0,0,0,0,0
hibernate-core/src/main/java/org/hibernate/engine/jdbc/connections/internal/MultiTenantConnectionProviderInitiator.java,2,1,90,268,5003
hibernate-core/src/main/java/org/hibernate/engine/jdbc/connections/spi/AbstractDataSourceBasedMultiTenantConnectionProviderImpl.java,2,1,21,155,5003
hibernate-core/src/main/java/org/hibernate/engine/jdbc/connections/spi/AbstractMultiTenantConnectionProvider.java,2,1,16,155,5003
hibernate-core/src/main/java/org/hibernate/engine/jdbc/cursor/internal/RefCursorSupportInitiator.java,0,0,0,0,0
hibernate-core/src/main/java/org/hibernate/engine/jdbc/dialect/internal/DialectFactoryInitiator.java,0,0,0,0,0
hibernate-core/src/main/java/org/hibernate/engine/jdbc/dialect/internal/DialectResolverInitiator.java,0,0,0,0,0
hibernate-core/src/main/java/org/hibernate/engine/jdbc/dialect/spi/BasicDialectResolver.java,0,0,0,0,0
hibernate-core/src/main/java/org/hibernate/engine/jdbc/dialect/spi/BasicSQLExceptionConverter.java,0,0,0,0,0
hibernate-core/src/main/java/org/hibernate/engine/jdbc/env/internal/QualifiedObjectNameFormatterStandardImpl.java,2,1,138,242,4079
hibernate-core/src/main/java/org/hibernate/engine/jdbc/env/spi/JdbcEnvironment.java,0,0,0,0,0
hibernate-core/src/main/java/org/hibernate/engine/jdbc/internal/FormatStyle.java,0,0,0,0,0
hibernate-core/src/main/java/org/hibernate/engine/jdbc/internal/JdbcServicesInitiator.java,0,0,0,0,0
hibernate-core/src/main/java/org/hibernate/engine/jdbc/internal/SqlStatementLoggerInitiator.java,0,0,0,0,0
hibernate-core/src/main/java/org/hibernate/engine/jdbc/mutation/internal/JdbcValueBindingsImpl.java,2,2,106,5,1262
hibernate-core/src/main/java/org/hibernate/engine/jdbc/mutation/internal/MutationExecutorPostInsert.java,0,0,0,0,0
hibernate-core/src/main/java/org/hibernate/engine/jdbc/mutation/internal/MutationExecutorSingleSelfExecuting.java,2,1,8,5,1262
hibernate-core/src/main/java/org/hibernate/engine/jdbc/mutation/internal/NoBatchKeyAccess.java,0,0,0,0,0
hibernate-core/src/main/java/org/hibernate/engine/jdbc/mutation/internal/PreparedStatementGroupStandard.java,2,2,13,5,1262
hibernate-core/src/main/java/org/hibernate/engine/jndi/internal/JndiServiceInitiator.java,0,0,0,0,0
hibernate-core/src/main/java/org/hibernate/engine/profile/Fetch.java,0,0,0,0,0
hibernate-core/src/main/java/org/hibernate/engine/query/spi/EntityGraphQueryHint.java,0,0,0,0,0
hibernate-core/src/main/java/org/hibernate/engine/query/spi/NativeQueryInterpreterInitiator.java,0,0,0,0,0
hibernate-core/src/main/java/org/hibernate/engine/spi/CacheInitiator.java,1,1,2,252,5081
hibernate-core/src/main/java/org/hibernate/engine/spi/CascadeStyles.java,1,1,6,247,5015
hibernate-core/src/main/java/org/hibernate/engine/spi/FilterDefinition.java,1,1,2,174,5485
hibernate-core/src/main/java/org/hibernate/engine/spi/Mapping.java,0,0,0,0,0
hibernate-core/src/main/java/org/hibernate/engine/spi/PersistentAttributeInterceptor.java,0,0,0,0,0
hibernate-core/src/main/java/org/hibernate/engine/spi/SessionFactoryImplementor.java,9,3,67,5,5485
hibernate-core/src/main/java/org/hibernate/engine/spi/SessionImplementor.java,8,2,86,5,5485
hibernate-core/src/main/java/org/hibernate/engine/spi/SharedSessionContractImplementor.java,22,5,398,2,3674
hibernate-core/src/main/java/org/hibernate/engine/transaction/jta/platform/internal/JtaPlatformInitiator.java,5,1,54,238,5003
hibernate-core/src/main/java/org/hibernate/engine/transaction/jta/platform/internal/JtaPlatformResolverInitiator.java,2,1,6,247,4836
hibernate-core/src/main/java/org/hibernate/event/internal/DefaultLockEventListener.java,8,2,193,167,5485
hibernate-core/src/main/java/org/hibernate/event/internal/DefaultPersistEventListener.java,8,2,131,123,5485
hibernate-core/src/main/java/org/hibernate/event/internal/DefaultSaveEventListener.java,0,0,0,0,0
hibernate-core/src/main/java/org/hibernate/event/internal/DefaultUpdateEventListener.java,0,0,0,0,0
hibernate-core/src/main/java/org/hibernate/event/internal/EntityCopyNotAllowedObserver.java,3,1,44,238,4350
hibernate-core/src/main/java/org/hibernate/event/internal/EvictVisitor.java,5,1,43,238,5485
hibernate-core/src/main/java/org/hibernate/event/internal/OnLockVisitor.java,3,1,84,169,5485
hibernate-core/src/main/java/org/hibernate/event/service/internal/EventListenerRegistryImpl.java,4,2,82,123,5499
hibernate-core/src/main/java/org/hibernate/event/service/spi/EventListenerGroup.java,1,1,16,242,5499
hibernate-core/src/main/java/org/hibernate/event/spi/DeleteEvent.java,2,2,4,269,5485
hibernate-core/src/main/java/org/hibernate/event/spi/EventSource.java,2,2,14,5,5485
hibernate-core/src/main/java/org/hibernate/event/spi/ReplicateEventListener.java,0,0,0,0,0
hibernate-core/src/main/java/org/hibernate/event/spi/SaveOrUpdateEventListener.java,0,0,0,0,0
hibernate-core/src/main/java/org/hibernate/exception/internal/StandardSQLExceptionConverter.java,1,1,4,255,5238
hibernate-core/src/main/java/org/hibernate/generator/internal/SourceGeneration.java,6,1,104,4,1255
hibernate-core/src/main/java/org/hibernate/graph/Graph.java,1,1,19,129,2776
hibernate-core/src/main/java/org/hibernate/graph/GraphSemantic.java,1,1,4,95,2776
hibernate-core/src/main/java/org/hibernate/graph/internal/SubGraphImpl.java,0,0,0,0,0
hibernate-core/src/main/java/org/hibernate/graph/spi/GraphImplementor.java,1,1,32,95,2776
hibernate-core/src/main/java/org/hibernate/graph/spi/SubGraphImplementor.java,0,0,0,0,0
hibernate-core/src/main/java/org/hibernate/id/AbstractPostInsertGenerator.java,0,0,0,0,0
hibernate-core/src/main/java/org/hibernate/id/Assigned.java,0,0,0,0,0
hibernate-core/src/main/java/org/hibernate/id/IdentifierGenerator.java,0,0,0,0,0
hibernate-core/src/main/java/org/hibernate/id/ResultSetIdentifierConsumer.java,0,0,0,0,0
hibernate-core/src/main/java/org/hibernate/id/UUIDGenerationStrategy.java,0,0,0,0,0
hibernate-core/src/main/java/org/hibernate/id/enhanced/DatabaseStructure.java,3,1,22,232,5692
hibernate-core/src/main/java/org/hibernate/id/enhanced/OptimizerFactory.java,5,1,65,131,5692
hibernate-core/src/main/java/org/hibernate/id/factory/IdentifierGeneratorFactory.java,0,0,0,0,0
hibernate-core/src/main/java/org/hibernate/id/factory/internal/IdentityGenerationTypeStrategy.java,0,0,0,0,0
hibernate-core/src/main/java/org/hibernate/id/factory/internal/SequenceGenerationTypeStrategy.java,0,0,0,0,0
hibernate-core/src/main/java/org/hibernate/id/factory/internal/StandardIdentifierGeneratorFactoryInitiator.java,0,0,0,0,0
hibernate-core/src/main/java/org/hibernate/id/factory/internal/TableGenerationTypeStrategy.java,0,0,0,0,0
hibernate-core/src/main/java/org/hibernate/id/factory/internal/UUIDGenerationTypeStrategy.java,0,0,0,0,0
hibernate-core/src/main/java/org/hibernate/id/insert/InsertGeneratedIdentifierDelegate.java,0,0,0,0,0
hibernate-core/src/main/java/org/hibernate/id/insert/InsertSelectIdentityInsert.java,0,0,0,0,0
hibernate-core/src/main/java/org/hibernate/id/uuid/StandardRandomStrategy.java,0,0,0,0,0
hibernate-core/src/main/java/org/hibernate/integrator/internal/IntegratorServiceImpl.java,4,1,50,176,5499
hibernate-core/src/main/java/org/hibernate/integrator/spi/Integrator.java,0,0,0,0,0
hibernate-core/src/main/java/org/hibernate/internal/SessionCreationOptions.java,3,2,5,254,3674
hibernate-core/src/main/java/org/hibernate/internal/SessionOwnerBehavior.java,1,1,14,243,3674
hibernate-core/src/main/java/org/hibernate/internal/log/UrlMessageBundle.java,1,1,3,102,4202
hibernate-core/src/main/java/org/hibernate/internal/util/CharSequenceHelper.java,1,1,4,466,1682
hibernate-core/src/main/java/org/hibernate/internal/util/ConfigHelper.java,0,0,0,0,0
hibernate-core/src/main/java/org/hibernate/internal/util/EntityPrinter.java,5,1,69,238,5366
hibernate-core/src/main/java/org/hibernate/internal/util/NullnessHelper.java,0,0,0,0,0
hibernate-core/src/main/java/org/hibernate/internal/util/collections/JoinedList.java,0,0,0,0,0
hibernate-core/src/main/java/org/hibernate/internal/util/compare/CalendarComparator.java,0,0,0,0,0
hibernate-core/src/main/java/org/hibernate/internal/util/compare/RowVersionComparator.java,0,0,0,0,0
hibernate-core/src/main/java/org/hibernate/internal/util/config/ConfigurationException.java,0,0,0,0,0
hibernate-core/src/main/java/org/hibernate/internal/util/io/StreamCopier.java,0,0,0,0,0
hibernate-core/src/main/java/org/hibernate/internal/util/xml/DTDEntityResolver.java,5,1,85,238,5545
hibernate-core/src/main/java/org/hibernate/jpa/QueryHints.java,2,2,12,12,4191
hibernate-core/src/main/java/org/hibernate/jpa/boot/internal/ParsedPersistenceXmlDescriptor.java,3,1,100,54,3674
hibernate-core/src/main/java/org/hibernate/jpa/boot/spi/StrategyRegistrationProviderList.java,0,0,0,0,0
hibernate-core/src/main/java/org/hibernate/jpa/boot/spi/TypeContributorList.java,0,0,0,0,0
hibernate-core/src/main/java/org/hibernate/jpa/internal/ExceptionMapperLegacyJpaImpl.java,2,1,46,175,3674
hibernate-core/src/main/java/org/hibernate/jpa/internal/enhance/EnhancingClassTransformerImpl.java,0,0,0,0,0
hibernate-core/src/main/java/org/hibernate/jpa/spi/IdentifierGeneratorStrategyProvider.java,0,0,0,0,0
hibernate-core/src/main/java/org/hibernate/jpa/spi/JpaCompliance.java,1,1,2,155,2956
hibernate-core/src/main/java/org/hibernate/jpa/spi/NativeQueryListTransformer.java,1,1,2,361,1077
hibernate-core/src/main/java/org/hibernate/jpa/spi/NativeQueryMapTransformer.java,1,1,2,361,1077
hibernate-core/src/main/java/org/hibernate/jpa/spi/NativeQueryTupleTransformer.java,3,2,36,107,3219
hibernate-core/src/main/java/org/hibernate/loader/ast/internal/BatchLoaderFactoryInitiator.java,0,0,0,0,0
hibernate-core/src/main/java/org/hibernate/loader/ast/internal/CollectionBatchLoaderArrayParam.java,13,4,240,17,1130
hibernate-core/src/main/java/org/hibernate/loader/ast/internal/CollectionBatchLoaderInPredicate.java,8,2,125,66,1130
hibernate-core/src/main/java/org/hibernate/loader/ast/internal/CollectionLoaderNamedQuery.java,3,2,21,16,2350
hibernate-core/src/main/java/org/hibernate/loader/ast/internal/EntityBatchLoaderArrayParam.java,11,3,91,17,1130
hibernate-core/src/main/java/org/hibernate/loader/ast/internal/EntityBatchLoaderInPredicate.java,8,2,75,66,1130
hibernate-core/src/main/java/org/hibernate/loader/ast/internal/MultiNaturalIdLoaderInPredicate.java,1,1,11,216,1130
hibernate-core/src/main/java/org/hibernate/loader/ast/internal/SingleIdLoadPlan.java,3,2,55,173,2351
hibernate-core/src/main/java/org/hibernate/loader/ast/package-info.java,0,0,0,0,0
hibernate-core/src/main/java/org/hibernate/loader/ast/spi/AfterLoadAction.java,0,0,0,0,0
hibernate-core/src/main/java/org/hibernate/loader/ast/spi/CollectionLoader.java,0,0,0,0,0
hibernate-core/src/main/java/org/hibernate/mapping/Constraint.java,2,1,9,233,5692
hibernate-core/src/main/java/org/hibernate/mapping/FetchProfile.java,0,0,0,0,0
hibernate-core/src/main/java/org/hibernate/mapping/IdGenerator.java,0,0,0,0,0
hibernate-core/src/main/java/org/hibernate/mapping/Index.java,0,0,0,0,0
hibernate-core/src/main/java/org/hibernate/mapping/IndexedBiConsumer.java,0,0,0,0,0
hibernate-core/src/main/java/org/hibernate/mapping/IndexedConsumer.java,0,0,0,0,0
hibernate-core/src/main/java/org/hibernate/mapping/KeyValue.java,1,1,4,352,5692
hibernate-core/src/main/java/org/hibernate/mapping/ManyToOne.java,2,1,8,66,5692
hibernate-core/src/main/java/org/hibernate/mapping/OneToOne.java,3,1,23,66,5692
hibernate-core/src/main/java/org/hibernate/mapping/Selectable.java,1,1,12,272,5692
hibernate-core/src/main/java/org/hibernate/mapping/SemanticsResolver.java,0,0,0,0,0
hibernate-core/src/main/java/org/hibernate/mapping/TypeDef.java,0,0,0,0,0
hibernate-core/src/main/java/org/hibernate/metadata/ClassMetadata.java,0,0,0,0,0
hibernate-core/src/main/java/org/hibernate/metadata/CollectionMetadata.java,0,0,0,0,0
hibernate-core/src/main/java/org/hibernate/metamodel/mapping/AttributeMetadata.java,1,1,2,96,2433
hibernate-core/src/main/java/org/hibernate/metamodel/mapping/DiscriminatedAssociationModelPart.java,0,0,0,0,0
hibernate-core/src/main/java/org/hibernate/metamodel/mapping/JdbcMapping.java,2,1,36,345,2441
hibernate-core/src/main/java/org/hibernate/metamodel/mapping/MappedDiscriminatorConverter.java,0,0,0,0,0
hibernate-core/src/main/java/org/hibernate/metamodel/mapping/internal/EmptyAttributeMappingsMap.java,1,1,5,242,1154
hibernate-core/src/main/java/org/hibernate/metamodel/mapping/internal/GeneratedValuesProcessor.java,8,2,68,5,1742
hibernate-core/src/main/java/org/hibernate/metamodel/mapping/internal/ImmutableAttributeMappingsMap.java,1,1,21,242,1154
hibernate-core/src/main/java/org/hibernate/metamodel/model/domain/EmbeddedDomainType.java,0,0,0,0,0
hibernate-core/src/main/java/org/hibernate/metamodel/model/domain/JpaMetamodel.java,10,1,96,128,2544
hibernate-core/src/main/java/org/hibernate/metamodel/model/domain/NavigableRole.java,3,2,52,100,2980
hibernate-core/src/main/java/org/hibernate/metamodel/model/domain/internal/AttributeContainer.java,2,1,5,129,2545
hibernate-core/src/main/java/org/hibernate/metamodel/model/domain/internal/EntityPersisterConcurrentMap.java,2,1,28,153,1082
hibernate-core/src/main/java/org/hibernate/metamodel/model/domain/internal/ListAttributeImpl.java,3,2,25,191,2776
hibernate-core/src/main/java/org/hibernate/metamodel/model/domain/internal/MapAttributeImpl.java,3,2,25,191,2776
hibernate-core/src/main/java/org/hibernate/metamodel/spi/EmbeddableRepresentationStrategy.java,0,0,0,0,0
hibernate-core/src/main/java/org/hibernate/metamodel/spi/MetamodelImplementor.java,0,0,0,0,0
hibernate-core/src/main/java/org/hibernate/persister/collection/CompositeElementPropertyMapping.java,0,0,0,0,0
hibernate-core/src/main/java/org/hibernate/persister/collection/DeprecatedCollectionStuff.java,0,0,0,0,0
hibernate-core/src/main/java/org/hibernate/persister/collection/QueryableCollection.java,0,0,0,0,0
hibernate-core/src/main/java/org/hibernate/persister/entity/BasicEntityPropertyMapping.java,0,0,0,0,0
hibernate-core/src/main/java/org/hibernate/persister/entity/DeprecatedEntityStuff.java,0,0,0,0,0
hibernate-core/src/main/java/org/hibernate/persister/entity/DiscriminatorMetadata.java,0,0,0,0,0
hibernate-core/src/main/java/org/hibernate/persister/entity/DiscriminatorType.java,1,1,15,303,5692
hibernate-core/src/main/java/org/hibernate/persister/entity/EntityPersister.java,13,3,161,5,5692
hibernate-core/src/main/java/org/hibernate/persister/entity/Joinable.java,0,0,0,0,0
hibernate-core/src/main/java/org/hibernate/persister/entity/Loadable.java,0,0,0,0,0
hibernate-core/src/main/java/org/hibernate/persister/entity/Lockable.java,0,0,0,0,0
hibernate-core/src/main/java/org/hibernate/persister/entity/OuterJoinLoadable.java,0,0,0,0,0
hibernate-core/src/main/java/org/hibernate/persister/entity/Queryable.java,0,0,0,0,0
hibernate-core/src/main/java/org/hibernate/persister/entity/SQLLoadable.java,0,0,0,0,0
hibernate-core/src/main/java/org/hibernate/persister/entity/UniqueKeyLoadable.java,0,0,0,0,0
hibernate-core/src/main/java/org/hibernate/persister/entity/mutation/AttributeAnalysis.java,0,0,0,0,0
hibernate-core/src/main/java/org/hibernate/persister/internal/PersisterClassResolverInitiator.java,1,1,2,247,5546
hibernate-core/src/main/java/org/hibernate/persister/internal/PersisterFactoryImpl.java,1,1,10,247,5546
hibernate-core/src/main/java/org/hibernate/persister/internal/PersisterFactoryInitiator.java,1,1,4,247,5546
hibernate-core/src/main/java/org/hibernate/persister/internal/StandardPersisterClassResolver.java,0,0,0,0,0
hibernate-core/src/main/java/org/hibernate/persister/spi/PersisterCreationContext.java,0,0,0,0,0
hibernate-core/src/main/java/org/hibernate/persister/spi/PersisterFactory.java,0,0,0,0,0
hibernate-core/src/main/java/org/hibernate/procedure/internal/JTDSCallableStatementSupport.java,1,1,2,107,1243
hibernate-core/src/main/java/org/hibernate/property/access/internal/PropertyAccessStrategyBackRefImpl.java,1,1,7,281,3993
hibernate-core/src/main/java/org/hibernate/property/access/internal/PropertyAccessStrategyBasicImpl.java,1,1,2,281,3993
hibernate-core/src/main/java/org/hibernate/property/access/internal/PropertyAccessStrategyEmbeddedImpl.java,1,1,2,281,3993
hibernate-core/src/main/java/org/hibernate/property/access/internal/PropertyAccessStrategyEnhancedImpl.java,1,1,22,281,3931
hibernate-core/src/main/java/org/hibernate/property/access/internal/PropertyAccessStrategyFieldImpl.java,1,1,2,281,3993
hibernate-core/src/main/java/org/hibernate/property/access/internal/PropertyAccessStrategyIndexBackRefImpl.java,1,1,5,281,3993
hibernate-core/src/main/java/org/hibernate/property/access/internal/PropertyAccessStrategyMapImpl.java,1,1,2,281,3993
hibernate-core/src/main/java/org/hibernate/property/access/internal/PropertyAccessStrategyMixedImpl.java,1,1,2,281,3993
hibernate-core/src/main/java/org/hibernate/property/access/internal/PropertyAccessStrategyResolverInitiator.java,0,0,0,0,0
hibernate-core/src/main/java/org/hibernate/property/access/spi/PropertyAccessStrategyResolver.java,0,0,0,0,0
hibernate-core/src/main/java/org/hibernate/proxy/pojo/bytebuddy/ByteBuddyProxyHelper.java,3,2,80,249,2846
hibernate-core/src/main/java/org/hibernate/query/QueryProducer.java,2,2,622,100,3674
hibernate-core/src/main/java/org/hibernate/query/SemanticException.java,1,1,7,191,2544
hibernate-core/src/main/java/org/hibernate/query/criteria/JpaQueryPart.java,1,1,9,191,1907
hibernate-core/src/main/java/org/hibernate/query/criteria/JpaRoot.java,0,0,0,0,0
hibernate-core/src/main/java/org/hibernate/query/criteria/JpaTupleElement.java,1,1,6,363,2546
hibernate-core/src/main/java/org/hibernate/query/derived/AnonymousTupleType.java,0,0,0,0,0
hibernate-core/src/main/java/org/hibernate/query/derived/CteTupleTableGroupProducer.java,0,0,0,0,0
hibernate-core/src/main/java/org/hibernate/query/hql/LiteralConsumer.java,0,0,0,0,0
hibernate-core/src/main/java/org/hibernate/query/internal/ImplicitModelPartResultMemento.java,1,1,57,343,2097
hibernate-core/src/main/java/org/hibernate/query/internal/QueryParameterBindingImpl.java,18,2,632,44,3674
hibernate-core/src/main/java/org/hibernate/query/internal/ResultMementoBasicStandard.java,7,2,270,116,2099
hibernate-core/src/main/java/org/hibernate/query/named/NamedObjectRepository.java,1,1,92,107,2013
hibernate-core/src/main/java/org/hibernate/query/results/complete/CompleteResultBuilderEntityStandard.java,0,0,0,0,0
hibernate-core/src/main/java/org/hibernate/query/results/complete/EntityResultImpl.java,0,0,0,0,0
hibernate-core/src/main/java/org/hibernate/query/results/implicit/ImplicitFetchBuilderPlural.java,0,0,0,0,0
hibernate-core/src/main/java/org/hibernate/query/spi/SelectQueryPlan.java,0,0,0,0,0
hibernate-core/src/main/java/org/hibernate/query/sql/spi/NativeNonSelectQueryDefinition.java,0,0,0,0,0
hibernate-core/src/main/java/org/hibernate/query/sqm/SqmJoinable.java,1,1,5,191,2546
hibernate-core/src/main/java/org/hibernate/query/sqm/function/FunctionRenderer.java,0,0,0,0,0
hibernate-core/src/main/java/org/hibernate/query/sqm/function/FunctionRenderingSupport.java,0,0,0,0,0
hibernate-core/src/main/java/org/hibernate/query/sqm/function/SelfRenderingAggregateFunctionSqlAstExpression.java,0,0,0,0,0
hibernate-core/src/main/java/org/hibernate/query/sqm/function/SelfRenderingFunctionSqlAstExpression.java,2,2,10,4,2298
hibernate-core/src/main/java/org/hibernate/query/sqm/function/SelfRenderingOrderedSetAggregateFunctionSqlAstExpression.java,0,0,0,0,0
hibernate-core/src/main/java/org/hibernate/query/sqm/function/SelfRenderingSqmAggregateFunction.java,3,3,50,154,1811
hibernate-core/src/main/java/org/hibernate/query/sqm/function/SelfRenderingSqmWindowFunction.java,4,4,60,154,1558
hibernate-core/src/main/java/org/hibernate/query/sqm/function/SelfRenderingWindowFunctionSqlAstExpression.java,0,0,0,0,0
hibernate-core/src/main/java/org/hibernate/query/sqm/internal/AggregatedSelectQueryPlanImpl.java,1,1,2,174,2546
hibernate-core/src/main/java/org/hibernate/query/sqm/internal/ParameterCollector.java,0,0,0,0,0
hibernate-core/src/main/java/org/hibernate/query/sqm/mutation/internal/MultiTableSqmMutationConverter.java,2,1,8,191,2363
hibernate-core/src/main/java/org/hibernate/query/sqm/mutation/internal/SqmMultiTableMutationStrategyProviderInitiator.java,0,0,0,0,0
hibernate-core/src/main/java/org/hibernate/query/sqm/mutation/internal/cte/CteDeleteHandler.java,2,1,13,262,2372
hibernate-core/src/main/java/org/hibernate/query/sqm/produce/function/ArgumentsValidator.java,2,1,4,363,2546
hibernate-core/src/main/java/org/hibernate/query/sqm/spi/BaseSemanticQueryWalker.java,1,1,7,191,2469
hibernate-core/src/main/java/org/hibernate/query/sqm/sql/SqmTranslatorFactory.java,0,0,0,0,0
hibernate-core/src/main/java/org/hibernate/query/sqm/sql/internal/DiscriminatedAssociationPathInterpretation.java,1,1,57,19,1857
hibernate-core/src/main/java/org/hibernate/query/sqm/tree/domain/SqmBagJoin.java,3,3,51,13,2546
hibernate-core/src/main/java/org/hibernate/query/sqm/tree/expression/JpaCriteriaParameter.java,8,2,121,191,2431
hibernate-core/src/main/java/org/hibernate/query/sqm/tree/expression/NullSqmExpressible.java,6,2,60,191,1568
hibernate-core/src/main/java/org/hibernate/query/sqm/tree/expression/SqmCaseSimple.java,6,2,121,154,2546
hibernate-core/src/main/java/org/hibernate/query/sqm/tree/expression/SqmDurationUnit.java,6,2,39,191,2298
hibernate-core/src/main/java/org/hibernate/query/sqm/tree/expression/SqmToDuration.java,5,2,55,154,2298
hibernate-core/src/main/java/org/hibernate/resource/beans/container/internal/ContainerManagedLifecycleStrategy.java,2,1,19,240,3036
hibernate-core/src/main/java/org/hibernate/resource/beans/container/spi/ContainedBean.java,0,0,0,0,0
hibernate-core/src/main/java/org/hibernate/resource/beans/spi/ManagedBeanRegistryInitiator.java,0,0,0,0,0
hibernate-core/src/main/java/org/hibernate/resource/jdbc/internal/LogicalConnectionManagedImpl.java,10,2,435,143,4038
hibernate-core/src/main/java/org/hibernate/resource/jdbc/internal/LogicalConnectionProvidedImpl.java,5,1,40,107,4038
hibernate-core/src/main/java/org/hibernate/resource/jdbc/spi/JdbcObserver.java,0,0,0,0,0
hibernate-core/src/main/java/org/hibernate/resource/jdbc/spi/JdbcSessionContext.java,1,1,2,32,4038
hibernate-core/src/main/java/org/hibernate/resource/jdbc/spi/LogicalConnectionImplementor.java,1,1,5,107,4038
hibernate-core/src/main/java/org/hibernate/resource/transaction/backend/jdbc/internal/JdbcResourceLocalTransactionCoordinatorBuilderImpl.java,1,1,6,300,4034
hibernate-core/src/main/java/org/hibernate/resource/transaction/backend/jta/internal/JtaTransactionCoordinatorBuilderImpl.java,0,0,0,0,0
hibernate-core/src/main/java/org/hibernate/resource/transaction/backend/jta/internal/synchronization/SynchronizationCallbackCoordinatorTrackingImpl.java,4,1,37,173,4038
hibernate-core/src/main/java/org/hibernate/resource/transaction/spi/TransactionCoordinator.java,1,1,5,107,3666
hibernate-core/src/main/java/org/hibernate/result/internal/OutputsImpl.java,9,3,435,75,4664
hibernate-core/src/main/java/org/hibernate/service/internal/SessionFactoryServiceRegistryFactoryInitiator.java,0,0,0,0,0
hibernate-core/src/main/java/org/hibernate/sql/Insert.java,0,0,0,0,0
hibernate-core/src/main/java/org/hibernate/sql/ast/SqlAstTranslatorFactory.java,3,1,6,5,2421
hibernate-core/src/main/java/org/hibernate/sql/ast/internal/ParameterMarkerStrategyInitiator.java,0,0,0,0,0
hibernate-core/src/main/java/org/hibernate/sql/ast/internal/ParameterMarkerStrategyStandard.java,0,0,0,0,0
hibernate-core/src/main/java/org/hibernate/sql/ast/spi/SqlAstProcessingState.java,0,0,0,0,0
hibernate-core/src/main/java/org/hibernate/sql/ast/spi/SqlSelectionProducer.java,0,0,0,0,0
hibernate-core/src/main/java/org/hibernate/sql/ast/tree/cte/package-info.java,0,0,0,0,0
hibernate-core/src/main/java/org/hibernate/sql/ast/tree/expression/CaseSearchedExpression.java,0,0,0,0,0
hibernate-core/src/main/java/org/hibernate/sql/ast/tree/expression/Star.java,0,0,0,0,0
hibernate-core/src/main/java/org/hibernate/sql/ast/tree/from/CollectionTableGroup.java,0,0,0,0,0
hibernate-core/src/main/java/org/hibernate/sql/ast/tree/from/CorrelatedPluralTableGroup.java,0,0,0,0,0
hibernate-core/src/main/java/org/hibernate/sql/ast/tree/from/PluralTableGroup.java,0,0,0,0,0
hibernate-core/src/main/java/org/hibernate/sql/ast/tree/from/TableReference.java,0,0,0,0,0
hibernate-core/src/main/java/org/hibernate/sql/ast/tree/insert/InsertSelectStatement.java,4,3,40,5,2440
hibernate-core/src/main/java/org/hibernate/sql/ast/tree/select/SelectStatement.java,3,2,84,178,2525
hibernate-core/src/main/java/org/hibernate/sql/exec/internal/CallbackNoOp.java,0,0,0,0,0
hibernate-core/src/main/java/org/hibernate/sql/exec/internal/JdbcParametersImpl.java,1,1,4,216,2462
hibernate-core/src/main/java/org/hibernate/sql/exec/internal/StandardJdbcMutationExecutor.java,5,3,72,39,2375
hibernate-core/src/main/java/org/hibernate/sql/exec/spi/AbstractJdbcOperationQuery.java,2,2,12,270,1262
hibernate-core/src/main/java/org/hibernate/sql/exec/spi/Callback.java,0,0,0,0,0
hibernate-core/src/main/java/org/hibernate/sql/exec/spi/ExecutionContext.java,1,1,4,351,2540
hibernate-core/src/main/java/org/hibernate/sql/exec/spi/JdbcOperationQuery.java,1,1,25,270,1262
hibernate-core/src/main/java/org/hibernate/sql/exec/spi/JdbcOperationQueryDelete.java,1,1,0,270,1262
hibernate-core/src/main/java/org/hibernate/sql/exec/spi/JdbcOperationQueryUpdate.java,1,1,0,270,1262
hibernate-core/src/main/java/org/hibernate/sql/model/MutationOperationGroup.java,0,0,0,0,0
hibernate-core/src/main/java/org/hibernate/sql/model/ast/MutatingTableReference.java,0,0,0,0,0
hibernate-core/src/main/java/org/hibernate/sql/results/ResultsLogger.java,3,2,22,100,2351
hibernate-core/src/main/java/org/hibernate/sql/results/graph/DomainResultCreationState.java,0,0,0,0,0
hibernate-core/src/main/java/org/hibernate/sql/results/graph/DomainResultGraphNode.java,0,0,0,0,0
hibernate-core/src/main/java/org/hibernate/sql/results/graph/Fetch.java,0,0,0,0,0
hibernate-core/src/main/java/org/hibernate/sql/results/graph/Initializer.java,0,0,0,0,0
hibernate-core/src/main/java/org/hibernate/sql/results/graph/entity/LoadingEntityEntry.java,0,0,0,0,0
hibernate-core/src/main/java/org/hibernate/sql/results/graph/internal/ImmutableFetchList.java,0,0,0,0,0
hibernate-core/src/main/java/org/hibernate/sql/results/jdbc/internal/JdbcValuesMappingProducerProviderInitiator.java,0,0,0,0,0
hibernate-core/src/main/java/org/hibernate/sql/results/jdbc/internal/JdbcValuesMappingProducerProviderStandard.java,2,2,13,116,1172
hibernate-core/src/main/java/org/hibernate/sql/results/jdbc/spi/RowProcessingState.java,0,0,0,0,0
hibernate-core/src/main/java/org/hibernate/sql/results/spi/RowReader.java,0,0,0,0,0
hibernate-core/src/main/java/org/hibernate/stat/NaturalIdStatistics.java,1,1,7,172,2980
hibernate-core/src/main/java/org/hibernate/stat/Statistics.java,1,1,8,19,5692
hibernate-core/src/main/java/org/hibernate/stat/internal/CacheRegionStatisticsImpl.java,3,1,86,227,2980
hibernate-core/src/main/java/org/hibernate/stat/internal/StatisticsInitiator.java,9,1,57,19,5522
hibernate-core/src/main/java/org/hibernate/stat/internal/StatsHelper.java,1,1,13,228,2972
hibernate-core/src/main/java/org/hibernate/stat/internal/StatsNamedContainer.java,1,1,2,228,2469
hibernate-core/src/main/java/org/hibernate/tool/schema/extract/internal/SequenceInformationExtractorDB2DatabaseImpl.java,0,0,0,0,0
hibernate-core/src/main/java/org/hibernate/tool/schema/extract/internal/SequenceInformationExtractorDerbyDatabaseImpl.java,0,0,0,0,0
hibernate-core/src/main/java/org/hibernate/tool/schema/extract/internal/SequenceInformationExtractorH2DatabaseImpl.java,0,0,0,0,0
hibernate-core/src/main/java/org/hibernate/tool/schema/extract/internal/SequenceInformationExtractorHANADatabaseImpl.java,0,0,0,0,0
hibernate-core/src/main/java/org/hibernate/tool/schema/extract/internal/SequenceInformationExtractorHSQLDBDatabaseImpl.java,0,0,0,0,0
hibernate-core/src/main/java/org/hibernate/tool/schema/extract/internal/SequenceInformationExtractorLegacyImpl.java,1,1,2,237,4079
hibernate-core/src/main/java/org/hibernate/tool/schema/extract/internal/SequenceInformationExtractorMariaDBDatabaseImpl.java,1,1,64,237,2662
hibernate-core/src/main/java/org/hibernate/tool/schema/extract/internal/SequenceInformationExtractorNoOpImpl.java,1,1,6,237,4079
hibernate-core/src/main/java/org/hibernate/tool/schema/extract/internal/SequenceInformationExtractorOracleDatabaseImpl.java,0,0,0,0,0
hibernate-core/src/main/java/org/hibernate/tool/schema/extract/internal/SequenceInformationExtractorTiDBDatabaseImpl.java,0,0,0,0,0
hibernate-core/src/main/java/org/hibernate/tool/schema/extract/internal/SequenceNameExtractorImpl.java,0,0,0,0,0
hibernate-core/src/main/java/org/hibernate/tool/schema/extract/spi/ColumnInformation.java,0,0,0,0,0
hibernate-core/src/main/java/org/hibernate/tool/schema/extract/spi/ColumnTypeInformation.java,0,0,0,0,0
hibernate-core/src/main/java/org/hibernate/tool/schema/internal/DefaultSchemaFilter.java,0,0,0,0,0
hibernate-core/src/main/java/org/hibernate/tool/schema/internal/DefaultSchemaFilterProvider.java,0,0,0,0,0
hibernate-core/src/main/java/org/hibernate/tool/schema/internal/ExceptionHandlerHaltImpl.java,0,0,0,0,0
hibernate-core/src/main/java/org/hibernate/tool/schema/internal/ExceptionHandlerLoggedImpl.java,1,1,4,247,3747
hibernate-core/src/main/java/org/hibernate/tool/schema/internal/SchemaManagementToolInitiator.java,1,1,29,19,4079
hibernate-core/src/main/java/org/hibernate/tool/schema/internal/exec/ScriptTargetOutputToFile.java,6,1,44,230,3747
hibernate-core/src/main/java/org/hibernate/tool/schema/internal/script/MultiLineSqlScriptExtractor.java,3,1,35,66,2055
hibernate-core/src/main/java/org/hibernate/tool/schema/internal/script/SqlScriptExtractorInitiator.java,1,1,28,230,2238
hibernate-core/src/main/java/org/hibernate/tool/schema/spi/DelayedDropRegistryNotAvailableImpl.java,0,0,0,0,0
hibernate-core/src/main/java/org/hibernate/tool/schema/spi/Exporter.java,0,0,0,0,0
hibernate-core/src/main/java/org/hibernate/transform/AliasToBeanConstructorResultTransformer.java,1,1,15,107,5692
hibernate-core/src/main/java/org/hibernate/transform/AliasToBeanResultTransformer.java,1,1,15,107,5692
hibernate-core/src/main/java/org/hibernate/transform/AliasToEntityMapResultTransformer.java,1,1,11,107,5692
hibernate-core/src/main/java/org/hibernate/transform/ResultTransformer.java,1,1,30,107,5692
hibernate-core/src/main/java/org/hibernate/transform/ToListResultTransformer.java,1,1,6,107,5692
hibernate-core/src/main/java/org/hibernate/transform/Transformers.java,1,1,65,107,5692
hibernate-core/src/main/java/org/hibernate/tuple/AbstractAttribute.java,0,0,0,0,0
hibernate-core/src/main/java/org/hibernate/tuple/AbstractNonIdentifierAttribute.java,1,1,6,465,4815
hibernate-core/src/main/java/org/hibernate/tuple/AnnotationValueGeneration.java,0,0,0,0,0
hibernate-core/src/main/java/org/hibernate/tuple/Attribute.java,0,0,0,0,0
hibernate-core/src/main/java/org/hibernate/tuple/CreationTimestampGeneration.java,0,0,0,0,0
hibernate-core/src/main/java/org/hibernate/tuple/GenerationTiming.java,0,0,0,0,0
hibernate-core/src/main/java/org/hibernate/tuple/IdentifierAttribute.java,0,0,0,0,0
hibernate-core/src/main/java/org/hibernate/tuple/IdentifierProperty.java,0,0,0,0,0
hibernate-core/src/main/java/org/hibernate/tuple/Instantiator.java,0,0,0,0,0
hibernate-core/src/main/java/org/hibernate/tuple/NonIdentifierAttribute.java,1,1,3,465,4815
hibernate-core/src/main/java/org/hibernate/tuple/PojoInstantiator.java,0,0,0,0,0
hibernate-core/src/main/java/org/hibernate/tuple/PropertyFactory.java,3,1,179,160,5692
hibernate-core/src/main/java/org/hibernate/tuple/StandardProperty.java,1,1,3,465,5692
hibernate-core/src/main/java/org/hibernate/tuple/TimestampGenerators.java,0,0,0,0,0
hibernate-core/src/main/java/org/hibernate/tuple/Tuplizer.java,0,0,0,0,0
hibernate-core/src/main/java/org/hibernate/tuple/UpdateTimestampGeneration.java,0,0,0,0,0
hibernate-core/src/main/java/org/hibernate/tuple/ValueGeneration.java,0,0,0,0,0
hibernate-core/src/main/java/org/hibernate/tuple/ValueGenerator.java,0,0,0,0,0
hibernate-core/src/main/java/org/hibernate/tuple/VmValueGeneration.java,0,0,0,0,0
hibernate-core/src/main/java/org/hibernate/tuple/component/AbstractCompositionAttribute.java,0,0,0,0,0
hibernate-core/src/main/java/org/hibernate/tuple/entity/AbstractEntityBasedAttribute.java,0,0,0,0,0
hibernate-core/src/main/java/org/hibernate/tuple/entity/EntityBasedAssociationAttribute.java,0,0,0,0,0
hibernate-core/src/main/java/org/hibernate/tuple/entity/EntityBasedBasicAttribute.java,0,0,0,0,0
hibernate-core/src/main/java/org/hibernate/tuple/entity/EntityBasedCompositionAttribute.java,0,0,0,0,0
hibernate-core/src/main/java/org/hibernate/tuple/entity/VersionProperty.java,0,0,0,0,0
hibernate-core/src/main/java/org/hibernate/type/ArrayType.java,1,1,2,138,5692
hibernate-core/src/main/java/org/hibernate/type/AssociationType.java,0,0,0,0,0
hibernate-core/src/main/java/org/hibernate/type/BottomType.java,0,0,0,0,0
hibernate-core/src/main/java/org/hibernate/type/ConvertedBasicArrayType.java,1,1,4,319,1150
hibernate-core/src/main/java/org/hibernate/type/ListType.java,1,1,4,246,5692
hibernate-core/src/main/java/org/hibernate/type/MapType.java,1,1,22,246,5692
hibernate-core/src/main/java/org/hibernate/type/MetaType.java,2,1,17,80,5692
hibernate-core/src/main/java/org/hibernate/type/NumericBooleanConverter.java,1,1,20,246,1828
hibernate-core/src/main/java/org/hibernate/type/OneToOneType.java,2,1,12,246,5692
hibernate-core/src/main/java/org/hibernate/type/SpecialOneToOneType.java,1,1,21,246,5692
hibernate-core/src/main/java/org/hibernate/type/SqlTypes.java,3,2,55,24,1668
hibernate-core/src/main/java/org/hibernate/type/descriptor/converter/internal/ArrayConverter.java,1,1,68,154,1150
hibernate-core/src/main/java/org/hibernate/type/descriptor/java/BlobJavaType.java,2,1,25,155,1571
hibernate-core/src/main/java/org/hibernate/type/descriptor/java/CalendarDateJavaType.java,6,2,58,124,1571
hibernate-core/src/main/java/org/hibernate/type/descriptor/java/CalendarJavaType.java,5,2,57,124,1571
hibernate-core/src/main/java/org/hibernate/type/descriptor/java/CalendarTimeJavaType.java,4,1,37,151,1571
hibernate-core/src/main/java/org/hibernate/type/descriptor/java/CoercionHelper.java,1,1,6,124,1837
hibernate-core/src/main/java/org/hibernate/type/descriptor/java/DateJavaType.java,6,2,345,124,1571
hibernate-core/src/main/java/org/hibernate/type/descriptor/java/DoubleJavaType.java,5,2,67,154,1571
hibernate-core/src/main/java/org/hibernate/type/descriptor/java/EnumJavaType.java,4,1,37,154,1571
hibernate-core/src/main/java/org/hibernate/type/descriptor/java/FloatJavaType.java,5,2,66,154,1559
hibernate-core/src/main/java/org/hibernate/type/descriptor/java/InstantJavaType.java,4,1,55,151,1571
hibernate-core/src/main/java/org/hibernate/type/descriptor/java/JavaType.java,5,2,96,153,1672
hibernate-core/src/main/java/org/hibernate/type/descriptor/java/JdbcTimestampJavaType.java,10,2,275,124,1571
hibernate-core/src/main/java/org/hibernate/type/descriptor/java/LocalDateJavaType.java,5,1,77,151,1571
hibernate-core/src/main/java/org/hibernate/type/descriptor/java/LocalTimeJavaType.java,5,1,74,151,1571
hibernate-core/src/main/java/org/hibernate/type/descriptor/java/NClobJavaType.java,2,1,25,155,1571
hibernate-core/src/main/java/org/hibernate/type/descriptor/java/TimeZoneJavaType.java,2,1,15,155,1571
hibernate-core/src/main/java/org/hibernate/type/descriptor/java/UUIDJavaType.java,2,1,17,155,1571
hibernate-core/src/main/java/org/hibernate/type/descriptor/java/UrlJavaType.java,2,1,15,155,1571
hibernate-core/src/main/java/org/hibernate/type/descriptor/java/ZoneOffsetJavaType.java,2,1,17,155,1571
hibernate-core/src/main/java/org/hibernate/type/descriptor/java/spi/RegistryHelper.java,2,1,52,154,2963
hibernate-core/src/main/java/org/hibernate/type/descriptor/jdbc/ArrayJdbcTypeConstructor.java,0,0,0,0,0
hibernate-core/src/main/java/org/hibernate/type/descriptor/jdbc/DurationJdbcType.java,0,0,0,0,0
hibernate-core/src/main/java/org/hibernate/type/descriptor/jdbc/InstantAsTimestampJdbcType.java,0,0,0,0,0
hibernate-core/src/main/java/org/hibernate/type/descriptor/jdbc/InstantAsTimestampWithTimeZoneJdbcType.java,0,0,0,0,0
hibernate-core/src/main/java/org/hibernate/type/descriptor/jdbc/InstantJdbcType.java,0,0,0,0,0
hibernate-core/src/main/java/org/hibernate/type/descriptor/jdbc/NullJdbcType.java,0,0,0,0,0
hibernate-core/src/main/java/org/hibernate/type/descriptor/jdbc/RowIdJdbcType.java,0,0,0,0,0
hibernate-core/src/main/java/org/hibernate/type/descriptor/jdbc/UUIDJdbcType.java,0,0,0,0,0
hibernate-core/src/main/java/org/hibernate/type/descriptor/sql/internal/DdlTypeImpl.java,2,1,119,17,1528
hibernate-core/src/main/java/org/hibernate/type/internal/BasicTypeImpl.java,1,1,13,121,1677
hibernate-core/src/main/java/org/hibernate/usertype/UserType.java,6,3,96,100,5692
hibernate-envers/src/main/java/org/hibernate/envers/AuditReader.java,0,0,0,0,0
hibernate-envers/src/main/java/org/hibernate/envers/Audited.java,0,0,0,0,0
hibernate-envers/src/main/java/org/hibernate/envers/DateTimeFormatter.java,0,0,0,0,0
hibernate-envers/src/main/java/org/hibernate/envers/DefaultTrackingModifiedEntitiesRevisionEntity.java,0,0,0,0,0
hibernate-envers/src/main/java/org/hibernate/envers/boot/internal/EnversServiceInitiator.java,0,0,0,0,0
hibernate-envers/src/main/java/org/hibernate/envers/configuration/internal/metadata/JoinColumnCollectionMetadataGenerator.java,2,2,34,102,1628
hibernate-envers/src/main/java/org/hibernate/envers/event/spi/EnversListenerDuplicationStrategy.java,0,0,0,0,0
hibernate-envers/src/main/java/org/hibernate/envers/internal/synchronization/work/AuditWorkUnit.java,1,1,8,269,4780
hibernate-envers/src/main/java/org/hibernate/envers/internal/tools/query/Parameters.java,0,0,0,0,0
hibernate-envers/src/main/java/org/hibernate/envers/query/criteria/AggregatedAuditExpression.java,0,0,0,0,0
hibernate-envers/src/main/java/org/hibernate/envers/query/criteria/internal/EntityTypeAuditExpression.java,0,0,0,0,0
hibernate-envers/src/main/java/org/hibernate/envers/query/criteria/internal/RelatedAuditInExpression.java,0,0,0,0,0
hibernate-graalvm/src/main/java/org/hibernate/graalvm/internal/GraalVMStaticFeature.java,0,0,0,0,0
hibernate-jfr/src/main/java/org/hibernate/event/jfr/internal/CacheGetEvent.java,0,0,0,0,0
hibernate-jfr/src/main/java/org/hibernate/event/jfr/internal/CachePutEvent.java,0,0,0,0,0
hibernate-jfr/src/main/java/org/hibernate/event/jfr/internal/DirtyCalculationEvent.java,0,0,0,0,0
hibernate-jfr/src/main/java/org/hibernate/event/jfr/internal/FlushEvent.java,0,0,0,0,0
hibernate-jfr/src/main/java/org/hibernate/event/jfr/internal/JdbcBatchExecutionEvent.java,0,0,0,0,0
hibernate-jfr/src/main/java/org/hibernate/event/jfr/internal/JdbcConnectionAcquisitionEvent.java,0,0,0,0,0
hibernate-jfr/src/main/java/org/hibernate/event/jfr/internal/JdbcConnectionReleaseEvent.java,0,0,0,0,0
hibernate-jfr/src/main/java/org/hibernate/event/jfr/internal/JdbcPreparedStatementCreationEvent.java,0,0,0,0,0
hibernate-jfr/src/main/java/org/hibernate/event/jfr/internal/JdbcPreparedStatementExecutionEvent.java,0,0,0,0,0
hibernate-jfr/src/main/java/org/hibernate/event/jfr/internal/PartialFlushEvent.java,0,0,0,0,0
hibernate-spatial/src/main/java/org/hibernate/spatial/BaseSqmFunctionDescriptors.java,0,0,0,0,0
hibernate-spatial/src/main/java/org/hibernate/spatial/CommonSpatialFunction.java,0,0,0,0,0
hibernate-spatial/src/main/java/org/hibernate/spatial/FunctionKey.java,0,0,0,0,0
hibernate-spatial/src/main/java/org/hibernate/spatial/SpatialDialect.java,0,0,0,0,0
hibernate-spatial/src/main/java/org/hibernate/spatial/contributor/ContributorResolver.java,0,0,0,0,0
hibernate-spatial/src/main/java/org/hibernate/spatial/dialect/cockroachdb/CockroachDB202SpatialDialect.java,0,0,0,0,0
hibernate-spatial/src/main/java/org/hibernate/spatial/dialect/db2/DB2GeometryType.java,0,0,0,0,0
hibernate-spatial/src/main/java/org/hibernate/spatial/dialect/h2gis/H2GISGeometryType.java,0,0,0,0,0
hibernate-spatial/src/main/java/org/hibernate/spatial/dialect/h2gis/H2GISWkb.java,2,1,8,100,1648
hibernate-spatial/src/main/java/org/hibernate/spatial/dialect/hana/HANAPointType.java,0,0,0,0,0
hibernate-spatial/src/main/java/org/hibernate/spatial/dialect/hana/HANASpatialFunction.java,0,0,0,0,0
hibernate-spatial/src/main/java/org/hibernate/spatial/dialect/mariadb/MariaDBSqmFunctionDescriptors.java,0,0,0,0,0
hibernate-spatial/src/main/java/org/hibernate/spatial/dialect/mysql/MySQL56InnoDBSpatialDialect.java,0,0,0,0,0
hibernate-spatial/src/main/java/org/hibernate/spatial/dialect/mysql/MySQL56SpatialDialect.java,0,0,0,0,0
hibernate-spatial/src/main/java/org/hibernate/spatial/dialect/mysql/MySQL5InnoDBSpatialDialect.java,0,0,0,0,0
hibernate-spatial/src/main/java/org/hibernate/spatial/dialect/mysql/MySQL5SpatialDialect.java,0,0,0,0,0
hibernate-spatial/src/main/java/org/hibernate/spatial/dialect/mysql/MySQLGeometryJdbcType.java,0,0,0,0,0
hibernate-spatial/src/main/java/org/hibernate/spatial/dialect/mysql/MySQLSpatialDialect.java,0,0,0,0,0
hibernate-spatial/src/main/java/org/hibernate/spatial/dialect/oracle/OracleSpatial10gDialect.java,0,0,0,0,0
hibernate-spatial/src/main/java/org/hibernate/spatial/dialect/oracle/OracleSpatialSDO10gDialect.java,0,0,0,0,0
hibernate-spatial/src/main/java/org/hibernate/spatial/dialect/oracle/SDOGeometryValueExtractor.java,0,0,0,0,0
hibernate-spatial/src/main/java/org/hibernate/spatial/dialect/oracle/SDORelateFunction.java,0,0,0,0,0
hibernate-spatial/src/main/java/org/hibernate/spatial/dialect/postgis/PostgisPG93Dialect.java,0,0,0,0,0
hibernate-spatial/src/main/java/org/hibernate/spatial/dialect/postgis/PostgisPG94Dialect.java,0,0,0,0,0
hibernate-spatial/src/main/java/org/hibernate/spatial/dialect/postgis/PostgisPG95Dialect.java,0,0,0,0,0
hibernate-spatial/src/main/java/org/hibernate/spatial/dialect/sqlserver/SqlServer2012SpatialDialect.java,0,0,0,0,0
hibernate-spatial/src/main/java/org/hibernate/spatial/dialect/sqlserver/SqlServerGeographyType.java,0,0,0,0,0
hibernate-spatial/src/main/java/org/hibernate/spatial/dialect/sqlserver/SqlServerGeometryType.java,0,0,0,0,0
hibernate-spatial/src/main/java/org/hibernate/spatial/dialect/sqlserver/SqlServerSqmFunctionDescriptors.java,0,0,0,0,0
hibernate-testing/src/main/java/org/hibernate/testing/AfterClassOnce.java,1,1,2,220,5543
hibernate-testing/src/main/java/org/hibernate/testing/BeforeClassOnce.java,1,1,2,220,5543
hibernate-testing/src/main/java/org/hibernate/testing/FailureExpected.java,1,1,2,220,5543
hibernate-testing/src/main/java/org/hibernate/testing/OnExpectedFailure.java,1,1,2,220,5543
hibernate-testing/src/main/java/org/hibernate/testing/OnFailure.java,1,1,2,220,5543
hibernate-testing/src/main/java/org/hibernate/testing/RequiresDialect.java,1,1,2,220,5541
hibernate-testing/src/main/java/org/hibernate/testing/RequiresDialectFeature.java,1,1,2,220,5541
hibernate-testing/src/main/java/org/hibernate/testing/RequiresDialects.java,1,1,2,220,4892
hibernate-testing/src/main/java/org/hibernate/testing/Skip.java,1,1,2,220,5543
hibernate-testing/src/main/java/org/hibernate/testing/SkipForDialect.java,1,1,2,220,5541
hibernate-testing/src/main/java/org/hibernate/testing/SkipForDialects.java,1,1,2,220,4892
hibernate-testing/src/main/java/org/hibernate/testing/TestForIssue.java,0,0,0,0,0
hibernate-testing/src/main/java/org/hibernate/testing/boot/ClassLoaderAccessTestingImpl.java,0,0,0,0,0
hibernate-testing/src/main/java/org/hibernate/testing/bytecode/enhancement/EverythingSelector.java,0,0,0,0,0
hibernate-testing/src/main/java/org/hibernate/testing/env/TestingDatabaseInfo.java,0,0,0,0,0
hibernate-testing/src/main/java/org/hibernate/testing/jdbc/SQLStatementInterceptor.java,1,1,27,229,3330
hibernate-testing/src/main/java/org/hibernate/testing/orm/domain/MappingFeature.java,0,0,0,0,0
hibernate-testing/src/main/java/org/hibernate/testing/orm/domain/animal/Mammal.java,0,0,0,0,0
hibernate-testing/src/main/java/org/hibernate/testing/orm/domain/animal/StateProvince.java,0,0,0,0,0
hibernate-testing/src/main/java/org/hibernate/testing/orm/domain/contacts/ContactsDomainModel.java,0,0,0,0,0
hibernate-testing/src/main/java/org/hibernate/testing/orm/junit/Jpa.java,4,4,47,129,1979
hibernate-testing/src/main/java/org/hibernate/testing/orm/junit/LoggingInspectionsExtension.java,1,1,8,172,1871
hibernate-testing/src/main/java/org/hibernate/testing/orm/junit/NotImplementedYetException.java,0,0,0,0,0
hibernate-testing/src/main/java/org/hibernate/testing/util/ExceptionUtil.java,0,0,0,0,0
local-build-plugins/src/main/java/org/hibernate/orm/antlr/AntlrPlugin.java,1,1,9,128,1479
local-build-plugins/src/main/java/org/hibernate/orm/antlr/GrammarDescriptorFactory.java,0,0,0,0,0
local-build-plugins/src/main/java/org/hibernate/orm/post/ReportGenerationPlugin.java,3,2,66,207,1479
local-build-plugins/src/main/java/org/hibernate/orm/toolchains/JavaModulePlugin.java,6,3,173,110,1006
tooling/hibernate-ant/src/main/java/org/hibernate/tool/hbm2ddl/ColumnMetadata.java,0,0,0,0,0
tooling/hibernate-ant/src/main/java/org/hibernate/tool/hbm2ddl/ConnectionHelper.java,0,0,0,0,0
tooling/hibernate-ant/src/main/java/org/hibernate/tool/hbm2ddl/DatabaseExporter.java,2,1,11,238,1686
tooling/hibernate-ant/src/main/java/org/hibernate/tool/hbm2ddl/FileExporter.java,0,0,0,0,0
tooling/hibernate-ant/src/main/java/org/hibernate/tool/hbm2ddl/ImportScriptException.java,0,0,0,0,0
tooling/hibernate-ant/src/main/java/org/hibernate/tool/hbm2ddl/ImportSqlCommandExtractor.java,0,0,0,0,0
tooling/hibernate-ant/src/main/java/org/hibernate/tool/hbm2ddl/ImportSqlCommandExtractorInitiator.java,0,0,0,0,0
tooling/hibernate-ant/src/main/java/org/hibernate/tool/hbm2ddl/ManagedProviderConnectionHelper.java,0,0,0,0,0
tooling/hibernate-ant/src/main/java/org/hibernate/tool/hbm2ddl/MultipleLinesSqlCommandExtractor.java,0,0,0,0,0
tooling/hibernate-ant/src/main/java/org/hibernate/tool/hbm2ddl/SchemaUpdateCommand.java,0,0,0,0,0
tooling/hibernate-ant/src/main/java/org/hibernate/tool/hbm2ddl/SingleLineSqlCommandExtractor.java,0,0,0,0,0
tooling/hibernate-ant/src/main/java/org/hibernate/tool/hbm2ddl/SuppliedConnectionHelper.java,0,0,0,0,0
tooling/hibernate-ant/src/main/java/org/hibernate/tool/hbm2ddl/SuppliedConnectionProviderConnectionHelper.java,0,0,0,0,0
tooling/hibernate-ant/src/main/java/org/hibernate/tool/hbm2ddl/TableMetadata.java,0,0,0,0,0
tooling/hibernate-gradle-plugin/src/main/java/org/hibernate/orm/tooling/gradle/enhance/EnhancementSpec.java,2,2,203,110,2033
tooling/hibernate-gradle-plugin/src/test/resources/projects/simple/src/main/java/TheEmbeddable.java,0,0,0,0,0
tooling/hibernate-gradle-plugin/src/test/resources/projects/simple/src/main/java/TheEntity.java,0,0,0,0,0
tooling/metamodel-generator/src/main/java/org/hibernate/jpamodelgen/ClassWriter.java,0,0,0,0,0
tooling/metamodel-generator/src/main/java/org/hibernate/jpamodelgen/util/Constants.java,0,0,0,0,0
tooling/metamodel-generator/src/main/java/org/hibernate/jpamodelgen/util/FileTimeStampChecker.java,0,0,0,0,0
tooling/metamodel-generator/src/main/java/org/hibernate/jpamodelgen/util/xml/XmlParserHelper.java,0,0,0,0,0
