file_path,complexity,cognitive_complexity,bugs,code_smells,sqale_index,violations,vulnerabilities,lines,reliability_rating,security_rating
hibernate-core/src/main/java/org/hibernate/boot/archive/spi/AbstractArchiveDescriptor.java,15.0,6.0,0.0,0.0,0.0,0.0,0.0,80.0,A,A
hibernate-core/src/main/java/org/hibernate/boot/archive/spi/AbstractArchiveDescriptorFactory.java,2.0,0.0,0.0,0.0,0.0,0.0,0.0,27.0,A,A
hibernate-core/src/main/java/org/hibernate/dialect/function/array/AbstractArrayContainsFunction.java,3.0,1.0,0.0,1.0,2.0,1.0,0.0,40.0,A,A
hibernate-core/src/main/java/org/hibernate/dialect/function/array/AbstractArrayFillFunction.java,8.0,6.0,0.0,1.0,2.0,1.0,0.0,66.0,A,A
hibernate-core/src/main/java/org/hibernate/type/descriptor/java/AbstractArrayJavaType.java,13.0,5.0,0.0,1.0,2.0,1.0,0.0,115.0,A,A
hibernate-core/src/main/java/org/hibernate/dialect/function/array/AbstractArrayOverlapsFunction.java,3.0,1.0,0.0,1.0,2.0,1.0,0.0,44.0,A,A
hibernate-core/src/main/java/org/hibernate/dialect/function/array/AbstractArrayPositionFunction.java,4.0,3.0,0.0,1.0,2.0,1.0,0.0,58.0,A,A
hibernate-core/src/main/java/org/hibernate/dialect/function/array/AbstractArrayPositionsFunction.java,4.0,2.0,0.0,1.0,2.0,1.0,0.0,53.0,A,A
hibernate-core/src/main/java/org/hibernate/dialect/function/array/AbstractArrayRemoveFunction.java,1.0,0.0,0.0,1.0,2.0,1.0,0.0,30.0,A,A
hibernate-core/src/main/java/org/hibernate/dialect/function/array/AbstractArrayTrimFunction.java,1.0,0.0,0.0,1.0,2.0,1.0,0.0,38.0,A,A
hibernate-envers/src/main/java/org/hibernate/envers/query/criteria/internal/AbstractAtomicExpression.java,3.0,1.0,0.0,0.0,0.0,0.0,0.0,68.0,A,A
hibernate-core/src/main/java/org/hibernate/metamodel/model/domain/internal/AbstractAttribute.java,15.0,1.0,0.0,0.0,0.0,0.0,0.0,130.0,A,A
hibernate-core/src/main/java/org/hibernate/tuple/AbstractAttribute.java,3.0,0.0,0.0,1.0,10.0,1.0,0.0,36.0,A,A
hibernate-core/src/main/java/org/hibernate/boot/model/source/spi/AbstractAttributeKey.java,19.0,8.0,0.0,1.0,0.0,1.0,0.0,172.0,A,A
hibernate-core/src/main/java/org/hibernate/metamodel/mapping/internal/AbstractAttributeMapping.java,8.0,0.0,0.0,1.0,2.0,1.0,0.0,65.0,A,A
hibernate-envers/src/main/java/org/hibernate/envers/query/internal/impl/AbstractAuditAssociationQuery.java,48.0,37.0,0.0,3.0,12.0,3.0,0.0,579.0,A,A
hibernate-envers/src/main/java/org/hibernate/envers/query/internal/impl/AbstractAuditQuery.java,47.0,26.0,0.0,7.0,27.0,7.0,0.0,371.0,A,A
hibernate-envers/src/main/java/org/hibernate/envers/internal/synchronization/work/AbstractAuditWorkUnit.java,10.0,1.0,0.0,0.0,0.0,0.0,0.0,106.0,A,A
hibernate-core/src/main/java/org/hibernate/boot/model/relational/AbstractAuxiliaryDatabaseObject.java,11.0,2.0,0.0,1.0,2.0,1.0,0.0,77.0,A,A
hibernate-core/src/main/java/org/hibernate/collection/spi/AbstractBagSemantics.java,8.0,4.0,0.0,0.0,0.0,0.0,0.0,79.0,A,A
hibernate-core/src/main/java/org/hibernate/sql/results/graph/entity/internal/AbstractBatchEntitySelectFetchInitializer.java,30.0,13.0,0.0,1.0,2.0,1.0,0.0,220.0,A,A
hibernate-core/src/main/java/org/hibernate/boot/jaxb/internal/AbstractBinder.java,16.0,12.0,0.0,1.0,5.0,1.0,0.0,180.0,A,A
hibernate-core/src/main/java/org/hibernate/stat/internal/AbstractCacheableDataStatistics.java,17.0,9.0,0.0,1.0,2.0,1.0,0.0,109.0,A,A
hibernate-core/src/main/java/org/hibernate/cache/spi/support/AbstractCachedDomainDataAccess.java,15.0,0.0,0.0,0.0,0.0,0.0,0.0,114.0,A,A
hibernate-core/src/main/java/org/hibernate/cache/spi/AbstractCacheTransactionSynchronization.java,5.0,0.0,0.0,2.0,7.0,2.0,0.0,46.0,A,A
hibernate-core/src/main/java/org/hibernate/jpa/event/internal/AbstractCallback.java,2.0,0.0,0.0,0.0,0.0,0.0,0.0,30.0,A,A
hibernate-spatial/src/main/java/org/hibernate/spatial/dialect/postgis/AbstractCastingPostGISJdbcType.java,19.0,4.0,0.0,0.0,0.0,0.0,0.0,162.0,A,A
hibernate-core/src/main/java/org/hibernate/resource/beans/container/spi/AbstractCdiBeanContainer.java,14.0,8.0,0.0,0.0,0.0,0.0,0.0,150.0,A,A
hibernate-core/src/main/java/org/hibernate/type/descriptor/java/AbstractClassJavaType.java,14.0,2.0,0.0,1.0,30.0,1.0,0.0,119.0,A,A
hibernate-core/src/main/java/org/hibernate/sql/results/graph/collection/internal/AbstractCollectionAssembler.java,4.0,1.0,0.0,1.0,2.0,1.0,0.0,49.0,A,A
hibernate-core/src/main/java/org/hibernate/loader/ast/internal/AbstractCollectionBatchLoader.java,18.0,8.0,0.0,1.0,2.0,1.0,0.0,160.0,A,A
hibernate-core/src/main/java/org/hibernate/cache/spi/support/AbstractCollectionDataAccess.java,7.0,0.0,0.0,1.0,2.0,1.0,0.0,66.0,A,A
hibernate-core/src/main/java/org/hibernate/event/spi/AbstractCollectionEvent.java,16.0,7.0,0.0,1.0,2.0,1.0,0.0,122.0,A,A
hibernate-core/src/main/java/org/hibernate/sql/results/graph/collection/internal/AbstractCollectionInitializer.java,28.0,28.0,0.0,1.0,11.0,1.0,0.0,194.0,A,A
hibernate-envers/src/main/java/org/hibernate/envers/internal/entities/mapper/relation/lazy/initializor/AbstractCollectionInitializor.java,8.0,7.0,0.0,2.0,17.0,2.0,0.0,109.0,A,A
hibernate-envers/src/main/java/org/hibernate/envers/internal/entities/mapper/relation/AbstractCollectionMapper.java,40.0,35.0,0.0,2.0,10.0,2.0,0.0,343.0,A,A
hibernate-envers/src/main/java/org/hibernate/envers/configuration/internal/metadata/AbstractCollectionMetadataGenerator.java,59.0,51.0,0.0,4.0,17.0,4.0,0.0,559.0,A,A
hibernate-core/src/main/java/org/hibernate/persister/collection/AbstractCollectionPersister.java,243.0,173.0,1.0,101.0,1072.0,102.0,0.0,1907.0,B,A
hibernate-core/src/main/java/org/hibernate/sql/results/graph/collection/internal/AbstractCollectionResultNode.java,5.0,0.0,0.0,0.0,0.0,0.0,0.0,51.0,A,A
hibernate-core/src/main/java/org/hibernate/sql/ast/tree/from/AbstractColumnReferenceQualifier.java,4.0,4.0,0.0,0.0,0.0,0.0,0.0,56.0,A,A
hibernate-core/src/main/java/org/hibernate/query/spi/AbstractCommonQueryContract.java,249.0,231.0,0.0,9.0,58.0,9.0,0.0,1449.0,A,A
hibernate-core/src/main/java/org/hibernate/metamodel/internal/AbstractCompositeIdentifierMapping.java,28.0,12.0,0.0,1.0,2.0,1.0,0.0,293.0,A,A
hibernate-envers/src/main/java/org/hibernate/envers/internal/entities/mapper/id/AbstractCompositeIdMapper.java,10.0,6.0,0.0,0.0,0.0,0.0,0.0,77.0,A,A
hibernate-core/src/main/java/org/hibernate/tuple/component/AbstractCompositionAttribute.java,3.0,0.0,0.0,1.0,10.0,1.0,0.0,46.0,A,A
hibernate-core/src/main/java/org/hibernate/boot/model/convert/internal/AbstractConverterDescriptor.java,10.0,4.0,0.0,1.0,2.0,1.0,0.0,111.0,A,A
hibernate-core/src/main/java/org/hibernate/query/sqm/mutation/internal/cte/AbstractCteMutationHandler.java,21.0,12.0,0.0,1.0,2.0,1.0,0.0,333.0,A,A
hibernate-core/src/main/java/org/hibernate/context/spi/AbstractCurrentSessionContext.java,8.0,5.0,0.0,0.0,0.0,0.0,0.0,64.0,A,A
hibernate-core/src/main/java/org/hibernate/engine/jdbc/connections/spi/AbstractDataSourceBasedMultiTenantConnectionProviderImpl.java,10.0,4.0,0.0,1.0,5.0,1.0,0.0,69.0,A,A
hibernate-envers/src/main/java/org/hibernate/envers/internal/entities/mapper/relation/lazy/AbstractDelegateSessionImplementor.java,2.0,0.0,0.0,1.0,2.0,1.0,0.0,28.0,A,A
hibernate-core/src/main/java/org/hibernate/boot/spi/AbstractDelegatingMetadata.java,43.0,0.0,0.0,1.0,2.0,1.0,0.0,262.0,A,A
hibernate-core/src/main/java/org/hibernate/boot/spi/AbstractDelegatingMetadataBuilderImplementor.java,35.0,0.0,0.0,1.0,2.0,1.0,0.0,257.0,A,A
hibernate-core/src/main/java/org/hibernate/boot/spi/AbstractDelegatingMetadataBuildingOptions.java,29.0,2.0,0.0,1.0,2.0,1.0,0.0,185.0,A,A
hibernate-core/src/main/java/org/hibernate/engine/spi/AbstractDelegatingSessionBuilder.java,18.0,0.0,0.0,1.0,2.0,1.0,0.0,132.0,A,A
hibernate-core/src/main/java/org/hibernate/engine/spi/AbstractDelegatingSessionBuilderImplementor.java,2.0,0.0,0.0,1.0,2.0,1.0,0.0,25.0,A,A
hibernate-core/src/main/java/org/hibernate/boot/spi/AbstractDelegatingSessionFactoryBuilder.java,62.0,0.0,0.0,1.0,2.0,1.0,0.0,417.0,A,A
hibernate-core/src/main/java/org/hibernate/boot/spi/AbstractDelegatingSessionFactoryBuilderImplementor.java,4.0,0.0,0.0,1.0,2.0,1.0,0.0,39.0,A,A
hibernate-core/src/main/java/org/hibernate/boot/spi/AbstractDelegatingSessionFactoryOptions.java,88.0,0.0,0.0,0.0,0.0,0.0,0.0,490.0,A,A
hibernate-core/src/main/java/org/hibernate/engine/spi/AbstractDelegatingSharedSessionBuilder.java,25.0,0.0,0.0,3.0,17.0,3.0,0.0,174.0,A,A
hibernate-core/src/main/java/org/hibernate/engine/spi/AbstractDelegatingWrapperOptions.java,5.0,0.0,0.0,0.0,0.0,0.0,0.0,50.0,A,A
hibernate-core/src/main/java/org/hibernate/persister/entity/mutation/AbstractDeleteCoordinator.java,46.0,44.0,0.0,5.0,20.0,5.0,0.0,327.0,A,A
hibernate-core/src/main/java/org/hibernate/query/sqm/mutation/internal/temptable/AbstractDeleteExecutionDelegate.java,9.0,0.0,0.0,1.0,2.0,1.0,0.0,99.0,A,A
hibernate-core/src/main/java/org/hibernate/metamodel/mapping/internal/AbstractDiscriminatorMapping.java,20.0,0.0,0.0,1.0,2.0,1.0,0.0,254.0,A,A
hibernate-core/src/main/java/org/hibernate/cache/cfg/internal/AbstractDomainDataCachingConfig.java,2.0,0.0,0.0,1.0,2.0,1.0,0.0,27.0,A,A
hibernate-core/src/main/java/org/hibernate/cache/spi/support/AbstractDomainDataRegion.java,35.0,20.0,0.0,2.0,7.0,2.0,0.0,239.0,A,A
hibernate-testing/src/main/java/org/hibernate/testing/orm/domain/AbstractDomainModelDescriptor.java,4.0,1.0,0.0,1.0,5.0,1.0,0.0,35.0,A,A
hibernate-core/src/main/java/org/hibernate/metamodel/mapping/internal/AbstractDomainPath.java,30.0,35.0,0.0,2.0,25.0,2.0,0.0,295.0,A,A
hibernate-core/src/main/java/org/hibernate/metamodel/model/domain/AbstractDomainType.java,4.0,0.0,0.0,1.0,2.0,1.0,0.0,36.0,A,A
hibernate-core/src/main/java/org/hibernate/metamodel/internal/AbstractDynamicMapInstantiator.java,8.0,2.0,0.0,2.0,2.0,2.0,0.0,65.0,A,A
hibernate-core/src/main/java/org/hibernate/sql/results/graph/embeddable/AbstractEmbeddableInitializer.java,86.0,71.0,0.0,14.0,56.0,14.0,0.0,483.0,A,A
hibernate-core/src/main/java/org/hibernate/metamodel/mapping/internal/AbstractEmbeddableMapping.java,93.0,97.0,0.0,4.0,32.0,4.0,0.0,750.0,A,A
hibernate-core/src/main/java/org/hibernate/metamodel/internal/AbstractEmbeddableRepresentationStrategy.java,9.0,3.0,0.0,1.0,2.0,1.0,0.0,85.0,A,A
hibernate-core/src/main/java/org/hibernate/tuple/entity/AbstractEntityBasedAttribute.java,2.0,0.0,0.0,1.0,10.0,1.0,0.0,35.0,A,A
hibernate-core/src/main/java/org/hibernate/loader/ast/internal/AbstractEntityBatchLoader.java,10.0,7.0,0.0,1.0,2.0,1.0,0.0,104.0,A,A
hibernate-core/src/main/java/org/hibernate/metamodel/mapping/internal/AbstractEntityCollectionPart.java,55.0,35.0,0.0,9.0,45.0,9.0,0.0,488.0,A,A
hibernate-core/src/main/java/org/hibernate/cache/spi/support/AbstractEntityDataAccess.java,7.0,0.0,0.0,1.0,2.0,1.0,0.0,77.0,A,A
hibernate-core/src/main/java/org/hibernate/engine/internal/AbstractEntityEntry.java,97.0,61.0,0.0,8.0,110.0,8.0,0.0,671.0,A,A
hibernate-core/src/main/java/org/hibernate/sql/results/graph/entity/AbstractEntityInitializer.java,198.0,221.0,0.0,13.0,63.0,13.0,0.0,1230.0,A,A
hibernate-core/src/main/java/org/hibernate/action/internal/AbstractEntityInsertAction.java,28.0,21.0,0.0,0.0,0.0,0.0,0.0,289.0,A,A
hibernate-core/src/main/java/org/hibernate/metamodel/internal/AbstractEntityInstantiatorPojo.java,6.0,3.0,0.0,2.0,2.0,2.0,0.0,68.0,A,A
hibernate-testing/src/main/java/org/hibernate/testing/orm/junit/AbstractEntityManagerFactoryScope.java,16.0,7.0,0.0,2.0,20.0,2.0,0.0,164.0,A,A
hibernate-core/src/main/java/org/hibernate/persister/entity/AbstractEntityPersister.java,1021.0,1005.0,1.0,250.0,2762.0,251.0,0.0,6759.0,B,A
hibernate-core/src/main/java/org/hibernate/sql/results/graph/entity/AbstractEntityResultGraphNode.java,14.0,6.0,0.0,1.0,2.0,1.0,0.0,105.0,A,A
hibernate-core/src/main/java/org/hibernate/boot/model/source/internal/hbm/AbstractEntitySourceImpl.java,58.0,19.0,0.0,2.0,5.0,2.0,0.0,403.0,A,A
hibernate-core/src/main/java/org/hibernate/event/spi/AbstractEvent.java,2.0,0.0,0.0,1.0,2.0,1.0,0.0,40.0,A,A
hibernate-core/src/main/java/org/hibernate/query/results/dynamic/AbstractFetchBuilderContainer.java,20.0,17.0,0.0,1.0,5.0,1.0,0.0,121.0,A,A
hibernate-core/src/main/java/org/hibernate/sql/results/graph/AbstractFetchParent.java,11.0,1.0,0.0,1.0,2.0,1.0,0.0,79.0,A,A
hibernate-core/src/main/java/org/hibernate/sql/results/graph/AbstractFetchParentAccess.java,7.0,4.0,0.0,0.0,0.0,0.0,0.0,47.0,A,A
hibernate-core/src/main/java/org/hibernate/property/access/internal/AbstractFieldSerialForm.java,3.0,1.0,0.0,0.0,0.0,0.0,0.0,46.0,A,A
tooling/metamodel-generator/src/main/java/org/hibernate/jpamodelgen/annotation/AbstractFinderMethod.java,25.0,17.0,0.0,3.0,12.0,3.0,0.0,192.0,A,A
hibernate-core/src/main/java/org/hibernate/event/internal/AbstractFlushingEventListener.java,39.0,29.0,0.0,2.0,5.0,2.0,0.0,418.0,A,A
hibernate-core/src/main/java/org/hibernate/graph/internal/AbstractGraph.java,26.0,16.0,0.0,6.0,52.0,6.0,0.0,180.0,A,A
hibernate-core/src/main/java/org/hibernate/graph/internal/AbstractGraphNode.java,4.0,1.0,0.0,1.0,2.0,1.0,0.0,33.0,A,A
hibernate-core/src/main/java/org/hibernate/dialect/AbstractHANADialect.java,297.0,150.0,1.0,14.0,85.0,15.0,0.0,1847.0,B,A
hibernate-core/src/main/java/org/hibernate/boot/model/source/internal/hbm/AbstractHbmSourceNode.java,5.0,0.0,0.0,0.0,0.0,0.0,0.0,42.0,A,A
hibernate-core/src/main/java/org/hibernate/metamodel/model/domain/AbstractIdentifiableType.java,76.0,54.0,0.0,7.0,29.0,7.0,0.0,465.0,A,A
hibernate-envers/src/main/java/org/hibernate/envers/boot/model/AbstractIdentifier.java,4.0,0.0,0.0,1.0,2.0,1.0,0.0,43.0,A,A
hibernate-envers/src/main/java/org/hibernate/envers/internal/entities/mapper/id/AbstractIdMapper.java,27.0,24.0,0.0,1.0,2.0,1.0,0.0,192.0,A,A
hibernate-core/src/main/java/org/hibernate/sql/results/graph/collection/internal/AbstractImmediateCollectionInitializer.java,37.0,57.0,0.0,3.0,45.0,3.0,0.0,320.0,A,A
hibernate-core/src/main/java/org/hibernate/tool/schema/extract/internal/AbstractInformationExtractorImpl.java,157.0,211.0,0.0,17.0,100.0,17.0,0.0,1415.0,A,A
hibernate-core/src/main/java/org/hibernate/bytecode/enhance/spi/interceptor/AbstractInterceptor.java,28.0,4.0,0.0,1.0,2.0,1.0,0.0,160.0,A,A
local-build-plugins/src/main/java/org/hibernate/orm/post/AbstractJandexAwareTask.java,28.0,28.0,0.0,11.0,159.0,11.0,0.0,188.0,A,A
hibernate-core/src/main/java/org/hibernate/type/descriptor/java/AbstractJavaType.java,12.0,2.0,0.0,2.0,60.0,2.0,0.0,100.0,A,A
hibernate-core/src/main/java/org/hibernate/type/descriptor/jdbc/spi/AbstractJdbcLiteralFormatter.java,2.0,0.0,0.0,1.0,2.0,1.0,0.0,28.0,A,A
hibernate-core/src/main/java/org/hibernate/sql/model/jdbc/AbstractJdbcMutation.java,12.0,5.0,0.0,1.0,2.0,1.0,0.0,102.0,A,A
hibernate-core/src/main/java/org/hibernate/sql/exec/spi/AbstractJdbcOperationQuery.java,15.0,9.0,0.0,2.0,20.0,2.0,0.0,126.0,A,A
hibernate-core/src/main/java/org/hibernate/sql/exec/internal/AbstractJdbcOperationQueryInsert.java,1.0,0.0,0.0,0.0,0.0,0.0,0.0,30.0,A,A
hibernate-core/src/main/java/org/hibernate/sql/exec/internal/AbstractJdbcParameter.java,29.0,15.0,0.0,5.0,17.0,5.0,0.0,217.0,A,A
hibernate-core/src/main/java/org/hibernate/sql/results/jdbc/internal/AbstractJdbcValues.java,4.0,0.0,0.0,0.0,0.0,0.0,0.0,54.0,A,A
hibernate-core/src/main/java/org/hibernate/query/sqm/tree/jpa/AbstractJpaSelection.java,4.0,0.0,0.0,0.0,0.0,0.0,0.0,44.0,A,A
hibernate-core/src/main/java/org/hibernate/query/sqm/tree/jpa/AbstractJpaTupleElement.java,6.0,0.0,0.0,0.0,0.0,0.0,0.0,59.0,A,A
hibernate-core/src/main/java/org/hibernate/engine/transaction/jta/platform/internal/AbstractJtaPlatform.java,22.0,8.0,0.0,0.0,0.0,0.0,0.0,160.0,A,A
hibernate-core/src/main/java/org/hibernate/proxy/AbstractLazyInitializer.java,85.0,74.0,0.0,6.0,50.0,6.0,0.0,500.0,A,A
hibernate-core/src/main/java/org/hibernate/bytecode/enhance/spi/interceptor/AbstractLazyLoadInterceptor.java,2.0,0.0,0.0,2.0,4.0,2.0,0.0,26.0,A,A
hibernate-core/src/main/java/org/hibernate/dialect/pagination/AbstractLimitHandler.java,56.0,36.0,0.0,5.0,40.0,5.0,0.0,351.0,A,A
hibernate-core/src/main/java/org/hibernate/engine/jdbc/AbstractLobCreator.java,4.0,2.0,0.0,0.0,0.0,0.0,0.0,38.0,A,A
hibernate-core/src/main/java/org/hibernate/event/internal/AbstractLockUpgradeEventListener.java,1.0,0.0,0.0,0.0,0.0,0.0,0.0,34.0,A,A
hibernate-core/src/main/java/org/hibernate/resource/jdbc/internal/AbstractLogicalConnectionImplementor.java,17.0,8.0,0.0,0.0,0.0,0.0,0.0,152.0,A,A
hibernate-core/src/main/java/org/hibernate/metamodel/model/domain/AbstractManagedType.java,154.0,93.0,0.0,2.0,23.0,2.0,0.0,707.0,A,A
hibernate-envers/src/main/java/org/hibernate/envers/internal/entities/mapper/AbstractMapper.java,13.0,6.0,0.0,1.0,15.0,1.0,0.0,138.0,A,A
hibernate-core/src/main/java/org/hibernate/collection/spi/AbstractMapSemantics.java,12.0,5.0,0.0,1.0,10.0,1.0,0.0,92.0,A,A
hibernate-envers/src/main/java/org/hibernate/envers/configuration/internal/metadata/AbstractMetadataGenerator.java,29.0,14.0,0.0,1.0,2.0,1.0,0.0,202.0,A,A
hibernate-envers/src/main/java/org/hibernate/envers/internal/entities/mapper/relation/component/AbstractMiddleComponentMapper.java,0.0,0.0,0.0,0.0,0.0,0.0,0.0,19.0,A,A
hibernate-envers/src/main/java/org/hibernate/envers/boot/internal/AbstractModifiedColumnNamingStrategy.java,3.0,1.0,0.0,0.0,0.0,0.0,0.0,46.0,A,A
hibernate-core/src/main/java/org/hibernate/loader/ast/internal/AbstractMultiIdEntityLoader.java,7.0,2.0,0.0,2.0,7.0,2.0,0.0,67.0,A,A
hibernate-core/src/main/java/org/hibernate/engine/jdbc/connections/spi/AbstractMultiTenantConnectionProvider.java,10.0,4.0,0.0,1.0,5.0,1.0,0.0,73.0,A,A
hibernate-core/src/main/java/org/hibernate/persister/entity/mutation/AbstractMutationCoordinator.java,35.0,34.0,0.0,3.0,12.0,3.0,0.0,218.0,A,A
hibernate-core/src/main/java/org/hibernate/engine/jdbc/mutation/internal/AbstractMutationExecutor.java,13.0,9.0,0.0,0.0,0.0,0.0,0.0,135.0,A,A
hibernate-core/src/main/java/org/hibernate/query/sqm/mutation/spi/AbstractMutationHandler.java,4.0,0.0,0.0,1.0,2.0,1.0,0.0,49.0,A,A
hibernate-core/src/main/java/org/hibernate/sql/ast/tree/AbstractMutationStatement.java,3.0,0.0,0.0,1.0,2.0,1.0,0.0,42.0,A,A
hibernate-testing/src/main/java/org/hibernate/testing/cleaner/AbstractMySQLDatabaseCleaner.java,15.0,22.0,0.0,5.0,100.0,5.0,0.0,195.0,A,A
hibernate-core/src/main/java/org/hibernate/boot/query/AbstractNamedQueryBuilder.java,25.0,2.0,0.0,1.0,2.0,1.0,0.0,149.0,A,A
hibernate-core/src/main/java/org/hibernate/boot/spi/AbstractNamedQueryDefinition.java,13.0,1.0,0.0,1.0,2.0,1.0,0.0,110.0,A,A
hibernate-core/src/main/java/org/hibernate/query/named/AbstractNamedQueryMemento.java,39.0,5.0,0.0,2.0,4.0,2.0,0.0,249.0,A,A
hibernate-core/src/main/java/org/hibernate/cache/spi/support/AbstractNaturalIdDataAccess.java,11.0,0.0,0.0,1.0,2.0,1.0,0.0,92.0,A,A
hibernate-core/src/main/java/org/hibernate/loader/ast/internal/AbstractNaturalIdLoader.java,34.0,14.0,0.0,14.0,41.0,14.0,0.0,414.0,A,A
hibernate-core/src/main/java/org/hibernate/metamodel/mapping/internal/AbstractNaturalIdMapping.java,6.0,0.0,0.0,1.0,2.0,1.0,0.0,57.0,A,A
hibernate-core/src/main/java/org/hibernate/query/sqm/tree/predicate/AbstractNegatableSqmPredicate.java,7.0,1.0,0.0,3.0,6.0,3.0,0.0,56.0,A,A
hibernate-core/src/main/java/org/hibernate/sql/results/graph/embeddable/internal/AbstractNonAggregatedIdentifierMappingInitializer.java,48.0,44.0,0.0,5.0,32.0,5.0,0.0,308.0,A,A
hibernate-core/src/main/java/org/hibernate/tuple/AbstractNonIdentifierAttribute.java,16.0,0.0,0.0,1.0,10.0,1.0,0.0,111.0,A,A
hibernate-core/src/main/java/org/hibernate/sql/results/graph/entity/internal/AbstractNonJoinedEntityFetch.java,10.0,0.0,0.0,1.0,2.0,1.0,0.0,80.0,A,A
hibernate-core/src/main/java/org/hibernate/sql/results/graph/entity/AbstractNonLazyEntityFetch.java,10.0,0.0,0.0,1.0,2.0,1.0,0.0,88.0,A,A
hibernate-core/src/main/java/org/hibernate/dialect/pagination/AbstractNoOffsetLimitHandler.java,7.0,2.0,0.0,1.0,2.0,1.0,0.0,67.0,A,A
hibernate-envers/src/main/java/org/hibernate/envers/internal/entities/mapper/relation/AbstractOneToOneMapper.java,6.0,3.0,0.0,0.0,0.0,0.0,0.0,107.0,A,A
hibernate-core/src/main/java/org/hibernate/id/enhanced/AbstractOptimizer.java,4.0,1.0,0.0,0.0,0.0,0.0,0.0,49.0,A,A
hibernate-core/src/main/java/org/hibernate/engine/query/spi/AbstractParameterDescriptor.java,10.0,2.0,0.0,2.0,7.0,2.0,0.0,68.0,A,A
hibernate-core/src/main/java/org/hibernate/collection/spi/AbstractPersistentCollection.java,242.0,198.0,1.0,18.0,199.0,19.0,0.0,1367.0,B,A
hibernate-core/src/main/java/org/hibernate/boot/model/source/internal/hbm/AbstractPluralAssociationElementSourceImpl.java,3.0,0.0,0.0,1.0,2.0,1.0,0.0,38.0,A,A
hibernate-core/src/main/java/org/hibernate/metamodel/model/domain/internal/AbstractPluralAttribute.java,29.0,8.0,0.0,0.0,0.0,0.0,0.0,193.0,A,A
hibernate-core/src/main/java/org/hibernate/boot/model/source/internal/hbm/AbstractPluralAttributeSourceImpl.java,73.0,67.0,0.0,1.0,43.0,1.0,0.0,430.0,A,A
hibernate-core/src/main/java/org/hibernate/metamodel/internal/AbstractPojoInstantiator.java,5.0,0.0,0.0,1.0,2.0,1.0,0.0,46.0,A,A
hibernate-spatial/src/main/java/org/hibernate/spatial/dialect/postgis/AbstractPostGISJdbcType.java,20.0,8.0,0.0,0.0,0.0,0.0,0.0,169.0,A,A
hibernate-core/src/main/java/org/hibernate/dialect/AbstractPostgreSQLJsonPGObjectType.java,13.0,6.0,0.0,4.0,4.0,4.0,0.0,107.0,A,A
hibernate-core/src/main/java/org/hibernate/dialect/AbstractPostgreSQLStructJdbcType.java,197.0,277.0,0.0,23.0,299.0,23.0,0.0,1079.0,A,A
hibernate-core/src/main/java/org/hibernate/id/AbstractPostInsertGenerator.java,0.0,0.0,0.0,1.0,10.0,1.0,0.0,21.0,A,A
hibernate-core/src/main/java/org/hibernate/event/spi/AbstractPreDatabaseOperationEvent.java,4.0,0.0,0.0,1.0,2.0,1.0,0.0,69.0,A,A
hibernate-core/src/main/java/org/hibernate/sql/ast/tree/predicate/AbstractPredicate.java,5.0,0.0,0.0,2.0,4.0,2.0,0.0,41.0,A,A
hibernate-core/src/main/java/org/hibernate/boot/model/internal/AbstractPropertyHolder.java,129.0,134.0,0.0,15.0,66.0,15.0,0.0,770.0,A,A
hibernate-envers/src/main/java/org/hibernate/envers/internal/entities/mapper/AbstractPropertyMapper.java,2.0,0.0,0.0,0.0,0.0,0.0,0.0,27.0,A,A
hibernate-core/src/main/java/org/hibernate/persister/entity/AbstractPropertyMapping.java,72.0,103.0,0.0,10.0,83.0,10.0,0.0,442.0,A,A
hibernate-core/src/main/java/org/hibernate/query/spi/AbstractQuery.java,101.0,22.0,0.0,2.0,10.0,2.0,0.0,687.0,A,A
tooling/metamodel-generator/src/main/java/org/hibernate/jpamodelgen/annotation/AbstractQueryMethod.java,41.0,24.0,0.0,1.0,2.0,1.0,0.0,229.0,A,A
hibernate-core/src/main/java/org/hibernate/query/spi/AbstractQueryParameter.java,9.0,1.0,0.0,1.0,2.0,1.0,0.0,64.0,A,A
hibernate-core/src/main/java/org/hibernate/cache/spi/support/AbstractReadWriteAccess.java,61.0,38.0,0.0,6.0,102.0,6.0,0.0,469.0,A,A
hibernate-core/src/main/java/org/hibernate/event/internal/AbstractReassociateEventListener.java,3.0,2.0,0.0,0.0,0.0,0.0,0.0,91.0,A,A
hibernate-core/src/main/java/org/hibernate/cache/spi/support/AbstractRegion.java,3.0,0.0,0.0,1.0,2.0,1.0,0.0,41.0,A,A
hibernate-core/src/main/java/org/hibernate/cache/spi/AbstractRegionFactory.java,17.0,11.0,0.0,0.0,0.0,0.0,0.0,156.0,A,A
hibernate-envers/src/main/java/org/hibernate/envers/internal/entities/mapper/relation/query/AbstractRelationQueryGenerator.java,13.0,6.0,0.0,1.0,5.0,1.0,0.0,161.0,A,A
hibernate-core/src/main/java/org/hibernate/sql/model/ast/AbstractRestrictedTableMutation.java,6.0,0.0,0.0,1.0,2.0,1.0,0.0,60.0,A,A
hibernate-core/src/main/java/org/hibernate/sql/model/ast/builder/AbstractRestrictedTableMutationBuilder.java,10.0,0.0,0.0,2.0,4.0,2.0,0.0,94.0,A,A
hibernate-core/src/main/java/org/hibernate/sql/results/jdbc/internal/AbstractResultSetAccess.java,7.0,6.0,0.0,1.0,2.0,1.0,0.0,92.0,A,A
hibernate-core/src/main/java/org/hibernate/id/insert/AbstractReturningDelegate.java,6.0,2.0,0.0,1.0,2.0,1.0,0.0,95.0,A,A
hibernate-core/src/main/java/org/hibernate/jdbc/AbstractReturningWork.java,1.0,0.0,0.0,0.0,0.0,0.0,0.0,37.0,A,A
hibernate-core/src/main/java/org/hibernate/event/internal/AbstractSaveEventListener.java,46.0,42.0,0.0,2.0,30.0,2.0,0.0,530.0,A,A
hibernate-core/src/main/java/org/hibernate/boot/archive/scan/spi/AbstractScannerImpl.java,18.0,13.0,0.0,1.0,20.0,1.0,0.0,150.0,A,A
hibernate-core/src/main/java/org/hibernate/tool/schema/internal/AbstractSchemaMigrator.java,85.0,125.0,0.0,3.0,41.0,3.0,0.0,586.0,A,A
hibernate-core/src/main/java/org/hibernate/tool/schema/internal/AbstractSchemaValidator.java,22.0,27.0,0.0,3.0,29.0,3.0,0.0,199.0,A,A
hibernate-core/src/main/java/org/hibernate/tool/schema/internal/exec/AbstractScriptSourceInput.java,1.0,0.0,0.0,0.0,0.0,0.0,0.0,41.0,A,A
hibernate-core/src/main/java/org/hibernate/tool/schema/internal/exec/AbstractScriptTargetOutput.java,3.0,1.0,0.0,0.0,0.0,0.0,0.0,42.0,A,A
hibernate-core/src/main/java/org/hibernate/internal/AbstractScrollableResults.java,14.0,2.0,0.0,1.0,2.0,1.0,0.0,113.0,A,A
hibernate-core/src/main/java/org/hibernate/id/insert/AbstractSelectingDelegate.java,7.0,5.0,0.0,1.0,20.0,1.0,0.0,174.0,A,A
hibernate-core/src/main/java/org/hibernate/query/spi/AbstractSelectionQuery.java,197.0,126.0,0.0,4.0,19.0,4.0,0.0,1130.0,A,A
hibernate-core/src/main/java/org/hibernate/dialect/lock/AbstractSelectLockingStrategy.java,11.0,6.0,0.0,0.0,0.0,0.0,0.0,73.0,A,A
hibernate-core/src/main/java/org/hibernate/proxy/AbstractSerializableProxy.java,4.0,0.0,0.0,1.0,30.0,1.0,0.0,59.0,A,A
hibernate-core/src/main/java/org/hibernate/service/internal/AbstractServiceRegistryImpl.java,79.0,71.0,0.0,6.0,14.0,6.0,0.0,487.0,A,A
hibernate-core/src/main/java/org/hibernate/collection/spi/AbstractSetSemantics.java,6.0,2.0,0.0,2.0,15.0,2.0,0.0,64.0,A,A
hibernate-core/src/main/java/org/hibernate/property/access/internal/AbstractSetterMethodSerialForm.java,7.0,1.0,0.0,1.0,2.0,1.0,0.0,70.0,A,A
hibernate-core/src/main/java/org/hibernate/internal/AbstractSharedSessionContract.java,253.0,155.0,0.0,19.0,70.0,19.0,0.0,1544.0,A,A
hibernate-core/src/main/java/org/hibernate/dialect/pagination/AbstractSimpleLimitHandler.java,9.0,4.0,0.0,0.0,0.0,0.0,0.0,56.0,A,A
hibernate-core/src/main/java/org/hibernate/type/AbstractSingleColumnStandardBasicType.java,3.0,1.0,0.0,2.0,2.0,2.0,0.0,38.0,A,A
hibernate-core/src/main/java/org/hibernate/engine/jdbc/mutation/internal/AbstractSingleMutationExecutor.java,6.0,0.0,0.0,3.0,12.0,3.0,0.0,67.0,A,A
hibernate-core/src/main/java/org/hibernate/metamodel/mapping/internal/AbstractSingularAttributeMapping.java,5.0,0.0,0.0,2.0,4.0,2.0,0.0,71.0,A,A
hibernate-core/src/main/java/org/hibernate/boot/model/source/internal/hbm/AbstractSingularAttributeSourceEmbeddedImpl.java,14.0,0.0,0.0,2.0,2.0,2.0,0.0,145.0,A,A
hibernate-core/src/main/java/org/hibernate/sql/ast/spi/AbstractSqlAstTranslator.java,1538.0,1781.0,0.0,158.0,1600.0,158.0,0.0,8411.0,A,A
hibernate-core/src/main/java/org/hibernate/sql/ast/spi/AbstractSqlAstWalker.java,124.0,62.0,0.0,19.0,95.0,19.0,0.0,602.0,A,A
hibernate-core/src/main/java/org/hibernate/exception/spi/AbstractSQLExceptionConversionDelegate.java,2.0,0.0,0.0,0.0,0.0,0.0,0.0,23.0,A,A
hibernate-spatial/src/main/java/org/hibernate/spatial/dialect/sqlserver/AbstractSqlServerGISType.java,13.0,5.0,0.0,1.0,20.0,1.0,0.0,123.0,A,A
hibernate-core/src/main/java/org/hibernate/query/sqm/tree/domain/AbstractSqmAttributeJoin.java,14.0,1.0,0.0,1.0,2.0,1.0,0.0,140.0,A,A
hibernate-core/src/main/java/org/hibernate/query/sqm/tree/AbstractSqmDmlStatement.java,29.0,9.0,0.0,4.0,11.0,4.0,0.0,198.0,A,A
hibernate-core/src/main/java/org/hibernate/query/sqm/tree/expression/AbstractSqmExpression.java,24.0,1.0,0.0,1.0,2.0,1.0,0.0,151.0,A,A
hibernate-core/src/main/java/org/hibernate/query/sqm/tree/domain/AbstractSqmFrom.java,117.0,64.0,0.0,3.0,10.0,3.0,0.0,844.0,A,A
hibernate-core/src/main/java/org/hibernate/query/sqm/function/AbstractSqmFunctionDescriptor.java,24.0,7.0,0.0,5.0,13.0,5.0,0.0,244.0,A,A
hibernate-core/src/main/java/org/hibernate/query/sqm/tree/insert/AbstractSqmInsertStatement.java,17.0,11.0,0.0,1.0,5.0,1.0,0.0,106.0,A,A
hibernate-core/src/main/java/org/hibernate/query/sqm/tree/domain/AbstractSqmJoin.java,2.0,0.0,0.0,1.0,2.0,1.0,0.0,38.0,A,A
hibernate-core/src/main/java/org/hibernate/query/sqm/tree/AbstractSqmNode.java,2.0,0.0,0.0,0.0,0.0,0.0,0.0,30.0,A,A
hibernate-core/src/main/java/org/hibernate/query/sqm/tree/expression/AbstractSqmParameter.java,11.0,4.0,0.0,1.0,2.0,1.0,0.0,78.0,A,A
hibernate-core/src/main/java/org/hibernate/query/sqm/tree/domain/AbstractSqmPath.java,57.0,34.0,0.0,3.0,15.0,3.0,0.0,307.0,A,A
hibernate-core/src/main/java/org/hibernate/query/sqm/sql/internal/AbstractSqmPathInterpretation.java,6.0,0.0,0.0,4.0,17.0,4.0,0.0,68.0,A,A
hibernate-core/src/main/java/org/hibernate/metamodel/model/domain/internal/AbstractSqmPathSource.java,7.0,1.0,0.0,1.0,2.0,1.0,0.0,58.0,A,A
hibernate-core/src/main/java/org/hibernate/query/sqm/tree/domain/AbstractSqmPluralJoin.java,3.0,0.0,0.0,1.0,2.0,1.0,0.0,49.0,A,A
hibernate-core/src/main/java/org/hibernate/query/sqm/tree/predicate/AbstractSqmPredicate.java,3.0,0.0,0.0,1.0,2.0,1.0,0.0,40.0,A,A
hibernate-core/src/main/java/org/hibernate/query/sqm/tree/domain/AbstractSqmQualifiedJoin.java,14.0,6.0,0.0,1.0,2.0,1.0,0.0,99.0,A,A
hibernate-core/src/main/java/org/hibernate/query/sqm/tree/AbstractSqmRestrictedDmlStatement.java,22.0,8.0,0.0,5.0,16.0,5.0,0.0,131.0,A,A
hibernate-core/src/main/java/org/hibernate/query/sqm/tree/select/AbstractSqmSelectQuery.java,61.0,17.0,0.0,6.0,21.0,6.0,0.0,431.0,A,A
hibernate-core/src/main/java/org/hibernate/query/sqm/function/AbstractSqmSelfRenderingFunctionDescriptor.java,14.0,4.0,0.0,3.0,12.0,3.0,0.0,181.0,A,A
hibernate-core/src/main/java/org/hibernate/query/sqm/tree/domain/AbstractSqmSimplePath.java,8.0,2.0,0.0,2.0,4.0,2.0,0.0,66.0,A,A
hibernate-core/src/main/java/org/hibernate/query/sqm/tree/domain/AbstractSqmSpecificPluralPartPath.java,6.0,0.0,0.0,1.0,2.0,1.0,0.0,60.0,A,A
hibernate-core/src/main/java/org/hibernate/query/sqm/tree/AbstractSqmStatement.java,12.0,7.0,0.0,2.0,7.0,2.0,0.0,86.0,A,A
hibernate-core/src/main/java/org/hibernate/type/AbstractStandardBasicType.java,75.0,29.0,0.0,5.0,22.0,5.0,0.0,424.0,A,A
hibernate-core/src/main/java/org/hibernate/procedure/internal/AbstractStandardCallableStatementSupport.java,3.0,2.0,0.0,0.0,0.0,0.0,0.0,34.0,A,A
hibernate-core/src/main/java/org/hibernate/metamodel/mapping/internal/AbstractStateArrayContributorMapping.java,9.0,0.0,0.0,2.0,4.0,2.0,0.0,102.0,A,A
hibernate-core/src/main/java/org/hibernate/sql/ast/tree/AbstractStatement.java,10.0,4.0,0.0,1.0,2.0,1.0,0.0,69.0,A,A
hibernate-core/src/main/java/org/hibernate/sql/model/ast/AbstractTableDelete.java,5.0,0.0,0.0,2.0,4.0,2.0,0.0,73.0,A,A
hibernate-core/src/main/java/org/hibernate/sql/ast/tree/from/AbstractTableGroup.java,32.0,20.0,0.0,3.0,12.0,3.0,0.0,166.0,A,A
hibernate-core/src/main/java/org/hibernate/sql/model/ast/AbstractTableInsert.java,7.0,0.0,0.0,2.0,4.0,2.0,0.0,83.0,A,A
hibernate-core/src/main/java/org/hibernate/sql/model/ast/builder/AbstractTableInsertBuilder.java,12.0,5.0,0.0,2.0,4.0,2.0,0.0,92.0,A,A
hibernate-core/src/main/java/org/hibernate/sql/model/ast/AbstractTableMutation.java,16.0,5.0,0.0,1.0,2.0,1.0,0.0,133.0,A,A
hibernate-core/src/main/java/org/hibernate/sql/model/ast/builder/AbstractTableMutationBuilder.java,17.0,7.0,0.0,2.0,4.0,2.0,0.0,143.0,A,A
hibernate-core/src/main/java/org/hibernate/sql/ast/tree/from/AbstractTableReference.java,8.0,3.0,0.0,2.0,7.0,2.0,0.0,49.0,A,A
hibernate-core/src/main/java/org/hibernate/sql/model/ast/AbstractTableUpdate.java,13.0,4.0,0.0,2.0,4.0,2.0,0.0,135.0,A,A
hibernate-core/src/main/java/org/hibernate/sql/model/ast/builder/AbstractTableUpdateBuilder.java,12.0,5.0,0.0,2.0,4.0,2.0,0.0,116.0,A,A
hibernate-core/src/main/java/org/hibernate/type/descriptor/java/AbstractTemporalJavaType.java,13.0,2.0,0.0,2.0,7.0,2.0,0.0,88.0,A,A
hibernate-core/src/main/java/org/hibernate/usertype/internal/AbstractTimeZoneStorageCompositeUserType.java,7.0,0.0,0.0,0.0,0.0,0.0,0.0,58.0,A,A
hibernate-core/src/main/java/org/hibernate/boot/model/source/internal/hbm/AbstractToOneAttributeSourceImpl.java,9.0,0.0,0.0,1.0,0.0,1.0,0.0,73.0,A,A
hibernate-envers/src/main/java/org/hibernate/envers/internal/entities/mapper/relation/AbstractToOneMapper.java,17.0,5.0,0.0,4.0,20.0,4.0,0.0,167.0,A,A
hibernate-core/src/main/java/org/hibernate/dialect/AbstractTransactSQLDialect.java,65.0,30.0,0.0,5.0,22.0,5.0,0.0,395.0,A,A
hibernate-core/src/main/java/org/hibernate/dialect/identity/AbstractTransactSQLIdentityColumnSupport.java,5.0,0.0,0.0,1.0,0.0,1.0,0.0,43.0,A,A
hibernate-core/src/main/java/org/hibernate/type/AbstractType.java,24.0,6.0,0.0,4.0,30.0,4.0,0.0,141.0,A,A
hibernate-core/src/main/java/org/hibernate/sql/ast/tree/AbstractUpdateOrDeleteStatement.java,5.0,0.0,0.0,3.0,6.0,3.0,0.0,56.0,A,A
hibernate-core/src/main/java/org/hibernate/persister/collection/mutation/AbstractUpdateRowsCoordinator.java,5.0,0.0,0.0,1.0,2.0,1.0,0.0,56.0,A,A
hibernate-core/src/main/java/org/hibernate/id/AbstractUUIDGenerator.java,7.0,2.0,0.0,2.0,12.0,2.0,0.0,85.0,A,A
hibernate-core/src/main/java/org/hibernate/event/internal/AbstractVisitor.java,20.0,11.0,0.0,2.0,10.0,2.0,0.0,140.0,A,A
hibernate-core/src/main/java/org/hibernate/jdbc/AbstractWork.java,1.0,0.0,0.0,0.0,0.0,0.0,0.0,41.0,A,A
hibernate-core/src/main/java/org/hibernate/id/enhanced/AccessCallback.java,0.0,0.0,0.0,0.0,0.0,0.0,0.0,32.0,A,A
hibernate-core/src/main/java/org/hibernate/cache/spi/support/AccessedDataClassification.java,0.0,0.0,0.0,0.0,0.0,0.0,0.0,19.0,A,A
hibernate-core/src/main/java/org/hibernate/property/access/internal/AccessStrategyHelper.java,44.0,55.0,0.0,5.0,100.0,5.0,0.0,212.0,A,A
tooling/metamodel-generator/src/main/java/org/hibernate/jpamodelgen/util/AccessType.java,0.0,0.0,0.0,0.0,0.0,0.0,0.0,16.0,A,A
hibernate-core/src/main/java/org/hibernate/boot/spi/AccessType.java,13.0,7.0,0.0,0.0,0.0,0.0,0.0,97.0,A,A
hibernate-core/src/main/java/org/hibernate/cache/spi/access/AccessType.java,6.0,5.0,0.0,0.0,0.0,0.0,0.0,93.0,A,A
tooling/metamodel-generator/src/main/java/org/hibernate/jpamodelgen/util/AccessTypeInformation.java,10.0,4.0,0.0,0.0,0.0,0.0,0.0,78.0,A,A
hibernate-core/src/main/java/org/hibernate/boot/jaxb/mapping/marshall/AccessTypeMarshalling.java,4.0,2.0,0.0,1.0,5.0,1.0,0.0,25.0,A,A
hibernate-testing/src/main/java/org/hibernate/testing/orm/domain/userguide/Account.java,3.0,0.0,0.0,0.0,0.0,0.0,0.0,42.0,A,A
hibernate-testing/src/main/java/org/hibernate/testing/orm/domain/helpdesk/Account.java,14.0,2.0,0.0,0.0,0.0,0.0,0.0,102.0,A,A
hibernate-core/src/main/java/org/hibernate/tool/schema/Action.java,36.0,27.0,0.0,0.0,0.0,0.0,0.0,309.0,A,A
hibernate-core/src/main/java/org/hibernate/engine/spi/ActionQueue.java,282.0,264.0,0.0,22.0,98.0,22.0,0.0,1390.0,A,A
hibernate-core/src/main/java/org/hibernate/boot/beanvalidation/ActivationContext.java,0.0,0.0,0.0,0.0,0.0,0.0,0.0,53.0,A,A
hibernate-core/src/main/java/org/hibernate/boot/spi/AdditionalJaxbMappingProducer.java,0.0,0.0,0.0,1.0,10.0,1.0,0.0,29.0,A,A
hibernate-envers/src/main/java/org/hibernate/envers/boot/internal/AdditionalJaxbMappingProducerImpl.java,4.0,4.0,0.0,1.0,20.0,1.0,0.0,97.0,A,A
hibernate-core/src/main/java/org/hibernate/boot/spi/AdditionalMappingContributions.java,0.0,0.0,0.0,1.0,10.0,1.0,0.0,67.0,A,A
hibernate-core/src/main/java/org/hibernate/boot/spi/AdditionalMappingContributor.java,1.0,0.0,0.0,0.0,0.0,0.0,0.0,46.0,A,A
hibernate-envers/src/main/java/org/hibernate/envers/boot/internal/AdditionalMappingContributorImpl.java,4.0,2.0,0.0,0.0,0.0,0.0,0.0,53.0,A,A
hibernate-testing/src/main/java/org/hibernate/testing/orm/domain/animal/Address.java,8.0,0.0,0.0,3.0,15.0,3.0,0.0,114.0,A,A
hibernate-testing/src/main/java/org/hibernate/testing/orm/domain/contacts/Address.java,14.0,0.0,0.0,0.0,0.0,0.0,0.0,92.0,A,A
hibernate-testing/src/main/java/org/hibernate/testing/orm/domain/userguide/AddressType.java,0.0,0.0,0.0,0.0,0.0,0.0,0.0,18.0,A,A
hibernate-envers/src/main/java/org/hibernate/envers/internal/synchronization/work/AddWorkUnit.java,19.0,13.0,0.0,0.0,0.0,0.0,0.0,133.0,A,A
hibernate-core/src/main/java/org/hibernate/type/AdjustableBasicType.java,4.0,6.0,0.0,0.0,0.0,0.0,0.0,45.0,A,A
hibernate-core/src/main/java/org/hibernate/type/descriptor/jdbc/AdjustableJdbcType.java,0.0,0.0,0.0,0.0,0.0,0.0,0.0,25.0,A,A
hibernate-testing/src/main/java/org/hibernate/testing/junit4/AfterClassCallbackHandler.java,2.0,0.0,0.0,0.0,0.0,0.0,0.0,29.0,A,A
hibernate-testing/src/main/java/org/hibernate/testing/AfterClassOnce.java,0.0,0.0,0.0,1.0,10.0,1.0,0.0,35.0,A,A
hibernate-core/src/main/java/org/hibernate/loader/ast/spi/AfterLoadAction.java,1.0,0.0,0.0,1.0,10.0,1.0,0.0,32.0,A,A
hibernate-core/src/main/java/org/hibernate/action/spi/AfterTransactionCompletionProcess.java,0.0,0.0,0.0,0.0,0.0,0.0,0.0,25.0,A,A
hibernate-core/src/main/java/org/hibernate/query/sqm/mutation/internal/temptable/AfterUseAction.java,0.0,0.0,0.0,0.0,0.0,0.0,0.0,19.0,A,A
hibernate-core/src/main/java/org/hibernate/mapping/AggregateColumn.java,13.0,7.0,0.0,2.0,50.0,2.0,0.0,129.0,A,A
hibernate-core/src/main/java/org/hibernate/query/sqm/sql/AggregateColumnAssignmentHandler.java,23.0,24.0,0.0,2.0,15.0,2.0,0.0,218.0,A,A
hibernate-core/src/main/java/org/hibernate/sql/ast/tree/expression/AggregateColumnWriteExpression.java,12.0,3.0,0.0,1.0,5.0,1.0,0.0,82.0,A,A
hibernate-core/src/main/java/org/hibernate/boot/model/internal/AggregateComponentBinder.java,32.0,36.0,0.0,2.0,30.0,2.0,0.0,176.0,A,A
hibernate-core/src/main/java/org/hibernate/boot/model/internal/AggregateComponentSecondPass.java,53.0,91.0,0.0,5.0,39.0,5.0,0.0,388.0,A,A
hibernate-envers/src/main/java/org/hibernate/envers/query/criteria/AggregatedAuditExpression.java,9.0,4.0,0.0,1.0,5.0,1.0,0.0,145.0,A,A
hibernate-core/src/main/java/org/hibernate/boot/registry/classloading/internal/AggregatedClassLoader.java,53.0,54.0,3.0,10.0,108.0,13.0,0.0,238.0,B,A
hibernate-core/src/main/java/org/hibernate/boot/registry/selector/internal/AggregatedDialectSelector.java,6.0,5.0,0.0,1.0,5.0,1.0,0.0,46.0,A,A
hibernate-core/src/main/java/org/hibernate/metamodel/mapping/AggregatedIdentifierMapping.java,0.0,0.0,0.0,0.0,0.0,0.0,0.0,21.0,A,A
hibernate-core/src/main/java/org/hibernate/query/sqm/internal/AggregatedNonSelectQueryPlanImpl.java,3.0,1.0,0.0,0.0,0.0,0.0,0.0,31.0,A,A
hibernate-core/src/main/java/org/hibernate/query/sqm/internal/AggregatedSelectQueryPlanImpl.java,12.0,15.0,0.0,1.0,20.0,1.0,0.0,86.0,A,A
hibernate-core/src/main/java/org/hibernate/boot/registry/classloading/internal/AggregatedServiceLoader.java,14.0,10.0,0.0,0.0,0.0,0.0,0.0,194.0,A,A
hibernate-core/src/main/java/org/hibernate/sql/results/graph/embeddable/internal/AggregateEmbeddableFetchImpl.java,18.0,7.0,0.0,0.0,0.0,0.0,0.0,179.0,A,A
hibernate-core/src/main/java/org/hibernate/sql/results/graph/embeddable/internal/AggregateEmbeddableFetchInitializer.java,6.0,1.0,0.0,1.0,5.0,1.0,0.0,74.0,A,A
hibernate-core/src/main/java/org/hibernate/sql/results/graph/embeddable/internal/AggregateEmbeddableInitializer.java,6.0,5.0,0.0,0.0,0.0,0.0,0.0,54.0,A,A
hibernate-core/src/main/java/org/hibernate/sql/results/graph/embeddable/internal/AggregateEmbeddableResultImpl.java,13.0,3.0,0.0,0.0,0.0,0.0,0.0,170.0,A,A
hibernate-core/src/main/java/org/hibernate/sql/results/graph/embeddable/internal/AggregateEmbeddableResultInitializer.java,6.0,1.0,0.0,1.0,5.0,1.0,0.0,74.0,A,A
hibernate-core/src/main/java/org/hibernate/sql/ast/spi/AggregateFunctionChecker.java,51.0,12.0,0.0,42.0,205.0,42.0,0.0,288.0,A,A
hibernate-core/src/main/java/org/hibernate/sql/ast/tree/expression/AggregateFunctionExpression.java,0.0,0.0,0.0,0.0,0.0,0.0,0.0,20.0,A,A
hibernate-core/src/main/java/org/hibernate/type/descriptor/jdbc/AggregateJdbcType.java,0.0,0.0,0.0,0.0,0.0,0.0,0.0,32.0,A,A
hibernate-core/src/main/java/org/hibernate/dialect/aggregate/AggregateSupport.java,0.0,0.0,0.0,0.0,0.0,0.0,0.0,155.0,A,A
hibernate-core/src/main/java/org/hibernate/dialect/aggregate/AggregateSupportImpl.java,10.0,0.0,0.0,0.0,0.0,0.0,0.0,94.0,A,A
hibernate-core/src/main/java/org/hibernate/dialect/function/AggregateWindowEmulationQueryTransformer.java,25.0,56.0,0.0,2.0,46.0,2.0,0.0,421.0,A,A
hibernate-agroal/src/main/java/org/hibernate/agroal/internal/AgroalConnectionProvider.java,20.0,9.0,0.0,1.0,0.0,1.0,0.0,150.0,A,A
hibernate-core/src/main/java/org/hibernate/sql/Alias.java,15.0,8.0,0.0,0.0,0.0,0.0,0.0,91.0,A,A
hibernate-core/src/main/java/org/hibernate/sql/ast/spi/AliasCollector.java,5.0,0.0,0.0,0.0,0.0,0.0,0.0,57.0,A,A
hibernate-core/src/main/java/org/hibernate/query/sqm/AliasCollisionException.java,2.0,0.0,0.0,0.0,0.0,0.0,0.0,23.0,A,A
hibernate-core/src/main/java/org/hibernate/loader/internal/AliasConstantsHelper.java,6.0,4.0,0.0,1.0,5.0,1.0,0.0,44.0,A,A
hibernate-core/src/main/java/org/hibernate/sql/ast/tree/expression/AliasedExpression.java,3.0,0.0,0.0,0.0,0.0,0.0,0.0,42.0,A,A
hibernate-core/src/main/java/org/hibernate/metamodel/mapping/ordering/AliasResolver.java,0.0,0.0,0.0,0.0,0.0,0.0,0.0,14.0,A,A
hibernate-core/src/main/java/org/hibernate/transform/AliasToBeanConstructorResultTransformer.java,6.0,2.0,0.0,1.0,10.0,1.0,0.0,75.0,A,A
hibernate-core/src/main/java/org/hibernate/transform/AliasToBeanResultTransformer.java,19.0,16.0,0.0,1.0,10.0,1.0,0.0,128.0,A,A
hibernate-core/src/main/java/org/hibernate/transform/AliasToEntityMapResultTransformer.java,6.0,3.0,0.0,2.0,10.0,2.0,0.0,60.0,A,A
hibernate-core/src/main/java/org/hibernate/dialect/unique/AlterTableUniqueDelegate.java,11.0,9.0,0.0,0.0,0.0,0.0,0.0,99.0,A,A
hibernate-core/src/main/java/org/hibernate/dialect/unique/AlterTableUniqueIndexDelegate.java,9.0,15.0,0.0,0.0,0.0,0.0,0.0,90.0,A,A
hibernate-community-dialects/src/main/java/org/hibernate/community/dialect/AltibaseDialect.java,136.0,38.0,0.0,1.0,7.0,1.0,0.0,654.0,A,A
hibernate-community-dialects/src/main/java/org/hibernate/community/dialect/pagination/AltibaseLimitHandler.java,3.0,1.0,0.0,1.0,0.0,1.0,0.0,37.0,A,A
hibernate-community-dialects/src/main/java/org/hibernate/community/dialect/sequence/AltibaseSequenceSupport.java,2.0,0.0,0.0,0.0,0.0,0.0,0.0,32.0,A,A
hibernate-community-dialects/src/main/java/org/hibernate/community/dialect/AltibaseSqlAstTranslator.java,35.0,18.0,0.0,1.0,5.0,1.0,0.0,179.0,A,A
hibernate-testing/src/main/java/org/hibernate/testing/orm/domain/animal/Animal.java,20.0,1.0,0.0,3.0,15.0,3.0,0.0,124.0,A,A
hibernate-testing/src/main/java/org/hibernate/testing/orm/domain/animal/AnimalDomainModel.java,2.0,0.0,0.0,0.0,0.0,0.0,0.0,45.0,A,A
hibernate-core/src/main/java/org/hibernate/boot/model/internal/AnnotatedClassType.java,0.0,0.0,0.0,0.0,0.0,0.0,0.0,39.0,A,A
hibernate-core/src/main/java/org/hibernate/boot/model/internal/AnnotatedColumn.java,148.0,127.0,0.0,23.0,161.0,23.0,0.0,976.0,A,A
hibernate-core/src/main/java/org/hibernate/boot/model/internal/AnnotatedColumns.java,29.0,33.0,0.0,3.0,33.0,3.0,0.0,179.0,A,A
hibernate-core/src/main/java/org/hibernate/boot/model/internal/AnnotatedDiscriminatorColumn.java,16.0,20.0,0.0,1.0,6.0,1.0,0.0,115.0,A,A
hibernate-core/src/main/java/org/hibernate/boot/model/internal/AnnotatedJoinColumn.java,59.0,42.0,0.0,17.0,70.0,17.0,0.0,509.0,A,A
hibernate-core/src/main/java/org/hibernate/boot/model/internal/AnnotatedJoinColumns.java,95.0,56.0,0.0,2.0,10.0,2.0,0.0,689.0,A,A
hibernate-core/src/main/java/org/hibernate/generator/AnnotationBasedGenerator.java,0.0,0.0,0.0,0.0,0.0,0.0,0.0,59.0,A,A
hibernate-core/src/main/java/org/hibernate/boot/model/internal/AnnotationBinder.java,148.0,170.0,0.0,14.0,131.0,14.0,0.0,924.0,A,A
hibernate-core/src/main/java/org/hibernate/AnnotationException.java,2.0,0.0,0.0,0.0,0.0,0.0,0.0,34.0,A,A
tooling/metamodel-generator/src/main/java/org/hibernate/jpamodelgen/annotation/AnnotationMeta.java,37.0,38.0,0.0,1.0,18.0,1.0,0.0,227.0,A,A
tooling/metamodel-generator/src/main/java/org/hibernate/jpamodelgen/annotation/AnnotationMetaAttribute.java,13.0,6.0,0.0,1.0,2.0,1.0,0.0,126.0,A,A
tooling/metamodel-generator/src/main/java/org/hibernate/jpamodelgen/annotation/AnnotationMetaCollection.java,2.0,0.0,0.0,0.0,0.0,0.0,0.0,31.0,A,A
hibernate-core/src/main/java/org/hibernate/boot/model/source/internal/annotations/AnnotationMetadataSourceProcessorImpl.java,55.0,54.0,0.0,11.0,56.0,11.0,0.0,332.0,A,A
tooling/metamodel-generator/src/main/java/org/hibernate/jpamodelgen/annotation/AnnotationMetaEntity.java,270.0,274.0,0.0,20.0,126.0,20.0,0.0,1330.0,A,A
tooling/metamodel-generator/src/main/java/org/hibernate/jpamodelgen/annotation/AnnotationMetaMap.java,2.0,0.0,0.0,0.0,0.0,0.0,0.0,48.0,A,A
tooling/metamodel-generator/src/main/java/org/hibernate/jpamodelgen/annotation/AnnotationMetaPackage.java,21.0,1.0,0.0,0.0,0.0,0.0,0.0,153.0,A,A
tooling/metamodel-generator/src/main/java/org/hibernate/jpamodelgen/annotation/AnnotationMetaSingleAttribute.java,2.0,0.0,0.0,0.0,0.0,0.0,0.0,30.0,A,A
tooling/metamodel-generator/src/main/java/org/hibernate/jpamodelgen/annotation/AnnotationMetaType.java,12.0,4.0,0.0,0.0,0.0,0.0,0.0,87.0,A,A
hibernate-envers/src/main/java/org/hibernate/envers/configuration/internal/metadata/reader/AnnotationsMetadataReader.java,16.0,9.0,0.0,0.0,0.0,0.0,0.0,120.0,A,A
hibernate-core/src/main/java/org/hibernate/tuple/AnnotationValueGeneration.java,4.0,3.0,0.0,1.0,10.0,1.0,0.0,68.0,A,A
hibernate-core/src/main/java/org/hibernate/query/derived/AnonymousTupleBasicEntityIdentifierMapping.java,9.0,0.0,0.0,0.0,0.0,0.0,0.0,79.0,A,A
hibernate-core/src/main/java/org/hibernate/query/derived/AnonymousTupleBasicValuedModelPart.java,41.0,1.0,0.0,1.0,15.0,1.0,0.0,360.0,A,A
hibernate-core/src/main/java/org/hibernate/query/derived/AnonymousTupleEmbeddableValuedModelPart.java,81.0,37.0,0.0,1.0,5.0,1.0,0.0,593.0,A,A
hibernate-core/src/main/java/org/hibernate/query/derived/AnonymousTupleEmbeddedEntityIdentifierMapping.java,13.0,0.0,0.0,0.0,0.0,0.0,0.0,119.0,A,A
hibernate-core/src/main/java/org/hibernate/query/derived/AnonymousTupleEntityValuedModelPart.java,99.0,23.0,0.0,10.0,42.0,10.0,0.0,754.0,A,A
hibernate-core/src/main/java/org/hibernate/query/derived/AnonymousTupleNonAggregatedEntityIdentifierMapping.java,16.0,0.0,0.0,0.0,0.0,0.0,0.0,136.0,A,A
hibernate-core/src/main/java/org/hibernate/query/derived/AnonymousTupleSimpleSqmPathSource.java,8.0,0.0,0.0,0.0,0.0,0.0,0.0,75.0,A,A
hibernate-core/src/main/java/org/hibernate/query/derived/AnonymousTupleSqmAssociationPathSource.java,16.0,0.0,0.0,0.0,0.0,0.0,0.0,129.0,A,A
hibernate-core/src/main/java/org/hibernate/query/derived/AnonymousTupleSqmPathSource.java,11.0,3.0,0.0,0.0,0.0,0.0,0.0,98.0,A,A
hibernate-core/src/main/java/org/hibernate/query/derived/AnonymousTupleTableGroupProducer.java,40.0,25.0,0.0,4.0,50.0,4.0,0.0,379.0,A,A
hibernate-core/src/main/java/org/hibernate/query/derived/AnonymousTupleType.java,43.0,29.0,0.0,1.0,0.0,1.0,0.0,272.0,A,A
hibernate-core/src/main/java/org/hibernate/dialect/sequence/ANSISequenceSupport.java,2.0,0.0,0.0,0.0,0.0,0.0,0.0,31.0,A,A
hibernate-core/src/main/java/org/hibernate/engine/jdbc/env/spi/AnsiSqlKeywords.java,2.0,0.0,0.0,0.0,0.0,0.0,0.0,278.0,A,A
local-build-plugins/src/main/java/org/hibernate/orm/antlr/AntlrHelper.java,9.0,7.0,3.0,1.0,10.0,4.0,0.0,80.0,B,A
local-build-plugins/src/main/java/org/hibernate/orm/antlr/AntlrPlugin.java,8.0,0.0,0.0,7.0,17.0,7.0,0.0,104.0,A,A
local-build-plugins/src/main/java/org/hibernate/orm/antlr/AntlrSpec.java,4.0,0.0,0.0,0.0,0.0,0.0,0.0,60.0,A,A
hibernate-core/src/main/java/org/hibernate/mapping/Any.java,85.0,41.0,0.0,4.0,23.0,4.0,0.0,467.0,A,A
hibernate-core/src/main/java/org/hibernate/sql/ast/tree/expression/Any.java,6.0,0.0,0.0,0.0,0.0,0.0,0.0,79.0,A,A
hibernate-core/src/main/java/org/hibernate/annotations/Any.java,0.0,0.0,0.0,0.0,0.0,0.0,0.0,114.0,A,A
hibernate-core/src/main/java/org/hibernate/boot/model/internal/AnyBinder.java,9.0,8.0,0.0,4.0,50.0,4.0,0.0,130.0,A,A
hibernate-core/src/main/java/org/hibernate/annotations/AnyDiscriminator.java,0.0,0.0,0.0,0.0,0.0,0.0,0.0,50.0,A,A
hibernate-core/src/main/java/org/hibernate/metamodel/mapping/internal/AnyDiscriminatorPart.java,42.0,1.0,0.0,0.0,0.0,0.0,0.0,396.0,A,A
hibernate-core/src/main/java/org/hibernate/query/sqm/sql/internal/AnyDiscriminatorPathInterpretation.java,4.0,2.0,0.0,0.0,0.0,0.0,0.0,70.0,A,A
hibernate-core/src/main/java/org/hibernate/boot/model/source/spi/AnyDiscriminatorSource.java,0.0,0.0,0.0,0.0,0.0,0.0,0.0,23.0,A,A
hibernate-core/src/main/java/org/hibernate/metamodel/model/domain/internal/AnyDiscriminatorSqmPath.java,5.0,1.0,0.0,1.0,5.0,1.0,0.0,51.0,A,A
hibernate-core/src/main/java/org/hibernate/metamodel/model/domain/internal/AnyDiscriminatorSqmPathSource.java,9.0,2.0,0.0,0.0,0.0,0.0,0.0,75.0,A,A
hibernate-core/src/main/java/org/hibernate/annotations/AnyDiscriminatorValue.java,0.0,0.0,0.0,0.0,0.0,0.0,0.0,49.0,A,A
hibernate-core/src/main/java/org/hibernate/annotations/AnyDiscriminatorValues.java,0.0,0.0,0.0,0.0,0.0,0.0,0.0,30.0,A,A
hibernate-core/src/main/java/org/hibernate/annotations/AnyKeyJavaClass.java,0.0,0.0,0.0,0.0,0.0,0.0,0.0,40.0,A,A
hibernate-core/src/main/java/org/hibernate/annotations/AnyKeyJavaType.java,0.0,0.0,0.0,0.0,0.0,0.0,0.0,37.0,A,A
hibernate-core/src/main/java/org/hibernate/annotations/AnyKeyJdbcType.java,0.0,0.0,0.0,0.0,0.0,0.0,0.0,38.0,A,A
hibernate-core/src/main/java/org/hibernate/annotations/AnyKeyJdbcTypeCode.java,0.0,0.0,0.0,0.0,0.0,0.0,0.0,36.0,A,A
hibernate-core/src/main/java/org/hibernate/metamodel/mapping/internal/AnyKeyPart.java,39.0,1.0,0.0,0.0,0.0,0.0,0.0,373.0,A,A
hibernate-core/src/main/java/org/hibernate/boot/model/source/spi/AnyKeySource.java,0.0,0.0,0.0,0.0,0.0,0.0,0.0,20.0,A,A
hibernate-core/src/main/java/org/hibernate/metamodel/model/domain/AnyMappingDomainType.java,0.0,0.0,0.0,0.0,0.0,0.0,0.0,21.0,A,A
hibernate-core/src/main/java/org/hibernate/metamodel/model/domain/internal/AnyMappingDomainTypeImpl.java,11.0,5.0,0.0,0.0,0.0,0.0,0.0,113.0,A,A
hibernate-core/src/main/java/org/hibernate/boot/model/source/spi/AnyMappingSource.java,1.0,0.0,0.0,0.0,0.0,0.0,0.0,23.0,A,A
hibernate-core/src/main/java/org/hibernate/metamodel/model/domain/internal/AnyMappingSqmPathSource.java,8.0,1.0,0.0,0.0,0.0,0.0,0.0,78.0,A,A
hibernate-core/src/main/java/org/hibernate/type/AnyType.java,85.0,42.0,0.0,2.0,30.0,2.0,0.0,488.0,A,A
hibernate-core/src/main/java/org/hibernate/graph/spi/AppliedGraph.java,0.0,0.0,0.0,0.0,0.0,0.0,0.0,29.0,A,A
hibernate-core/src/main/java/org/hibernate/query/sqm/internal/AppliedGraphs.java,9.0,9.0,0.0,0.0,0.0,0.0,0.0,44.0,A,A
hibernate-core/src/main/java/org/hibernate/boot/archive/spi/ArchiveContext.java,0.0,0.0,0.0,0.0,0.0,0.0,0.0,32.0,A,A
hibernate-core/src/main/java/org/hibernate/boot/archive/spi/ArchiveDescriptor.java,0.0,0.0,0.0,0.0,0.0,0.0,0.0,30.0,A,A
hibernate-core/src/main/java/org/hibernate/boot/archive/spi/ArchiveDescriptorFactory.java,0.0,0.0,0.0,0.0,0.0,0.0,0.0,50.0,A,A
hibernate-core/src/main/java/org/hibernate/boot/archive/spi/ArchiveEntry.java,0.0,0.0,0.0,0.0,0.0,0.0,0.0,37.0,A,A
hibernate-core/src/main/java/org/hibernate/boot/archive/spi/ArchiveEntryHandler.java,0.0,0.0,0.0,0.0,0.0,0.0,0.0,23.0,A,A
hibernate-core/src/main/java/org/hibernate/boot/archive/spi/ArchiveException.java,2.0,0.0,0.0,0.0,0.0,0.0,0.0,36.0,A,A
hibernate-core/src/main/java/org/hibernate/boot/archive/internal/ArchiveHelper.java,19.0,28.0,0.0,8.0,108.0,8.0,0.0,195.0,A,A
hibernate-core/src/main/java/org/hibernate/sql/results/graph/instantiation/internal/ArgumentDomainResult.java,5.0,0.0,0.0,0.0,0.0,0.0,0.0,50.0,A,A
hibernate-core/src/main/java/org/hibernate/sql/results/graph/instantiation/internal/ArgumentReader.java,4.0,0.0,0.0,0.0,0.0,0.0,0.0,43.0,A,A
hibernate-envers/src/main/java/org/hibernate/envers/internal/tools/ArgumentsTools.java,4.0,2.0,0.0,1.0,5.0,1.0,0.0,25.0,A,A
hibernate-core/src/main/java/org/hibernate/query/sqm/produce/function/ArgumentsValidator.java,4.0,0.0,0.0,1.0,10.0,1.0,0.0,53.0,A,A
hibernate-core/src/main/java/org/hibernate/query/sqm/produce/function/ArgumentTypesValidator.java,69.0,86.0,0.0,4.0,35.0,4.0,0.0,323.0,A,A
hibernate-core/src/main/java/org/hibernate/mapping/Array.java,12.0,6.0,0.0,0.0,0.0,0.0,0.0,98.0,A,A
hibernate-core/src/main/java/org/hibernate/annotations/Array.java,0.0,0.0,0.0,0.0,0.0,0.0,0.0,38.0,A,A
hibernate-core/src/main/java/org/hibernate/dialect/function/array/ArrayAggFunction.java,14.0,14.0,0.0,0.0,0.0,0.0,0.0,126.0,A,A
hibernate-core/src/main/java/org/hibernate/dialect/function/array/ArrayAndElementArgumentTypeResolver.java,10.0,20.0,0.0,2.0,15.0,2.0,0.0,68.0,A,A
hibernate-core/src/main/java/org/hibernate/dialect/function/array/ArrayAndElementArgumentValidator.java,6.0,4.0,0.0,0.0,0.0,0.0,0.0,55.0,A,A
hibernate-core/src/main/java/org/hibernate/dialect/function/array/ArrayArgumentValidator.java,7.0,2.0,0.0,0.0,0.0,0.0,0.0,78.0,A,A
hibernate-core/src/main/java/org/hibernate/boot/model/internal/ArrayBinder.java,2.0,0.0,0.0,0.0,0.0,0.0,0.0,36.0,A,A
hibernate-envers/src/main/java/org/hibernate/envers/internal/entities/mapper/relation/lazy/initializor/ArrayCollectionInitializor.java,3.0,0.0,0.0,0.0,0.0,0.0,0.0,63.0,A,A
hibernate-core/src/main/java/org/hibernate/dialect/function/array/ArrayConcatElementFunction.java,8.0,8.0,0.0,0.0,0.0,0.0,0.0,76.0,A,A
hibernate-core/src/main/java/org/hibernate/dialect/function/array/ArrayConcatFunction.java,3.0,1.0,0.0,0.0,0.0,0.0,0.0,59.0,A,A
hibernate-core/src/main/java/org/hibernate/dialect/function/array/ArrayConstructorFunction.java,18.0,19.0,0.0,0.0,0.0,0.0,0.0,128.0,A,A
hibernate-core/src/main/java/org/hibernate/dialect/function/array/ArrayContainsArgumentTypeResolver.java,8.0,17.0,0.0,1.0,7.0,1.0,0.0,61.0,A,A
hibernate-core/src/main/java/org/hibernate/dialect/function/array/ArrayContainsArgumentValidator.java,6.0,3.0,0.0,0.0,0.0,0.0,0.0,49.0,A,A
hibernate-core/src/main/java/org/hibernate/dialect/function/array/ArrayContainsOperatorFunction.java,9.0,14.0,0.0,0.0,0.0,0.0,0.0,86.0,A,A
hibernate-core/src/main/java/org/hibernate/dialect/function/array/ArrayContainsUnnestFunction.java,9.0,13.0,0.0,0.0,0.0,0.0,0.0,78.0,A,A
hibernate-core/src/main/java/org/hibernate/type/descriptor/converter/internal/ArrayConverter.java,13.0,12.0,0.0,2.0,0.0,2.0,0.0,107.0,A,A
hibernate-core/src/main/java/org/hibernate/type/descriptor/sql/internal/ArrayDdlTypeImpl.java,6.0,6.0,0.0,0.0,0.0,0.0,0.0,89.0,A,A
hibernate-core/src/main/java/org/hibernate/dialect/function/array/ArrayGetUnnestFunction.java,2.0,0.0,0.0,0.0,0.0,0.0,0.0,56.0,A,A
hibernate-core/src/main/java/org/hibernate/dialect/function/array/ArrayHelper.java,2.0,1.0,0.0,1.0,5.0,1.0,0.0,22.0,A,A
hibernate-core/src/main/java/org/hibernate/internal/util/collections/ArrayHelper.java,100.0,63.0,0.0,3.0,35.0,3.0,0.0,482.0,A,A
hibernate-core/src/main/java/org/hibernate/sql/results/graph/collection/internal/ArrayInitializer.java,9.0,4.0,0.0,0.0,0.0,0.0,0.0,98.0,A,A
hibernate-core/src/main/java/org/hibernate/sql/results/graph/collection/internal/ArrayInitializerProducer.java,2.0,0.0,0.0,0.0,0.0,0.0,0.0,58.0,A,A
hibernate-core/src/main/java/org/hibernate/type/descriptor/java/ArrayJavaType.java,90.0,114.0,0.0,8.0,195.0,8.0,0.0,412.0,A,A
hibernate-core/src/main/java/org/hibernate/type/descriptor/jdbc/ArrayJdbcType.java,26.0,15.0,0.0,15.0,18.0,15.0,0.0,225.0,A,A
hibernate-core/src/main/java/org/hibernate/type/descriptor/jdbc/ArrayJdbcTypeConstructor.java,3.0,0.0,0.0,1.0,0.0,1.0,0.0,45.0,A,A
hibernate-core/src/main/java/org/hibernate/type/descriptor/java/ArrayMutabilityPlan.java,2.0,1.0,0.0,2.0,10.0,2.0,0.0,31.0,A,A
hibernate-core/src/main/java/org/hibernate/dialect/function/array/ArrayOverlapsOperatorFunction.java,3.0,2.0,0.0,0.0,0.0,0.0,0.0,44.0,A,A
hibernate-core/src/main/java/org/hibernate/dialect/function/array/ArrayOverlapsUnnestFunction.java,5.0,3.0,0.0,0.0,0.0,0.0,0.0,58.0,A,A
hibernate-core/src/main/java/org/hibernate/dialect/function/array/ArrayRemoveIndexUnnestFunction.java,3.0,2.0,0.0,0.0,0.0,0.0,0.0,76.0,A,A
hibernate-core/src/main/java/org/hibernate/dialect/function/array/ArrayReplaceUnnestFunction.java,2.0,0.0,0.0,0.0,0.0,0.0,0.0,56.0,A,A
hibernate-core/src/main/java/org/hibernate/dialect/function/array/ArraySetUnnestFunction.java,2.0,0.0,0.0,0.0,0.0,0.0,0.0,67.0,A,A
hibernate-core/src/main/java/org/hibernate/dialect/function/array/ArraySliceUnnestFunction.java,3.0,2.0,0.0,0.0,0.0,0.0,0.0,83.0,A,A
hibernate-core/src/main/java/org/hibernate/dialect/function/array/ArraysOfSameTypeArgumentValidator.java,11.0,14.0,0.0,0.0,0.0,0.0,0.0,75.0,A,A
hibernate-envers/src/main/java/org/hibernate/envers/internal/tools/ArraysTools.java,12.0,12.0,0.0,1.0,5.0,1.0,0.0,57.0,A,A
hibernate-core/src/main/java/org/hibernate/dialect/function/array/ArrayToStringFunction.java,2.0,0.0,0.0,0.0,0.0,0.0,0.0,61.0,A,A
hibernate-core/src/main/java/org/hibernate/metamodel/model/domain/internal/ArrayTupleType.java,17.0,1.0,0.0,1.0,8.0,1.0,0.0,123.0,A,A
hibernate-core/src/main/java/org/hibernate/type/ArrayType.java,22.0,11.0,0.0,1.0,0.0,1.0,0.0,152.0,A,A
hibernate-core/src/main/java/org/hibernate/dialect/function/array/ArrayViaArgumentReturnTypeResolver.java,9.0,7.0,0.0,1.0,5.0,1.0,0.0,71.0,A,A
hibernate-core/src/main/java/org/hibernate/dialect/function/array/ArrayViaElementArgumentReturnTypeResolver.java,13.0,21.0,0.0,1.0,11.0,1.0,0.0,88.0,A,A
local-build-plugins/src/main/java/org/hibernate/orm/properties/AsciiDocWriter.java,17.0,19.0,0.0,5.0,70.0,5.0,0.0,165.0,A,A
hibernate-core/src/main/java/org/hibernate/sql/results/graph/AssemblerCreationState.java,2.0,0.0,0.0,0.0,0.0,0.0,0.0,40.0,A,A
hibernate-core/src/main/java/org/hibernate/AssertionFailure.java,2.0,0.0,0.0,0.0,0.0,0.0,0.0,43.0,A,A
hibernate-core/src/main/java/org/hibernate/sql/ast/tree/update/Assignable.java,1.0,0.0,0.0,0.0,0.0,0.0,0.0,25.0,A,A
hibernate-testing/src/main/java/org/hibernate/testing/hamcrest/AssignableMatcher.java,4.0,0.0,0.0,2.0,10.0,2.0,0.0,36.0,A,A
hibernate-core/src/main/java/org/hibernate/id/Assigned.java,4.0,2.0,0.0,1.0,0.0,1.0,0.0,48.0,A,A
hibernate-core/src/main/java/org/hibernate/sql/ast/tree/update/Assignment.java,4.0,0.0,0.0,0.0,0.0,0.0,0.0,41.0,A,A
hibernate-core/src/main/java/org/hibernate/metamodel/mapping/Association.java,0.0,0.0,0.0,0.0,0.0,0.0,0.0,27.0,A,A
hibernate-core/src/main/java/org/hibernate/engine/profile/Association.java,5.0,0.0,0.0,0.0,0.0,0.0,0.0,59.0,A,A
hibernate-core/src/main/java/org/hibernate/boot/jaxb/mapping/AssociationAttribute.java,0.0,0.0,0.0,0.0,0.0,0.0,0.0,27.0,A,A
hibernate-core/src/main/java/org/hibernate/metamodel/mapping/AssociationKey.java,10.0,5.0,0.0,0.0,0.0,0.0,0.0,63.0,A,A
hibernate-core/src/main/java/org/hibernate/engine/spi/AssociationKey.java,7.0,4.0,0.0,0.0,0.0,0.0,0.0,56.0,A,A
hibernate-core/src/main/java/org/hibernate/boot/model/source/spi/AssociationSource.java,0.0,0.0,0.0,0.0,0.0,0.0,0.0,27.0,A,A
hibernate-core/src/main/java/org/hibernate/type/AssociationType.java,0.0,0.0,0.0,1.0,0.0,1.0,0.0,63.0,A,A
hibernate-core/src/main/java/org/hibernate/engine/transaction/jta/platform/internal/AtomikosJtaPlatform.java,2.0,1.0,0.0,2.0,20.0,2.0,0.0,38.0,A,A
hibernate-core/src/main/java/org/hibernate/tuple/Attribute.java,0.0,0.0,0.0,1.0,10.0,1.0,0.0,19.0,A,A
hibernate-envers/src/main/java/org/hibernate/envers/boot/model/Attribute.java,0.0,0.0,0.0,0.0,0.0,0.0,0.0,29.0,A,A
hibernate-core/src/main/java/org/hibernate/annotations/AttributeAccessor.java,0.0,0.0,0.0,1.0,10.0,1.0,0.0,60.0,A,A
hibernate-core/src/main/java/org/hibernate/binder/internal/AttributeAccessorBinder.java,3.0,3.0,0.0,0.0,0.0,0.0,0.0,42.0,A,A
hibernate-core/src/main/java/org/hibernate/persister/entity/mutation/AttributeAnalysis.java,4.0,1.0,0.0,1.0,2.0,1.0,0.0,78.0,A,A
hibernate-core/src/main/java/org/hibernate/binder/AttributeBinder.java,0.0,0.0,0.0,0.0,0.0,0.0,0.0,44.0,A,A
hibernate-core/src/main/java/org/hibernate/annotations/AttributeBinderType.java,0.0,0.0,0.0,0.0,0.0,0.0,0.0,39.0,A,A
hibernate-core/src/main/java/org/hibernate/metamodel/AttributeClassification.java,2.0,0.0,0.0,0.0,0.0,0.0,0.0,75.0,A,A
hibernate-core/src/main/java/org/hibernate/metamodel/model/domain/internal/AttributeContainer.java,6.0,0.0,0.0,1.0,0.0,1.0,0.0,81.0,A,A
hibernate-core/src/main/java/org/hibernate/mapping/AttributeContainer.java,0.0,0.0,0.0,0.0,0.0,0.0,0.0,33.0,A,A
hibernate-envers/src/main/java/org/hibernate/envers/boot/model/AttributeContainer.java,0.0,0.0,0.0,0.0,0.0,0.0,0.0,22.0,A,A
hibernate-core/src/main/java/org/hibernate/metamodel/internal/AttributeContext.java,0.0,0.0,0.0,0.0,0.0,0.0,0.0,33.0,A,A
hibernate-core/src/main/java/org/hibernate/boot/model/internal/AttributeConversionInfo.java,6.0,0.0,0.0,0.0,0.0,0.0,0.0,81.0,A,A
hibernate-core/src/main/java/org/hibernate/boot/model/internal/AttributeConverterDefinitionCollector.java,0.0,0.0,0.0,1.0,10.0,1.0,0.0,22.0,A,A
hibernate-core/src/main/java/org/hibernate/boot/AttributeConverterInfo.java,0.0,0.0,0.0,1.0,10.0,1.0,0.0,29.0,A,A
hibernate-core/src/main/java/org/hibernate/boot/model/convert/internal/AttributeConverterManager.java,40.0,39.0,0.0,3.0,6.0,3.0,0.0,264.0,A,A
hibernate-core/src/main/java/org/hibernate/type/descriptor/converter/internal/AttributeConverterMutabilityPlanImpl.java,7.0,2.0,0.0,0.0,0.0,0.0,0.0,75.0,A,A
hibernate-core/src/main/java/org/hibernate/metamodel/internal/AttributeFactory.java,83.0,66.0,0.0,3.0,26.0,3.0,0.0,721.0,A,A
hibernate-core/src/main/java/org/hibernate/metamodel/mapping/AttributeMapping.java,11.0,0.0,0.0,0.0,0.0,0.0,0.0,123.0,A,A
hibernate-core/src/main/java/org/hibernate/boot/jaxb/hbm/spi/AttributeMapping.java,0.0,0.0,0.0,0.0,0.0,0.0,0.0,16.0,A,A
hibernate-core/src/main/java/org/hibernate/metamodel/mapping/AttributeMappingsList.java,0.0,0.0,0.0,0.0,0.0,0.0,0.0,42.0,A,A
hibernate-core/src/main/java/org/hibernate/metamodel/mapping/AttributeMappingsMap.java,6.0,3.0,0.0,0.0,0.0,0.0,0.0,75.0,A,A
hibernate-core/src/main/java/org/hibernate/metamodel/mapping/AttributeMetadata.java,1.0,0.0,0.0,1.0,0.0,1.0,0.0,41.0,A,A
hibernate-core/src/main/java/org/hibernate/metamodel/internal/AttributeMetadata.java,0.0,0.0,0.0,0.0,0.0,0.0,0.0,69.0,A,A
hibernate-core/src/main/java/org/hibernate/graph/AttributeNode.java,2.0,0.0,0.0,2.0,20.0,2.0,0.0,49.0,A,A
hibernate-core/src/main/java/org/hibernate/graph/internal/AttributeNodeImpl.java,44.0,26.0,0.0,2.0,10.0,2.0,0.0,283.0,A,A
hibernate-core/src/main/java/org/hibernate/graph/spi/AttributeNodeImplementor.java,6.0,0.0,0.0,0.0,0.0,0.0,0.0,82.0,A,A
hibernate-core/src/main/java/org/hibernate/boot/model/source/spi/AttributePath.java,8.0,2.0,0.0,0.0,0.0,0.0,0.0,54.0,A,A
hibernate-core/src/main/java/org/hibernate/boot/model/source/spi/AttributeRole.java,5.0,0.0,0.0,0.0,0.0,0.0,0.0,42.0,A,A
hibernate-core/src/main/java/org/hibernate/boot/jaxb/mapping/AttributesContainer.java,0.0,0.0,0.0,0.0,0.0,0.0,0.0,41.0,A,A
hibernate-core/src/main/java/org/hibernate/boot/model/source/internal/hbm/AttributesHelper.java,61.0,25.0,0.0,3.0,14.0,3.0,0.0,620.0,A,A
hibernate-core/src/main/java/org/hibernate/boot/model/source/spi/AttributeSource.java,0.0,0.0,0.0,0.0,0.0,0.0,0.0,74.0,A,A
hibernate-core/src/main/java/org/hibernate/persister/walking/spi/AttributeSource.java,1.0,0.0,0.0,0.0,0.0,0.0,0.0,17.0,A,A
hibernate-core/src/main/java/org/hibernate/boot/model/source/spi/AttributeSourceContainer.java,0.0,0.0,0.0,0.0,0.0,0.0,0.0,38.0,A,A
hibernate-envers/src/main/java/org/hibernate/envers/query/AuditAssociationQuery.java,0.0,0.0,0.0,0.0,0.0,0.0,0.0,71.0,A,A
hibernate-envers/src/main/java/org/hibernate/envers/query/criteria/AuditConjunction.java,5.0,4.0,0.0,0.0,0.0,0.0,0.0,63.0,A,A
hibernate-envers/src/main/java/org/hibernate/envers/query/criteria/AuditCriterion.java,0.0,0.0,0.0,0.0,0.0,0.0,0.0,29.0,A,A
hibernate-envers/src/main/java/org/hibernate/envers/query/criteria/AuditDisjunction.java,5.0,4.0,0.0,0.0,0.0,0.0,0.0,63.0,A,A
hibernate-envers/src/main/java/org/hibernate/envers/Audited.java,0.0,0.0,0.0,1.0,10.0,1.0,0.0,81.0,A,A
hibernate-envers/src/main/java/org/hibernate/envers/configuration/internal/metadata/reader/AuditedPropertiesHolder.java,0.0,0.0,0.0,0.0,0.0,0.0,0.0,49.0,A,A
hibernate-envers/src/main/java/org/hibernate/envers/configuration/internal/metadata/reader/AuditedPropertiesReader.java,153.0,202.0,0.0,14.0,104.0,14.0,0.0,948.0,A,A
hibernate-envers/src/main/java/org/hibernate/envers/query/AuditEntity.java,24.0,0.0,0.0,0.0,0.0,0.0,0.0,252.0,A,A
hibernate-envers/src/main/java/org/hibernate/envers/configuration/internal/metadata/AuditEntityConfigurationRegistry.java,8.0,0.0,0.0,0.0,0.0,0.0,0.0,58.0,A,A
hibernate-envers/src/main/java/org/hibernate/envers/configuration/internal/metadata/AuditEntityNameRegister.java,5.0,2.0,0.0,0.0,0.0,0.0,0.0,62.0,A,A
hibernate-envers/src/main/java/org/hibernate/envers/exception/AuditException.java,3.0,0.0,0.0,0.0,0.0,0.0,0.0,29.0,A,A
hibernate-envers/src/main/java/org/hibernate/envers/query/criteria/AuditFunction.java,32.0,0.0,0.0,0.0,0.0,0.0,0.0,266.0,A,A
hibernate-envers/src/main/java/org/hibernate/envers/query/criteria/AuditId.java,5.0,0.0,0.0,0.0,0.0,0.0,0.0,59.0,A,A
hibernate-envers/src/main/java/org/hibernate/envers/AuditJoinTable.java,0.0,0.0,0.0,0.0,0.0,0.0,0.0,43.0,A,A
hibernate-envers/src/main/java/org/hibernate/envers/configuration/internal/metadata/reader/AuditJoinTableData.java,10.0,1.0,0.0,0.0,0.0,0.0,0.0,82.0,A,A
hibernate-envers/src/main/java/org/hibernate/envers/AuditMappedBy.java,0.0,0.0,0.0,0.0,0.0,0.0,0.0,44.0,A,A
hibernate-envers/src/main/java/org/hibernate/envers/configuration/internal/metadata/AuditMetadataGenerator.java,37.0,41.0,0.0,2.0,5.0,2.0,0.0,433.0,A,A
hibernate-envers/src/main/java/org/hibernate/envers/query/order/AuditOrder.java,6.0,1.0,0.0,0.0,0.0,0.0,0.0,63.0,A,A
hibernate-envers/src/main/java/org/hibernate/envers/AuditOverride.java,0.0,0.0,0.0,1.0,5.0,1.0,0.0,62.0,A,A
hibernate-envers/src/main/java/org/hibernate/envers/configuration/internal/metadata/reader/AuditOverrideData.java,5.0,0.0,0.0,0.0,0.0,0.0,0.0,46.0,A,A
hibernate-envers/src/main/java/org/hibernate/envers/AuditOverrides.java,0.0,0.0,0.0,0.0,0.0,0.0,0.0,40.0,A,A
hibernate-envers/src/main/java/org/hibernate/envers/internal/synchronization/AuditProcess.java,27.0,33.0,0.0,2.0,12.0,2.0,0.0,182.0,A,A
hibernate-envers/src/main/java/org/hibernate/envers/internal/synchronization/AuditProcessManager.java,6.0,4.0,0.0,0.0,0.0,0.0,0.0,65.0,A,A
hibernate-envers/src/main/java/org/hibernate/envers/query/projection/AuditProjection.java,0.0,0.0,0.0,0.0,0.0,0.0,0.0,64.0,A,A
hibernate-envers/src/main/java/org/hibernate/envers/query/criteria/AuditProperty.java,51.0,1.0,0.0,0.0,0.0,0.0,0.0,464.0,A,A
hibernate-envers/src/main/java/org/hibernate/envers/query/AuditQuery.java,0.0,0.0,0.0,1.0,5.0,1.0,0.0,71.0,A,A
hibernate-envers/src/main/java/org/hibernate/envers/query/AuditQueryCreator.java,14.0,1.0,0.0,1.0,18.0,1.0,0.0,354.0,A,A
hibernate-envers/src/main/java/org/hibernate/envers/query/internal/impl/AuditQueryImplementor.java,0.0,0.0,0.0,0.0,0.0,0.0,0.0,22.0,A,A
hibernate-envers/src/main/java/org/hibernate/envers/AuditReader.java,0.0,0.0,0.0,1.0,10.0,1.0,0.0,376.0,A,A
hibernate-envers/src/main/java/org/hibernate/envers/AuditReaderFactory.java,6.0,4.0,0.0,0.0,0.0,0.0,0.0,73.0,A,A
hibernate-envers/src/main/java/org/hibernate/envers/internal/reader/AuditReaderImpl.java,39.0,25.0,0.0,8.0,49.0,8.0,0.0,389.0,A,A
hibernate-envers/src/main/java/org/hibernate/envers/internal/reader/AuditReaderImplementor.java,0.0,0.0,0.0,0.0,0.0,0.0,0.0,25.0,A,A
hibernate-envers/src/main/java/org/hibernate/envers/query/criteria/AuditRelatedId.java,4.0,0.0,0.0,0.0,0.0,0.0,0.0,58.0,A,A
hibernate-envers/src/main/java/org/hibernate/envers/strategy/AuditStrategy.java,2.0,0.0,0.0,4.0,35.0,4.0,0.0,84.0,A,A
hibernate-envers/src/main/java/org/hibernate/envers/strategy/spi/AuditStrategy.java,2.0,0.0,0.0,3.0,40.0,3.0,0.0,154.0,A,A
hibernate-envers/src/main/java/org/hibernate/envers/strategy/spi/AuditStrategyContext.java,0.0,0.0,0.0,0.0,0.0,0.0,0.0,31.0,A,A
hibernate-envers/src/main/java/org/hibernate/envers/boot/internal/AuditStrategyRegistrationProvider.java,1.0,0.0,0.0,0.0,0.0,0.0,0.0,58.0,A,A
hibernate-envers/src/main/java/org/hibernate/envers/AuditTable.java,0.0,0.0,0.0,0.0,0.0,0.0,0.0,35.0,A,A
hibernate-envers/src/main/java/org/hibernate/envers/configuration/internal/metadata/AuditTableData.java,5.0,0.0,0.0,0.0,0.0,0.0,0.0,45.0,A,A
hibernate-envers/src/main/java/org/hibernate/envers/internal/synchronization/work/AuditWorkUnit.java,0.0,0.0,0.0,1.0,0.0,1.0,0.0,52.0,A,A
hibernate-core/src/main/java/org/hibernate/boot/model/convert/spi/AutoApplicableConverterDescriptor.java,0.0,0.0,0.0,0.0,0.0,0.0,0.0,22.0,A,A
hibernate-core/src/main/java/org/hibernate/boot/model/convert/internal/AutoApplicableConverterDescriptorBypassedImpl.java,4.0,0.0,0.0,1.0,0.0,1.0,0.0,50.0,A,A
hibernate-core/src/main/java/org/hibernate/boot/model/convert/internal/AutoApplicableConverterDescriptorStandardImpl.java,14.0,15.0,0.0,0.0,0.0,0.0,0.0,109.0,A,A
hibernate-core/src/main/java/org/hibernate/event/spi/AutoFlushEvent.java,5.0,0.0,0.0,0.0,0.0,0.0,0.0,41.0,A,A
hibernate-core/src/main/java/org/hibernate/event/spi/AutoFlushEventListener.java,0.0,0.0,0.0,0.0,0.0,0.0,0.0,24.0,A,A
hibernate-core/src/main/java/org/hibernate/id/factory/internal/AutoGenerationTypeStrategy.java,2.0,1.0,0.0,2.0,5.0,2.0,0.0,37.0,A,A
hibernate-core/src/main/java/org/hibernate/boot/model/relational/AuxiliaryDatabaseObject.java,0.0,0.0,0.0,0.0,0.0,0.0,0.0,75.0,A,A
hibernate-core/src/main/java/org/hibernate/boot/model/source/internal/hbm/AuxiliaryDatabaseObjectBinder.java,5.0,13.0,0.0,1.0,5.0,1.0,0.0,78.0,A,A
hibernate-core/src/main/java/org/hibernate/jpa/AvailableHints.java,1.0,0.0,0.0,0.0,0.0,0.0,0.0,32.0,A,A
hibernate-core/src/main/java/org/hibernate/cfg/AvailableSettings.java,0.0,0.0,0.0,4.0,40.0,4.0,0.0,225.0,A,A
hibernate-core/src/main/java/org/hibernate/dialect/function/AvgFunction.java,30.0,27.0,0.0,1.0,5.0,1.0,0.0,258.0,A,A
hibernate-core/src/main/java/org/hibernate/mapping/Backref.java,9.0,1.0,0.0,0.0,0.0,0.0,0.0,61.0,A,A
hibernate-core/src/main/java/org/hibernate/mapping/Bag.java,7.0,0.0,0.0,0.0,0.0,0.0,0.0,59.0,A,A
hibernate-core/src/main/java/org/hibernate/annotations/Bag.java,0.0,0.0,0.0,0.0,0.0,0.0,0.0,38.0,A,A
hibernate-core/src/main/java/org/hibernate/metamodel/model/domain/internal/BagAttributeImpl.java,3.0,0.0,0.0,0.0,0.0,0.0,0.0,52.0,A,A
hibernate-core/src/main/java/org/hibernate/boot/model/internal/BagBinder.java,2.0,0.0,0.0,0.0,0.0,0.0,0.0,37.0,A,A
hibernate-core/src/main/java/org/hibernate/sql/results/graph/collection/internal/BagInitializer.java,8.0,8.0,0.0,0.0,0.0,0.0,0.0,92.0,A,A
hibernate-core/src/main/java/org/hibernate/sql/results/graph/collection/internal/BagInitializerProducer.java,4.0,4.0,0.0,2.0,10.0,2.0,0.0,83.0,A,A
hibernate-core/src/main/java/org/hibernate/metamodel/model/domain/BagPersistentAttribute.java,0.0,0.0,0.0,0.0,0.0,0.0,0.0,28.0,A,A
hibernate-core/src/main/java/org/hibernate/collection/spi/BagSemantics.java,0.0,0.0,0.0,1.0,10.0,1.0,0.0,17.0,A,A
hibernate-core/src/main/java/org/hibernate/type/BagType.java,7.0,1.0,0.0,0.0,0.0,0.0,0.0,52.0,A,A
hibernate-core/src/main/java/org/hibernate/metamodel/internal/BaseAttributeMetadata.java,14.0,5.0,0.0,1.0,5.0,1.0,0.0,97.0,A,A
hibernate-testing/src/main/java/org/hibernate/testing/junit4/BaseCoreFunctionalTestCase.java,94.0,70.0,0.0,9.0,54.0,9.0,0.0,557.0,A,A
hibernate-envers/src/main/java/org/hibernate/envers/event/spi/BaseEnversCollectionEventListener.java,30.0,29.0,0.0,2.0,7.0,2.0,0.0,311.0,A,A
hibernate-envers/src/main/java/org/hibernate/envers/event/spi/BaseEnversEventListener.java,18.0,25.0,0.0,1.0,12.0,1.0,0.0,141.0,A,A
hibernate-envers/src/main/java/org/hibernate/envers/event/spi/BaseEnversUpdateEventListener.java,4.0,2.0,0.0,1.0,2.0,1.0,0.0,36.0,A,A
hibernate-core/src/main/java/org/hibernate/sql/exec/internal/BaseExecutionContext.java,7.0,0.0,0.0,0.0,0.0,0.0,0.0,60.0,A,A
hibernate-core/src/main/java/org/hibernate/tuple/BaselineAttributeInformation.java,18.0,0.0,0.0,2.0,30.0,2.0,0.0,142.0,A,A
hibernate-core/src/main/java/org/hibernate/internal/BaselineSessionEventsListenerBuilder.java,14.0,9.0,0.0,2.0,20.0,2.0,0.0,92.0,A,A
hibernate-core/src/main/java/org/hibernate/loader/internal/BaseNaturalIdLoadAccessImpl.java,38.0,40.0,0.0,2.0,45.0,2.0,0.0,281.0,A,A
hibernate-testing/src/main/java/org/hibernate/testing/junit4/BaseNonConfigCoreFunctionalTestCase.java,101.0,61.0,0.0,26.0,148.0,26.0,0.0,596.0,A,A
hibernate-core/src/main/java/org/hibernate/query/sqm/spi/BaseSemanticQueryWalker.java,177.0,68.0,0.0,2.0,5.0,2.0,0.0,947.0,A,A
hibernate-core/src/main/java/org/hibernate/BaseSessionEventListener.java,22.0,0.0,0.0,22.0,110.0,22.0,0.0,104.0,A,A
hibernate-testing/src/main/java/org/hibernate/testing/orm/junit/BaseSessionFactoryFunctionalTest.java,62.0,47.0,0.0,9.0,79.0,9.0,0.0,368.0,A,A
hibernate-spatial/src/main/java/org/hibernate/spatial/BaseSqmFunctionDescriptors.java,5.0,4.0,0.0,1.0,0.0,1.0,0.0,66.0,A,A
hibernate-core/src/main/java/org/hibernate/query/sqm/sql/BaseSqmToSqlAstConverter.java,1304.0,1657.0,0.0,97.0,1177.0,97.0,0.0,8716.0,A,A
hibernate-testing/src/main/java/org/hibernate/testing/common/connections/BaseTransactionIsolationConfigTest.java,9.0,4.0,0.0,0.0,0.0,0.0,0.0,130.0,A,A
hibernate-testing/src/main/java/org/hibernate/testing/orm/junit/BaseUnitTest.java,0.0,0.0,0.0,0.0,0.0,0.0,0.0,29.0,A,A
hibernate-testing/src/main/java/org/hibernate/testing/junit4/BaseUnitTestCase.java,11.0,10.0,1.0,5.0,67.0,6.0,0.0,119.0,C,A
hibernate-core/src/main/java/org/hibernate/usertype/BaseUserTypeSupport.java,15.0,1.0,0.0,2.0,10.0,2.0,0.0,116.0,A,A
hibernate-core/src/main/java/org/hibernate/boot/jaxb/internal/stax/BaseXMLEventReader.java,21.0,11.0,0.0,1.0,2.0,1.0,0.0,122.0,A,A
hibernate-core/src/main/java/org/hibernate/type/BasicArrayType.java,9.0,2.0,1.0,1.0,0.0,2.0,0.0,68.0,C,A
hibernate-envers/src/main/java/org/hibernate/envers/boot/model/BasicAttribute.java,27.0,7.0,0.0,0.0,0.0,0.0,0.0,208.0,A,A
hibernate-core/src/main/java/org/hibernate/boot/model/source/internal/hbm/BasicAttributeColumnsAndFormulasSource.java,12.0,1.0,0.0,0.0,0.0,0.0,0.0,85.0,A,A
hibernate-core/src/main/java/org/hibernate/metamodel/mapping/internal/BasicAttributeMapping.java,41.0,12.0,0.0,1.0,15.0,1.0,0.0,453.0,A,A
hibernate-core/src/main/java/org/hibernate/boot/model/source/internal/hbm/BasicAttributePropertySource.java,12.0,0.0,0.0,0.0,0.0,0.0,0.0,82.0,A,A
hibernate-core/src/main/java/org/hibernate/engine/jdbc/batch/internal/BasicBatchKey.java,11.0,3.0,0.0,0.0,0.0,0.0,0.0,80.0,A,A
hibernate-core/src/main/java/org/hibernate/type/descriptor/jdbc/BasicBinder.java,13.0,12.0,0.0,1.0,2.0,1.0,0.0,140.0,A,A
hibernate-core/src/main/java/org/hibernate/cache/internal/BasicCacheKeyImplementation.java,12.0,5.0,0.0,2.0,10.0,2.0,0.0,110.0,A,A
hibernate-envers/src/main/java/org/hibernate/envers/internal/entities/mapper/relation/lazy/initializor/BasicCollectionInitializor.java,5.0,3.0,0.0,0.0,0.0,0.0,0.0,71.0,A,A
hibernate-core/src/main/java/org/hibernate/type/descriptor/java/spi/BasicCollectionJavaType.java,104.0,126.0,0.0,10.0,208.0,10.0,0.0,505.0,A,A
hibernate-envers/src/main/java/org/hibernate/envers/internal/entities/mapper/relation/BasicCollectionMapper.java,24.0,33.0,0.0,6.0,30.0,6.0,0.0,226.0,A,A
hibernate-core/src/main/java/org/hibernate/persister/collection/BasicCollectionPersister.java,94.0,82.0,0.0,4.0,20.0,4.0,0.0,790.0,A,A
hibernate-core/src/main/java/org/hibernate/type/BasicCollectionType.java,16.0,3.0,1.0,1.0,0.0,2.0,0.0,89.0,C,A
hibernate-core/src/main/java/org/hibernate/engine/jdbc/connections/internal/BasicConnectionCreator.java,16.0,15.0,0.0,5.0,63.0,5.0,0.0,156.0,A,A
hibernate-core/src/main/java/org/hibernate/engine/jdbc/dialect/spi/BasicDialectResolver.java,9.0,9.0,0.0,1.0,15.0,1.0,0.0,92.0,A,A
hibernate-core/src/main/java/org/hibernate/metamodel/model/domain/BasicDomainType.java,2.0,0.0,0.0,0.0,0.0,0.0,0.0,33.0,A,A
hibernate-core/src/main/java/org/hibernate/query/hql/internal/BasicDotIdentifierConsumer.java,26.0,34.0,0.0,8.0,62.0,8.0,0.0,275.0,A,A
hibernate-testing/src/main/java/org/hibernate/testing/orm/domain/gambit/BasicEntity.java,12.0,4.0,0.0,0.0,0.0,0.0,0.0,65.0,A,A
hibernate-core/src/main/java/org/hibernate/metamodel/mapping/BasicEntityIdentifierMapping.java,1.0,0.0,0.0,0.0,0.0,0.0,0.0,29.0,A,A
hibernate-core/src/main/java/org/hibernate/metamodel/mapping/internal/BasicEntityIdentifierMappingImpl.java,46.0,3.0,0.0,1.0,5.0,1.0,0.0,440.0,A,A
hibernate-core/src/main/java/org/hibernate/persister/entity/BasicEntityPropertyMapping.java,5.0,0.0,0.0,1.0,10.0,1.0,0.0,44.0,A,A
hibernate-core/src/main/java/org/hibernate/type/descriptor/jdbc/BasicExtractor.java,18.0,21.0,0.0,1.0,2.0,1.0,0.0,158.0,A,A
hibernate-core/src/main/java/org/hibernate/sql/results/graph/basic/BasicFetch.java,18.0,9.0,0.0,0.0,0.0,0.0,0.0,207.0,A,A
hibernate-core/src/main/java/org/hibernate/engine/jdbc/internal/BasicFormatterImpl.java,123.0,75.0,0.0,8.0,47.0,8.0,0.0,509.0,A,A
hibernate-core/src/main/java/org/hibernate/type/descriptor/java/BasicJavaType.java,3.0,1.0,0.0,0.0,0.0,0.0,0.0,42.0,A,A
hibernate-core/src/main/java/org/hibernate/type/descriptor/jdbc/spi/BasicJdbcLiteralFormatter.java,5.0,4.0,0.0,1.0,2.0,1.0,0.0,47.0,A,A
hibernate-core/src/main/java/org/hibernate/proxy/pojo/BasicLazyInitializer.java,23.0,22.0,0.0,0.0,0.0,0.0,0.0,137.0,A,A
hibernate-envers/src/main/java/org/hibernate/envers/configuration/internal/metadata/BasicMetadataGenerator.java,21.0,24.0,0.0,1.0,5.0,1.0,0.0,130.0,A,A
hibernate-core/src/main/java/org/hibernate/type/descriptor/java/BasicPluralJavaType.java,0.0,0.0,0.0,0.0,0.0,0.0,0.0,46.0,A,A
hibernate-core/src/main/java/org/hibernate/type/BasicPluralType.java,0.0,0.0,0.0,0.0,0.0,0.0,0.0,26.0,A,A
hibernate-core/src/main/java/org/hibernate/bytecode/spi/BasicProxyFactory.java,0.0,0.0,0.0,0.0,0.0,0.0,0.0,22.0,A,A
hibernate-core/src/main/java/org/hibernate/bytecode/internal/bytebuddy/BasicProxyFactoryImpl.java,12.0,12.0,0.0,3.0,10.0,3.0,0.0,90.0,A,A
hibernate-core/src/main/java/org/hibernate/sql/results/graph/basic/BasicResult.java,14.0,2.0,0.0,0.0,0.0,0.0,0.0,156.0,A,A
hibernate-core/src/main/java/org/hibernate/sql/results/graph/basic/BasicResultAssembler.java,12.0,7.0,0.0,1.0,5.0,1.0,0.0,108.0,A,A
hibernate-core/src/main/java/org/hibernate/sql/results/graph/basic/BasicResultGraphNode.java,0.0,0.0,0.0,0.0,0.0,0.0,0.0,19.0,A,A
hibernate-core/src/main/java/org/hibernate/id/insert/BasicSelectingDelegate.java,9.0,7.0,0.0,2.0,15.0,2.0,0.0,74.0,A,A
hibernate-core/src/main/java/org/hibernate/engine/jdbc/dialect/spi/BasicSQLExceptionConverter.java,3.0,0.0,0.0,1.0,0.0,1.0,0.0,53.0,A,A
hibernate-core/src/main/java/org/hibernate/metamodel/model/domain/internal/BasicSqmPathSource.java,12.0,2.0,0.0,0.0,0.0,0.0,0.0,93.0,A,A
hibernate-testing/src/main/java/org/hibernate/testing/boot/BasicTestingJdbcServiceImpl.java,14.0,2.0,0.0,4.0,20.0,4.0,0.0,124.0,A,A
hibernate-core/src/main/java/org/hibernate/type/BasicType.java,20.0,2.0,0.0,0.0,0.0,0.0,0.0,163.0,A,A
hibernate-core/src/main/java/org/hibernate/metamodel/model/domain/internal/BasicTypeImpl.java,11.0,0.0,0.0,0.0,0.0,0.0,0.0,88.0,A,A
hibernate-core/src/main/java/org/hibernate/type/internal/BasicTypeImpl.java,4.0,0.0,0.0,1.0,15.0,1.0,0.0,75.0,A,A
hibernate-core/src/main/java/org/hibernate/type/BasicTypeReference.java,11.0,1.0,0.0,0.0,0.0,0.0,0.0,90.0,A,A
hibernate-core/src/main/java/org/hibernate/boot/spi/BasicTypeRegistration.java,5.0,0.0,0.0,0.0,0.0,0.0,0.0,42.0,A,A
hibernate-core/src/main/java/org/hibernate/type/BasicTypeRegistry.java,68.0,51.0,0.0,3.0,15.0,3.0,0.0,409.0,A,A
hibernate-core/src/main/java/org/hibernate/mapping/BasicValue.java,180.0,126.0,0.0,16.0,125.0,16.0,0.0,1181.0,A,A
hibernate-core/src/main/java/org/hibernate/boot/model/internal/BasicValueBinder.java,312.0,419.0,0.0,41.0,291.0,41.0,0.0,1574.0,A,A
hibernate-core/src/main/java/org/hibernate/type/descriptor/converter/spi/BasicValueConverter.java,0.0,0.0,0.0,0.0,0.0,0.0,0.0,53.0,A,A
hibernate-core/src/main/java/org/hibernate/metamodel/mapping/internal/BasicValuedCollectionPart.java,46.0,8.0,0.0,0.0,0.0,0.0,0.0,352.0,A,A
hibernate-core/src/main/java/org/hibernate/query/results/BasicValuedFetchBuilder.java,0.0,0.0,0.0,0.0,0.0,0.0,0.0,30.0,A,A
hibernate-core/src/main/java/org/hibernate/metamodel/mapping/BasicValuedMapping.java,6.0,1.0,0.0,0.0,0.0,0.0,0.0,58.0,A,A
hibernate-core/src/main/java/org/hibernate/metamodel/mapping/BasicValuedModelPart.java,8.0,0.0,0.0,0.0,0.0,0.0,0.0,63.0,A,A
hibernate-core/src/main/java/org/hibernate/query/sqm/sql/internal/BasicValuedPathInterpretation.java,19.0,20.0,0.0,2.0,15.0,2.0,0.0,186.0,A,A
hibernate-core/src/main/java/org/hibernate/engine/jdbc/batch/spi/Batch.java,0.0,0.0,0.0,0.0,0.0,0.0,0.0,65.0,A,A
hibernate-core/src/main/java/org/hibernate/engine/jdbc/batch/spi/BatchBuilder.java,0.0,0.0,0.0,0.0,0.0,0.0,0.0,35.0,A,A
hibernate-core/src/main/java/org/hibernate/engine/jdbc/batch/internal/BatchBuilderImpl.java,17.0,3.0,0.0,0.0,0.0,0.0,0.0,149.0,A,A
hibernate-core/src/main/java/org/hibernate/engine/jdbc/batch/internal/BatchBuilderInitiator.java,5.0,4.0,0.0,1.0,0.0,1.0,0.0,67.0,A,A
hibernate-core/src/main/java/org/hibernate/jdbc/BatchedTooManyRowsAffectedException.java,2.0,0.0,0.0,0.0,0.0,0.0,0.0,29.0,A,A
hibernate-core/src/main/java/org/hibernate/sql/results/graph/entity/internal/BatchEntityInsideEmbeddableSelectFetchInitializer.java,26.0,13.0,1.0,1.0,20.0,2.0,0.0,221.0,B,A
hibernate-core/src/main/java/org/hibernate/sql/results/graph/entity/internal/BatchEntitySelectFetchInitializer.java,22.0,12.0,0.0,1.0,20.0,1.0,0.0,150.0,A,A
hibernate-core/src/main/java/org/hibernate/jdbc/BatchFailedException.java,2.0,0.0,0.0,0.0,0.0,0.0,0.0,26.0,A,A
hibernate-core/src/main/java/org/hibernate/engine/spi/BatchFetchQueue.java,79.0,106.0,0.0,10.0,98.0,10.0,0.0,541.0,A,A
hibernate-core/src/main/java/org/hibernate/engine/internal/BatchFetchQueueHelper.java,10.0,8.0,0.0,0.0,0.0,0.0,0.0,97.0,A,A
hibernate-core/src/main/java/org/hibernate/loader/BatchFetchStyle.java,5.0,4.0,0.0,2.0,15.0,2.0,0.0,81.0,A,A
hibernate-core/src/main/java/org/hibernate/engine/jdbc/batch/internal/BatchImpl.java,44.0,49.0,0.0,5.0,22.0,5.0,0.0,344.0,A,A
hibernate-core/src/main/java/org/hibernate/sql/results/graph/entity/internal/BatchInitializeEntitySelectFetchInitializer.java,10.0,4.0,0.0,0.0,0.0,0.0,0.0,94.0,A,A
hibernate-core/src/main/java/org/hibernate/engine/jdbc/batch/spi/BatchKey.java,1.0,0.0,0.0,2.0,20.0,2.0,0.0,43.0,A,A
hibernate-core/src/main/java/org/hibernate/engine/jdbc/mutation/spi/BatchKeyAccess.java,0.0,0.0,0.0,0.0,0.0,0.0,0.0,22.0,A,A
hibernate-core/src/main/java/org/hibernate/loader/ast/spi/BatchLoader.java,0.0,0.0,0.0,0.0,0.0,0.0,0.0,20.0,A,A
hibernate-core/src/main/java/org/hibernate/loader/ast/spi/BatchLoaderFactory.java,0.0,0.0,0.0,0.0,0.0,0.0,0.0,45.0,A,A
hibernate-core/src/main/java/org/hibernate/loader/ast/internal/BatchLoaderFactoryInitiator.java,2.0,0.0,0.0,1.0,0.0,1.0,0.0,36.0,A,A
hibernate-core/src/main/java/org/hibernate/engine/jdbc/batch/spi/BatchObserver.java,0.0,0.0,0.0,0.0,0.0,0.0,0.0,26.0,A,A
hibernate-core/src/main/java/org/hibernate/cfg/BatchSettings.java,0.0,0.0,0.0,2.0,20.0,2.0,0.0,74.0,A,A
hibernate-core/src/main/java/org/hibernate/annotations/BatchSize.java,0.0,0.0,0.0,0.0,0.0,0.0,0.0,67.0,A,A
hibernate-core/src/main/java/org/hibernate/resource/beans/container/spi/BeanContainer.java,0.0,0.0,0.0,0.0,0.0,0.0,0.0,36.0,A,A
hibernate-core/src/main/java/org/hibernate/internal/util/beans/BeanInfoHelper.java,8.0,9.0,0.0,15.0,140.0,15.0,0.0,105.0,A,A
hibernate-core/src/main/java/org/hibernate/sql/results/graph/instantiation/internal/BeanInjection.java,3.0,0.0,0.0,0.0,0.0,0.0,0.0,31.0,A,A
hibernate-core/src/main/java/org/hibernate/sql/results/graph/instantiation/internal/BeanInjector.java,0.0,0.0,0.0,0.0,0.0,0.0,0.0,18.0,A,A
hibernate-core/src/main/java/org/hibernate/sql/results/graph/instantiation/internal/BeanInjectorField.java,2.0,1.0,0.0,1.0,30.0,1.0,0.0,33.0,A,A
hibernate-core/src/main/java/org/hibernate/sql/results/graph/instantiation/internal/BeanInjectorSetter.java,2.0,2.0,0.0,0.0,0.0,0.0,0.0,37.0,A,A
hibernate-core/src/main/java/org/hibernate/resource/beans/spi/BeanInstanceProducer.java,0.0,0.0,0.0,0.0,0.0,0.0,0.0,30.0,A,A
hibernate-core/src/main/java/org/hibernate/internal/util/beans/BeanIntrospectionException.java,2.0,0.0,0.0,0.0,0.0,0.0,0.0,25.0,A,A
hibernate-core/src/main/java/org/hibernate/resource/beans/container/spi/BeanLifecycleStrategy.java,0.0,0.0,0.0,0.0,0.0,0.0,0.0,26.0,A,A
hibernate-core/src/main/java/org/hibernate/resource/beans/internal/BeansMessageLogger.java,0.0,0.0,0.0,0.0,0.0,0.0,0.0,68.0,A,A
hibernate-core/src/main/java/org/hibernate/boot/beanvalidation/BeanValidationEventListener.java,16.0,13.0,0.0,2.0,5.0,2.0,0.0,166.0,A,A
hibernate-core/src/main/java/org/hibernate/boot/beanvalidation/BeanValidationIntegrator.java,19.0,27.0,0.0,4.0,60.0,4.0,0.0,200.0,A,A
hibernate-testing/src/main/java/org/hibernate/testing/junit4/BeforeClassCallbackHandler.java,2.0,0.0,0.0,0.0,0.0,0.0,0.0,29.0,A,A
hibernate-testing/src/main/java/org/hibernate/testing/BeforeClassOnce.java,0.0,0.0,0.0,1.0,10.0,1.0,0.0,35.0,A,A
hibernate-core/src/main/java/org/hibernate/generator/BeforeExecutionGenerator.java,1.0,0.0,0.0,0.0,0.0,0.0,0.0,55.0,A,A
hibernate-core/src/main/java/org/hibernate/action/spi/BeforeTransactionCompletionProcess.java,0.0,0.0,0.0,0.0,0.0,0.0,0.0,24.0,A,A
hibernate-core/src/main/java/org/hibernate/query/sqm/mutation/internal/temptable/BeforeUseAction.java,0.0,0.0,0.0,0.0,0.0,0.0,0.0,18.0,A,A
hibernate-envers/src/main/java/org/hibernate/envers/query/criteria/internal/BetweenAuditExpression.java,2.0,0.0,0.0,0.0,0.0,0.0,0.0,53.0,A,A
hibernate-core/src/main/java/org/hibernate/sql/ast/tree/predicate/BetweenPredicate.java,5.0,0.0,0.0,0.0,0.0,0.0,0.0,50.0,A,A
hibernate-core/src/main/java/org/hibernate/bytecode/enhance/internal/bytebuddy/BiDirectionalAssociationHandler.java,70.0,74.0,0.0,5.0,38.0,5.0,0.0,413.0,A,A
hibernate-core/src/main/java/org/hibernate/sql/results/graph/BiDirectionalFetch.java,0.0,0.0,0.0,0.0,0.0,0.0,0.0,62.0,A,A
hibernate-core/src/main/java/org/hibernate/type/descriptor/java/BigDecimalJavaType.java,43.0,22.0,0.0,0.0,0.0,0.0,0.0,159.0,A,A
hibernate-core/src/main/java/org/hibernate/type/descriptor/java/BigIntegerJavaType.java,45.0,26.0,0.0,0.0,0.0,0.0,0.0,186.0,A,A
hibernate-core/src/main/java/org/hibernate/type/descriptor/jdbc/BigIntJdbcType.java,14.0,0.0,0.0,1.0,5.0,1.0,0.0,104.0,A,A
hibernate-core/src/main/java/org/hibernate/sql/ast/tree/expression/BinaryArithmeticExpression.java,9.0,0.0,0.0,0.0,0.0,0.0,0.0,105.0,A,A
hibernate-core/src/main/java/org/hibernate/query/sqm/BinaryArithmeticOperator.java,15.0,0.0,0.0,1.0,5.0,1.0,0.0,106.0,A,A
hibernate-core/src/main/java/org/hibernate/type/descriptor/sql/internal/BinaryFloatDdlType.java,4.0,1.0,0.0,0.0,0.0,0.0,0.0,35.0,A,A
hibernate-core/src/main/java/org/hibernate/type/descriptor/jdbc/BinaryJdbcType.java,2.0,0.0,0.0,1.0,5.0,1.0,0.0,26.0,A,A
hibernate-core/src/main/java/org/hibernate/engine/jdbc/BinaryStream.java,0.0,0.0,0.0,0.0,0.0,0.0,0.0,43.0,A,A
hibernate-core/src/main/java/org/hibernate/engine/jdbc/internal/BinaryStreamImpl.java,5.0,1.0,0.0,1.0,5.0,1.0,0.0,55.0,A,A
hibernate-core/src/main/java/org/hibernate/metamodel/mapping/Bindable.java,11.0,0.0,0.0,0.0,0.0,0.0,0.0,234.0,A,A
hibernate-envers/src/main/java/org/hibernate/envers/boot/model/Bindable.java,0.0,0.0,0.0,0.0,0.0,0.0,0.0,22.0,A,A
hibernate-core/src/main/java/org/hibernate/boot/jaxb/spi/BindableMappingDescriptor.java,0.0,0.0,0.0,0.0,0.0,0.0,0.0,20.0,A,A
hibernate-core/src/main/java/org/hibernate/query/BindableType.java,1.0,0.0,0.0,0.0,0.0,0.0,0.0,37.0,A,A
hibernate-core/src/main/java/org/hibernate/boot/jaxb/spi/Binder.java,0.0,0.0,0.0,0.0,0.0,0.0,0.0,38.0,A,A
hibernate-core/src/main/java/org/hibernate/id/insert/Binder.java,0.0,0.0,0.0,0.0,0.0,0.0,0.0,18.0,A,A
hibernate-core/src/main/java/org/hibernate/boot/model/internal/BinderHelper.java,180.0,242.0,1.0,17.0,148.0,18.0,0.0,1190.0,C,A
hibernate-core/src/main/java/org/hibernate/boot/jaxb/spi/Binding.java,3.0,0.0,0.0,1.0,30.0,1.0,0.0,47.0,A,A
hibernate-core/src/main/java/org/hibernate/engine/jdbc/mutation/spi/Binding.java,12.0,3.0,0.0,0.0,0.0,0.0,0.0,84.0,A,A
hibernate-core/src/main/java/org/hibernate/engine/jdbc/mutation/spi/BindingGroup.java,6.0,0.0,0.0,2.0,5.0,2.0,0.0,69.0,A,A
hibernate-core/src/main/java/org/hibernate/query/internal/BindingTypeHelper.java,32.0,29.0,0.0,4.0,18.0,4.0,0.0,196.0,A,A
hibernate-core/src/main/java/org/hibernate/engine/transaction/jta/platform/internal/BitronixJtaPlatform.java,2.0,1.0,0.0,1.0,5.0,1.0,0.0,40.0,A,A
hibernate-core/src/main/java/org/hibernate/engine/jdbc/env/internal/BlobAndClobCreator.java,9.0,2.0,0.0,0.0,0.0,0.0,0.0,116.0,A,A
hibernate-core/src/main/java/org/hibernate/engine/jdbc/BlobImplementer.java,0.0,0.0,0.0,0.0,0.0,0.0,0.0,24.0,A,A
hibernate-core/src/main/java/org/hibernate/type/descriptor/java/BlobJavaType.java,26.0,21.0,0.0,1.0,0.0,1.0,0.0,179.0,A,A
hibernate-core/src/main/java/org/hibernate/type/descriptor/jdbc/BlobJdbcType.java,43.0,0.0,0.0,4.0,4.0,4.0,0.0,278.0,A,A
hibernate-core/src/main/java/org/hibernate/engine/jdbc/BlobProxy.java,32.0,10.0,0.0,1.0,5.0,1.0,0.0,222.0,A,A
hibernate-core/src/main/java/org/hibernate/dialect/BooleanDecoder.java,34.0,6.0,0.0,1.0,5.0,1.0,0.0,105.0,A,A
hibernate-core/src/main/java/org/hibernate/sql/ast/tree/predicate/BooleanExpressionPredicate.java,4.0,0.0,0.0,0.0,0.0,0.0,0.0,38.0,A,A
hibernate-core/src/main/java/org/hibernate/type/descriptor/java/BooleanJavaType.java,49.0,26.0,0.0,3.0,30.0,3.0,0.0,214.0,A,A
hibernate-core/src/main/java/org/hibernate/type/descriptor/jdbc/BooleanJdbcType.java,19.0,2.0,0.0,1.0,5.0,1.0,0.0,122.0,A,A
hibernate-core/src/main/java/org/hibernate/type/descriptor/java/BooleanPrimitiveArrayJavaType.java,39.0,32.0,0.0,2.0,60.0,2.0,0.0,203.0,A,A
hibernate-core/src/main/java/org/hibernate/boot/BootLogging.java,0.0,0.0,0.0,1.0,10.0,1.0,0.0,25.0,A,A
hibernate-core/src/main/java/org/hibernate/boot/query/BootQueryLogging.java,0.0,0.0,0.0,1.0,10.0,1.0,0.0,25.0,A,A
hibernate-core/src/main/java/org/hibernate/jpa/boot/spi/Bootstrap.java,11.0,0.0,0.0,10.0,50.0,10.0,0.0,130.0,A,A
hibernate-core/src/main/java/org/hibernate/boot/spi/BootstrapContext.java,1.0,0.0,0.0,0.0,0.0,0.0,0.0,242.0,A,A
hibernate-core/src/main/java/org/hibernate/boot/internal/BootstrapContextImpl.java,50.0,13.0,0.0,0.0,0.0,0.0,0.0,349.0,A,A
hibernate-testing/src/main/java/org/hibernate/testing/boot/BootstrapContextImpl.java,27.0,0.0,0.0,1.0,5.0,1.0,0.0,180.0,A,A
hibernate-core/src/main/java/org/hibernate/boot/registry/BootstrapServiceRegistry.java,0.0,0.0,0.0,0.0,0.0,0.0,0.0,27.0,A,A
hibernate-testing/src/main/java/org/hibernate/testing/orm/junit/BootstrapServiceRegistry.java,0.0,0.0,0.0,0.0,0.0,0.0,0.0,43.0,A,A
hibernate-core/src/main/java/org/hibernate/boot/registry/BootstrapServiceRegistryBuilder.java,16.0,7.0,0.0,1.0,5.0,1.0,0.0,216.0,A,A
hibernate-core/src/main/java/org/hibernate/boot/registry/internal/BootstrapServiceRegistryImpl.java,33.0,21.0,0.0,1.0,10.0,1.0,0.0,318.0,A,A
hibernate-testing/src/main/java/org/hibernate/testing/orm/junit/BootstrapServiceRegistryProducer.java,0.0,0.0,0.0,0.0,0.0,0.0,0.0,18.0,A,A
hibernate-core/src/main/java/org/hibernate/engine/transaction/jta/platform/internal/BorlandEnterpriseServerJtaPlatform.java,2.0,0.0,0.0,0.0,0.0,0.0,0.0,29.0,A,A
hibernate-core/src/main/java/org/hibernate/type/BottomType.java,4.0,0.0,0.0,1.0,0.0,1.0,0.0,49.0,A,A
hibernate-core/src/main/java/org/hibernate/internal/util/collections/BoundedConcurrentHashMap.java,285.0,232.0,6.0,32.0,336.0,38.0,0.0,2234.0,C,A
hibernate-core/src/main/java/org/hibernate/boot/jaxb/internal/stax/BufferedXMLEventReader.java,27.0,21.0,0.0,0.0,0.0,0.0,0.0,176.0,A,A
hibernate-core/src/main/java/org/hibernate/query/results/Builders.java,34.0,12.0,0.0,3.0,10.0,3.0,0.0,307.0,A,A
hibernate-core/src/main/java/org/hibernate/property/access/spi/BuiltInPropertyAccessStrategies.java,6.0,3.0,0.0,0.0,0.0,0.0,0.0,56.0,A,A
hibernate-core/src/main/java/org/hibernate/id/BulkInsertionCapableIdentifierGenerator.java,2.0,0.0,0.0,0.0,0.0,0.0,0.0,39.0,A,A
hibernate-core/src/main/java/org/hibernate/action/internal/BulkOperationCleanupAction.java,47.0,58.0,0.0,3.0,21.0,3.0,0.0,309.0,A,A
hibernate-core/src/main/java/org/hibernate/boot/archive/internal/ByteArrayInputStreamAccess.java,3.0,0.0,0.0,0.0,0.0,0.0,0.0,39.0,A,A
hibernate-core/src/main/java/org/hibernate/type/descriptor/java/ByteArrayJavaType.java,36.0,28.0,0.0,6.0,130.0,6.0,0.0,160.0,A,A
hibernate-core/src/main/java/org/hibernate/bytecode/enhance/internal/bytebuddy/ByteBuddyEnhancementContext.java,30.0,16.0,0.0,1.0,5.0,1.0,0.0,168.0,A,A
hibernate-core/src/main/java/org/hibernate/proxy/pojo/bytebuddy/ByteBuddyInterceptor.java,9.0,17.0,0.0,2.0,36.0,2.0,0.0,98.0,A,A
hibernate-core/src/main/java/org/hibernate/proxy/pojo/bytebuddy/ByteBuddyProxyFactory.java,11.0,8.0,0.0,4.0,80.0,4.0,0.0,144.0,A,A
hibernate-core/src/main/java/org/hibernate/proxy/pojo/bytebuddy/ByteBuddyProxyHelper.java,15.0,10.0,0.0,1.0,10.0,1.0,0.0,187.0,A,A
hibernate-core/src/main/java/org/hibernate/bytecode/internal/bytebuddy/ByteBuddyState.java,45.0,19.0,0.0,11.0,108.0,11.0,0.0,442.0,A,A
hibernate-core/src/main/java/org/hibernate/bytecode/spi/BytecodeEnhancementMetadata.java,0.0,0.0,0.0,0.0,0.0,0.0,0.0,93.0,A,A
hibernate-core/src/main/java/org/hibernate/bytecode/internal/BytecodeEnhancementMetadataNonPojoImpl.java,12.0,0.0,0.0,0.0,0.0,0.0,0.0,103.0,A,A
hibernate-core/src/main/java/org/hibernate/bytecode/internal/BytecodeEnhancementMetadataPojoImpl.java,28.0,14.0,0.0,4.0,26.0,4.0,0.0,286.0,A,A
hibernate-testing/src/main/java/org/hibernate/testing/bytecode/enhancement/BytecodeEnhancerRunner.java,41.0,39.0,2.0,6.0,72.0,8.0,0.0,267.0,B,A
hibernate-core/src/main/java/org/hibernate/bytecode/enhance/spi/interceptor/BytecodeInterceptorLogging.java,0.0,0.0,0.0,0.0,0.0,0.0,0.0,46.0,A,A
hibernate-core/src/main/java/org/hibernate/bytecode/enhance/spi/interceptor/BytecodeLazyAttributeInterceptor.java,0.0,0.0,0.0,0.0,0.0,0.0,0.0,45.0,A,A
hibernate-core/src/main/java/org/hibernate/bytecode/BytecodeLogging.java,0.0,0.0,0.0,1.0,10.0,1.0,0.0,24.0,A,A
hibernate-core/src/main/java/org/hibernate/bytecode/spi/BytecodeProvider.java,1.0,0.0,0.0,1.0,10.0,1.0,0.0,84.0,A,A
hibernate-core/src/main/java/org/hibernate/bytecode/internal/none/BytecodeProviderImpl.java,4.0,0.0,0.0,0.0,0.0,0.0,0.0,56.0,A,A
hibernate-core/src/main/java/org/hibernate/bytecode/internal/bytebuddy/BytecodeProviderImpl.java,144.0,207.0,0.0,16.0,203.0,16.0,0.0,1321.0,A,A
hibernate-core/src/main/java/org/hibernate/bytecode/internal/BytecodeProviderInitiator.java,6.0,2.0,0.0,3.0,30.0,3.0,0.0,83.0,A,A
hibernate-core/src/main/java/org/hibernate/cfg/BytecodeSettings.java,0.0,0.0,0.0,4.0,40.0,4.0,0.0,52.0,A,A
hibernate-core/src/main/java/org/hibernate/type/descriptor/java/ByteJavaType.java,39.0,23.0,0.0,0.0,0.0,0.0,0.0,200.0,A,A
hibernate-testing/src/main/java/org/hibernate/testing/byteman/BytemanHelper.java,5.0,1.0,0.0,0.0,0.0,0.0,0.0,53.0,A,A
hibernate-core/src/main/java/org/hibernate/internal/util/BytesHelper.java,16.0,5.0,1.0,1.0,5.0,2.0,0.0,152.0,C,A
hibernate-c3p0/src/main/java/org/hibernate/c3p0/internal/C3P0ConnectionProvider.java,27.0,26.0,1.0,3.0,17.0,4.0,0.0,257.0,E,A
hibernate-c3p0/src/main/java/org/hibernate/c3p0/internal/C3P0MessageLogger.java,0.0,0.0,0.0,0.0,0.0,0.0,0.0,90.0,A,A
hibernate-core/src/main/java/org/hibernate/cfg/C3p0Settings.java,0.0,0.0,0.0,1.0,10.0,1.0,0.0,49.0,A,A
hibernate-core/src/main/java/org/hibernate/annotations/Cache.java,0.0,0.0,0.0,1.0,10.0,1.0,0.0,109.0,A,A
hibernate-core/src/main/java/org/hibernate/Cache.java,2.0,0.0,0.0,1.0,5.0,1.0,0.0,354.0,A,A
hibernate-community-dialects/src/main/java/org/hibernate/community/dialect/Cache71Dialect.java,0.0,0.0,0.0,1.0,10.0,1.0,0.0,160.0,A,A
hibernate-core/src/main/java/org/hibernate/stat/CacheableDataStatistics.java,0.0,0.0,0.0,0.0,0.0,0.0,0.0,42.0,A,A
hibernate-core/src/main/java/org/hibernate/boot/jaxb/internal/CacheableFileXmlSource.java,18.0,24.0,0.0,0.0,0.0,0.0,0.0,153.0,A,A
hibernate-core/src/main/java/org/hibernate/boot/jaxb/hbm/internal/CacheAccessTypeConverter.java,2.0,0.0,0.0,1.0,5.0,1.0,0.0,23.0,A,A
hibernate-core/src/main/java/org/hibernate/boot/jaxb/mapping/marshall/CacheAccessTypeMarshalling.java,4.0,2.0,0.0,1.0,5.0,1.0,0.0,26.0,A,A
hibernate-core/src/main/java/org/hibernate/annotations/CacheConcurrencyStrategy.java,18.0,10.0,0.0,1.0,4.0,1.0,0.0,210.0,A,A
hibernate-core/src/main/java/org/hibernate/cache/spi/access/CachedDomainDataAccess.java,0.0,0.0,0.0,0.0,0.0,0.0,0.0,215.0,A,A
hibernate-community-dialects/src/main/java/org/hibernate/community/dialect/CacheDialect.java,59.0,17.0,0.0,0.0,0.0,0.0,0.0,441.0,A,A
hibernate-core/src/main/java/org/hibernate/engine/spi/CachedNaturalIdValueSource.java,0.0,0.0,0.0,0.0,0.0,0.0,0.0,17.0,A,A
hibernate-core/src/main/java/org/hibernate/loader/ast/internal/CacheEntityLoaderHelper.java,47.0,56.0,0.0,4.0,15.0,4.0,0.0,514.0,A,A
hibernate-core/src/main/java/org/hibernate/cache/spi/entry/CacheEntry.java,0.0,0.0,0.0,1.0,0.0,1.0,0.0,51.0,A,A
hibernate-core/src/main/java/org/hibernate/cache/spi/entry/CacheEntryHelper.java,9.0,11.0,0.0,2.0,10.0,2.0,0.0,99.0,A,A
hibernate-core/src/main/java/org/hibernate/cache/spi/entry/CacheEntryStructure.java,0.0,0.0,0.0,0.0,0.0,0.0,0.0,36.0,A,A
hibernate-core/src/main/java/org/hibernate/cache/CacheException.java,3.0,0.0,0.0,0.0,0.0,0.0,0.0,44.0,A,A
hibernate-jfr/src/main/java/org/hibernate/event/jfr/internal/CacheGetEvent.java,1.0,0.0,0.0,1.0,10.0,1.0,0.0,57.0,A,A
hibernate-core/src/main/java/org/hibernate/engine/internal/CacheHelper.java,7.0,4.0,0.0,0.0,0.0,0.0,0.0,117.0,A,A
hibernate-community-dialects/src/main/java/org/hibernate/community/dialect/identity/CacheIdentityColumnSupport.java,4.0,0.0,0.0,1.0,0.0,1.0,0.0,42.0,A,A
hibernate-core/src/main/java/org/hibernate/cache/spi/CacheImplementor.java,2.0,1.0,0.0,1.0,10.0,1.0,0.0,172.0,A,A
hibernate-core/src/main/java/org/hibernate/engine/spi/CacheInitiator.java,3.0,1.0,0.0,1.0,0.0,1.0,0.0,39.0,A,A
hibernate-core/src/main/java/org/hibernate/cache/internal/CacheKeyImplementation.java,20.0,13.0,0.0,2.0,10.0,2.0,0.0,145.0,A,A
hibernate-core/src/main/java/org/hibernate/cache/spi/CacheKeysFactory.java,0.0,0.0,0.0,0.0,0.0,0.0,0.0,32.0,A,A
hibernate-core/src/main/java/org/hibernate/CacheMode.java,20.0,12.0,0.0,4.0,30.0,4.0,0.0,191.0,A,A
hibernate-core/src/main/java/org/hibernate/boot/jaxb/hbm/internal/CacheModeConverter.java,4.0,3.0,0.0,1.0,5.0,1.0,0.0,30.0,A,A
hibernate-core/src/main/java/org/hibernate/jpa/internal/util/CacheModeHelper.java,28.0,23.0,0.0,0.0,0.0,0.0,0.0,128.0,A,A
hibernate-core/src/main/java/org/hibernate/boot/jaxb/mapping/marshall/CacheModeMarshalling.java,5.0,4.0,0.0,1.0,5.0,1.0,0.0,32.0,A,A
hibernate-core/src/main/java/org/hibernate/annotations/CacheModeType.java,13.0,3.0,0.0,1.0,10.0,1.0,0.0,108.0,A,A
hibernate-jfr/src/main/java/org/hibernate/event/jfr/internal/CachePutEvent.java,1.0,0.0,0.0,1.0,10.0,1.0,0.0,60.0,A,A
hibernate-core/src/main/java/org/hibernate/boot/CacheRegionDefinition.java,6.0,0.0,0.0,0.0,0.0,0.0,0.0,65.0,A,A
hibernate-core/src/main/java/org/hibernate/stat/CacheRegionStatistics.java,0.0,0.0,0.0,0.0,0.0,0.0,0.0,77.0,A,A
hibernate-core/src/main/java/org/hibernate/stat/internal/CacheRegionStatisticsImpl.java,15.0,3.0,0.0,1.0,2.0,1.0,0.0,102.0,A,A
hibernate-community-dialects/src/main/java/org/hibernate/community/dialect/sequence/CacheSequenceSupport.java,6.0,0.0,0.0,1.0,0.0,1.0,0.0,48.0,A,A
hibernate-core/src/main/java/org/hibernate/cfg/CacheSettings.java,0.0,0.0,0.0,5.0,50.0,5.0,0.0,242.0,A,A
hibernate-community-dialects/src/main/java/org/hibernate/community/dialect/CacheSqlAstTranslator.java,18.0,5.0,0.0,0.0,0.0,0.0,0.0,127.0,A,A
hibernate-core/src/main/java/org/hibernate/cache/spi/CacheTransactionSynchronization.java,2.0,0.0,0.0,0.0,0.0,0.0,0.0,105.0,A,A
hibernate-core/src/main/java/org/hibernate/cache/spi/support/CacheUtils.java,2.0,2.0,0.0,1.0,5.0,1.0,0.0,25.0,A,A
hibernate-core/src/main/java/org/hibernate/boot/model/Caching.java,17.0,3.0,0.0,1.0,10.0,1.0,0.0,110.0,A,A
hibernate-testing/src/main/java/org/hibernate/testing/cache/CachingRegionFactory.java,9.0,0.0,0.0,2.0,10.0,2.0,0.0,86.0,A,A
hibernate-core/src/main/java/org/hibernate/internal/util/compare/CalendarComparator.java,3.0,2.0,0.0,1.0,0.0,1.0,0.0,28.0,A,A
hibernate-core/src/main/java/org/hibernate/type/descriptor/java/CalendarDateJavaType.java,29.0,14.0,0.0,1.0,5.0,1.0,0.0,148.0,A,A
hibernate-core/src/main/java/org/hibernate/type/descriptor/java/CalendarJavaType.java,38.0,14.0,0.0,1.0,0.0,1.0,0.0,182.0,A,A
hibernate-core/src/main/java/org/hibernate/type/descriptor/java/CalendarTimeJavaType.java,30.0,14.0,0.0,1.0,5.0,1.0,0.0,150.0,A,A
hibernate-testing/src/main/java/org/hibernate/testing/orm/domain/userguide/Call.java,11.0,0.0,0.0,1.0,5.0,1.0,0.0,88.0,A,A
hibernate-core/src/main/java/org/hibernate/procedure/spi/CallableStatementSupport.java,0.0,0.0,0.0,0.0,0.0,0.0,0.0,28.0,A,A
hibernate-core/src/main/java/org/hibernate/jpa/event/spi/Callback.java,0.0,0.0,0.0,0.0,0.0,0.0,0.0,36.0,A,A
hibernate-core/src/main/java/org/hibernate/sql/exec/spi/Callback.java,1.0,0.0,0.0,1.0,10.0,1.0,0.0,42.0,A,A
hibernate-core/src/main/java/org/hibernate/jpa/event/spi/CallbackDefinition.java,0.0,0.0,0.0,0.0,0.0,0.0,0.0,18.0,A,A
hibernate-core/src/main/java/org/hibernate/jpa/event/internal/CallbackDefinitionResolverLegacyImpl.java,46.0,129.0,0.0,9.0,159.0,9.0,0.0,273.0,A,A
hibernate-core/src/main/java/org/hibernate/CallbackException.java,3.0,0.0,0.0,0.0,0.0,0.0,0.0,48.0,A,A
hibernate-testing/src/main/java/org/hibernate/testing/junit4/CallbackException.java,4.0,0.0,0.0,0.0,0.0,0.0,0.0,33.0,A,A
hibernate-core/src/main/java/org/hibernate/sql/exec/internal/CallbackImpl.java,5.0,1.0,0.0,0.0,0.0,0.0,0.0,46.0,A,A
hibernate-core/src/main/java/org/hibernate/sql/exec/internal/CallbackNoOp.java,3.0,0.0,0.0,1.0,0.0,1.0,0.0,38.0,A,A
hibernate-core/src/main/java/org/hibernate/jpa/event/spi/CallbackRegistry.java,0.0,0.0,0.0,0.0,0.0,0.0,0.0,45.0,A,A
hibernate-core/src/main/java/org/hibernate/jpa/event/spi/CallbackRegistryConsumer.java,0.0,0.0,0.0,0.0,0.0,0.0,0.0,23.0,A,A
hibernate-core/src/main/java/org/hibernate/jpa/event/internal/CallbackRegistryImpl.java,41.0,28.0,0.0,10.0,50.0,10.0,0.0,227.0,A,A
hibernate-core/src/main/java/org/hibernate/jpa/event/internal/CallbacksFactory.java,12.0,14.0,0.0,2.0,25.0,2.0,0.0,94.0,A,A
hibernate-core/src/main/java/org/hibernate/jpa/event/spi/CallbackType.java,2.0,0.0,0.0,0.0,0.0,0.0,0.0,41.0,A,A
hibernate-core/src/main/java/org/hibernate/boot/model/naming/CamelCaseToUnderscoresNamingStrategy.java,15.0,6.0,0.0,1.0,10.0,1.0,0.0,93.0,A,A
hibernate-core/src/main/java/org/hibernate/graph/CannotBecomeEntityGraphException.java,1.0,0.0,0.0,0.0,0.0,0.0,0.0,24.0,A,A
hibernate-core/src/main/java/org/hibernate/graph/CannotContainSubGraphException.java,1.0,0.0,0.0,0.0,0.0,0.0,0.0,22.0,A,A
hibernate-core/src/main/java/org/hibernate/boot/model/internal/CannotForceNonNullableException.java,1.0,0.0,0.0,0.0,0.0,0.0,0.0,24.0,A,A
hibernate-core/src/main/java/org/hibernate/type/descriptor/sql/internal/CapacityDependentDdlType.java,34.0,32.0,0.0,3.0,30.0,3.0,0.0,215.0,A,A
hibernate-testing/src/main/java/org/hibernate/testing/orm/domain/retail/CardPayment.java,6.0,0.0,0.0,0.0,0.0,0.0,0.0,49.0,A,A
hibernate-core/src/main/java/org/hibernate/annotations/Cascade.java,0.0,0.0,0.0,0.0,0.0,0.0,0.0,42.0,A,A
hibernate-core/src/main/java/org/hibernate/engine/internal/Cascade.java,92.0,156.0,0.0,12.0,248.0,12.0,0.0,619.0,A,A
hibernate-core/src/main/java/org/hibernate/engine/internal/CascadePoint.java,0.0,0.0,0.0,0.0,0.0,0.0,0.0,66.0,A,A
hibernate-core/src/main/java/org/hibernate/engine/spi/CascadeStyle.java,0.0,0.0,0.0,0.0,0.0,0.0,0.0,53.0,A,A
hibernate-core/src/main/java/org/hibernate/engine/spi/CascadeStyles.java,48.0,12.0,0.0,1.0,2.0,1.0,0.0,333.0,A,A
hibernate-core/src/main/java/org/hibernate/boot/model/source/spi/CascadeStyleSource.java,0.0,0.0,0.0,0.0,0.0,0.0,0.0,22.0,A,A
hibernate-core/src/main/java/org/hibernate/annotations/CascadeType.java,0.0,0.0,0.0,0.0,0.0,0.0,0.0,133.0,A,A
hibernate-core/src/main/java/org/hibernate/engine/spi/CascadingAction.java,0.0,0.0,0.0,1.0,20.0,1.0,0.0,88.0,A,A
hibernate-core/src/main/java/org/hibernate/engine/spi/CascadingActions.java,61.0,3.0,0.0,10.0,55.0,10.0,0.0,504.0,A,A
hibernate-core/src/main/java/org/hibernate/loader/ast/spi/CascadingFetchProfile.java,7.0,3.0,0.0,0.0,0.0,0.0,0.0,55.0,A,A
hibernate-testing/src/main/java/org/hibernate/testing/hamcrest/CaseInsensitiveContainsMatcher.java,4.0,0.0,0.0,0.0,0.0,0.0,0.0,41.0,A,A
hibernate-core/src/main/java/org/hibernate/internal/util/collections/CaseInsensitiveDictionary.java,9.0,0.0,0.0,0.0,0.0,0.0,0.0,79.0,A,A
hibernate-testing/src/main/java/org/hibernate/testing/hamcrest/CaseInsensitiveStartsWithMatcher.java,4.0,0.0,0.0,0.0,0.0,0.0,0.0,40.0,A,A
hibernate-core/src/main/java/org/hibernate/dialect/function/CaseLeastGreatestEmulation.java,8.0,9.0,0.0,0.0,0.0,0.0,0.0,81.0,A,A
hibernate-core/src/main/java/org/hibernate/sql/ast/tree/expression/CaseSearchedExpression.java,13.0,0.0,0.0,1.0,0.0,1.0,0.0,125.0,A,A
hibernate-core/src/main/java/org/hibernate/sql/ast/tree/expression/CaseSimpleExpression.java,14.0,0.0,0.0,0.0,0.0,0.0,0.0,125.0,A,A
hibernate-core/src/main/java/org/hibernate/metamodel/mapping/internal/CaseStatementDiscriminatorMappingImpl.java,33.0,7.0,0.0,2.0,5.0,2.0,0.0,287.0,A,A
hibernate-testing/src/main/java/org/hibernate/testing/orm/domain/retail/CashPayment.java,2.0,0.0,0.0,0.0,0.0,0.0,0.0,24.0,A,A
hibernate-core/src/main/java/org/hibernate/dialect/function/CastFunction.java,9.0,2.0,0.0,2.0,10.0,2.0,0.0,115.0,A,A
hibernate-core/src/main/java/org/hibernate/dialect/function/CastingConcatFunction.java,7.0,6.0,0.0,0.0,0.0,0.0,0.0,111.0,A,A
hibernate-core/src/main/java/org/hibernate/dialect/function/CastStrEmulation.java,3.0,0.0,0.0,0.0,0.0,0.0,0.0,72.0,A,A
hibernate-core/src/main/java/org/hibernate/sql/ast/tree/expression/CastTarget.java,11.0,0.0,0.0,1.0,15.0,1.0,0.0,79.0,A,A
hibernate-core/src/main/java/org/hibernate/query/sqm/CastType.java,7.0,1.0,0.0,0.0,0.0,0.0,0.0,51.0,A,A
hibernate-testing/src/main/java/org/hibernate/testing/orm/domain/animal/Cat.java,0.0,0.0,0.0,0.0,0.0,0.0,0.0,17.0,A,A
hibernate-core/src/main/java/org/hibernate/resource/beans/container/internal/CdiBasedBeanContainer.java,0.0,0.0,0.0,0.0,0.0,0.0,0.0,19.0,A,A
hibernate-core/src/main/java/org/hibernate/resource/beans/container/internal/CdiBeanContainerBuilder.java,4.0,9.0,0.0,2.0,25.0,2.0,0.0,107.0,A,A
hibernate-core/src/main/java/org/hibernate/resource/beans/container/internal/CdiBeanContainerDelayedAccessImpl.java,16.0,4.0,0.0,0.0,0.0,0.0,0.0,126.0,A,A
hibernate-core/src/main/java/org/hibernate/resource/beans/container/internal/CdiBeanContainerExtendedAccessImpl.java,26.0,9.0,0.0,4.0,7.0,4.0,0.0,214.0,A,A
hibernate-core/src/main/java/org/hibernate/resource/beans/container/internal/CdiBeanContainerImmediateAccessImpl.java,4.0,0.0,0.0,0.0,0.0,0.0,0.0,63.0,A,A
hibernate-core/src/main/java/org/hibernate/boot/cfgxml/spi/CfgXmlAccessService.java,0.0,0.0,0.0,0.0,0.0,0.0,0.0,21.0,A,A
hibernate-core/src/main/java/org/hibernate/boot/cfgxml/internal/CfgXmlAccessServiceImpl.java,2.0,0.0,0.0,0.0,0.0,0.0,0.0,29.0,A,A
hibernate-core/src/main/java/org/hibernate/boot/cfgxml/internal/CfgXmlAccessServiceInitiator.java,2.0,0.0,0.0,1.0,0.0,1.0,0.0,34.0,A,A
hibernate-core/src/main/java/org/hibernate/property/access/internal/ChainedPropertyAccessImpl.java,14.0,2.0,0.0,0.0,0.0,0.0,0.0,98.0,A,A
hibernate-core/src/main/java/org/hibernate/type/descriptor/java/CharacterArrayJavaType.java,30.0,19.0,0.0,5.0,100.0,5.0,0.0,136.0,A,A
hibernate-core/src/main/java/org/hibernate/type/descriptor/java/CharacterJavaType.java,22.0,11.0,0.0,0.0,0.0,0.0,0.0,117.0,A,A
hibernate-core/src/main/java/org/hibernate/engine/jdbc/CharacterStream.java,0.0,0.0,0.0,0.0,0.0,0.0,0.0,44.0,A,A
hibernate-core/src/main/java/org/hibernate/engine/jdbc/internal/CharacterStreamImpl.java,9.0,4.0,0.0,1.0,5.0,1.0,0.0,81.0,A,A
hibernate-core/src/main/java/org/hibernate/type/CharBooleanConverter.java,4.0,0.0,0.0,0.0,0.0,0.0,0.0,42.0,A,A
hibernate-core/src/main/java/org/hibernate/type/descriptor/jdbc/CharJdbcType.java,7.0,6.0,0.0,1.0,5.0,1.0,0.0,46.0,A,A
hibernate-core/src/main/java/org/hibernate/internal/util/CharSequenceHelper.java,29.0,28.0,0.0,3.0,6.0,3.0,0.0,119.0,A,A
hibernate-core/src/main/java/org/hibernate/annotations/Check.java,0.0,0.0,0.0,0.0,0.0,0.0,0.0,61.0,A,A
hibernate-core/src/main/java/org/hibernate/mapping/CheckConstraint.java,15.0,4.0,0.0,0.0,0.0,0.0,0.0,80.0,A,A
hibernate-core/src/main/java/org/hibernate/annotations/processing/CheckHQL.java,0.0,0.0,0.0,0.0,0.0,0.0,0.0,90.0,A,A
hibernate-core/src/main/java/org/hibernate/annotations/Checks.java,0.0,0.0,0.0,0.0,0.0,0.0,0.0,27.0,A,A
hibernate-core/src/main/java/org/hibernate/dialect/function/ChrLiteralEmulation.java,4.0,2.0,0.0,0.0,0.0,0.0,0.0,82.0,A,A
hibernate-core/src/main/java/org/hibernate/sql/results/internal/domain/CircularBiDirectionalFetchImpl.java,36.0,39.0,0.0,2.0,24.0,2.0,0.0,263.0,A,A
hibernate-core/src/main/java/org/hibernate/sql/results/internal/domain/CircularFetchImpl.java,18.0,2.0,0.0,0.0,0.0,0.0,0.0,212.0,A,A
hibernate-envers/src/main/java/org/hibernate/envers/configuration/internal/metadata/reader/ClassAuditingData.java,18.0,1.0,0.0,0.0,0.0,0.0,0.0,116.0,A,A
hibernate-core/src/main/java/org/hibernate/boot/model/convert/internal/ClassBasedConverterDescriptor.java,3.0,0.0,0.0,0.0,0.0,0.0,0.0,40.0,A,A
hibernate-core/src/main/java/org/hibernate/boot/archive/scan/spi/ClassDescriptor.java,0.0,0.0,0.0,0.0,0.0,0.0,0.0,39.0,A,A
hibernate-core/src/main/java/org/hibernate/boot/archive/scan/internal/ClassDescriptorImpl.java,9.0,3.0,0.0,0.0,0.0,0.0,0.0,60.0,A,A
hibernate-testing/src/main/java/org/hibernate/testing/bytecode/enhancement/ClassEnhancementSelector.java,0.0,0.0,0.0,0.0,0.0,0.0,0.0,26.0,A,A
hibernate-testing/src/main/java/org/hibernate/testing/bytecode/enhancement/ClassEnhancementSelectors.java,0.0,0.0,0.0,0.0,0.0,0.0,0.0,24.0,A,A
hibernate-envers/src/main/java/org/hibernate/envers/configuration/internal/ClassesAuditingData.java,28.0,29.0,0.0,0.0,0.0,0.0,0.0,215.0,A,A
hibernate-core/src/main/java/org/hibernate/boot/archive/scan/spi/ClassFileArchiveEntryHandler.java,11.0,7.0,0.0,2.0,4.0,2.0,0.0,100.0,A,A
hibernate-testing/src/main/java/org/hibernate/testing/orm/domain/animal/Classification.java,4.0,2.0,0.0,0.0,0.0,0.0,0.0,29.0,A,A
hibernate-core/src/main/java/org/hibernate/type/descriptor/java/ClassJavaType.java,12.0,8.0,0.0,1.0,5.0,1.0,0.0,70.0,A,A
hibernate-core/src/main/java/org/hibernate/boot/spi/ClassLoaderAccess.java,0.0,0.0,0.0,0.0,0.0,0.0,0.0,38.0,A,A
hibernate-envers/src/main/java/org/hibernate/envers/boot/registry/classloading/ClassLoaderAccessHelper.java,2.0,0.0,0.0,0.0,0.0,0.0,0.0,36.0,A,A
hibernate-core/src/main/java/org/hibernate/boot/internal/ClassLoaderAccessImpl.java,15.0,10.0,0.0,1.0,5.0,1.0,0.0,105.0,A,A
hibernate-core/src/main/java/org/hibernate/boot/model/internal/ClassLoaderAccessLazyImpl.java,3.0,0.0,0.0,1.0,5.0,1.0,0.0,36.0,A,A
hibernate-testing/src/main/java/org/hibernate/testing/boot/ClassLoaderAccessTestingImpl.java,2.0,1.0,0.0,1.0,0.0,1.0,0.0,39.0,A,A
hibernate-core/src/main/java/org/hibernate/boot/registry/classloading/spi/ClassLoaderService.java,9.0,1.0,0.0,0.0,0.0,0.0,0.0,120.0,A,A
hibernate-core/src/main/java/org/hibernate/boot/registry/classloading/internal/ClassLoaderServiceImpl.java,36.0,40.0,0.0,15.0,120.0,15.0,0.0,306.0,A,A
hibernate-testing/src/main/java/org/hibernate/testing/boot/ClassLoaderServiceTestingImpl.java,0.0,0.0,0.0,0.0,0.0,0.0,0.0,20.0,A,A
hibernate-core/src/main/java/org/hibernate/boot/registry/classloading/spi/ClassLoadingException.java,2.0,0.0,0.0,0.0,0.0,0.0,0.0,35.0,A,A
hibernate-testing/src/main/java/org/hibernate/testing/junit4/ClassLoadingIsolater.java,3.0,0.0,0.0,0.0,0.0,0.0,0.0,58.0,A,A
hibernate-testing/src/main/java/org/hibernate/testing/orm/junit/ClassLoadingIsolaterExtension.java,3.0,1.0,0.0,1.0,20.0,1.0,0.0,57.0,A,A
hibernate-core/src/main/java/org/hibernate/boot/internal/ClassmateContext.java,5.0,2.0,0.0,0.0,0.0,0.0,0.0,38.0,A,A
hibernate-core/src/main/java/org/hibernate/metadata/ClassMetadata.java,5.0,0.0,0.0,6.0,60.0,6.0,0.0,268.0,A,A
hibernate-core/src/main/java/org/hibernate/boot/model/internal/ClassPropertyHolder.java,89.0,142.0,0.0,8.0,111.0,8.0,0.0,538.0,A,A
hibernate-testing/src/main/java/org/hibernate/testing/bytecode/enhancement/ClassSelector.java,2.0,0.0,0.0,0.0,0.0,0.0,0.0,26.0,A,A
hibernate-core/src/main/java/org/hibernate/bytecode/spi/ClassTransformer.java,0.0,0.0,0.0,1.0,5.0,1.0,0.0,48.0,A,A
tooling/metamodel-generator/src/main/java/org/hibernate/jpamodelgen/ClassWriter.java,36.0,32.0,0.0,2.0,7.0,2.0,0.0,245.0,A,A
hibernate-core/src/main/java/org/hibernate/sql/ast/Clause.java,0.0,0.0,0.0,0.0,0.0,0.0,0.0,73.0,A,A
hibernate-core/src/main/java/org/hibernate/tool/schema/spi/Cleaner.java,0.0,0.0,0.0,0.0,0.0,0.0,0.0,53.0,A,A
hibernate-core/src/main/java/org/hibernate/event/spi/ClearEvent.java,1.0,0.0,0.0,0.0,0.0,0.0,0.0,24.0,A,A
hibernate-core/src/main/java/org/hibernate/event/spi/ClearEventListener.java,0.0,0.0,0.0,0.0,0.0,0.0,0.0,22.0,A,A
hibernate-core/src/main/java/org/hibernate/engine/jdbc/ClobImplementer.java,0.0,0.0,0.0,0.0,0.0,0.0,0.0,22.0,A,A
hibernate-core/src/main/java/org/hibernate/type/descriptor/java/ClobJavaType.java,31.0,24.0,2.0,2.0,7.0,4.0,0.0,183.0,C,A
hibernate-core/src/main/java/org/hibernate/type/descriptor/jdbc/ClobJdbcType.java,55.0,1.0,0.0,4.0,4.0,4.0,0.0,360.0,A,A
hibernate-core/src/main/java/org/hibernate/engine/jdbc/ClobProxy.java,37.0,36.0,0.0,1.0,24.0,1.0,0.0,199.0,A,A
hibernate-core/src/main/java/org/hibernate/type/descriptor/java/ClockHelper.java,14.0,3.0,0.0,2.0,10.0,2.0,0.0,71.0,A,A
hibernate-envers/src/main/java/org/hibernate/envers/boot/model/Cloneable.java,0.0,0.0,0.0,0.0,0.0,0.0,0.0,21.0,A,A
hibernate-core/src/main/java/org/hibernate/query/spi/CloseableIterator.java,0.0,0.0,0.0,0.0,0.0,0.0,0.0,25.0,A,A
hibernate-core/src/main/java/org/hibernate/dialect/function/CoalesceIfnullEmulation.java,2.0,0.0,0.0,0.0,0.0,0.0,0.0,46.0,A,A
hibernate-core/src/main/java/org/hibernate/dialect/function/array/CockroachArrayFillFunction.java,7.0,5.0,0.0,0.0,0.0,0.0,0.0,67.0,A,A
hibernate-spatial/src/main/java/org/hibernate/spatial/dialect/cockroachdb/CockroachDB202SpatialDialect.java,1.0,0.0,0.0,1.0,10.0,1.0,0.0,25.0,A,A
hibernate-spatial/src/main/java/org/hibernate/spatial/dialect/cockroachdb/CockroachDbContributor.java,9.0,4.0,0.0,0.0,0.0,0.0,0.0,73.0,A,A
hibernate-core/src/main/java/org/hibernate/dialect/identity/CockroachDBIdentityColumnSupport.java,8.0,1.0,0.0,1.0,0.0,1.0,0.0,50.0,A,A
hibernate-core/src/main/java/org/hibernate/dialect/CockroachDialect.java,209.0,81.0,0.0,16.0,93.0,16.0,0.0,1162.0,A,A
hibernate-core/src/main/java/org/hibernate/dialect/CockroachDialectQueryHints.java,19.0,14.0,0.0,10.0,40.0,10.0,0.0,132.0,A,A
hibernate-community-dialects/src/main/java/org/hibernate/community/dialect/CockroachLegacyDialect.java,218.0,102.0,0.0,17.0,99.0,17.0,0.0,1166.0,A,A
hibernate-community-dialects/src/main/java/org/hibernate/community/dialect/CockroachLegacySqlAstTranslator.java,36.0,26.0,0.0,0.0,0.0,0.0,0.0,196.0,A,A
hibernate-core/src/main/java/org/hibernate/dialect/CockroachSqlAstTranslator.java,29.0,21.0,0.0,0.0,0.0,0.0,0.0,168.0,A,A
hibernate-core/src/main/java/org/hibernate/bytecode/enhance/internal/bytebuddy/CodeTemplates.java,172.0,161.0,7.0,85.0,310.0,92.0,0.0,635.0,B,A
hibernate-core/src/main/java/org/hibernate/sql/results/graph/basic/CoercingResultAssembler.java,2.0,0.0,0.0,0.0,0.0,0.0,0.0,39.0,A,A
hibernate-core/src/main/java/org/hibernate/type/descriptor/java/CoercionException.java,2.0,0.0,0.0,0.0,0.0,0.0,0.0,23.0,A,A
hibernate-core/src/main/java/org/hibernate/type/descriptor/java/CoercionHelper.java,65.0,27.0,0.0,1.0,5.0,1.0,0.0,400.0,A,A
hibernate-core/src/main/java/org/hibernate/annotations/Collate.java,0.0,0.0,0.0,0.0,0.0,0.0,0.0,37.0,A,A
hibernate-core/src/main/java/org/hibernate/binder/internal/CollateBinder.java,4.0,5.0,0.0,0.0,0.0,0.0,0.0,45.0,A,A
hibernate-core/src/main/java/org/hibernate/sql/ast/tree/expression/Collation.java,5.0,0.0,0.0,1.0,10.0,1.0,0.0,45.0,A,A
hibernate-core/src/main/java/org/hibernate/mapping/Collection.java,163.0,32.0,0.0,4.0,20.0,4.0,0.0,843.0,A,A
hibernate-core/src/main/java/org/hibernate/action/internal/CollectionAction.java,26.0,8.0,0.0,2.0,10.0,2.0,0.0,208.0,A,A
hibernate-core/src/main/java/org/hibernate/boot/jaxb/mapping/CollectionAttribute.java,0.0,0.0,0.0,0.0,0.0,0.0,0.0,66.0,A,A
hibernate-envers/src/main/java/org/hibernate/envers/CollectionAuditTable.java,0.0,0.0,0.0,0.0,0.0,0.0,0.0,40.0,A,A
hibernate-core/src/main/java/org/hibernate/loader/ast/spi/CollectionBatchLoader.java,0.0,0.0,0.0,0.0,0.0,0.0,0.0,16.0,A,A
hibernate-core/src/main/java/org/hibernate/loader/ast/internal/CollectionBatchLoaderArrayParam.java,19.0,11.0,0.0,1.0,5.0,1.0,0.0,247.0,A,A
hibernate-core/src/main/java/org/hibernate/loader/ast/internal/CollectionBatchLoaderInPredicate.java,13.0,11.0,0.0,1.0,2.0,1.0,0.0,167.0,A,A
hibernate-core/src/main/java/org/hibernate/boot/model/internal/CollectionBinder.java,507.0,503.0,0.0,41.0,329.0,41.0,0.0,2894.0,A,A
hibernate-core/src/main/java/org/hibernate/cache/spi/entry/CollectionCacheEntry.java,5.0,0.0,0.0,2.0,30.0,2.0,0.0,68.0,A,A
hibernate-core/src/main/java/org/hibernate/cache/internal/CollectionCacheInvalidator.java,34.0,38.0,0.0,5.0,59.0,5.0,0.0,212.0,A,A
hibernate-envers/src/main/java/org/hibernate/envers/internal/synchronization/work/CollectionChangeWorkUnit.java,10.0,0.0,0.0,0.0,0.0,0.0,0.0,100.0,A,A
hibernate-core/src/main/java/org/hibernate/metamodel/CollectionClassification.java,19.0,17.0,0.0,0.0,0.0,0.0,0.0,189.0,A,A
hibernate-core/src/main/java/org/hibernate/boot/jaxb/mapping/marshall/CollectionClassificationMarshalling.java,4.0,2.0,0.0,1.0,5.0,1.0,0.0,25.0,A,A
hibernate-core/src/main/java/org/hibernate/type/descriptor/converter/internal/CollectionConverter.java,9.0,4.0,0.0,0.0,0.0,0.0,0.0,75.0,A,A
hibernate-core/src/main/java/org/hibernate/cache/spi/access/CollectionDataAccess.java,0.0,0.0,0.0,0.0,0.0,0.0,0.0,53.0,A,A
hibernate-core/src/main/java/org/hibernate/cache/cfg/spi/CollectionDataCachingConfig.java,0.0,0.0,0.0,0.0,0.0,0.0,0.0,23.0,A,A
hibernate-core/src/main/java/org/hibernate/cache/cfg/internal/CollectionDataCachingConfigImpl.java,6.0,1.0,0.0,0.0,0.0,0.0,0.0,57.0,A,A
hibernate-core/src/main/java/org/hibernate/sql/results/graph/collection/internal/CollectionDomainResult.java,13.0,0.0,0.0,1.0,5.0,1.0,0.0,153.0,A,A
hibernate-core/src/main/java/org/hibernate/loader/ast/internal/CollectionElementLoaderByIndex.java,11.0,4.0,0.0,0.0,0.0,0.0,0.0,179.0,A,A
hibernate-testing/src/main/java/org/hibernate/testing/hamcrest/CollectionElementMatcher.java,7.0,7.0,0.0,3.0,40.0,3.0,0.0,54.0,A,A
hibernate-testing/src/main/java/org/hibernate/testing/hamcrest/CollectionEmptinessMatcher.java,5.0,4.0,0.0,1.0,5.0,1.0,0.0,44.0,A,A
hibernate-core/src/main/java/org/hibernate/engine/spi/CollectionEntry.java,82.0,38.0,0.0,8.0,50.0,8.0,0.0,447.0,A,A
hibernate-core/src/main/java/org/hibernate/sql/results/graph/collection/internal/CollectionFetch.java,4.0,0.0,0.0,1.0,2.0,1.0,0.0,47.0,A,A
hibernate-core/src/main/java/org/hibernate/internal/util/collections/CollectionHelper.java,83.0,30.0,0.0,37.0,296.0,37.0,0.0,508.0,A,A
hibernate-core/src/main/java/org/hibernate/annotations/CollectionId.java,0.0,0.0,0.0,0.0,0.0,0.0,0.0,50.0,A,A
hibernate-core/src/main/java/org/hibernate/metamodel/mapping/CollectionIdentifierDescriptor.java,0.0,0.0,0.0,0.0,0.0,0.0,0.0,18.0,A,A
hibernate-core/src/main/java/org/hibernate/metamodel/mapping/internal/CollectionIdentifierDescriptorImpl.java,39.0,0.0,0.0,0.0,0.0,0.0,0.0,343.0,A,A
hibernate-core/src/main/java/org/hibernate/annotations/CollectionIdJavaType.java,0.0,0.0,0.0,0.0,0.0,0.0,0.0,36.0,A,A
hibernate-core/src/main/java/org/hibernate/annotations/CollectionIdJdbcType.java,0.0,0.0,0.0,0.0,0.0,0.0,0.0,36.0,A,A
hibernate-core/src/main/java/org/hibernate/annotations/CollectionIdJdbcTypeCode.java,0.0,0.0,0.0,0.0,0.0,0.0,0.0,34.0,A,A
hibernate-core/src/main/java/org/hibernate/annotations/CollectionIdMutability.java,0.0,0.0,0.0,0.0,0.0,0.0,0.0,36.0,A,A
hibernate-core/src/main/java/org/hibernate/boot/model/source/spi/CollectionIdSource.java,0.0,0.0,0.0,0.0,0.0,0.0,0.0,41.0,A,A
hibernate-core/src/main/java/org/hibernate/annotations/CollectionIdType.java,0.0,0.0,0.0,0.0,0.0,0.0,0.0,46.0,A,A
hibernate-core/src/main/java/org/hibernate/sql/results/graph/collection/CollectionInitializer.java,4.0,0.0,0.0,0.0,0.0,0.0,0.0,51.0,A,A
hibernate-core/src/main/java/org/hibernate/collection/spi/CollectionInitializerProducer.java,0.0,0.0,0.0,0.0,0.0,0.0,0.0,53.0,A,A
hibernate-core/src/main/java/org/hibernate/type/descriptor/java/spi/CollectionJavaType.java,30.0,10.0,0.0,0.0,0.0,0.0,0.0,175.0,A,A
hibernate-core/src/main/java/org/hibernate/engine/spi/CollectionKey.java,16.0,6.0,0.0,1.0,30.0,1.0,0.0,137.0,A,A
hibernate-core/src/main/java/org/hibernate/loader/ast/spi/CollectionLoader.java,0.0,0.0,0.0,1.0,0.0,1.0,0.0,30.0,A,A
hibernate-core/src/main/java/org/hibernate/loader/ast/internal/CollectionLoaderNamedQuery.java,8.0,9.0,0.0,1.0,0.0,1.0,0.0,71.0,A,A
hibernate-core/src/main/java/org/hibernate/loader/ast/internal/CollectionLoaderSingleKey.java,9.0,0.0,0.0,0.0,0.0,0.0,0.0,156.0,A,A
hibernate-core/src/main/java/org/hibernate/loader/ast/internal/CollectionLoaderSubSelectFetch.java,14.0,16.0,0.0,1.0,6.0,1.0,0.0,169.0,A,A
hibernate-core/src/main/java/org/hibernate/sql/results/graph/collection/CollectionLoadingLogger.java,0.0,0.0,0.0,0.0,0.0,0.0,0.0,30.0,A,A
hibernate-envers/src/main/java/org/hibernate/envers/configuration/internal/metadata/CollectionMappedByResolver.java,34.0,33.0,0.0,1.0,5.0,1.0,0.0,206.0,A,A
hibernate-core/src/main/java/org/hibernate/metamodel/mapping/CollectionMappingType.java,0.0,0.0,0.0,0.0,0.0,0.0,0.0,19.0,A,A
hibernate-testing/src/main/java/org/hibernate/testing/hamcrest/CollectionMatchers.java,7.0,0.0,0.0,4.0,35.0,4.0,0.0,50.0,A,A
hibernate-core/src/main/java/org/hibernate/metadata/CollectionMetadata.java,0.0,0.0,0.0,1.0,10.0,1.0,0.0,52.0,A,A
hibernate-envers/src/main/java/org/hibernate/envers/configuration/internal/metadata/CollectionMetadataContext.java,17.0,7.0,0.0,0.0,0.0,0.0,0.0,84.0,A,A
hibernate-core/src/main/java/org/hibernate/persister/collection/mutation/CollectionMutationTarget.java,1.0,0.0,0.0,0.0,0.0,0.0,0.0,31.0,A,A
hibernate-core/src/main/java/org/hibernate/cache/spi/support/CollectionNonStrictReadWriteAccess.java,3.0,0.0,0.0,0.0,0.0,0.0,0.0,41.0,A,A
hibernate-core/src/main/java/org/hibernate/persister/collection/mutation/CollectionOperationCoordinator.java,0.0,0.0,0.0,0.0,0.0,0.0,0.0,20.0,A,A
hibernate-core/src/main/java/org/hibernate/metamodel/mapping/CollectionPart.java,28.0,6.0,0.0,4.0,21.0,4.0,0.0,99.0,A,A
hibernate-core/src/main/java/org/hibernate/metamodel/mapping/ordering/ast/CollectionPartPath.java,7.0,1.0,0.0,0.0,0.0,0.0,0.0,73.0,A,A
hibernate-core/src/main/java/org/hibernate/persister/collection/CollectionPersister.java,11.0,0.0,0.0,13.0,130.0,13.0,0.0,455.0,A,A
hibernate-core/src/main/java/org/hibernate/boot/model/internal/CollectionPropertyHolder.java,73.0,69.0,0.0,15.0,134.0,15.0,0.0,467.0,A,A
hibernate-envers/src/main/java/org/hibernate/envers/internal/entities/mapper/relation/lazy/proxy/CollectionProxy.java,22.0,1.0,0.0,2.0,32.0,2.0,0.0,146.0,A,A
hibernate-core/src/main/java/org/hibernate/cache/spi/support/CollectionReadOnlyAccess.java,2.0,0.0,0.0,0.0,0.0,0.0,0.0,34.0,A,A
hibernate-core/src/main/java/org/hibernate/cache/spi/support/CollectionReadWriteAccess.java,10.0,0.0,0.0,2.0,10.0,2.0,0.0,95.0,A,A
hibernate-core/src/main/java/org/hibernate/action/internal/CollectionRecreateAction.java,7.0,1.0,0.0,0.0,0.0,0.0,0.0,78.0,A,A
hibernate-core/src/main/java/org/hibernate/action/internal/CollectionRemoveAction.java,14.0,5.0,0.0,0.0,0.0,0.0,0.0,161.0,A,A
hibernate-core/src/main/java/org/hibernate/sql/results/graph/collection/CollectionResultGraphNode.java,0.0,0.0,0.0,0.0,0.0,0.0,0.0,16.0,A,A
hibernate-core/src/main/java/org/hibernate/sql/model/ast/builder/CollectionRowDeleteBuilder.java,7.0,1.0,0.0,1.0,5.0,1.0,0.0,77.0,A,A
hibernate-core/src/main/java/org/hibernate/sql/model/ast/builder/CollectionRowDeleteByUpdateSetNullBuilder.java,7.0,1.0,0.0,1.0,5.0,1.0,0.0,88.0,A,A
hibernate-core/src/main/java/org/hibernate/engine/internal/Collections.java,41.0,56.0,0.0,3.0,23.0,3.0,0.0,302.0,A,A
hibernate-core/src/main/java/org/hibernate/boot/model/internal/CollectionSecondPass.java,9.0,10.0,0.0,2.0,4.0,2.0,0.0,77.0,A,A
hibernate-core/src/main/java/org/hibernate/collection/spi/CollectionSemantics.java,2.0,0.0,0.0,2.0,30.0,2.0,0.0,128.0,A,A
hibernate-core/src/main/java/org/hibernate/collection/spi/CollectionSemanticsResolver.java,0.0,0.0,0.0,1.0,10.0,1.0,0.0,27.0,A,A
hibernate-testing/src/main/java/org/hibernate/testing/hamcrest/CollectionSizeMatcher.java,3.0,0.0,0.0,1.0,5.0,1.0,0.0,34.0,A,A
hibernate-core/src/main/java/org/hibernate/stat/CollectionStatistics.java,0.0,0.0,0.0,0.0,0.0,0.0,0.0,48.0,A,A
hibernate-core/src/main/java/org/hibernate/stat/internal/CollectionStatisticsImpl.java,14.0,2.0,0.0,0.0,0.0,0.0,0.0,92.0,A,A
hibernate-core/src/main/java/org/hibernate/sql/ast/tree/from/CollectionTableGroup.java,19.0,13.0,0.0,1.0,2.0,1.0,0.0,134.0,A,A
hibernate-core/src/main/java/org/hibernate/persister/collection/mutation/CollectionTableMapping.java,18.0,4.0,0.0,2.0,5.0,2.0,0.0,128.0,A,A
hibernate-core/src/main/java/org/hibernate/bytecode/enhance/spi/CollectionTracker.java,0.0,0.0,0.0,0.0,0.0,0.0,0.0,20.0,A,A
hibernate-core/src/main/java/org/hibernate/cache/spi/support/CollectionTransactionAccess.java,2.0,0.0,0.0,0.0,0.0,0.0,0.0,33.0,A,A
hibernate-core/src/main/java/org/hibernate/annotations/CollectionType.java,0.0,0.0,0.0,0.0,0.0,0.0,0.0,40.0,A,A
hibernate-core/src/main/java/org/hibernate/type/CollectionType.java,120.0,119.0,0.0,24.0,97.0,24.0,0.0,814.0,A,A
hibernate-core/src/main/java/org/hibernate/annotations/CollectionTypeRegistration.java,0.0,0.0,0.0,0.0,0.0,0.0,0.0,53.0,A,A
hibernate-core/src/main/java/org/hibernate/annotations/CollectionTypeRegistrations.java,0.0,0.0,0.0,0.0,0.0,0.0,0.0,31.0,A,A
hibernate-core/src/main/java/org/hibernate/action/internal/CollectionUpdateAction.java,15.0,14.0,0.0,0.0,0.0,0.0,0.0,128.0,A,A
hibernate-core/src/main/java/org/hibernate/mapping/Column.java,154.0,99.0,1.0,16.0,170.0,17.0,0.0,774.0,C,A
hibernate-envers/src/main/java/org/hibernate/envers/boot/model/Column.java,19.0,8.0,0.0,1.0,30.0,1.0,0.0,180.0,A,A
hibernate-core/src/main/java/org/hibernate/dialect/ColumnAliasExtractor.java,0.0,0.0,0.0,0.0,0.0,0.0,0.0,45.0,A,A
hibernate-core/src/main/java/org/hibernate/boot/jaxb/hbm/transform/ColumnAndFormulaSource.java,0.0,0.0,0.0,0.0,0.0,0.0,0.0,24.0,A,A
hibernate-core/src/main/java/org/hibernate/boot/jaxb/hbm/transform/ColumnAndFormulaTarget.java,0.0,0.0,0.0,0.0,0.0,0.0,0.0,19.0,A,A
hibernate-core/src/main/java/org/hibernate/boot/model/source/internal/hbm/ColumnAttributeSourceImpl.java,16.0,0.0,0.0,0.0,0.0,0.0,0.0,128.0,A,A
hibernate-core/src/main/java/org/hibernate/boot/model/source/spi/ColumnBindingDefaults.java,0.0,0.0,0.0,0.0,0.0,0.0,0.0,40.0,A,A
hibernate-envers/src/main/java/org/hibernate/envers/boot/model/ColumnContainer.java,2.0,1.0,0.0,0.0,0.0,0.0,0.0,46.0,A,A
hibernate-core/src/main/java/org/hibernate/annotations/ColumnDefault.java,0.0,0.0,0.0,0.0,0.0,0.0,0.0,45.0,A,A
hibernate-core/src/main/java/org/hibernate/boot/jaxb/hbm/transform/ColumnDefaults.java,0.0,0.0,0.0,0.0,0.0,0.0,0.0,27.0,A,A
hibernate-core/src/main/java/org/hibernate/boot/jaxb/hbm/transform/ColumnDefaultsBasicImpl.java,7.0,0.0,0.0,1.0,0.0,1.0,0.0,53.0,A,A
hibernate-core/src/main/java/org/hibernate/boot/jaxb/hbm/transform/ColumnDefaultsInsertableNonUpdateableImpl.java,7.0,0.0,0.0,3.0,40.0,3.0,0.0,53.0,A,A
hibernate-core/src/main/java/org/hibernate/tool/schema/internal/ColumnDefinitions.java,52.0,69.0,0.0,5.0,38.0,5.0,0.0,270.0,A,A
hibernate-core/src/main/java/org/hibernate/tool/schema/extract/spi/ColumnInformation.java,0.0,0.0,0.0,1.0,0.0,1.0,0.0,70.0,A,A
hibernate-core/src/main/java/org/hibernate/tool/schema/extract/internal/ColumnInformationImpl.java,9.0,0.0,0.0,0.0,0.0,0.0,0.0,86.0,A,A
tooling/hibernate-ant/src/main/java/org/hibernate/tool/hbm2ddl/ColumnMetadata.java,8.0,0.0,0.0,1.0,10.0,1.0,0.0,65.0,A,A
hibernate-envers/src/main/java/org/hibernate/envers/configuration/internal/metadata/ColumnNameIterator.java,5.0,2.0,0.0,2.0,10.0,2.0,0.0,41.0,A,A
hibernate-core/src/main/java/org/hibernate/boot/model/relational/ColumnOrderingStrategy.java,0.0,0.0,0.0,0.0,0.0,0.0,0.0,56.0,A,A
hibernate-core/src/main/java/org/hibernate/boot/model/relational/ColumnOrderingStrategyLegacy.java,4.0,0.0,0.0,2.0,5.0,2.0,0.0,43.0,A,A
hibernate-core/src/main/java/org/hibernate/boot/model/relational/ColumnOrderingStrategyStandard.java,57.0,28.0,0.0,3.0,21.0,3.0,0.0,227.0,A,A
hibernate-core/src/main/java/org/hibernate/metamodel/mapping/ordering/ast/ColumnReference.java,15.0,12.0,0.0,0.0,0.0,0.0,0.0,141.0,A,A
hibernate-core/src/main/java/org/hibernate/sql/ast/tree/expression/ColumnReference.java,45.0,22.0,0.0,1.0,5.0,1.0,0.0,279.0,A,A
hibernate-core/src/main/java/org/hibernate/sql/ast/tree/from/ColumnReferenceQualifier.java,8.0,2.0,0.0,2.0,10.0,2.0,0.0,113.0,A,A
hibernate-core/src/main/java/org/hibernate/annotations/Columns.java,0.0,0.0,0.0,0.0,0.0,0.0,0.0,30.0,A,A
hibernate-core/src/main/java/org/hibernate/boot/model/source/spi/ColumnsAndFormulasSourceContainer.java,0.0,0.0,0.0,0.0,0.0,0.0,0.0,17.0,A,A
hibernate-core/src/main/java/org/hibernate/boot/model/internal/ColumnsBuilder.java,38.0,39.0,0.0,6.0,36.0,6.0,0.0,288.0,A,A
hibernate-core/src/main/java/org/hibernate/boot/model/source/spi/ColumnSource.java,0.0,0.0,0.0,0.0,0.0,0.0,0.0,104.0,A,A
hibernate-core/src/main/java/org/hibernate/boot/model/source/internal/hbm/ColumnSourceImpl.java,21.0,5.0,0.0,1.0,0.0,1.0,0.0,158.0,A,A
hibernate-core/src/main/java/org/hibernate/annotations/ColumnTransformer.java,0.0,0.0,0.0,0.0,0.0,0.0,0.0,77.0,A,A
hibernate-core/src/main/java/org/hibernate/annotations/ColumnTransformers.java,0.0,0.0,0.0,0.0,0.0,0.0,0.0,30.0,A,A
hibernate-core/src/main/java/org/hibernate/tool/schema/extract/spi/ColumnTypeInformation.java,5.0,0.0,0.0,1.0,0.0,1.0,0.0,87.0,A,A
hibernate-core/src/main/java/org/hibernate/sql/model/ast/ColumnValueBinding.java,9.0,3.0,0.0,0.0,0.0,0.0,0.0,61.0,A,A
hibernate-core/src/main/java/org/hibernate/sql/model/ast/builder/ColumnValueBindingBuilder.java,17.0,16.0,0.0,1.0,5.0,1.0,0.0,130.0,A,A
hibernate-core/src/main/java/org/hibernate/sql/model/ast/ColumnValueBindingList.java,11.0,4.0,0.0,2.0,50.0,2.0,0.0,87.0,A,A
hibernate-core/src/main/java/org/hibernate/sql/model/ast/ColumnValueParameter.java,4.0,0.0,0.0,0.0,0.0,0.0,0.0,42.0,A,A
hibernate-core/src/main/java/org/hibernate/sql/model/ast/ColumnValueParameterList.java,5.0,2.0,0.0,2.0,50.0,2.0,0.0,57.0,A,A
hibernate-core/src/main/java/org/hibernate/sql/model/ast/builder/ColumnValuesTableMutationBuilder.java,3.0,0.0,0.0,0.0,0.0,0.0,0.0,58.0,A,A
hibernate-core/src/main/java/org/hibernate/sql/model/ast/ColumnWriteFragment.java,11.0,2.0,0.0,1.0,5.0,1.0,0.0,99.0,A,A
hibernate-core/src/main/java/org/hibernate/tool/schema/spi/CommandAcceptanceException.java,2.0,0.0,0.0,0.0,0.0,0.0,0.0,25.0,A,A
hibernate-core/src/main/java/org/hibernate/boot/model/source/internal/hbm/CommaSeparatedStringHelper.java,12.0,8.0,0.0,0.0,0.0,0.0,0.0,55.0,A,A
hibernate-core/src/main/java/org/hibernate/annotations/Comment.java,0.0,0.0,0.0,0.0,0.0,0.0,0.0,71.0,A,A
hibernate-core/src/main/java/org/hibernate/binder/internal/CommentBinder.java,16.0,22.0,0.0,2.0,7.0,2.0,0.0,88.0,A,A
hibernate-core/src/main/java/org/hibernate/annotations/Comments.java,0.0,0.0,0.0,0.0,0.0,0.0,0.0,39.0,A,A
hibernate-core/src/main/java/org/hibernate/binder/internal/CommentsBinder.java,7.0,6.0,0.0,0.0,0.0,0.0,0.0,60.0,A,A
hibernate-envers/src/main/java/org/hibernate/envers/internal/entities/mapper/relation/CommonCollectionMapperData.java,6.0,0.0,0.0,0.0,0.0,0.0,0.0,58.0,A,A
hibernate-core/src/main/java/org/hibernate/dialect/function/CommonFunctionFactory.java,265.0,3.0,0.0,213.0,1388.0,213.0,0.0,3253.0,A,A
hibernate-core/src/main/java/org/hibernate/query/CommonQueryContract.java,0.0,0.0,0.0,0.0,0.0,0.0,0.0,560.0,A,A
hibernate-spatial/src/main/java/org/hibernate/spatial/CommonSpatialFunction.java,32.0,1.0,0.0,2.0,4.0,2.0,0.0,155.0,A,A
hibernate-community-dialects/src/main/java/org/hibernate/community/dialect/CommunityDatabase.java,45.0,0.0,0.0,1.0,5.0,1.0,0.0,255.0,A,A
hibernate-community-dialects/src/main/java/org/hibernate/community/dialect/CommunityDialectResolver.java,3.0,3.0,0.0,0.0,0.0,0.0,0.0,32.0,A,A
hibernate-community-dialects/src/main/java/org/hibernate/community/dialect/CommunityDialectSelector.java,51.0,2.0,0.0,2.0,35.0,2.0,0.0,126.0,A,A
hibernate-core/src/main/java/org/hibernate/internal/util/compare/ComparableComparator.java,2.0,0.0,0.0,3.0,20.0,3.0,0.0,31.0,A,A
hibernate-core/src/main/java/org/hibernate/engine/spi/ComparableExecutable.java,0.0,0.0,0.0,0.0,0.0,0.0,0.0,36.0,A,A
hibernate-core/src/main/java/org/hibernate/query/sqm/ComparisonOperator.java,40.0,0.0,0.0,0.0,0.0,0.0,0.0,237.0,A,A
hibernate-core/src/main/java/org/hibernate/sql/ast/tree/predicate/ComparisonPredicate.java,8.0,0.0,0.0,0.0,0.0,0.0,0.0,68.0,A,A
hibernate-core/src/main/java/org/hibernate/sql/ComparisonRestriction.java,7.0,2.0,0.0,0.0,0.0,0.0,0.0,65.0,A,A
hibernate-core/src/main/java/org/hibernate/query/sqm/tree/expression/Compatibility.java,40.0,26.0,0.0,28.0,135.0,28.0,0.0,189.0,A,A
hibernate-core/src/main/java/org/hibernate/query/results/complete/CompleteFetchBuilder.java,0.0,0.0,0.0,0.0,0.0,0.0,0.0,23.0,A,A
hibernate-core/src/main/java/org/hibernate/query/results/complete/CompleteFetchBuilderBasicPart.java,18.0,13.0,0.0,0.0,0.0,0.0,0.0,163.0,A,A
hibernate-core/src/main/java/org/hibernate/query/results/complete/CompleteFetchBuilderEmbeddableValuedModelPart.java,14.0,4.0,0.0,1.0,5.0,1.0,0.0,143.0,A,A
hibernate-core/src/main/java/org/hibernate/query/results/complete/CompleteFetchBuilderEntityValuedModelPart.java,14.0,4.0,0.0,1.0,5.0,1.0,0.0,144.0,A,A
hibernate-core/src/main/java/org/hibernate/sql/CompleteRestriction.java,2.0,0.0,0.0,0.0,0.0,0.0,0.0,29.0,A,A
hibernate-core/src/main/java/org/hibernate/query/results/complete/CompleteResultBuilder.java,0.0,0.0,0.0,0.0,0.0,0.0,0.0,16.0,A,A
hibernate-core/src/main/java/org/hibernate/query/results/complete/CompleteResultBuilderBasicModelPart.java,13.0,5.0,0.0,0.0,0.0,0.0,0.0,128.0,A,A
hibernate-core/src/main/java/org/hibernate/query/results/complete/CompleteResultBuilderBasicValued.java,0.0,0.0,0.0,0.0,0.0,0.0,0.0,18.0,A,A
hibernate-core/src/main/java/org/hibernate/query/results/complete/CompleteResultBuilderBasicValuedConverted.java,15.0,11.0,0.0,0.0,0.0,0.0,0.0,146.0,A,A
hibernate-core/src/main/java/org/hibernate/query/results/complete/CompleteResultBuilderBasicValuedStandard.java,16.0,11.0,0.0,1.0,5.0,1.0,0.0,138.0,A,A
hibernate-core/src/main/java/org/hibernate/query/results/complete/CompleteResultBuilderCollection.java,0.0,0.0,0.0,0.0,0.0,0.0,0.0,14.0,A,A
hibernate-core/src/main/java/org/hibernate/query/results/complete/CompleteResultBuilderCollectionStandard.java,23.0,9.0,0.0,2.0,6.0,2.0,0.0,206.0,A,A
hibernate-core/src/main/java/org/hibernate/query/results/complete/CompleteResultBuilderEntityJpa.java,22.0,10.0,0.0,3.0,12.0,3.0,0.0,171.0,A,A
hibernate-core/src/main/java/org/hibernate/query/results/complete/CompleteResultBuilderEntityStandard.java,29.0,7.0,0.0,1.0,2.0,1.0,0.0,205.0,A,A
hibernate-core/src/main/java/org/hibernate/query/results/complete/CompleteResultBuilderEntityValued.java,0.0,0.0,0.0,0.0,0.0,0.0,0.0,20.0,A,A
hibernate-core/src/main/java/org/hibernate/query/results/complete/CompleteResultBuilderInstantiation.java,11.0,5.0,0.0,0.0,0.0,0.0,0.0,104.0,A,A
hibernate-core/src/main/java/org/hibernate/mapping/Component.java,171.0,131.0,0.0,9.0,60.0,9.0,0.0,842.0,A,A
hibernate-testing/src/main/java/org/hibernate/testing/orm/domain/gambit/Component.java,20.0,0.0,0.0,0.0,0.0,0.0,0.0,130.0,A,A
hibernate-core/src/main/java/org/hibernate/type/descriptor/java/ComponentArrayComparator.java,4.0,3.0,0.0,0.0,0.0,0.0,0.0,36.0,A,A
hibernate-envers/src/main/java/org/hibernate/envers/configuration/internal/metadata/reader/ComponentAuditedPropertiesReader.java,22.0,53.0,0.0,1.0,43.0,1.0,0.0,133.0,A,A
hibernate-envers/src/main/java/org/hibernate/envers/configuration/internal/metadata/reader/ComponentAuditingData.java,8.0,0.0,0.0,0.0,0.0,0.0,0.0,61.0,A,A
hibernate-envers/src/main/java/org/hibernate/envers/internal/entities/ComponentDescription.java,8.0,0.0,0.0,0.0,0.0,0.0,0.0,67.0,A,A
hibernate-envers/src/main/java/org/hibernate/envers/configuration/internal/metadata/ComponentMetadataGenerator.java,12.0,15.0,0.0,0.0,0.0,0.0,0.0,140.0,A,A
hibernate-core/src/main/java/org/hibernate/boot/model/internal/ComponentPropertyHolder.java,58.0,45.0,0.0,7.0,60.0,7.0,0.0,391.0,A,A
hibernate-envers/src/main/java/org/hibernate/envers/internal/entities/mapper/ComponentPropertyMapper.java,38.0,56.0,0.0,4.0,33.0,4.0,0.0,286.0,A,A
hibernate-core/src/main/java/org/hibernate/type/ComponentType.java,154.0,133.0,0.0,6.0,45.0,6.0,0.0,809.0,A,A
hibernate-core/src/main/java/org/hibernate/persister/collection/CompositeElementPropertyMapping.java,3.0,0.0,0.0,1.0,10.0,1.0,0.0,51.0,A,A
hibernate-core/src/main/java/org/hibernate/tuple/entity/CompositeGeneratorBuilder.java,33.0,42.0,0.0,1.0,10.0,1.0,0.0,204.0,A,A
hibernate-envers/src/main/java/org/hibernate/envers/boot/model/CompositeIdentifier.java,3.0,1.0,0.0,0.0,0.0,0.0,0.0,37.0,A,A
hibernate-core/src/main/java/org/hibernate/metamodel/mapping/CompositeIdentifierMapping.java,2.0,0.0,0.0,0.0,0.0,0.0,0.0,44.0,A,A
hibernate-core/src/main/java/org/hibernate/boot/model/source/internal/hbm/CompositeIdentifierSingularAttributeSourceBasicImpl.java,29.0,0.0,0.0,0.0,0.0,0.0,0.0,208.0,A,A
hibernate-core/src/main/java/org/hibernate/boot/model/source/internal/hbm/CompositeIdentifierSingularAttributeSourceManyToOneImpl.java,39.0,4.0,0.0,1.0,20.0,1.0,0.0,268.0,A,A
hibernate-core/src/main/java/org/hibernate/boot/model/source/spi/CompositeIdentifierSource.java,0.0,0.0,0.0,0.0,0.0,0.0,0.0,29.0,A,A
hibernate-envers/src/main/java/org/hibernate/envers/internal/entities/mapper/CompositeMapperBuilder.java,0.0,0.0,0.0,0.0,0.0,0.0,0.0,26.0,A,A
hibernate-core/src/main/java/org/hibernate/id/CompositeNestedGeneratedValueGenerator.java,12.0,11.0,0.0,1.0,30.0,1.0,0.0,170.0,A,A
hibernate-core/src/main/java/org/hibernate/engine/spi/CompositeOwner.java,1.0,0.0,0.0,0.0,0.0,0.0,0.0,24.0,A,A
hibernate-core/src/main/java/org/hibernate/bytecode/enhance/internal/tracker/CompositeOwnerTracker.java,10.0,9.0,0.0,0.0,0.0,0.0,0.0,67.0,A,A
hibernate-core/src/main/java/org/hibernate/metamodel/model/domain/internal/CompositeSqmPathSource.java,0.0,0.0,0.0,0.0,0.0,0.0,0.0,16.0,A,A
hibernate-core/src/main/java/org/hibernate/engine/spi/CompositeTracker.java,1.0,0.0,0.0,0.0,0.0,0.0,0.0,24.0,A,A
hibernate-core/src/main/java/org/hibernate/annotations/CompositeType.java,0.0,0.0,0.0,0.0,0.0,0.0,0.0,43.0,A,A
hibernate-core/src/main/java/org/hibernate/type/CompositeType.java,4.0,3.0,0.0,0.0,0.0,0.0,0.0,186.0,A,A
hibernate-core/src/main/java/org/hibernate/type/spi/CompositeTypeImplementor.java,0.0,0.0,0.0,0.0,0.0,0.0,0.0,20.0,A,A
hibernate-core/src/main/java/org/hibernate/annotations/CompositeTypeRegistration.java,0.0,0.0,0.0,0.0,0.0,0.0,0.0,46.0,A,A
hibernate-core/src/main/java/org/hibernate/annotations/CompositeTypeRegistrations.java,0.0,0.0,0.0,0.0,0.0,0.0,0.0,27.0,A,A
hibernate-core/src/main/java/org/hibernate/usertype/CompositeUserType.java,2.0,0.0,0.0,0.0,0.0,0.0,0.0,246.0,A,A
hibernate-core/src/main/java/org/hibernate/type/internal/CompositeUserTypeJavaTypeWrapper.java,24.0,12.0,0.0,3.0,15.0,3.0,0.0,153.0,A,A
hibernate-core/src/main/java/org/hibernate/tuple/entity/CompositeValueGenerationException.java,1.0,0.0,0.0,0.0,0.0,0.0,0.0,18.0,A,A
hibernate-core/src/main/java/org/hibernate/loader/ast/internal/CompoundNaturalIdLoader.java,7.0,6.0,0.0,0.0,0.0,0.0,0.0,104.0,A,A
hibernate-core/src/main/java/org/hibernate/metamodel/mapping/internal/CompoundNaturalIdMapping.java,110.0,66.0,0.0,17.0,74.0,17.0,0.0,743.0,A,A
hibernate-core/src/main/java/org/hibernate/dialect/function/ConcatPipeFunction.java,6.0,3.0,0.0,0.0,0.0,0.0,0.0,78.0,A,A
hibernate-core/src/main/java/org/hibernate/query/sqm/internal/ConcreteSqmSelectQueryPlan.java,56.0,47.0,1.0,5.0,23.0,6.0,0.0,530.0,B,A
hibernate-core/src/main/java/org/hibernate/internal/util/collections/ConcurrentReferenceHashMap.java,255.0,233.0,3.0,27.0,284.0,30.0,0.0,1921.0,B,A
hibernate-core/src/main/java/org/hibernate/internal/util/ConfigHelper.java,23.0,20.0,0.0,1.0,10.0,1.0,0.0,166.0,A,A
hibernate-core/src/main/java/org/hibernate/boot/cfgxml/internal/ConfigLoader.java,9.0,11.0,0.0,5.0,83.0,5.0,0.0,178.0,A,A
hibernate-core/src/main/java/org/hibernate/boot/jaxb/hbm/spi/ConfigParameterContainer.java,0.0,0.0,0.0,0.0,0.0,0.0,0.0,17.0,A,A
hibernate-envers/src/main/java/org/hibernate/envers/boot/model/ConfigParameterContainer.java,0.0,0.0,0.0,0.0,0.0,0.0,0.0,32.0,A,A
hibernate-core/src/main/java/org/hibernate/boot/model/source/internal/hbm/ConfigParameterHelper.java,6.0,2.0,0.0,0.0,0.0,0.0,0.0,51.0,A,A
hibernate-jcache/src/main/java/org/hibernate/cache/jcache/ConfigSettings.java,0.0,0.0,0.0,1.0,10.0,1.0,0.0,48.0,A,A
hibernate-core/src/main/java/org/hibernate/id/Configurable.java,0.0,0.0,0.0,0.0,0.0,0.0,0.0,33.0,A,A
hibernate-core/src/main/java/org/hibernate/service/spi/Configurable.java,0.0,0.0,0.0,0.0,0.0,0.0,0.0,23.0,A,A
hibernate-core/src/main/java/org/hibernate/cfg/Configuration.java,109.0,40.0,0.0,8.0,40.0,8.0,0.0,1146.0,A,A
hibernate-envers/src/main/java/org/hibernate/envers/configuration/Configuration.java,56.0,9.0,1.0,5.0,2.0,6.0,0.0,450.0,D,A
hibernate-core/src/main/java/org/hibernate/internal/util/config/ConfigurationException.java,2.0,0.0,0.0,1.0,0.0,1.0,0.0,24.0,A,A
hibernate-core/src/main/java/org/hibernate/jpa/internal/util/ConfigurationHelper.java,21.0,17.0,0.0,3.0,15.0,3.0,0.0,103.0,A,A
hibernate-core/src/main/java/org/hibernate/internal/util/config/ConfigurationHelper.java,88.0,90.0,0.0,34.0,235.0,34.0,0.0,613.0,A,A
hibernate-core/src/main/java/org/hibernate/engine/config/spi/ConfigurationService.java,0.0,0.0,0.0,0.0,0.0,0.0,0.0,88.0,A,A
hibernate-core/src/main/java/org/hibernate/engine/config/internal/ConfigurationServiceImpl.java,13.0,11.0,0.0,1.0,15.0,1.0,0.0,119.0,A,A
hibernate-core/src/main/java/org/hibernate/engine/config/internal/ConfigurationServiceInitiator.java,2.0,0.0,0.0,1.0,0.0,1.0,0.0,36.0,A,A
hibernate-core/src/main/java/org/hibernate/boot/xsd/ConfigXsdSupport.java,23.0,8.0,0.0,0.0,0.0,0.0,0.0,186.0,A,A
hibernate-core/src/main/java/org/hibernate/internal/log/ConnectionAccessLogger.java,0.0,0.0,0.0,0.0,0.0,0.0,0.0,49.0,A,A
hibernate-core/src/main/java/org/hibernate/ConnectionAcquisitionMode.java,7.0,5.0,0.0,0.0,0.0,0.0,0.0,59.0,A,A
hibernate-core/src/main/java/org/hibernate/engine/jdbc/connections/internal/ConnectionCreator.java,0.0,0.0,0.0,0.0,0.0,0.0,0.0,31.0,A,A
hibernate-core/src/main/java/org/hibernate/engine/jdbc/connections/internal/ConnectionCreatorFactory.java,0.0,0.0,0.0,1.0,20.0,1.0,0.0,33.0,A,A
hibernate-core/src/main/java/org/hibernate/engine/jdbc/connections/internal/ConnectionCreatorFactoryImpl.java,3.0,2.0,0.0,0.0,0.0,0.0,0.0,60.0,A,A
tooling/hibernate-ant/src/main/java/org/hibernate/tool/hbm2ddl/ConnectionHelper.java,0.0,0.0,0.0,1.0,10.0,1.0,0.0,46.0,A,A
hibernate-testing/src/main/java/org/hibernate/testing/jdbc/leak/ConnectionLeakException.java,5.0,0.0,0.0,0.0,0.0,0.0,0.0,36.0,A,A
hibernate-testing/src/main/java/org/hibernate/testing/jdbc/leak/ConnectionLeakUtil.java,9.0,9.0,0.0,1.0,5.0,1.0,0.0,92.0,A,A
hibernate-core/src/main/java/org/hibernate/engine/jdbc/spi/ConnectionObserver.java,0.0,0.0,0.0,0.0,0.0,0.0,0.0,38.0,A,A
hibernate-core/src/main/java/org/hibernate/engine/jdbc/spi/ConnectionObserverAdapter.java,4.0,0.0,0.0,4.0,20.0,4.0,0.0,33.0,A,A
hibernate-core/src/main/java/org/hibernate/internal/ConnectionObserverStatsBridge.java,7.0,2.0,0.0,2.0,10.0,2.0,0.0,50.0,A,A
hibernate-core/src/main/java/org/hibernate/internal/log/ConnectionPoolingLogger.java,0.0,0.0,0.0,0.0,0.0,0.0,0.0,97.0,A,A
hibernate-core/src/main/java/org/hibernate/engine/jdbc/connections/spi/ConnectionProvider.java,0.0,0.0,0.0,0.0,0.0,0.0,0.0,73.0,A,A
hibernate-testing/src/main/java/org/hibernate/testing/env/ConnectionProviderBuilder.java,24.0,10.0,0.0,6.0,46.0,6.0,0.0,225.0,A,A
hibernate-testing/src/main/java/org/hibernate/testing/jdbc/ConnectionProviderDelegate.java,19.0,9.0,0.0,0.0,0.0,0.0,0.0,125.0,A,A
hibernate-core/src/main/java/org/hibernate/engine/jdbc/connections/internal/ConnectionProviderInitiator.java,77.0,101.0,0.0,11.0,104.0,11.0,0.0,535.0,A,A
hibernate-core/src/main/java/org/hibernate/ConnectionReleaseMode.java,6.0,4.0,0.0,0.0,0.0,0.0,0.0,94.0,A,A
hibernate-core/src/main/java/org/hibernate/engine/jdbc/connections/internal/ConnectionValidator.java,1.0,0.0,0.0,0.0,0.0,0.0,0.0,29.0,A,A
tooling/metamodel-generator/src/main/java/org/hibernate/jpamodelgen/util/Constants.java,1.0,0.0,0.0,1.0,0.0,1.0,0.0,138.0,A,A
hibernate-core/src/main/java/org/hibernate/mapping/Constraint.java,21.0,9.0,0.0,2.0,12.0,2.0,0.0,178.0,A,A
hibernate-core/src/main/java/org/hibernate/boot/jaxb/mapping/marshall/ConstraintModeMarshalling.java,4.0,2.0,0.0,1.0,5.0,1.0,0.0,25.0,A,A
hibernate-core/src/main/java/org/hibernate/exception/ConstraintViolationException.java,3.0,0.0,0.0,0.0,0.0,0.0,0.0,43.0,A,A
hibernate-testing/src/main/java/org/hibernate/testing/orm/domain/contacts/Contact.java,22.0,0.0,0.0,0.0,0.0,0.0,0.0,157.0,A,A
hibernate-testing/src/main/java/org/hibernate/testing/orm/domain/contacts/ContactsDomainModel.java,2.0,0.0,0.0,3.0,32.0,3.0,0.0,31.0,A,A
hibernate-core/src/main/java/org/hibernate/resource/beans/container/spi/ContainedBean.java,0.0,0.0,0.0,1.0,0.0,1.0,0.0,19.0,A,A
hibernate-core/src/main/java/org/hibernate/resource/beans/container/spi/ContainedBeanImplementor.java,0.0,0.0,0.0,0.0,0.0,0.0,0.0,27.0,A,A
hibernate-core/src/main/java/org/hibernate/resource/beans/container/internal/ContainerManagedLifecycleStrategy.java,17.0,11.0,0.0,3.0,2.0,3.0,0.0,215.0,A,A
tooling/metamodel-generator/src/main/java/org/hibernate/jpamodelgen/Context.java,58.0,16.0,0.0,0.0,0.0,0.0,0.0,324.0,A,A
tooling/metamodel-generator/src/main/java/org/hibernate/jpamodelgen/util/xml/ContextProvidingValidationEventHandler.java,4.0,0.0,0.0,0.0,0.0,0.0,0.0,44.0,A,A
hibernate-core/src/main/java/org/hibernate/boot/jaxb/internal/ContextProvidingValidationEventHandler.java,4.0,0.0,0.0,0.0,0.0,0.0,0.0,44.0,A,A
hibernate-core/src/main/java/org/hibernate/internal/ContextualJdbcConnectionAccess.java,6.0,2.0,0.0,1.0,30.0,1.0,0.0,87.0,A,A
hibernate-core/src/main/java/org/hibernate/mapping/Contributable.java,0.0,0.0,0.0,0.0,0.0,0.0,0.0,26.0,A,A
hibernate-core/src/main/java/org/hibernate/boot/model/relational/ContributableDatabaseObject.java,0.0,0.0,0.0,0.0,0.0,0.0,0.0,18.0,A,A
hibernate-core/src/main/java/org/hibernate/tool/schema/spi/ContributableMatcher.java,2.0,0.0,0.0,0.0,0.0,0.0,0.0,31.0,A,A
hibernate-spatial/src/main/java/org/hibernate/spatial/contributor/ContributorImplementor.java,1.0,0.0,0.0,0.0,0.0,0.0,0.0,49.0,A,A
hibernate-spatial/src/main/java/org/hibernate/spatial/contributor/ContributorResolver.java,5.0,4.0,0.0,1.0,2.0,1.0,0.0,69.0,A,A
hibernate-core/src/main/java/org/hibernate/query/sqm/tree/expression/Conversion.java,7.0,0.0,0.0,0.0,0.0,0.0,0.0,92.0,A,A
hibernate-core/src/main/java/org/hibernate/exception/spi/ConversionContext.java,0.0,0.0,0.0,0.0,0.0,0.0,0.0,15.0,A,A
hibernate-core/src/main/java/org/hibernate/query/sqm/sql/ConversionException.java,2.0,0.0,0.0,0.0,0.0,0.0,0.0,25.0,A,A
hibernate-core/src/main/java/org/hibernate/type/ConvertedBasicArrayType.java,15.0,2.0,0.0,2.0,0.0,2.0,0.0,118.0,A,A
hibernate-core/src/main/java/org/hibernate/type/ConvertedBasicCollectionType.java,11.0,2.0,0.0,0.0,0.0,0.0,0.0,84.0,A,A
hibernate-core/src/main/java/org/hibernate/type/ConvertedBasicType.java,0.0,0.0,0.0,0.0,0.0,0.0,0.0,18.0,A,A
hibernate-core/src/main/java/org/hibernate/type/internal/ConvertedBasicTypeImpl.java,71.0,23.0,0.0,6.0,30.0,6.0,0.0,421.0,A,A
hibernate-core/src/main/java/org/hibernate/boot/model/convert/spi/ConverterAutoApplyHandler.java,0.0,0.0,0.0,0.0,0.0,0.0,0.0,52.0,A,A
hibernate-core/src/main/java/org/hibernate/boot/model/convert/spi/ConverterDescriptor.java,1.0,0.0,0.0,0.0,0.0,0.0,0.0,56.0,A,A
hibernate-core/src/main/java/org/hibernate/boot/model/convert/internal/ConverterHelper.java,21.0,24.0,0.0,1.0,5.0,1.0,0.0,162.0,A,A
hibernate-core/src/main/java/org/hibernate/annotations/ConverterRegistration.java,0.0,0.0,0.0,0.0,0.0,0.0,0.0,60.0,A,A
hibernate-core/src/main/java/org/hibernate/annotations/ConverterRegistrations.java,0.0,0.0,0.0,0.0,0.0,0.0,0.0,25.0,A,A
hibernate-core/src/main/java/org/hibernate/boot/model/convert/spi/ConverterRegistry.java,0.0,0.0,0.0,0.0,0.0,0.0,0.0,41.0,A,A
hibernate-core/src/main/java/org/hibernate/internal/CoordinatingEntityNameResolver.java,7.0,7.0,0.0,0.0,0.0,0.0,0.0,52.0,A,A
hibernate-core/src/main/java/org/hibernate/boot/model/internal/CopyIdentifierComponentSecondPass.java,27.0,38.0,0.0,8.0,22.0,8.0,0.0,262.0,A,A
hibernate-core/src/main/java/org/hibernate/internal/CoreLogging.java,5.0,0.0,0.0,2.0,10.0,2.0,0.0,40.0,A,A
hibernate-core/src/main/java/org/hibernate/internal/CoreMessageLogger.java,0.0,0.0,0.0,18.0,150.0,18.0,0.0,1870.0,A,A
hibernate-core/src/main/java/org/hibernate/sql/ast/tree/from/CorrelatedPluralTableGroup.java,24.0,18.0,0.0,2.0,4.0,2.0,0.0,136.0,A,A
hibernate-core/src/main/java/org/hibernate/sql/ast/tree/from/CorrelatedTableGroup.java,27.0,17.0,0.0,5.0,30.0,5.0,0.0,184.0,A,A
hibernate-core/src/main/java/org/hibernate/dialect/function/CountFunction.java,66.0,110.0,0.0,4.0,82.0,4.0,0.0,523.0,A,A
hibernate-core/src/main/java/org/hibernate/boot/model/internal/CreateKeySecondPass.java,5.0,3.0,0.0,0.0,0.0,0.0,0.0,44.0,A,A
hibernate-core/src/main/java/org/hibernate/dialect/unique/CreateTableUniqueDelegate.java,17.0,15.0,0.0,1.0,5.0,1.0,0.0,100.0,A,A
hibernate-core/src/main/java/org/hibernate/annotations/CreationTimestamp.java,0.0,0.0,0.0,0.0,0.0,0.0,0.0,41.0,A,A
hibernate-core/src/main/java/org/hibernate/tuple/CreationTimestampGeneration.java,7.0,1.0,0.0,1.0,10.0,1.0,0.0,60.0,A,A
hibernate-testing/src/main/java/org/hibernate/testing/orm/domain/userguide/CreditCardPayment.java,2.0,0.0,0.0,0.0,0.0,0.0,0.0,28.0,A,A
hibernate-core/src/main/java/org/hibernate/query/criteria/spi/CriteriaBuilderExtension.java,0.0,0.0,0.0,0.0,0.0,0.0,0.0,24.0,A,A
hibernate-core/src/main/java/org/hibernate/query/criteria/CriteriaDefinition.java,63.0,1.0,0.0,12.0,24.0,12.0,0.0,409.0,A,A
tooling/metamodel-generator/src/main/java/org/hibernate/jpamodelgen/annotation/CriteriaFinderMethod.java,40.0,39.0,0.0,3.0,27.0,3.0,0.0,211.0,A,A
hibernate-envers/src/main/java/org/hibernate/envers/query/criteria/internal/CriteriaTools.java,22.0,21.0,0.0,1.0,5.0,1.0,0.0,188.0,A,A
hibernate-envers/src/main/java/org/hibernate/envers/CrossTypeRevisionChangesReader.java,0.0,0.0,0.0,1.0,5.0,1.0,0.0,83.0,A,A
hibernate-envers/src/main/java/org/hibernate/envers/internal/reader/CrossTypeRevisionChangesReaderImpl.java,14.0,12.0,0.0,8.0,37.0,8.0,0.0,145.0,A,A
hibernate-core/src/main/java/org/hibernate/sql/ast/tree/cte/CteColumn.java,3.0,0.0,0.0,0.0,0.0,0.0,0.0,33.0,A,A
hibernate-core/src/main/java/org/hibernate/sql/ast/tree/cte/CteContainer.java,0.0,0.0,0.0,0.0,0.0,0.0,0.0,35.0,A,A
hibernate-core/src/main/java/org/hibernate/query/sqm/mutation/internal/cte/CteDeleteHandler.java,15.0,11.0,0.0,1.0,5.0,1.0,0.0,209.0,A,A
hibernate-core/src/main/java/org/hibernate/query/sqm/mutation/internal/cte/CteInsertHandler.java,68.0,92.0,0.0,14.0,144.0,14.0,0.0,1065.0,A,A
hibernate-core/src/main/java/org/hibernate/query/sqm/mutation/internal/cte/CteInsertStrategy.java,10.0,6.0,0.0,0.0,0.0,0.0,0.0,170.0,A,A
hibernate-core/src/main/java/org/hibernate/sql/ast/tree/cte/CteMaterialization.java,0.0,0.0,0.0,0.0,0.0,0.0,0.0,29.0,A,A
hibernate-core/src/main/java/org/hibernate/query/sqm/mutation/internal/cte/CteMutationStrategy.java,13.0,6.0,0.0,0.0,0.0,0.0,0.0,160.0,A,A
hibernate-core/src/main/java/org/hibernate/sql/ast/tree/cte/CteObject.java,0.0,0.0,0.0,0.0,0.0,0.0,0.0,19.0,A,A
hibernate-core/src/main/java/org/hibernate/sql/ast/tree/cte/CteSearchClauseKind.java,0.0,0.0,0.0,0.0,0.0,0.0,0.0,24.0,A,A
hibernate-core/src/main/java/org/hibernate/query/sqm/mutation/internal/cte/CteSoftDeleteHandler.java,3.0,0.0,0.0,0.0,0.0,0.0,0.0,95.0,A,A
hibernate-core/src/main/java/org/hibernate/sql/ast/tree/cte/CteStatement.java,16.0,0.0,0.0,1.0,20.0,1.0,0.0,129.0,A,A
hibernate-core/src/main/java/org/hibernate/sql/ast/tree/cte/CteTable.java,39.0,47.0,0.0,1.0,8.0,1.0,0.0,238.0,A,A
hibernate-core/src/main/java/org/hibernate/sql/ast/tree/cte/CteTableGroup.java,12.0,7.0,0.0,0.0,0.0,0.0,0.0,111.0,A,A
hibernate-core/src/main/java/org/hibernate/query/derived/CteTupleTableGroupProducer.java,14.0,9.0,0.0,1.0,5.0,1.0,0.0,109.0,A,A
hibernate-core/src/main/java/org/hibernate/query/sqm/mutation/internal/cte/CteUpdateHandler.java,32.0,32.0,0.0,5.0,46.0,5.0,0.0,360.0,A,A
hibernate-community-dialects/src/main/java/org/hibernate/community/dialect/CUBRIDDialect.java,65.0,9.0,0.0,4.0,15.0,4.0,0.0,521.0,A,A
hibernate-community-dialects/src/main/java/org/hibernate/community/dialect/identity/CUBRIDIdentityColumnSupport.java,4.0,0.0,0.0,1.0,0.0,1.0,0.0,39.0,A,A
hibernate-community-dialects/src/main/java/org/hibernate/community/dialect/sequence/CUBRIDSequenceSupport.java,5.0,0.0,0.0,2.0,0.0,2.0,0.0,47.0,A,A
hibernate-community-dialects/src/main/java/org/hibernate/community/dialect/CUBRIDSqlAstTranslator.java,12.0,3.0,0.0,2.0,0.0,2.0,0.0,96.0,A,A
hibernate-core/src/main/java/org/hibernate/type/descriptor/java/CurrencyJavaType.java,12.0,6.0,0.0,0.0,0.0,0.0,0.0,70.0,A,A
hibernate-core/src/main/java/org/hibernate/dialect/function/CurrentFunction.java,4.0,0.0,0.0,0.0,0.0,0.0,0.0,60.0,A,A
hibernate-core/src/main/java/org/hibernate/context/spi/CurrentSessionContext.java,0.0,0.0,0.0,0.0,0.0,0.0,0.0,64.0,A,A
hibernate-core/src/main/java/org/hibernate/context/spi/CurrentTenantIdentifierResolver.java,1.0,0.0,0.0,0.0,0.0,0.0,0.0,54.0,A,A
hibernate-core/src/main/java/org/hibernate/annotations/CurrentTimestamp.java,0.0,0.0,0.0,1.0,10.0,1.0,0.0,96.0,A,A
hibernate-core/src/main/java/org/hibernate/generator/internal/CurrentTimestampGeneration.java,50.0,14.0,0.0,0.0,0.0,0.0,0.0,302.0,A,A
hibernate-core/src/main/java/org/hibernate/type/CustomCollectionType.java,13.0,2.0,0.0,0.0,0.0,0.0,0.0,106.0,A,A
hibernate-core/src/main/java/org/hibernate/collection/internal/CustomCollectionTypeSemantics.java,10.0,0.0,0.0,1.0,10.0,1.0,0.0,109.0,A,A
hibernate-testing/src/main/java/org/hibernate/testing/bytecode/enhancement/CustomEnhancementContext.java,0.0,0.0,0.0,0.0,0.0,0.0,0.0,28.0,A,A
hibernate-core/src/main/java/org/hibernate/CustomEntityDirtinessStrategy.java,0.0,0.0,0.0,0.0,0.0,0.0,0.0,162.0,A,A
hibernate-testing/src/main/java/org/hibernate/testing/orm/domain/userguide/tooling/Customer.java,2.0,0.0,0.0,0.0,0.0,0.0,0.0,40.0,A,A
hibernate-core/src/main/java/org/hibernate/id/factory/spi/CustomIdGeneratorCreationContext.java,0.0,0.0,0.0,0.0,0.0,0.0,0.0,19.0,A,A
hibernate-core/src/main/java/org/hibernate/type/internal/CustomMutabilityConvertedBasicTypeImpl.java,3.0,0.0,0.0,0.0,0.0,0.0,0.0,44.0,A,A
hibernate-core/src/main/java/org/hibernate/id/enhanced/CustomOptimizerDescriptor.java,4.0,0.0,0.0,0.0,0.0,0.0,0.0,35.0,A,A
hibernate-testing/src/main/java/org/hibernate/testing/junit4/CustomParameterized.java,55.0,71.0,0.0,18.0,190.0,18.0,0.0,335.0,A,A
hibernate-testing/src/main/java/org/hibernate/testing/junit4/CustomRunner.java,109.0,180.0,0.0,13.0,254.0,13.0,0.0,588.0,A,A
hibernate-core/src/main/java/org/hibernate/boot/model/CustomSql.java,4.0,0.0,0.0,0.0,0.0,0.0,0.0,40.0,A,A
hibernate-core/src/main/java/org/hibernate/sql/model/ast/CustomSqlMutation.java,0.0,0.0,0.0,0.0,0.0,0.0,0.0,25.0,A,A
hibernate-core/src/main/java/org/hibernate/type/CustomType.java,66.0,40.0,0.0,1.0,8.0,1.0,0.0,431.0,A,A
hibernate-core/src/main/java/org/hibernate/id/uuid/CustomVersionOneStrategy.java,9.0,3.0,0.0,14.0,150.0,14.0,0.0,118.0,A,A
tooling/metamodel-generator/src/main/java/org/hibernate/jpamodelgen/annotation/DaoConstructor.java,13.0,2.0,0.0,0.0,0.0,0.0,0.0,125.0,A,A
hibernate-core/src/main/java/org/hibernate/dialect/Database.java,62.0,0.0,0.0,3.0,15.0,3.0,0.0,341.0,A,A
hibernate-core/src/main/java/org/hibernate/boot/model/relational/Database.java,26.0,5.0,0.0,0.0,0.0,0.0,0.0,179.0,A,A
hibernate-testing/src/main/java/org/hibernate/testing/cleaner/DatabaseCleaner.java,4.0,2.0,0.0,0.0,0.0,0.0,0.0,43.0,A,A
hibernate-testing/src/main/java/org/hibernate/testing/cleaner/DatabaseCleanerContext.java,4.0,5.0,0.0,0.0,0.0,0.0,0.0,42.0,A,A
tooling/hibernate-ant/src/main/java/org/hibernate/tool/hbm2ddl/DatabaseExporter.java,5.0,2.0,0.0,1.0,10.0,1.0,0.0,74.0,A,A
hibernate-core/src/main/java/org/hibernate/boot/model/naming/DatabaseIdentifier.java,4.0,3.0,0.0,0.0,0.0,0.0,0.0,42.0,A,A
hibernate-core/src/main/java/org/hibernate/tool/schema/extract/spi/DatabaseInformation.java,0.0,0.0,0.0,0.0,0.0,0.0,0.0,116.0,A,A
hibernate-core/src/main/java/org/hibernate/tool/schema/extract/internal/DatabaseInformationImpl.java,18.0,4.0,0.0,0.0,0.0,0.0,0.0,164.0,A,A
hibernate-core/src/main/java/org/hibernate/engine/jdbc/dialect/spi/DatabaseMetaDataDialectResolutionInfoAdapter.java,13.0,7.0,0.0,0.0,0.0,0.0,0.0,111.0,A,A
local-build-plugins/src/main/java/org/hibernate/orm/db/DatabaseService.java,0.0,0.0,0.0,1.0,5.0,1.0,0.0,15.0,A,A
local-build-plugins/src/main/java/org/hibernate/orm/db/DatabaseServicePlugin.java,3.0,0.0,0.0,0.0,0.0,0.0,0.0,38.0,A,A
hibernate-core/src/main/java/org/hibernate/sql/results/graph/DatabaseSnapshotContributor.java,1.0,0.0,0.0,0.0,0.0,0.0,0.0,33.0,A,A
hibernate-core/src/main/java/org/hibernate/loader/ast/internal/DatabaseSnapshotExecutor.java,10.0,8.0,0.0,1.0,30.0,1.0,0.0,205.0,A,A
hibernate-core/src/main/java/org/hibernate/id/enhanced/DatabaseStructure.java,4.0,0.0,0.0,2.0,20.0,2.0,0.0,119.0,A,A
hibernate-core/src/main/java/org/hibernate/dialect/DatabaseVersion.java,47.0,17.0,0.0,0.0,0.0,0.0,0.0,269.0,A,A
hibernate-core/src/main/java/org/hibernate/exception/DataException.java,2.0,0.0,0.0,0.0,0.0,0.0,0.0,40.0,A,A
hibernate-core/src/main/java/org/hibernate/type/descriptor/java/DataHelper.java,31.0,36.0,0.0,4.0,93.0,4.0,0.0,302.0,A,A
hibernate-core/src/main/java/org/hibernate/engine/jdbc/connections/spi/DataSourceBasedMultiTenantConnectionProviderImpl.java,14.0,11.0,0.0,0.0,0.0,0.0,0.0,123.0,A,A
hibernate-core/src/main/java/org/hibernate/engine/jdbc/connections/internal/DatasourceConnectionProviderImpl.java,23.0,19.0,0.0,1.0,5.0,1.0,0.0,135.0,A,A
hibernate-testing/src/main/java/org/hibernate/testing/jdbc/DataSourceStub.java,12.0,0.0,0.0,1.0,5.0,1.0,0.0,90.0,A,A
hibernate-core/src/main/java/org/hibernate/type/descriptor/java/DateJavaType.java,37.0,22.0,0.0,1.0,0.0,1.0,0.0,199.0,A,A
hibernate-core/src/main/java/org/hibernate/type/descriptor/jdbc/DateJdbcType.java,16.0,6.0,0.0,3.0,7.0,3.0,0.0,118.0,A,A
hibernate-envers/src/main/java/org/hibernate/envers/DateTimeFormatter.java,1.0,0.0,0.0,3.0,32.0,3.0,0.0,28.0,A,A
hibernate-core/src/main/java/org/hibernate/type/descriptor/DateTimeUtils.java,52.0,24.0,5.0,4.0,35.0,9.0,0.0,497.0,C,A
hibernate-core/src/main/java/org/hibernate/dialect/function/DateTruncEmulation.java,10.0,3.0,0.0,0.0,0.0,0.0,0.0,157.0,A,A
hibernate-community-dialects/src/main/java/org/hibernate/community/dialect/DB2390Dialect.java,10.0,2.0,0.0,1.0,10.0,1.0,0.0,71.0,A,A
hibernate-core/src/main/java/org/hibernate/dialect/identity/DB2390IdentityColumnSupport.java,0.0,0.0,0.0,1.0,10.0,1.0,0.0,16.0,A,A
hibernate-community-dialects/src/main/java/org/hibernate/community/dialect/DB2390V8Dialect.java,1.0,0.0,0.0,1.0,10.0,1.0,0.0,24.0,A,A
hibernate-core/src/main/java/org/hibernate/dialect/DB2400Dialect.java,5.0,0.0,0.0,1.0,10.0,1.0,0.0,54.0,A,A
hibernate-core/src/main/java/org/hibernate/dialect/DB2400V7R3Dialect.java,5.0,0.0,0.0,1.0,10.0,1.0,0.0,56.0,A,A
hibernate-community-dialects/src/main/java/org/hibernate/community/dialect/DB297Dialect.java,1.0,0.0,0.0,1.0,10.0,1.0,0.0,25.0,A,A
hibernate-core/src/main/java/org/hibernate/dialect/aggregate/DB2AggregateSupport.java,54.0,47.0,0.0,7.0,40.0,7.0,0.0,477.0,A,A
hibernate-core/src/main/java/org/hibernate/procedure/internal/DB2CallableStatementSupport.java,10.0,21.0,0.0,2.0,11.0,2.0,0.0,114.0,A,A
hibernate-testing/src/main/java/org/hibernate/testing/cleaner/DB2DatabaseCleaner.java,39.0,59.0,0.0,18.0,232.0,18.0,0.0,418.0,A,A
hibernate-core/src/main/java/org/hibernate/dialect/DB2Dialect.java,188.0,89.0,0.0,12.0,117.0,12.0,0.0,1184.0,A,A
hibernate-core/src/main/java/org/hibernate/dialect/function/DB2FormatEmulation.java,3.0,2.0,0.0,0.0,0.0,0.0,0.0,61.0,A,A
hibernate-spatial/src/main/java/org/hibernate/spatial/dialect/db2/DB2GeometryType.java,14.0,2.0,0.0,1.0,2.0,1.0,0.0,117.0,A,A
hibernate-core/src/main/java/org/hibernate/dialect/identity/DB2IdentityColumnSupport.java,6.0,0.0,0.0,2.0,0.0,2.0,0.0,46.0,A,A
hibernate-core/src/main/java/org/hibernate/dialect/DB2iDialect.java,29.0,9.0,0.0,2.0,4.0,2.0,0.0,174.0,A,A
hibernate-community-dialects/src/main/java/org/hibernate/community/dialect/DB2iLegacyDialect.java,25.0,8.0,0.0,2.0,2.0,2.0,0.0,162.0,A,A
hibernate-community-dialects/src/main/java/org/hibernate/community/dialect/DB2iLegacySqlAstTranslator.java,10.0,4.0,0.0,0.0,0.0,0.0,0.0,66.0,A,A
hibernate-core/src/main/java/org/hibernate/dialect/sequence/DB2iSequenceSupport.java,5.0,0.0,0.0,0.0,0.0,0.0,0.0,45.0,A,A
hibernate-core/src/main/java/org/hibernate/dialect/DB2iSqlAstTranslator.java,10.0,4.0,0.0,0.0,0.0,0.0,0.0,64.0,A,A
hibernate-community-dialects/src/main/java/org/hibernate/community/dialect/DB2LegacyDialect.java,169.0,64.0,0.0,3.0,24.0,3.0,0.0,1092.0,A,A
hibernate-community-dialects/src/main/java/org/hibernate/community/dialect/DB2LegacySqlAstTranslator.java,112.0,93.0,0.0,2.0,36.0,2.0,0.0,523.0,A,A
hibernate-core/src/main/java/org/hibernate/dialect/pagination/DB2LimitHandler.java,2.0,0.0,0.0,0.0,0.0,0.0,0.0,34.0,A,A
hibernate-core/src/main/java/org/hibernate/dialect/function/DB2PositionFunction.java,5.0,2.0,0.0,0.0,0.0,0.0,0.0,65.0,A,A
hibernate-core/src/main/java/org/hibernate/dialect/sequence/DB2SequenceSupport.java,4.0,0.0,0.0,0.0,0.0,0.0,0.0,40.0,A,A
hibernate-spatial/src/main/java/org/hibernate/spatial/dialect/db2/DB2SpatialDialect.java,0.0,0.0,0.0,0.0,0.0,0.0,0.0,19.0,A,A
hibernate-core/src/main/java/org/hibernate/dialect/DB2SqlAstTranslator.java,117.0,102.0,0.0,2.0,36.0,2.0,0.0,547.0,A,A
hibernate-core/src/main/java/org/hibernate/dialect/DB2StructJdbcType.java,22.0,5.0,0.0,0.0,0.0,0.0,0.0,179.0,A,A
hibernate-core/src/main/java/org/hibernate/dialect/function/DB2SubstringFunction.java,5.0,2.0,0.0,0.0,0.0,0.0,0.0,67.0,A,A
hibernate-core/src/main/java/org/hibernate/dialect/DB2zDialect.java,42.0,18.0,0.0,4.0,14.0,4.0,0.0,242.0,A,A
hibernate-core/src/main/java/org/hibernate/dialect/identity/DB2zIdentityColumnSupport.java,1.0,0.0,0.0,1.0,0.0,1.0,0.0,21.0,A,A
hibernate-community-dialects/src/main/java/org/hibernate/community/dialect/DB2zLegacyDialect.java,46.0,22.0,0.0,4.0,12.0,4.0,0.0,253.0,A,A
hibernate-community-dialects/src/main/java/org/hibernate/community/dialect/DB2zLegacySqlAstTranslator.java,17.0,7.0,0.0,0.0,0.0,0.0,0.0,92.0,A,A
hibernate-core/src/main/java/org/hibernate/dialect/sequence/DB2zSequenceSupport.java,5.0,0.0,0.0,0.0,0.0,0.0,0.0,47.0,A,A
hibernate-core/src/main/java/org/hibernate/dialect/DB2zSqlAstTranslator.java,11.0,3.0,0.0,0.0,0.0,0.0,0.0,85.0,A,A
hibernate-core/src/main/java/org/hibernate/engine/jdbc/internal/DDLFormatterImpl.java,31.0,46.0,0.0,4.0,23.0,4.0,0.0,152.0,A,A
hibernate-core/src/main/java/org/hibernate/resource/transaction/spi/DdlTransactionIsolator.java,0.0,0.0,0.0,0.0,0.0,0.0,0.0,49.0,A,A
hibernate-core/src/main/java/org/hibernate/resource/transaction/backend/jta/internal/DdlTransactionIsolatorJtaImpl.java,10.0,15.0,0.0,0.0,0.0,0.0,0.0,113.0,A,A
hibernate-core/src/main/java/org/hibernate/resource/transaction/backend/jdbc/internal/DdlTransactionIsolatorNonJtaImpl.java,13.0,34.0,0.0,3.0,51.0,3.0,0.0,132.0,A,A
hibernate-core/src/main/java/org/hibernate/tool/schema/internal/DdlTransactionIsolatorProvidedConnectionImpl.java,7.0,4.0,0.0,1.0,5.0,1.0,0.0,80.0,A,A
hibernate-core/src/main/java/org/hibernate/type/descriptor/sql/DdlType.java,6.0,0.0,0.0,8.0,85.0,8.0,0.0,176.0,A,A
hibernate-core/src/main/java/org/hibernate/dialect/function/array/DdlTypeHelper.java,18.0,8.0,0.0,1.0,5.0,1.0,0.0,151.0,A,A
hibernate-core/src/main/java/org/hibernate/type/descriptor/sql/internal/DdlTypeImpl.java,31.0,20.0,0.0,1.0,0.0,1.0,0.0,173.0,A,A
hibernate-core/src/main/java/org/hibernate/type/descriptor/sql/spi/DdlTypeRegistry.java,44.0,18.0,0.0,4.0,30.0,4.0,0.0,279.0,A,A
hibernate-core/src/main/java/org/hibernate/type/descriptor/jdbc/DecimalJdbcType.java,14.0,0.0,0.0,1.0,5.0,1.0,0.0,104.0,A,A
hibernate-envers/src/main/java/org/hibernate/envers/strategy/DefaultAuditStrategy.java,0.0,0.0,0.0,2.0,15.0,2.0,0.0,22.0,A,A
hibernate-envers/src/main/java/org/hibernate/envers/strategy/internal/DefaultAuditStrategy.java,8.0,3.0,0.0,0.0,0.0,0.0,0.0,155.0,A,A
hibernate-core/src/main/java/org/hibernate/event/internal/DefaultAutoFlushEventListener.java,9.0,10.0,0.0,0.0,0.0,0.0,0.0,102.0,A,A
hibernate-core/src/main/java/org/hibernate/cache/internal/DefaultCacheKeysFactory.java,17.0,8.0,0.0,1.0,0.0,1.0,0.0,130.0,A,A
hibernate-core/src/main/java/org/hibernate/cfg/DefaultComponentSafeNamingStrategy.java,14.0,9.0,0.0,1.0,10.0,1.0,0.0,87.0,A,A
hibernate-core/src/main/java/org/hibernate/boot/internal/DefaultCustomEntityDirtinessStrategy.java,4.0,0.0,0.0,3.0,10.0,3.0,0.0,43.0,A,A
hibernate-core/src/main/java/org/hibernate/event/internal/DefaultDeleteEventListener.java,69.0,72.0,0.0,7.0,42.0,7.0,0.0,548.0,A,A
hibernate-core/src/main/java/org/hibernate/boot/registry/selector/internal/DefaultDialectSelector.java,58.0,3.0,0.0,2.0,35.0,2.0,0.0,161.0,A,A
hibernate-core/src/main/java/org/hibernate/event/internal/DefaultDirtyCheckEventListener.java,2.0,2.0,0.0,0.0,0.0,0.0,0.0,51.0,A,A
hibernate-core/src/main/java/org/hibernate/metamodel/mapping/DefaultDiscriminatorConverter.java,10.0,4.0,0.0,1.0,5.0,1.0,0.0,91.0,A,A
hibernate-core/src/main/java/org/hibernate/bytecode/enhance/spi/DefaultEnhancementContext.java,18.0,3.0,0.0,0.0,0.0,0.0,0.0,144.0,A,A
hibernate-core/src/main/java/org/hibernate/event/internal/DefaultEvictEventListener.java,15.0,22.0,0.0,2.0,10.0,2.0,0.0,136.0,A,A
hibernate-core/src/main/java/org/hibernate/engine/profile/DefaultFetchProfile.java,11.0,11.0,0.0,0.0,0.0,0.0,0.0,76.0,A,A
hibernate-core/src/main/java/org/hibernate/event/internal/DefaultFlushEntityEventListener.java,111.0,110.0,0.0,3.0,5.0,3.0,0.0,704.0,A,A
hibernate-core/src/main/java/org/hibernate/event/internal/DefaultFlushEventListener.java,5.0,5.0,0.0,0.0,0.0,0.0,0.0,65.0,A,A
hibernate-core/src/main/java/org/hibernate/event/internal/DefaultInitializeCollectionEventListener.java,19.0,29.0,0.0,2.0,14.0,2.0,0.0,156.0,A,A
hibernate-core/src/main/java/org/hibernate/boot/registry/selector/internal/DefaultJtaPlatformSelector.java,34.0,25.0,0.0,0.0,0.0,0.0,0.0,154.0,A,A
hibernate-core/src/main/java/org/hibernate/event/internal/DefaultLoadEventListener.java,93.0,115.0,0.0,6.0,21.0,6.0,0.0,632.0,A,A
hibernate-core/src/main/java/org/hibernate/event/internal/DefaultLockEventListener.java,7.0,6.0,0.0,1.0,0.0,1.0,0.0,100.0,A,A
hibernate-core/src/main/java/org/hibernate/event/internal/DefaultMergeEventListener.java,79.0,92.0,0.0,10.0,33.0,10.0,0.0,678.0,A,A
hibernate-core/src/main/java/org/hibernate/cfg/DefaultNamingStrategy.java,16.0,8.0,0.0,1.0,10.0,1.0,0.0,125.0,A,A
hibernate-core/src/main/java/org/hibernate/event/internal/DefaultPersistEventListener.java,26.0,22.0,0.0,2.0,0.0,2.0,0.0,194.0,A,A
hibernate-core/src/main/java/org/hibernate/event/internal/DefaultPersistOnFlushEventListener.java,1.0,0.0,0.0,0.0,0.0,0.0,0.0,23.0,A,A
hibernate-core/src/main/java/org/hibernate/event/internal/DefaultPostLoadEventListener.java,8.0,3.0,0.0,0.0,0.0,0.0,0.0,75.0,A,A
hibernate-core/src/main/java/org/hibernate/event/internal/DefaultPreLoadEventListener.java,1.0,0.0,0.0,0.0,0.0,0.0,0.0,33.0,A,A
hibernate-core/src/main/java/org/hibernate/event/internal/DefaultRefreshEventListener.java,45.0,60.0,0.0,4.0,52.0,4.0,0.0,342.0,A,A
hibernate-core/src/main/java/org/hibernate/event/internal/DefaultReplicateEventListener.java,20.0,19.0,0.0,5.0,22.0,5.0,0.0,217.0,A,A
hibernate-core/src/main/java/org/hibernate/event/internal/DefaultResolveNaturalIdEventListener.java,12.0,8.0,0.0,0.0,0.0,0.0,0.0,137.0,A,A
hibernate-envers/src/main/java/org/hibernate/envers/DefaultRevisionEntity.java,11.0,3.0,0.0,0.0,0.0,0.0,0.0,82.0,A,A
hibernate-envers/src/main/java/org/hibernate/envers/internal/revisioninfo/DefaultRevisionInfoGenerator.java,13.0,10.0,0.0,1.0,20.0,1.0,0.0,123.0,A,A
hibernate-core/src/main/java/org/hibernate/event/internal/DefaultSaveEventListener.java,5.0,4.0,0.0,1.0,10.0,1.0,0.0,44.0,A,A
hibernate-core/src/main/java/org/hibernate/event/internal/DefaultSaveOrUpdateEventListener.java,34.0,39.0,0.0,5.0,15.0,5.0,0.0,340.0,A,A
hibernate-core/src/main/java/org/hibernate/tool/schema/internal/DefaultSchemaFilter.java,3.0,0.0,0.0,1.0,0.0,1.0,0.0,35.0,A,A
hibernate-core/src/main/java/org/hibernate/tool/schema/internal/DefaultSchemaFilterProvider.java,5.0,0.0,0.0,1.0,0.0,1.0,0.0,44.0,A,A
hibernate-core/src/main/java/org/hibernate/engine/jdbc/env/internal/DefaultSchemaNameResolver.java,8.0,7.0,0.0,3.0,20.0,3.0,0.0,114.0,A,A
hibernate-core/src/main/java/org/hibernate/boot/internal/DefaultSessionFactoryBuilderInitiator.java,3.0,0.0,0.0,1.0,0.0,1.0,0.0,33.0,A,A
hibernate-core/src/main/java/org/hibernate/boot/internal/DefaultSessionFactoryBuilderService.java,2.0,0.0,0.0,1.0,0.0,1.0,0.0,30.0,A,A
hibernate-envers/src/main/java/org/hibernate/envers/DefaultTrackingModifiedEntitiesRevisionEntity.java,11.0,6.0,0.0,1.0,2.0,1.0,0.0,79.0,A,A
hibernate-envers/src/main/java/org/hibernate/envers/internal/revisioninfo/DefaultTrackingModifiedEntitiesRevisionInfoGenerator.java,3.0,1.0,0.0,0.0,0.0,0.0,0.0,62.0,A,A
hibernate-core/src/main/java/org/hibernate/dialect/unique/DefaultUniqueDelegate.java,1.0,0.0,0.0,1.0,10.0,1.0,0.0,20.0,A,A
hibernate-core/src/main/java/org/hibernate/event/internal/DefaultUpdateEventListener.java,5.0,7.0,0.0,1.0,10.0,1.0,0.0,61.0,A,A
hibernate-core/src/main/java/org/hibernate/sql/results/jdbc/internal/DeferredResultSetAccess.java,51.0,62.0,0.0,4.0,19.0,4.0,0.0,344.0,A,A
hibernate-core/src/main/java/org/hibernate/sql/results/graph/collection/internal/DelayedCollectionAssembler.java,3.0,0.0,0.0,0.0,0.0,0.0,0.0,49.0,A,A
hibernate-core/src/main/java/org/hibernate/sql/results/graph/collection/internal/DelayedCollectionFetch.java,6.0,2.0,0.0,0.0,0.0,0.0,0.0,69.0,A,A
hibernate-core/src/main/java/org/hibernate/sql/results/graph/collection/internal/DelayedCollectionInitializer.java,5.0,0.0,0.0,2.0,10.0,2.0,0.0,51.0,A,A
hibernate-core/src/main/java/org/hibernate/tool/schema/spi/DelayedDropAction.java,0.0,0.0,0.0,0.0,0.0,0.0,0.0,28.0,A,A
hibernate-core/src/main/java/org/hibernate/tool/schema/spi/DelayedDropRegistry.java,0.0,0.0,0.0,0.0,0.0,0.0,0.0,23.0,A,A
hibernate-core/src/main/java/org/hibernate/tool/schema/spi/DelayedDropRegistryNotAvailableImpl.java,1.0,0.0,0.0,1.0,0.0,1.0,0.0,28.0,A,A
hibernate-core/src/main/java/org/hibernate/query/results/complete/DelayedFetchBuilderBasicPart.java,14.0,5.0,0.0,0.0,0.0,0.0,0.0,104.0,A,A
hibernate-core/src/main/java/org/hibernate/boot/model/internal/DelayedParameterizedTypeBean.java,7.0,4.0,0.0,1.0,5.0,1.0,0.0,75.0,A,A
hibernate-core/src/main/java/org/hibernate/action/internal/DelayedPostInsertIdentifier.java,10.0,6.0,0.0,0.0,0.0,0.0,0.0,77.0,A,A
hibernate-core/src/main/java/org/hibernate/query/internal/DelegatingDomainQueryExecutionContext.java,6.0,0.0,0.0,0.0,0.0,0.0,0.0,50.0,A,A
hibernate-core/src/main/java/org/hibernate/type/descriptor/jdbc/DelegatingJdbcTypeIndicators.java,23.0,0.0,0.0,0.0,0.0,0.0,0.0,134.0,A,A
hibernate-testing/src/main/java/org/hibernate/testing/util/jpa/DelegatingPersistenceUnitInfo.java,18.0,0.0,0.0,0.0,0.0,0.0,0.0,111.0,A,A
hibernate-core/src/main/java/org/hibernate/query/spi/DelegatingQueryOptions.java,25.0,0.0,0.0,0.0,0.0,0.0,0.0,154.0,A,A
hibernate-core/src/main/java/org/hibernate/query/sqm/spi/DelegatingSqmSelectionQueryImplementor.java,96.0,0.0,0.0,2.0,15.0,2.0,0.0,610.0,A,A
hibernate-core/src/main/java/org/hibernate/sql/ast/tree/from/DelegatingTableGroup.java,29.0,0.0,0.0,0.0,0.0,0.0,0.0,206.0,A,A
hibernate-core/src/main/java/org/hibernate/sql/Delete.java,20.0,9.0,0.0,0.0,0.0,0.0,0.0,121.0,A,A
hibernate-core/src/main/java/org/hibernate/event/spi/DeleteContext.java,3.0,0.0,0.0,0.0,0.0,0.0,0.0,39.0,A,A
hibernate-core/src/main/java/org/hibernate/persister/entity/mutation/DeleteCoordinator.java,0.0,0.0,0.0,0.0,0.0,0.0,0.0,35.0,A,A
hibernate-core/src/main/java/org/hibernate/persister/entity/mutation/DeleteCoordinatorSoft.java,23.0,23.0,0.0,1.0,5.0,1.0,0.0,176.0,A,A
hibernate-core/src/main/java/org/hibernate/persister/entity/mutation/DeleteCoordinatorStandard.java,26.0,32.0,0.0,3.0,9.0,3.0,0.0,170.0,A,A
hibernate-core/src/main/java/org/hibernate/event/spi/DeleteEvent.java,9.0,1.0,0.0,1.0,0.0,1.0,0.0,79.0,A,A
hibernate-core/src/main/java/org/hibernate/event/spi/DeleteEventListener.java,0.0,0.0,0.0,0.0,0.0,0.0,0.0,29.0,A,A
hibernate-core/src/main/java/org/hibernate/query/sqm/mutation/internal/DeleteHandler.java,0.0,0.0,0.0,0.0,0.0,0.0,0.0,14.0,A,A
hibernate-core/src/main/java/org/hibernate/sql/model/jdbc/DeleteOrUpsertOperation.java,13.0,6.0,0.0,1.0,5.0,1.0,0.0,203.0,A,A
hibernate-core/src/main/java/org/hibernate/persister/collection/mutation/DeleteRowsCoordinator.java,0.0,0.0,0.0,0.0,0.0,0.0,0.0,36.0,A,A
hibernate-core/src/main/java/org/hibernate/persister/collection/mutation/DeleteRowsCoordinatorNoOp.java,4.0,0.0,0.0,0.0,0.0,0.0,0.0,39.0,A,A
hibernate-core/src/main/java/org/hibernate/persister/collection/mutation/DeleteRowsCoordinatorStandard.java,9.0,4.0,0.0,0.0,0.0,0.0,0.0,125.0,A,A
hibernate-core/src/main/java/org/hibernate/persister/collection/mutation/DeleteRowsCoordinatorTablePerSubclass.java,14.0,10.0,0.0,1.0,5.0,1.0,0.0,170.0,A,A
hibernate-core/src/main/java/org/hibernate/sql/ast/tree/delete/DeleteStatement.java,11.0,1.0,0.0,0.0,0.0,0.0,0.0,93.0,A,A
hibernate-envers/src/main/java/org/hibernate/envers/internal/synchronization/work/DelWorkUnit.java,11.0,3.0,0.0,0.0,0.0,0.0,0.0,108.0,A,A
hibernate-core/src/main/java/org/hibernate/mapping/DenormalizedTable.java,22.0,9.0,0.0,3.0,20.0,3.0,0.0,132.0,A,A
hibernate-core/src/main/java/org/hibernate/mapping/DependantBasicValue.java,4.0,0.0,0.0,0.0,0.0,0.0,0.0,51.0,A,A
hibernate-core/src/main/java/org/hibernate/mapping/DependantValue.java,24.0,9.0,0.0,1.0,5.0,1.0,0.0,126.0,A,A
hibernate-core/src/main/java/org/hibernate/persister/collection/DeprecatedCollectionStuff.java,1.0,0.0,0.0,1.0,10.0,1.0,0.0,21.0,A,A
hibernate-core/src/main/java/org/hibernate/persister/entity/DeprecatedEntityStuff.java,0.0,0.0,0.0,1.0,10.0,1.0,0.0,18.0,A,A
hibernate-core/src/main/java/org/hibernate/internal/log/DeprecationLogger.java,0.0,0.0,0.0,9.0,45.0,9.0,0.0,287.0,A,A
local-build-plugins/src/main/java/org/hibernate/orm/post/DeprecationReportTask.java,4.0,1.0,0.0,1.0,20.0,1.0,0.0,73.0,A,A
hibernate-core/src/main/java/org/hibernate/dialect/DerbyDialect.java,113.0,19.0,0.0,6.0,12.0,6.0,0.0,1017.0,A,A
hibernate-community-dialects/src/main/java/org/hibernate/community/dialect/DerbyLegacyDialect.java,121.0,30.0,0.0,5.0,10.0,5.0,0.0,1028.0,A,A
hibernate-community-dialects/src/main/java/org/hibernate/community/dialect/DerbyLegacySqlAstTranslator.java,49.0,34.0,0.0,0.0,0.0,0.0,0.0,292.0,A,A
hibernate-core/src/main/java/org/hibernate/dialect/pagination/DerbyLimitHandler.java,2.0,0.0,0.0,1.0,10.0,1.0,0.0,44.0,A,A
hibernate-core/src/main/java/org/hibernate/dialect/function/DerbyLpadEmulation.java,3.0,0.0,0.0,0.0,0.0,0.0,0.0,75.0,A,A
hibernate-core/src/main/java/org/hibernate/dialect/function/DerbyRpadEmulation.java,3.0,0.0,0.0,0.0,0.0,0.0,0.0,75.0,A,A
hibernate-core/src/main/java/org/hibernate/dialect/sequence/DerbySequenceSupport.java,1.0,0.0,0.0,0.0,0.0,0.0,0.0,25.0,A,A
hibernate-core/src/main/java/org/hibernate/dialect/DerbySqlAstTranslator.java,49.0,34.0,0.0,2.0,10.0,2.0,0.0,289.0,A,A
hibernate-community-dialects/src/main/java/org/hibernate/community/dialect/DerbyTenFiveDialect.java,1.0,0.0,0.0,1.0,10.0,1.0,0.0,26.0,A,A
hibernate-community-dialects/src/main/java/org/hibernate/community/dialect/DerbyTenSevenDialect.java,1.0,0.0,0.0,1.0,10.0,1.0,0.0,25.0,A,A
hibernate-community-dialects/src/main/java/org/hibernate/community/dialect/DerbyTenSixDialect.java,1.0,0.0,0.0,1.0,10.0,1.0,0.0,27.0,A,A
hibernate-core/src/main/java/org/hibernate/sql/ast/tree/from/DerivedTableReference.java,7.0,0.0,0.0,1.0,2.0,1.0,0.0,76.0,A,A
hibernate-core/src/main/java/org/hibernate/boot/model/source/spi/DerivedValueSource.java,0.0,0.0,0.0,0.0,0.0,0.0,0.0,22.0,A,A
local-build-plugins/src/main/java/org/hibernate/orm/docs/DescriptorAccess.java,5.0,5.0,0.0,5.0,75.0,5.0,0.0,83.0,A,A
hibernate-core/src/main/java/org/hibernate/dialect/Dialect.java,569.0,132.0,0.0,28.0,252.0,28.0,0.0,5422.0,A,A
hibernate-testing/src/main/java/org/hibernate/testing/DialectCheck.java,0.0,0.0,0.0,0.0,0.0,0.0,0.0,28.0,A,A
hibernate-testing/src/main/java/org/hibernate/testing/DialectChecks.java,54.0,6.0,0.0,3.0,12.0,3.0,0.0,317.0,A,A
hibernate-testing/src/main/java/org/hibernate/testing/orm/junit/DialectContext.java,5.0,8.0,0.0,2.0,20.0,2.0,0.0,95.0,A,A
hibernate-core/src/main/java/org/hibernate/dialect/DialectDelegateWrapper.java,295.0,2.0,0.0,10.0,75.0,10.0,0.0,1641.0,A,A
hibernate-core/src/main/java/org/hibernate/engine/jdbc/dialect/spi/DialectFactory.java,0.0,0.0,0.0,0.0,0.0,0.0,0.0,40.0,A,A
hibernate-core/src/main/java/org/hibernate/engine/jdbc/dialect/internal/DialectFactoryImpl.java,20.0,24.0,0.0,3.0,27.0,3.0,0.0,211.0,A,A
hibernate-core/src/main/java/org/hibernate/engine/jdbc/dialect/internal/DialectFactoryInitiator.java,2.0,0.0,0.0,1.0,0.0,1.0,0.0,36.0,A,A
hibernate-testing/src/main/java/org/hibernate/testing/boot/DialectFactoryTestingImpl.java,3.0,0.0,0.0,0.0,0.0,0.0,0.0,36.0,A,A
hibernate-testing/src/main/java/org/hibernate/testing/orm/junit/DialectFeatureCheck.java,0.0,0.0,0.0,0.0,0.0,0.0,0.0,19.0,A,A
hibernate-testing/src/main/java/org/hibernate/testing/orm/junit/DialectFeatureChecks.java,155.0,32.0,0.0,2.0,7.0,2.0,0.0,689.0,A,A
hibernate-testing/src/main/java/org/hibernate/testing/orm/junit/DialectFilterExtension.java,45.0,95.0,0.0,7.0,142.0,7.0,0.0,261.0,A,A
hibernate-core/src/main/java/org/hibernate/dialect/DialectLogging.java,0.0,0.0,0.0,0.0,0.0,0.0,0.0,37.0,A,A
hibernate-core/src/main/java/org/hibernate/annotations/DialectOverride.java,0.0,0.0,0.0,4.0,50.0,4.0,0.0,507.0,A,A
local-build-plugins/src/main/java/org/hibernate/orm/post/DialectReportTask.java,30.0,18.0,0.0,18.0,289.0,18.0,0.0,285.0,A,A
hibernate-core/src/main/java/org/hibernate/engine/jdbc/dialect/spi/DialectResolutionInfo.java,2.0,0.0,0.0,0.0,0.0,0.0,0.0,103.0,A,A
hibernate-core/src/main/java/org/hibernate/engine/jdbc/dialect/spi/DialectResolutionInfoSource.java,0.0,0.0,0.0,0.0,0.0,0.0,0.0,19.0,A,A
hibernate-core/src/main/java/org/hibernate/engine/jdbc/dialect/spi/DialectResolver.java,0.0,0.0,0.0,0.0,0.0,0.0,0.0,31.0,A,A
hibernate-core/src/main/java/org/hibernate/engine/jdbc/dialect/internal/DialectResolverInitiator.java,5.0,9.0,0.0,1.0,0.0,1.0,0.0,73.0,A,A
hibernate-core/src/main/java/org/hibernate/engine/jdbc/dialect/internal/DialectResolverSet.java,9.0,7.0,0.0,0.0,0.0,0.0,0.0,76.0,A,A
hibernate-core/src/main/java/org/hibernate/boot/registry/selector/spi/DialectSelector.java,0.0,0.0,0.0,0.0,0.0,0.0,0.0,20.0,A,A
hibernate-core/src/main/java/org/hibernate/cfg/DialectSpecificSettings.java,0.0,0.0,0.0,1.0,10.0,1.0,0.0,61.0,A,A
hibernate-core/src/main/java/org/hibernate/cache/spi/DirectAccessRegion.java,0.0,0.0,0.0,0.0,0.0,0.0,0.0,31.0,A,A
hibernate-core/src/main/java/org/hibernate/cache/spi/support/DirectAccessRegionTemplate.java,6.0,0.0,0.0,1.0,2.0,1.0,0.0,58.0,A,A
hibernate-core/src/main/java/org/hibernate/sql/results/jdbc/internal/DirectResultSetAccess.java,4.0,0.0,0.0,0.0,0.0,0.0,0.0,51.0,A,A
hibernate-jfr/src/main/java/org/hibernate/event/jfr/internal/DirtyCalculationEvent.java,1.0,0.0,0.0,1.0,10.0,1.0,0.0,50.0,A,A
hibernate-core/src/main/java/org/hibernate/event/spi/DirtyCheckEvent.java,3.0,0.0,0.0,0.0,0.0,0.0,0.0,30.0,A,A
hibernate-core/src/main/java/org/hibernate/event/spi/DirtyCheckEventListener.java,0.0,0.0,0.0,0.0,0.0,0.0,0.0,25.0,A,A
hibernate-core/src/main/java/org/hibernate/event/internal/DirtyCollectionSearchVisitor.java,12.0,15.0,0.0,3.0,15.0,3.0,0.0,88.0,A,A
hibernate-core/src/main/java/org/hibernate/persister/entity/DirtyHelper.java,18.0,20.0,0.0,1.0,5.0,1.0,0.0,134.0,A,A
hibernate-core/src/main/java/org/hibernate/bytecode/enhance/internal/tracker/DirtyTracker.java,0.0,0.0,0.0,0.0,0.0,0.0,0.0,28.0,A,A
hibernate-core/src/main/java/org/hibernate/cache/internal/DisabledCaching.java,37.0,0.0,0.0,9.0,60.0,9.0,0.0,221.0,A,A
hibernate-core/src/main/java/org/hibernate/boot/archive/scan/internal/DisabledScanner.java,1.0,0.0,0.0,0.0,0.0,0.0,0.0,38.0,A,A
hibernate-core/src/main/java/org/hibernate/bytecode/internal/none/DisallowedProxyFactory.java,2.0,0.0,0.0,2.0,5.0,2.0,0.0,38.0,A,A
hibernate-core/src/main/java/org/hibernate/metamodel/mapping/Discriminable.java,0.0,0.0,0.0,0.0,0.0,0.0,0.0,30.0,A,A
hibernate-core/src/main/java/org/hibernate/boot/jaxb/hbm/spi/Discriminatable.java,0.0,0.0,0.0,0.0,0.0,0.0,0.0,15.0,A,A
hibernate-core/src/main/java/org/hibernate/boot/jaxb/mapping/DiscriminatedAssociation.java,0.0,0.0,0.0,0.0,0.0,0.0,0.0,53.0,A,A
hibernate-core/src/main/java/org/hibernate/metamodel/mapping/internal/DiscriminatedAssociationAttributeMapping.java,54.0,14.0,0.0,4.0,20.0,4.0,0.0,539.0,A,A
hibernate-core/src/main/java/org/hibernate/metamodel/mapping/internal/DiscriminatedAssociationMapping.java,66.0,24.0,0.0,15.0,29.0,15.0,0.0,613.0,A,A
hibernate-core/src/main/java/org/hibernate/metamodel/mapping/DiscriminatedAssociationModelPart.java,2.0,0.0,0.0,1.0,10.0,1.0,0.0,43.0,A,A
hibernate-core/src/main/java/org/hibernate/query/sqm/sql/internal/DiscriminatedAssociationPathInterpretation.java,10.0,3.0,0.0,1.0,1.0,1.0,0.0,109.0,A,A
hibernate-core/src/main/java/org/hibernate/metamodel/mapping/internal/DiscriminatedCollectionPart.java,49.0,8.0,0.0,2.0,10.0,2.0,0.0,390.0,A,A
hibernate-core/src/main/java/org/hibernate/metamodel/mapping/DiscriminatorConverter.java,16.0,8.0,0.0,3.0,12.0,3.0,0.0,105.0,A,A
hibernate-core/src/main/java/org/hibernate/annotations/DiscriminatorFormula.java,0.0,0.0,0.0,0.0,0.0,0.0,0.0,82.0,A,A
hibernate-core/src/main/java/org/hibernate/persister/entity/DiscriminatorHelper.java,14.0,12.0,0.0,1.0,5.0,1.0,0.0,108.0,A,A
hibernate-core/src/main/java/org/hibernate/metamodel/mapping/DiscriminatorMapping.java,2.0,0.0,0.0,0.0,0.0,0.0,0.0,63.0,A,A
hibernate-core/src/main/java/org/hibernate/boot/jaxb/mapping/DiscriminatorMapping.java,0.0,0.0,0.0,0.0,0.0,0.0,0.0,18.0,A,A
hibernate-core/src/main/java/org/hibernate/persister/entity/DiscriminatorMetadata.java,0.0,0.0,0.0,1.0,10.0,1.0,0.0,32.0,A,A
hibernate-core/src/main/java/org/hibernate/annotations/DiscriminatorOptions.java,0.0,0.0,0.0,0.0,0.0,0.0,0.0,44.0,A,A
hibernate-core/src/main/java/org/hibernate/query/sqm/sql/internal/DiscriminatorPathInterpretation.java,9.0,2.0,0.0,1.0,5.0,1.0,0.0,107.0,A,A
hibernate-envers/src/main/java/org/hibernate/envers/boot/model/DiscriminatorPersistentEntity.java,14.0,5.0,0.0,0.0,0.0,0.0,0.0,98.0,A,A
hibernate-core/src/main/java/org/hibernate/boot/model/source/spi/DiscriminatorSource.java,0.0,0.0,0.0,0.0,0.0,0.0,0.0,52.0,A,A
hibernate-core/src/main/java/org/hibernate/metamodel/model/domain/DiscriminatorSqmPath.java,4.0,0.0,0.0,0.0,0.0,0.0,0.0,43.0,A,A
hibernate-core/src/main/java/org/hibernate/metamodel/model/domain/internal/DiscriminatorSqmPathSource.java,8.0,0.0,0.0,0.0,0.0,0.0,0.0,78.0,A,A
hibernate-core/src/main/java/org/hibernate/metamodel/mapping/DiscriminatorType.java,1.0,0.0,0.0,0.0,0.0,0.0,0.0,34.0,A,A
hibernate-core/src/main/java/org/hibernate/persister/entity/DiscriminatorType.java,33.0,3.0,0.0,1.0,10.0,1.0,0.0,231.0,A,A
hibernate-envers/src/main/java/org/hibernate/envers/boot/model/DiscriminatorType.java,4.0,4.0,0.0,0.0,0.0,0.0,0.0,47.0,A,A
hibernate-core/src/main/java/org/hibernate/metamodel/mapping/internal/DiscriminatorTypeImpl.java,6.0,0.0,0.0,1.0,5.0,1.0,0.0,68.0,A,A
hibernate-core/src/main/java/org/hibernate/boot/jaxb/mapping/marshall/DiscriminatorTypeMarshalling.java,4.0,2.0,0.0,1.0,5.0,1.0,0.0,25.0,A,A
hibernate-core/src/main/java/org/hibernate/metamodel/mapping/DiscriminatorValueDetails.java,1.0,0.0,0.0,0.0,0.0,0.0,0.0,38.0,A,A
hibernate-core/src/main/java/org/hibernate/metamodel/mapping/internal/DiscriminatorValueDetailsImpl.java,3.0,0.0,0.0,0.0,0.0,0.0,0.0,34.0,A,A
hibernate-core/src/main/java/org/hibernate/sql/ast/tree/expression/Distinct.java,9.0,3.0,0.0,0.0,0.0,0.0,0.0,64.0,A,A
hibernate-core/src/main/java/org/hibernate/dialect/DmlTargetColumnQualifierSupport.java,0.0,0.0,0.0,0.0,0.0,0.0,0.0,33.0,A,A
local-build-plugins/src/main/java/org/hibernate/orm/docs/DocumentationPublishing.java,8.0,0.0,0.0,0.0,0.0,0.0,0.0,96.0,A,A
local-build-plugins/src/main/java/org/hibernate/orm/docs/DocumentationPublishingPlugin.java,8.0,1.0,0.0,10.0,24.0,10.0,0.0,82.0,A,A
hibernate-testing/src/main/java/org/hibernate/testing/orm/domain/animal/Dog.java,0.0,0.0,0.0,0.0,0.0,0.0,0.0,17.0,A,A
hibernate-core/src/main/java/org/hibernate/cache/cfg/spi/DomainDataCachingConfig.java,0.0,0.0,0.0,0.0,0.0,0.0,0.0,39.0,A,A
hibernate-core/src/main/java/org/hibernate/cache/spi/DomainDataRegion.java,0.0,0.0,0.0,0.0,0.0,0.0,0.0,77.0,A,A
hibernate-core/src/main/java/org/hibernate/cache/cfg/spi/DomainDataRegionBuildingContext.java,0.0,0.0,0.0,0.0,0.0,0.0,0.0,36.0,A,A
hibernate-core/src/main/java/org/hibernate/cache/cfg/spi/DomainDataRegionConfig.java,0.0,0.0,0.0,0.0,0.0,0.0,0.0,42.0,A,A
hibernate-core/src/main/java/org/hibernate/cache/cfg/internal/DomainDataRegionConfigImpl.java,21.0,9.0,2.0,5.0,10.0,7.0,0.0,169.0,D,A
hibernate-core/src/main/java/org/hibernate/cache/spi/support/DomainDataRegionImpl.java,4.0,0.0,0.0,0.0,0.0,0.0,0.0,69.0,A,A
hibernate-core/src/main/java/org/hibernate/cache/spi/support/DomainDataRegionTemplate.java,30.0,3.0,0.0,2.0,8.0,2.0,0.0,241.0,A,A
hibernate-core/src/main/java/org/hibernate/cache/spi/support/DomainDataStorageAccess.java,1.0,0.0,0.0,0.0,0.0,0.0,0.0,28.0,A,A
hibernate-testing/src/main/java/org/hibernate/testing/orm/junit/DomainModel.java,0.0,0.0,0.0,0.0,0.0,0.0,0.0,119.0,A,A
hibernate-testing/src/main/java/org/hibernate/testing/orm/domain/DomainModelDescriptor.java,2.0,0.0,0.0,0.0,0.0,0.0,0.0,63.0,A,A
hibernate-testing/src/main/java/org/hibernate/testing/orm/junit/DomainModelExtension.java,57.0,76.0,1.0,8.0,118.0,9.0,0.0,358.0,C,A
hibernate-testing/src/main/java/org/hibernate/testing/orm/junit/DomainModelFunctionalTesting.java,0.0,0.0,0.0,0.0,0.0,0.0,0.0,36.0,A,A
hibernate-core/src/main/java/org/hibernate/metamodel/model/domain/internal/DomainModelHelper.java,21.0,26.0,0.0,4.0,15.0,4.0,0.0,145.0,A,A
hibernate-testing/src/main/java/org/hibernate/testing/orm/junit/DomainModelParameterResolver.java,4.0,2.0,0.0,0.0,0.0,0.0,0.0,49.0,A,A
hibernate-testing/src/main/java/org/hibernate/testing/orm/junit/DomainModelProducer.java,0.0,0.0,0.0,0.0,0.0,0.0,0.0,18.0,A,A
hibernate-testing/src/main/java/org/hibernate/testing/orm/junit/DomainModelScope.java,7.0,3.0,0.0,2.0,10.0,2.0,0.0,61.0,A,A
hibernate-testing/src/main/java/org/hibernate/testing/orm/junit/DomainModelScopeAware.java,0.0,0.0,0.0,0.0,0.0,0.0,0.0,15.0,A,A
hibernate-core/src/main/java/org/hibernate/query/sqm/internal/DomainParameterXref.java,36.0,26.0,0.0,1.0,5.0,1.0,0.0,225.0,A,A
hibernate-core/src/main/java/org/hibernate/metamodel/mapping/ordering/ast/DomainPath.java,2.0,0.0,0.0,0.0,0.0,0.0,0.0,34.0,A,A
hibernate-core/src/main/java/org/hibernate/metamodel/mapping/ordering/ast/DomainPathContinuation.java,7.0,3.0,0.0,0.0,0.0,0.0,0.0,76.0,A,A
hibernate-core/src/main/java/org/hibernate/query/hql/internal/DomainPathPart.java,5.0,2.0,0.0,0.0,0.0,0.0,0.0,59.0,A,A
hibernate-core/src/main/java/org/hibernate/query/spi/DomainQueryExecutionContext.java,2.0,1.0,0.0,0.0,0.0,0.0,0.0,42.0,A,A
hibernate-core/src/main/java/org/hibernate/sql/results/graph/DomainResult.java,0.0,0.0,0.0,0.0,0.0,0.0,0.0,38.0,A,A
hibernate-core/src/main/java/org/hibernate/sql/results/graph/DomainResultAssembler.java,2.0,0.0,0.0,0.0,0.0,0.0,0.0,50.0,A,A
hibernate-core/src/main/java/org/hibernate/sql/results/DomainResultCreationException.java,2.0,0.0,0.0,0.0,0.0,0.0,0.0,27.0,A,A
hibernate-core/src/main/java/org/hibernate/sql/results/graph/DomainResultCreationState.java,10.0,3.0,0.0,2.0,0.0,2.0,0.0,167.0,A,A
hibernate-core/src/main/java/org/hibernate/query/results/DomainResultCreationStateImpl.java,80.0,63.0,0.0,7.0,41.0,7.0,0.0,588.0,A,A
hibernate-core/src/main/java/org/hibernate/sql/results/graph/DomainResultGraphNode.java,3.0,0.0,0.0,1.0,0.0,1.0,0.0,50.0,A,A
hibernate-core/src/main/java/org/hibernate/sql/results/graph/DomainResultGraphPrinter.java,18.0,11.0,0.0,3.0,20.0,3.0,0.0,140.0,A,A
hibernate-core/src/main/java/org/hibernate/query/sqm/sql/internal/DomainResultProducer.java,0.0,0.0,0.0,1.0,5.0,1.0,0.0,56.0,A,A
hibernate-core/src/main/java/org/hibernate/metamodel/model/domain/DomainType.java,2.0,0.0,0.0,0.0,0.0,0.0,0.0,38.0,A,A
hibernate-testing/src/main/java/org/hibernate/testing/orm/domain/animal/DomesticAnimal.java,2.0,0.0,0.0,0.0,0.0,0.0,0.0,29.0,A,A
hibernate-testing/src/main/java/org/hibernate/testing/orm/domain/retail/DomesticVendor.java,3.0,0.0,0.0,0.0,0.0,0.0,0.0,29.0,A,A
local-build-plugins/src/main/java/org/hibernate/orm/properties/jdk11/DomToAsciidocConverter.java,32.0,18.0,0.0,0.0,0.0,0.0,0.0,177.0,A,A
hibernate-core/src/main/java/org/hibernate/query/hql/spi/DotIdentifierConsumer.java,0.0,0.0,0.0,0.0,0.0,0.0,0.0,41.0,A,A
hibernate-core/src/main/java/org/hibernate/spi/DotIdentifierSequence.java,4.0,1.0,0.0,0.0,0.0,0.0,0.0,86.0,A,A
hibernate-core/src/main/java/org/hibernate/type/descriptor/java/DoubleJavaType.java,52.0,26.0,1.0,0.0,0.0,1.0,0.0,213.0,B,A
hibernate-core/src/main/java/org/hibernate/type/descriptor/jdbc/DoubleJdbcType.java,16.0,0.0,0.0,1.0,5.0,1.0,0.0,120.0,A,A
hibernate-core/src/main/java/org/hibernate/type/descriptor/java/DoublePrimitiveArrayJavaType.java,39.0,32.0,0.0,2.0,60.0,2.0,0.0,203.0,A,A
hibernate-core/src/main/java/org/hibernate/query/sqm/tree/from/DowncastLocation.java,0.0,0.0,0.0,0.0,0.0,0.0,0.0,18.0,A,A
hibernate-core/src/main/java/org/hibernate/engine/jdbc/connections/internal/DriverConnectionCreator.java,2.0,1.0,0.0,0.0,0.0,0.0,0.0,47.0,A,A
hibernate-core/src/main/java/org/hibernate/engine/jdbc/connections/internal/DriverManagerConnectionCreator.java,2.0,1.0,0.0,0.0,0.0,0.0,0.0,43.0,A,A
hibernate-core/src/main/java/org/hibernate/engine/jdbc/connections/internal/DriverManagerConnectionProviderImpl.java,104.0,96.0,1.0,13.0,160.0,14.0,0.0,713.0,B,A
hibernate-core/src/main/java/org/hibernate/internal/util/xml/DTDEntityResolver.java,11.0,14.0,0.0,1.0,10.0,1.0,0.0,116.0,A,A
hibernate-core/src/main/java/org/hibernate/DuplicateMappingException.java,5.0,0.0,0.0,1.0,2.0,1.0,0.0,103.0,A,A
hibernate-core/src/main/java/org/hibernate/event/service/spi/DuplicationStrategy.java,0.0,0.0,0.0,0.0,0.0,0.0,0.0,42.0,A,A
hibernate-core/src/main/java/org/hibernate/boot/beanvalidation/DuplicationStrategyImpl.java,3.0,1.0,0.0,1.0,0.0,1.0,0.0,28.0,A,A
hibernate-core/src/main/java/org/hibernate/sql/ast/tree/expression/Duration.java,7.0,0.0,0.0,0.0,0.0,0.0,0.0,90.0,A,A
hibernate-core/src/main/java/org/hibernate/type/descriptor/java/DurationJavaType.java,23.0,17.0,0.0,0.0,0.0,0.0,0.0,172.0,A,A
hibernate-core/src/main/java/org/hibernate/type/descriptor/jdbc/DurationJdbcType.java,4.0,0.0,0.0,1.0,0.0,1.0,0.0,43.0,A,A
hibernate-core/src/main/java/org/hibernate/sql/ast/tree/expression/DurationUnit.java,4.0,0.0,0.0,0.0,0.0,0.0,0.0,48.0,A,A
hibernate-envers/src/main/java/org/hibernate/envers/internal/entities/mapper/DynamicComponentMapperSupport.java,0.0,0.0,0.0,0.0,0.0,0.0,0.0,29.0,A,A
hibernate-core/src/main/java/org/hibernate/query/results/dynamic/DynamicFetchBuilder.java,0.0,0.0,0.0,0.0,0.0,0.0,0.0,22.0,A,A
hibernate-core/src/main/java/org/hibernate/query/results/dynamic/DynamicFetchBuilderContainer.java,0.0,0.0,0.0,0.0,0.0,0.0,0.0,37.0,A,A
hibernate-core/src/main/java/org/hibernate/query/results/dynamic/DynamicFetchBuilderLegacy.java,44.0,28.0,0.0,5.0,25.0,5.0,0.0,338.0,A,A
hibernate-core/src/main/java/org/hibernate/query/results/dynamic/DynamicFetchBuilderStandard.java,18.0,8.0,0.0,0.0,0.0,0.0,0.0,241.0,A,A
hibernate-core/src/main/java/org/hibernate/internal/DynamicFilterAliasGenerator.java,3.0,2.0,0.0,0.0,0.0,0.0,0.0,37.0,A,A
hibernate-core/src/main/java/org/hibernate/annotations/DynamicInsert.java,0.0,0.0,0.0,1.0,10.0,1.0,0.0,35.0,A,A
hibernate-core/src/main/java/org/hibernate/sql/results/graph/instantiation/internal/DynamicInstantiation.java,17.0,9.0,0.0,2.0,10.0,2.0,0.0,227.0,A,A
hibernate-core/src/main/java/org/hibernate/sql/results/graph/instantiation/internal/DynamicInstantiationArgument.java,5.0,3.0,0.0,1.0,5.0,1.0,0.0,42.0,A,A
hibernate-core/src/main/java/org/hibernate/sql/results/graph/instantiation/internal/DynamicInstantiationAssemblerConstructorImpl.java,4.0,3.0,0.0,0.0,0.0,0.0,0.0,62.0,A,A
hibernate-core/src/main/java/org/hibernate/sql/results/graph/instantiation/internal/DynamicInstantiationAssemblerInjectionImpl.java,16.0,34.0,0.0,4.0,83.0,4.0,0.0,141.0,A,A
hibernate-core/src/main/java/org/hibernate/sql/results/graph/instantiation/internal/DynamicInstantiationAssemblerListImpl.java,4.0,1.0,0.0,0.0,0.0,0.0,0.0,52.0,A,A
hibernate-core/src/main/java/org/hibernate/sql/results/graph/instantiation/internal/DynamicInstantiationAssemblerMapImpl.java,7.0,6.0,0.0,0.0,0.0,0.0,0.0,71.0,A,A
hibernate-core/src/main/java/org/hibernate/query/sqm/DynamicInstantiationNature.java,0.0,0.0,0.0,0.0,0.0,0.0,0.0,38.0,A,A
hibernate-core/src/main/java/org/hibernate/sql/results/graph/instantiation/DynamicInstantiationResult.java,0.0,0.0,0.0,0.0,0.0,0.0,0.0,19.0,A,A
hibernate-core/src/main/java/org/hibernate/sql/results/graph/instantiation/internal/DynamicInstantiationResultImpl.java,29.0,57.0,0.0,3.0,93.0,3.0,0.0,224.0,A,A
hibernate-core/src/main/java/org/hibernate/tuple/DynamicMapInstantiator.java,12.0,9.0,0.0,3.0,20.0,3.0,0.0,71.0,A,A
hibernate-core/src/main/java/org/hibernate/type/descriptor/java/spi/DynamicModelJavaType.java,5.0,0.0,0.0,0.0,0.0,0.0,0.0,49.0,A,A
hibernate-core/src/main/java/org/hibernate/usertype/DynamicParameterizedType.java,0.0,0.0,0.0,0.0,0.0,0.0,0.0,51.0,A,A
hibernate-envers/src/main/java/org/hibernate/envers/configuration/internal/metadata/reader/DynamicProperty.java,18.0,0.0,0.0,1.0,5.0,1.0,0.0,115.0,A,A
hibernate-core/src/main/java/org/hibernate/query/results/dynamic/DynamicResultBuilder.java,0.0,0.0,0.0,0.0,0.0,0.0,0.0,27.0,A,A
hibernate-core/src/main/java/org/hibernate/query/results/dynamic/DynamicResultBuilderAttribute.java,15.0,5.0,0.0,0.0,0.0,0.0,0.0,135.0,A,A
hibernate-core/src/main/java/org/hibernate/query/results/dynamic/DynamicResultBuilderBasic.java,0.0,0.0,0.0,0.0,0.0,0.0,0.0,16.0,A,A
hibernate-core/src/main/java/org/hibernate/query/results/dynamic/DynamicResultBuilderBasicConverted.java,15.0,10.0,0.0,0.0,0.0,0.0,0.0,172.0,A,A
hibernate-core/src/main/java/org/hibernate/query/results/dynamic/DynamicResultBuilderBasicStandard.java,29.0,22.0,0.0,8.0,40.0,8.0,0.0,222.0,A,A
hibernate-core/src/main/java/org/hibernate/query/results/dynamic/DynamicResultBuilderEntity.java,0.0,0.0,0.0,0.0,0.0,0.0,0.0,27.0,A,A
hibernate-core/src/main/java/org/hibernate/query/results/dynamic/DynamicResultBuilderEntityCalculated.java,24.0,8.0,0.0,0.0,0.0,0.0,0.0,169.0,A,A
hibernate-core/src/main/java/org/hibernate/query/results/dynamic/DynamicResultBuilderEntityStandard.java,54.0,39.0,0.0,3.0,23.0,3.0,0.0,389.0,A,A
hibernate-core/src/main/java/org/hibernate/query/results/dynamic/DynamicResultBuilderInstantiation.java,22.0,11.0,0.0,1.0,5.0,1.0,0.0,164.0,A,A
hibernate-core/src/main/java/org/hibernate/annotations/DynamicUpdate.java,0.0,0.0,0.0,1.0,10.0,1.0,0.0,42.0,A,A
hibernate-core/src/main/java/org/hibernate/sql/results/graph/collection/internal/EagerCollectionAssembler.java,2.0,0.0,0.0,0.0,0.0,0.0,0.0,23.0,A,A
hibernate-core/src/main/java/org/hibernate/sql/results/graph/collection/internal/EagerCollectionFetch.java,17.0,8.0,0.0,0.0,0.0,0.0,0.0,229.0,A,A
hibernate-core/src/main/java/org/hibernate/engine/spi/EffectiveEntityGraph.java,19.0,14.0,0.0,1.0,5.0,1.0,0.0,154.0,A,A
hibernate-core/src/main/java/org/hibernate/persister/collection/ElementPropertyMapping.java,6.0,3.0,0.0,2.0,15.0,2.0,0.0,52.0,A,A
hibernate-core/src/main/java/org/hibernate/dialect/function/array/ElementViaArrayArgumentReturnTypeResolver.java,9.0,7.0,0.0,1.0,5.0,1.0,0.0,71.0,A,A
hibernate-core/src/main/java/org/hibernate/type/descriptor/java/spi/EmbeddableAggregateJavaType.java,12.0,5.0,0.0,0.0,0.0,0.0,0.0,88.0,A,A
hibernate-core/src/main/java/org/hibernate/sql/results/graph/embeddable/internal/EmbeddableAssembler.java,4.0,0.0,0.0,0.0,0.0,0.0,0.0,45.0,A,A
hibernate-core/src/main/java/org/hibernate/boot/model/internal/EmbeddableBinder.java,79.0,84.0,0.0,12.0,123.0,12.0,0.0,669.0,A,A
hibernate-core/src/main/java/org/hibernate/jpa/event/internal/EmbeddableCallback.java,6.0,6.0,0.0,2.0,40.0,2.0,0.0,74.0,A,A
hibernate-core/src/main/java/org/hibernate/metamodel/internal/EmbeddableCompositeUserTypeInstantiator.java,4.0,0.0,0.0,0.0,0.0,0.0,0.0,40.0,A,A
hibernate-core/src/main/java/org/hibernate/metamodel/model/domain/EmbeddableDomainType.java,0.0,0.0,0.0,0.0,0.0,0.0,0.0,25.0,A,A
hibernate-core/src/main/java/org/hibernate/sql/results/graph/embeddable/internal/EmbeddableExpressionResultImpl.java,13.0,4.0,0.0,0.0,0.0,0.0,0.0,143.0,A,A
hibernate-core/src/main/java/org/hibernate/sql/results/graph/embeddable/internal/EmbeddableFetchImpl.java,21.0,7.0,0.0,0.0,0.0,0.0,0.0,176.0,A,A
hibernate-core/src/main/java/org/hibernate/sql/results/graph/embeddable/internal/EmbeddableFetchInitializer.java,2.0,0.0,0.0,0.0,0.0,0.0,0.0,32.0,A,A
hibernate-core/src/main/java/org/hibernate/sql/results/graph/embeddable/internal/EmbeddableForeignKeyResultImpl.java,15.0,5.0,0.0,0.0,0.0,0.0,0.0,130.0,A,A
hibernate-core/src/main/java/org/hibernate/metamodel/internal/EmbeddableHelper.java,6.0,5.0,0.0,1.0,5.0,1.0,0.0,35.0,A,A
hibernate-core/src/main/java/org/hibernate/sql/results/graph/embeddable/EmbeddableInitializer.java,6.0,3.0,0.0,1.0,5.0,1.0,0.0,54.0,A,A
hibernate-core/src/main/java/org/hibernate/metamodel/spi/EmbeddableInstantiator.java,0.0,0.0,0.0,0.0,0.0,0.0,0.0,29.0,A,A
hibernate-core/src/main/java/org/hibernate/annotations/EmbeddableInstantiator.java,0.0,0.0,0.0,0.0,0.0,0.0,0.0,26.0,A,A
hibernate-core/src/main/java/org/hibernate/metamodel/internal/EmbeddableInstantiatorDynamicMap.java,4.0,2.0,0.0,0.0,0.0,0.0,0.0,47.0,A,A
hibernate-core/src/main/java/org/hibernate/metamodel/internal/EmbeddableInstantiatorPojoIndirecting.java,10.0,9.0,0.0,0.0,0.0,0.0,0.0,86.0,A,A
hibernate-core/src/main/java/org/hibernate/metamodel/internal/EmbeddableInstantiatorPojoOptimized.java,3.0,1.0,0.0,0.0,0.0,0.0,0.0,46.0,A,A
hibernate-core/src/main/java/org/hibernate/metamodel/internal/EmbeddableInstantiatorPojoStandard.java,7.0,6.0,0.0,1.0,20.0,1.0,0.0,83.0,A,A
hibernate-core/src/main/java/org/hibernate/metamodel/internal/EmbeddableInstantiatorProxied.java,6.0,2.0,0.0,0.0,0.0,0.0,0.0,53.0,A,A
hibernate-core/src/main/java/org/hibernate/metamodel/internal/EmbeddableInstantiatorRecordIndirecting.java,11.0,10.0,0.0,0.0,0.0,0.0,0.0,86.0,A,A
hibernate-core/src/main/java/org/hibernate/metamodel/internal/EmbeddableInstantiatorRecordStandard.java,3.0,2.0,0.0,0.0,0.0,0.0,0.0,45.0,A,A
hibernate-core/src/main/java/org/hibernate/annotations/EmbeddableInstantiatorRegistration.java,0.0,0.0,0.0,0.0,0.0,0.0,0.0,33.0,A,A
hibernate-core/src/main/java/org/hibernate/annotations/EmbeddableInstantiatorRegistrations.java,0.0,0.0,0.0,0.0,0.0,0.0,0.0,27.0,A,A
hibernate-core/src/main/java/org/hibernate/sql/results/graph/embeddable/EmbeddableLoadingLogger.java,0.0,0.0,0.0,0.0,0.0,0.0,0.0,35.0,A,A
hibernate-core/src/main/java/org/hibernate/boot/model/source/spi/EmbeddableMapping.java,0.0,0.0,0.0,0.0,0.0,0.0,0.0,24.0,A,A
hibernate-core/src/main/java/org/hibernate/metamodel/mapping/EmbeddableMappingType.java,47.0,62.0,0.0,2.0,26.0,2.0,0.0,275.0,A,A
hibernate-core/src/main/java/org/hibernate/metamodel/mapping/internal/EmbeddableMappingTypeImpl.java,72.0,97.0,0.0,8.0,86.0,8.0,0.0,780.0,A,A
hibernate-core/src/main/java/org/hibernate/metamodel/spi/EmbeddableRepresentationStrategy.java,0.0,0.0,0.0,1.0,0.0,1.0,0.0,31.0,A,A
hibernate-core/src/main/java/org/hibernate/metamodel/internal/EmbeddableRepresentationStrategyMap.java,7.0,1.0,0.0,0.0,0.0,0.0,0.0,70.0,A,A
hibernate-core/src/main/java/org/hibernate/metamodel/internal/EmbeddableRepresentationStrategyPojo.java,24.0,19.0,0.0,1.0,5.0,1.0,0.0,202.0,A,A
hibernate-core/src/main/java/org/hibernate/sql/results/graph/embeddable/EmbeddableResult.java,0.0,0.0,0.0,0.0,0.0,0.0,0.0,19.0,A,A
hibernate-core/src/main/java/org/hibernate/sql/results/graph/embeddable/EmbeddableResultGraphNode.java,1.0,0.0,0.0,0.0,0.0,0.0,0.0,30.0,A,A
hibernate-core/src/main/java/org/hibernate/sql/results/graph/embeddable/internal/EmbeddableResultImpl.java,13.0,3.0,0.0,0.0,0.0,0.0,0.0,143.0,A,A
hibernate-core/src/main/java/org/hibernate/sql/results/graph/embeddable/internal/EmbeddableResultInitializer.java,3.0,0.0,0.0,0.0,0.0,0.0,0.0,35.0,A,A
hibernate-core/src/main/java/org/hibernate/boot/model/source/spi/EmbeddableSource.java,0.0,0.0,0.0,0.0,0.0,0.0,0.0,37.0,A,A
hibernate-core/src/main/java/org/hibernate/boot/model/source/internal/hbm/EmbeddableSourceContainer.java,0.0,0.0,0.0,0.0,0.0,0.0,0.0,24.0,A,A
hibernate-core/src/main/java/org/hibernate/boot/model/source/spi/EmbeddableSourceContributor.java,0.0,0.0,0.0,0.0,0.0,0.0,0.0,22.0,A,A
hibernate-core/src/main/java/org/hibernate/boot/model/source/internal/hbm/EmbeddableSourceImpl.java,15.0,3.0,0.0,0.0,0.0,0.0,0.0,141.0,A,A
hibernate-core/src/main/java/org/hibernate/boot/model/source/internal/hbm/EmbeddableSourceVirtualImpl.java,13.0,0.0,0.0,0.0,0.0,0.0,0.0,126.0,A,A
hibernate-core/src/main/java/org/hibernate/metamodel/model/domain/internal/EmbeddableTypeImpl.java,4.0,1.0,0.0,1.0,5.0,1.0,0.0,53.0,A,A
hibernate-core/src/main/java/org/hibernate/query/sqm/sql/internal/EmbeddableValuedExpression.java,11.0,4.0,0.0,3.0,15.0,3.0,0.0,120.0,A,A
hibernate-core/src/main/java/org/hibernate/sql/results/graph/embeddable/EmbeddableValuedFetchable.java,2.0,0.0,0.0,0.0,0.0,0.0,0.0,29.0,A,A
hibernate-core/src/main/java/org/hibernate/metamodel/mapping/EmbeddableValuedModelPart.java,23.0,0.0,0.0,0.0,0.0,0.0,0.0,189.0,A,A
hibernate-core/src/main/java/org/hibernate/query/sqm/sql/internal/EmbeddableValuedPathInterpretation.java,14.0,9.0,0.0,0.0,0.0,0.0,0.0,144.0,A,A
hibernate-core/src/main/java/org/hibernate/metamodel/mapping/internal/EmbeddedAttributeMapping.java,36.0,19.0,0.0,0.0,0.0,0.0,0.0,412.0,A,A
hibernate-core/src/main/java/org/hibernate/boot/model/source/spi/EmbeddedAttributeMapping.java,0.0,0.0,0.0,0.0,0.0,0.0,0.0,24.0,A,A
hibernate-core/src/main/java/org/hibernate/metamodel/mapping/internal/EmbeddedCollectionPart.java,36.0,9.0,0.0,2.0,10.0,2.0,0.0,337.0,A,A
hibernate-core/src/main/java/org/hibernate/type/EmbeddedComponentType.java,8.0,5.0,0.0,2.0,15.0,2.0,0.0,55.0,A,A
hibernate-core/src/main/java/org/hibernate/metamodel/model/domain/EmbeddedDomainType.java,0.0,0.0,0.0,1.0,10.0,1.0,0.0,22.0,A,A
hibernate-core/src/main/java/org/hibernate/metamodel/mapping/internal/EmbeddedForeignKeyDescriptor.java,87.0,74.0,0.0,9.0,64.0,9.0,0.0,677.0,A,A
hibernate-core/src/main/java/org/hibernate/metamodel/mapping/internal/EmbeddedForeignKeyDescriptorSide.java,3.0,0.0,0.0,0.0,0.0,0.0,0.0,37.0,A,A
hibernate-core/src/main/java/org/hibernate/metamodel/mapping/internal/EmbeddedIdentifierMappingImpl.java,15.0,1.0,0.0,3.0,45.0,3.0,0.0,126.0,A,A
hibernate-testing/src/main/java/org/hibernate/testing/orm/domain/gambit/EmbeddedIdEntity.java,17.0,4.0,0.0,0.0,0.0,0.0,0.0,97.0,A,A
hibernate-envers/src/main/java/org/hibernate/envers/internal/entities/mapper/id/EmbeddedIdMapper.java,18.0,13.0,0.0,0.0,0.0,0.0,0.0,118.0,A,A
hibernate-core/src/main/java/org/hibernate/metamodel/model/domain/internal/EmbeddedSqmPathSource.java,6.0,1.0,0.0,0.0,0.0,0.0,0.0,60.0,A,A
hibernate-core/src/main/java/org/hibernate/metamodel/mapping/internal/EmptyAttributeMappingsMap.java,4.0,0.0,0.0,2.0,2.0,2.0,0.0,40.0,A,A
hibernate-core/src/main/java/org/hibernate/jpa/event/internal/EmptyCallbackRegistryImpl.java,9.0,0.0,0.0,0.0,0.0,0.0,0.0,60.0,A,A
hibernate-core/src/main/java/org/hibernate/event/internal/EmptyEventManager.java,30.0,0.0,0.0,18.0,90.0,18.0,0.0,228.0,A,A
hibernate-core/src/main/java/org/hibernate/internal/EmptyInterceptor.java,7.0,0.0,0.0,1.0,5.0,1.0,0.0,73.0,A,A
hibernate-core/src/main/java/org/hibernate/EmptyInterceptor.java,1.0,0.0,0.0,1.0,10.0,1.0,0.0,27.0,A,A
hibernate-core/src/main/java/org/hibernate/internal/util/collections/EmptyReadOnlyMap.java,2.0,0.0,0.0,0.0,0.0,0.0,0.0,22.0,A,A
hibernate-core/src/main/java/org/hibernate/internal/EmptyScrollableResults.java,16.0,0.0,0.0,6.0,30.0,6.0,0.0,207.0,A,A
hibernate-core/src/main/java/org/hibernate/resource/jdbc/internal/EmptyStatementInspector.java,2.0,0.0,0.0,0.0,0.0,0.0,0.0,27.0,A,A
hibernate-core/src/main/java/org/hibernate/cache/internal/EnabledCaching.java,86.0,48.0,0.0,8.0,53.0,8.0,0.0,644.0,A,A
hibernate-core/src/main/java/org/hibernate/property/access/spi/EnhancedSetterImpl.java,5.0,0.0,0.0,0.0,0.0,0.0,0.0,70.0,A,A
hibernate-core/src/main/java/org/hibernate/property/access/spi/EnhancedSetterMethodImpl.java,5.0,0.0,0.0,0.0,0.0,0.0,0.0,64.0,A,A
hibernate-core/src/main/java/org/hibernate/usertype/EnhancedUserType.java,0.0,0.0,0.0,0.0,0.0,0.0,0.0,46.0,A,A
hibernate-core/src/main/java/org/hibernate/bytecode/enhance/spi/interceptor/EnhancementAsProxyLazinessInterceptor.java,49.0,51.0,0.0,4.0,23.0,4.0,0.0,367.0,A,A
hibernate-core/src/main/java/org/hibernate/bytecode/enhance/spi/EnhancementContext.java,0.0,0.0,0.0,3.0,20.0,3.0,0.0,150.0,A,A
hibernate-core/src/main/java/org/hibernate/bytecode/enhance/spi/EnhancementContextWrapper.java,15.0,0.0,0.0,0.0,0.0,0.0,0.0,91.0,A,A
hibernate-core/src/main/java/org/hibernate/bytecode/enhance/spi/EnhancementException.java,2.0,0.0,0.0,0.0,0.0,0.0,0.0,32.0,A,A
tooling/hibernate-gradle-plugin/src/main/java/org/hibernate/orm/tooling/gradle/enhance/EnhancementHelper.java,30.0,29.0,0.0,2.0,10.0,2.0,0.0,201.0,A,A
hibernate-core/src/main/java/org/hibernate/bytecode/enhance/spi/interceptor/EnhancementHelper.java,36.0,55.0,0.0,7.0,50.0,7.0,0.0,293.0,A,A
hibernate-core/src/main/java/org/hibernate/bytecode/enhance/spi/EnhancementInfo.java,0.0,0.0,0.0,0.0,0.0,0.0,0.0,26.0,A,A
hibernate-testing/src/main/java/org/hibernate/testing/bytecode/enhancement/EnhancementOptions.java,0.0,0.0,0.0,0.0,0.0,0.0,0.0,27.0,A,A
hibernate-testing/src/main/java/org/hibernate/testing/bytecode/enhancement/EnhancementSelector.java,0.0,0.0,0.0,0.0,0.0,0.0,0.0,21.0,A,A
tooling/hibernate-gradle-plugin/src/main/java/org/hibernate/orm/tooling/gradle/enhance/EnhancementSpec.java,24.0,1.0,0.0,14.0,140.0,14.0,0.0,199.0,A,A
tooling/hibernate-ant/src/main/java/org/hibernate/tool/enhance/EnhancementTask.java,50.0,41.0,0.0,6.0,73.0,6.0,0.0,343.0,A,A
hibernate-core/src/main/java/org/hibernate/bytecode/enhance/spi/Enhancer.java,0.0,0.0,0.0,0.0,0.0,0.0,0.0,47.0,A,A
hibernate-core/src/main/java/org/hibernate/bytecode/enhance/spi/EnhancerConstants.java,1.0,0.0,0.0,0.0,0.0,0.0,0.0,188.0,A,A
hibernate-core/src/main/java/org/hibernate/bytecode/enhance/internal/bytebuddy/EnhancerImpl.java,82.0,87.0,1.0,20.0,80.0,21.0,0.0,683.0,C,A
hibernate-testing/src/main/java/org/hibernate/testing/bytecode/enhancement/EnhancerTestContext.java,5.0,0.0,0.0,0.0,0.0,0.0,0.0,46.0,A,A
hibernate-testing/src/main/java/org/hibernate/testing/bytecode/enhancement/EnhancerTestUtils.java,7.0,7.0,1.0,0.0,0.0,1.0,0.0,93.0,C,A
hibernate-core/src/main/java/org/hibernate/jpa/internal/enhance/EnhancingClassTransformerImpl.java,12.0,7.0,1.0,0.0,0.0,1.0,0.0,107.0,B,A
hibernate-envers/src/main/java/org/hibernate/envers/query/internal/impl/EntitiesAtRevisionAssociationQuery.java,5.0,3.0,0.0,0.0,0.0,0.0,0.0,121.0,A,A
hibernate-envers/src/main/java/org/hibernate/envers/query/internal/impl/EntitiesAtRevisionQuery.java,10.0,6.0,0.0,1.0,5.0,1.0,0.0,168.0,A,A
hibernate-envers/src/main/java/org/hibernate/envers/internal/entities/EntitiesConfigurations.java,36.0,41.0,0.0,2.0,23.0,2.0,0.0,177.0,A,A
hibernate-envers/src/main/java/org/hibernate/envers/configuration/internal/EntitiesConfigurator.java,11.0,19.0,0.0,1.0,9.0,1.0,0.0,115.0,A,A
hibernate-envers/src/main/java/org/hibernate/envers/query/internal/impl/EntitiesModifiedAtRevisionQuery.java,8.0,4.0,0.0,1.0,5.0,1.0,0.0,121.0,A,A
hibernate-core/src/main/java/org/hibernate/action/internal/EntityAction.java,31.0,12.0,0.0,1.0,15.0,1.0,0.0,203.0,A,A
hibernate-core/src/main/java/org/hibernate/action/internal/EntityActionVetoException.java,2.0,0.0,0.0,0.0,0.0,0.0,0.0,34.0,A,A
hibernate-core/src/main/java/org/hibernate/sql/results/graph/entity/internal/EntityAssembler.java,3.0,0.0,0.0,0.0,0.0,0.0,0.0,43.0,A,A
hibernate-core/src/main/java/org/hibernate/metamodel/mapping/EntityAssociationMapping.java,2.0,0.0,0.0,0.0,0.0,0.0,0.0,39.0,A,A
hibernate-envers/src/main/java/org/hibernate/envers/query/projection/internal/EntityAuditProjection.java,6.0,3.0,0.0,0.0,0.0,0.0,0.0,70.0,A,A
hibernate-core/src/main/java/org/hibernate/tuple/entity/EntityBasedAssociationAttribute.java,3.0,0.0,0.0,1.0,10.0,1.0,0.0,42.0,A,A
hibernate-core/src/main/java/org/hibernate/tuple/entity/EntityBasedBasicAttribute.java,1.0,0.0,0.0,1.0,10.0,1.0,0.0,29.0,A,A
hibernate-core/src/main/java/org/hibernate/tuple/entity/EntityBasedCompositionAttribute.java,2.0,0.0,0.0,1.0,10.0,1.0,0.0,37.0,A,A
hibernate-core/src/main/java/org/hibernate/loader/ast/spi/EntityBatchLoader.java,0.0,0.0,0.0,0.0,0.0,0.0,0.0,16.0,A,A
hibernate-core/src/main/java/org/hibernate/loader/ast/internal/EntityBatchLoaderArrayParam.java,11.0,5.0,0.0,1.0,0.0,1.0,0.0,174.0,A,A
hibernate-core/src/main/java/org/hibernate/loader/ast/internal/EntityBatchLoaderInPredicate.java,15.0,6.0,0.0,1.0,2.0,1.0,0.0,202.0,A,A
hibernate-core/src/main/java/org/hibernate/boot/model/internal/EntityBinder.java,396.0,402.0,0.0,33.0,194.0,33.0,0.0,2410.0,A,A
hibernate-core/src/main/java/org/hibernate/jpa/event/internal/EntityCallback.java,5.0,5.0,0.0,2.0,40.0,2.0,0.0,67.0,A,A
hibernate-envers/src/main/java/org/hibernate/envers/internal/synchronization/EntityChangeNotifier.java,3.0,1.0,0.0,1.0,5.0,1.0,0.0,55.0,A,A
hibernate-core/src/main/java/org/hibernate/metamodel/mapping/internal/EntityCollectionPart.java,7.0,0.0,0.0,0.0,0.0,0.0,0.0,94.0,A,A
hibernate-envers/src/main/java/org/hibernate/envers/internal/entities/EntityConfiguration.java,18.0,0.0,0.0,0.0,0.0,0.0,0.0,229.0,A,A
hibernate-core/src/main/java/org/hibernate/event/internal/EntityCopyAllowedLoggedObserver.java,19.0,25.0,0.0,5.0,25.0,5.0,0.0,169.0,A,A
hibernate-core/src/main/java/org/hibernate/event/internal/EntityCopyAllowedObserver.java,5.0,0.0,0.0,0.0,0.0,0.0,0.0,50.0,A,A
hibernate-core/src/main/java/org/hibernate/event/internal/EntityCopyNotAllowedObserver.java,9.0,4.0,0.0,1.0,0.0,1.0,0.0,67.0,A,A
hibernate-core/src/main/java/org/hibernate/event/spi/EntityCopyObserver.java,0.0,0.0,0.0,0.0,0.0,0.0,0.0,40.0,A,A
hibernate-core/src/main/java/org/hibernate/event/spi/EntityCopyObserverFactory.java,0.0,0.0,0.0,0.0,0.0,0.0,0.0,15.0,A,A
hibernate-core/src/main/java/org/hibernate/event/internal/EntityCopyObserverFactoryInitiator.java,13.0,11.0,0.0,4.0,28.0,4.0,0.0,102.0,A,A
hibernate-core/src/main/java/org/hibernate/cache/spi/access/EntityDataAccess.java,0.0,0.0,0.0,1.0,0.0,1.0,0.0,125.0,A,A
hibernate-core/src/main/java/org/hibernate/cache/cfg/spi/EntityDataCachingConfig.java,0.0,0.0,0.0,1.0,0.0,1.0,0.0,47.0,A,A
hibernate-core/src/main/java/org/hibernate/cache/cfg/internal/EntityDataCachingConfigImpl.java,7.0,0.0,0.0,1.0,5.0,1.0,0.0,70.0,A,A
hibernate-core/src/main/java/org/hibernate/sql/results/graph/entity/internal/EntityDelayedFetchImpl.java,7.0,0.0,0.0,1.0,5.0,1.0,0.0,86.0,A,A
hibernate-core/src/main/java/org/hibernate/sql/results/graph/entity/internal/EntityDelayedFetchInitializer.java,49.0,61.0,0.0,2.0,52.0,2.0,0.0,275.0,A,A
hibernate-core/src/main/java/org/hibernate/sql/results/graph/entity/internal/EntityDelayedResultImpl.java,9.0,0.0,0.0,0.0,0.0,0.0,0.0,103.0,A,A
hibernate-core/src/main/java/org/hibernate/action/internal/EntityDeleteAction.java,43.0,27.0,0.0,1.0,5.0,1.0,0.0,300.0,A,A
hibernate-core/src/main/java/org/hibernate/metamodel/mapping/EntityDiscriminatorMapping.java,8.0,1.0,0.0,0.0,0.0,0.0,0.0,105.0,A,A
hibernate-core/src/main/java/org/hibernate/metamodel/model/domain/internal/EntityDiscriminatorSqmPath.java,8.0,2.0,0.0,0.0,0.0,0.0,0.0,77.0,A,A
hibernate-core/src/main/java/org/hibernate/procedure/internal/EntityDomainResultBuilder.java,12.0,7.0,0.0,0.0,0.0,0.0,0.0,104.0,A,A
hibernate-core/src/main/java/org/hibernate/metamodel/model/domain/EntityDomainType.java,1.0,0.0,0.0,0.0,0.0,0.0,0.0,31.0,A,A
hibernate-core/src/main/java/org/hibernate/engine/spi/EntityEntry.java,0.0,0.0,0.0,0.0,0.0,0.0,0.0,154.0,A,A
hibernate-core/src/main/java/org/hibernate/engine/internal/EntityEntryContext.java,90.0,90.0,0.0,21.0,77.0,21.0,0.0,735.0,A,A
hibernate-core/src/main/java/org/hibernate/engine/spi/EntityEntryExtraState.java,0.0,0.0,0.0,0.0,0.0,0.0,0.0,33.0,A,A
hibernate-core/src/main/java/org/hibernate/engine/internal/EntityEntryExtraStateHolder.java,7.0,5.0,0.0,0.0,0.0,0.0,0.0,54.0,A,A
hibernate-core/src/main/java/org/hibernate/engine/spi/EntityEntryFactory.java,0.0,0.0,0.0,1.0,20.0,1.0,0.0,36.0,A,A
hibernate-core/src/main/java/org/hibernate/sql/results/graph/entity/EntityFetch.java,2.0,0.0,0.0,0.0,0.0,0.0,0.0,28.0,A,A
hibernate-core/src/main/java/org/hibernate/sql/results/graph/entity/internal/EntityFetchJoinedImpl.java,10.0,0.0,0.0,0.0,0.0,0.0,0.0,163.0,A,A
hibernate-core/src/main/java/org/hibernate/sql/results/graph/entity/internal/EntityFetchSelectImpl.java,8.0,0.0,0.0,0.0,0.0,0.0,0.0,107.0,A,A
hibernate-core/src/main/java/org/hibernate/engine/query/spi/EntityGraphQueryHint.java,3.0,0.0,0.0,1.0,10.0,1.0,0.0,42.0,A,A
hibernate-core/src/main/java/org/hibernate/graph/EntityGraphs.java,45.0,47.0,0.0,5.0,20.0,5.0,0.0,312.0,A,A
hibernate-core/src/main/java/org/hibernate/sql/results/graph/EntityGraphTraversalState.java,6.0,0.0,0.0,1.0,5.0,1.0,0.0,84.0,A,A
hibernate-core/src/main/java/org/hibernate/boot/model/source/internal/hbm/EntityHierarchyBuilder.java,38.0,38.0,0.0,2.0,5.0,2.0,0.0,323.0,A,A
hibernate-core/src/main/java/org/hibernate/boot/model/source/spi/EntityHierarchySource.java,0.0,0.0,0.0,0.0,0.0,0.0,0.0,111.0,A,A
hibernate-core/src/main/java/org/hibernate/boot/model/source/internal/hbm/EntityHierarchySourceImpl.java,70.0,59.0,0.0,6.0,38.0,6.0,0.0,468.0,A,A
hibernate-core/src/main/java/org/hibernate/engine/spi/EntityHolder.java,2.0,1.0,0.0,0.0,0.0,0.0,0.0,60.0,A,A
hibernate-core/src/main/java/org/hibernate/metamodel/mapping/EntityIdentifierMapping.java,10.0,9.0,0.0,0.0,0.0,0.0,0.0,156.0,A,A
hibernate-core/src/main/java/org/hibernate/id/EntityIdentifierNature.java,0.0,0.0,0.0,0.0,0.0,0.0,0.0,61.0,A,A
hibernate-core/src/main/java/org/hibernate/spi/EntityIdentifierNavigablePath.java,7.0,1.0,0.0,1.0,5.0,1.0,0.0,108.0,A,A
hibernate-core/src/main/java/org/hibernate/action/internal/EntityIdentityInsertAction.java,32.0,21.0,0.0,5.0,10.0,5.0,0.0,232.0,A,A
hibernate-core/src/main/java/org/hibernate/action/internal/EntityIncrementVersionProcess.java,3.0,1.0,0.0,1.0,5.0,1.0,0.0,51.0,A,A
hibernate-core/src/main/java/org/hibernate/boot/jaxb/hbm/spi/EntityInfo.java,0.0,0.0,0.0,0.0,0.0,0.0,0.0,59.0,A,A
hibernate-core/src/main/java/org/hibernate/sql/results/graph/entity/EntityInitializer.java,5.0,0.0,0.0,0.0,0.0,0.0,0.0,69.0,A,A
hibernate-core/src/main/java/org/hibernate/action/internal/EntityInsertAction.java,42.0,27.0,0.0,0.0,0.0,0.0,0.0,298.0,A,A
hibernate-core/src/main/java/org/hibernate/metamodel/spi/EntityInstantiator.java,1.0,0.0,0.0,0.0,0.0,0.0,0.0,27.0,A,A
hibernate-envers/src/main/java/org/hibernate/envers/internal/entities/EntityInstantiator.java,13.0,10.0,0.0,9.0,45.0,9.0,0.0,165.0,A,A
hibernate-core/src/main/java/org/hibernate/metamodel/internal/EntityInstantiatorDynamicMap.java,13.0,6.0,0.0,0.0,0.0,0.0,0.0,77.0,A,A
hibernate-core/src/main/java/org/hibernate/metamodel/internal/EntityInstantiatorPojoOptimized.java,2.0,0.0,0.0,0.0,0.0,0.0,0.0,38.0,A,A
hibernate-core/src/main/java/org/hibernate/metamodel/internal/EntityInstantiatorPojoStandard.java,12.0,10.0,0.0,1.0,20.0,1.0,0.0,105.0,A,A
hibernate-core/src/main/java/org/hibernate/type/descriptor/java/spi/EntityJavaType.java,12.0,3.0,0.0,0.0,0.0,0.0,0.0,91.0,A,A
hibernate-core/src/main/java/org/hibernate/sql/results/graph/entity/internal/EntityJoinedFetchInitializer.java,12.0,13.0,0.0,1.0,5.0,1.0,0.0,115.0,A,A
hibernate-core/src/main/java/org/hibernate/engine/spi/EntityKey.java,22.0,8.0,0.0,2.0,45.0,2.0,0.0,156.0,A,A
hibernate-core/src/main/java/org/hibernate/loader/ast/spi/EntityLoader.java,0.0,0.0,0.0,0.0,0.0,0.0,0.0,20.0,A,A
hibernate-core/src/main/java/org/hibernate/sql/results/graph/entity/EntityLoadingLogging.java,0.0,0.0,0.0,1.0,10.0,1.0,0.0,26.0,A,A
hibernate-testing/src/main/java/org/hibernate/testing/orm/junit/EntityManagerFactoryBasedFunctionalTest.java,52.0,6.0,0.0,6.0,30.0,6.0,0.0,318.0,A,A
hibernate-core/src/main/java/org/hibernate/jpa/boot/spi/EntityManagerFactoryBuilder.java,0.0,0.0,0.0,0.0,0.0,0.0,0.0,72.0,A,A
hibernate-core/src/main/java/org/hibernate/jpa/boot/internal/EntityManagerFactoryBuilderImpl.java,243.0,278.0,0.0,19.0,175.0,19.0,0.0,1704.0,A,A
hibernate-testing/src/main/java/org/hibernate/testing/orm/junit/EntityManagerFactoryExtension.java,39.0,42.0,0.0,6.0,90.0,6.0,0.0,332.0,A,A
hibernate-testing/src/main/java/org/hibernate/testing/orm/junit/EntityManagerFactoryParameterResolver.java,3.0,1.0,0.0,1.0,5.0,1.0,0.0,50.0,A,A
hibernate-testing/src/main/java/org/hibernate/testing/orm/junit/EntityManagerFactoryProducer.java,0.0,0.0,0.0,0.0,0.0,0.0,0.0,30.0,A,A
hibernate-testing/src/main/java/org/hibernate/testing/orm/junit/EntityManagerFactoryScope.java,1.0,0.0,0.0,0.0,0.0,0.0,0.0,44.0,A,A
hibernate-testing/src/main/java/org/hibernate/testing/orm/junit/EntityManagerFactoryScopeContainer.java,0.0,0.0,0.0,0.0,0.0,0.0,0.0,32.0,A,A
hibernate-testing/src/main/java/org/hibernate/testing/orm/junit/EntityManagerFactoryScopeExtension.java,11.0,4.0,0.0,2.0,7.0,2.0,0.0,116.0,A,A
hibernate-core/src/main/java/org/hibernate/internal/EntityManagerMessageLogger.java,0.0,0.0,0.0,0.0,0.0,0.0,0.0,136.0,A,A
hibernate-envers/src/main/java/org/hibernate/envers/configuration/internal/metadata/EntityMappingData.java,16.0,2.0,0.0,0.0,0.0,0.0,0.0,83.0,A,A
hibernate-core/src/main/java/org/hibernate/metamodel/mapping/EntityMappingType.java,59.0,6.0,0.0,7.0,35.0,7.0,0.0,680.0,A,A
hibernate-core/src/main/java/org/hibernate/tuple/entity/EntityMetamodel.java,148.0,142.0,0.0,6.0,119.0,6.0,0.0,853.0,A,A
hibernate-core/src/main/java/org/hibernate/loader/ast/spi/EntityMultiLoader.java,0.0,0.0,0.0,1.0,5.0,1.0,0.0,16.0,A,A
hibernate-core/src/main/java/org/hibernate/sql/model/EntityMutationOperationGroup.java,1.0,0.0,0.0,0.0,0.0,0.0,0.0,26.0,A,A
hibernate-core/src/main/java/org/hibernate/sql/model/internal/EntityMutationOperationGroupStandard.java,12.0,5.0,0.0,0.0,0.0,0.0,0.0,107.0,A,A
hibernate-core/src/main/java/org/hibernate/persister/entity/mutation/EntityMutationTarget.java,0.0,0.0,0.0,0.0,0.0,0.0,0.0,53.0,A,A
hibernate-core/src/main/java/org/hibernate/EntityNameResolver.java,0.0,0.0,0.0,0.0,0.0,0.0,0.0,45.0,A,A
hibernate-core/src/main/java/org/hibernate/persister/entity/EntityNameUse.java,30.0,19.0,0.0,0.0,0.0,0.0,0.0,110.0,A,A
hibernate-core/src/main/java/org/hibernate/boot/model/naming/EntityNaming.java,0.0,0.0,0.0,1.0,0.0,1.0,0.0,41.0,A,A
hibernate-core/src/main/java/org/hibernate/boot/model/source/spi/EntityNamingSource.java,0.0,0.0,0.0,0.0,0.0,0.0,0.0,25.0,A,A
hibernate-core/src/main/java/org/hibernate/boot/model/source/spi/EntityNamingSourceContributor.java,0.0,0.0,0.0,0.0,0.0,0.0,0.0,15.0,A,A
hibernate-core/src/main/java/org/hibernate/boot/model/source/internal/hbm/EntityNamingSourceImpl.java,7.0,1.0,0.0,0.0,0.0,0.0,0.0,57.0,A,A
hibernate-core/src/main/java/org/hibernate/cache/spi/support/EntityNonStrictReadWriteAccess.java,8.0,0.0,0.0,0.0,0.0,0.0,0.0,87.0,A,A
hibernate-core/src/main/java/org/hibernate/proxy/EntityNotFoundDelegate.java,0.0,0.0,0.0,0.0,0.0,0.0,0.0,20.0,A,A
hibernate-testing/src/main/java/org/hibernate/testing/orm/domain/gambit/EntityOfArrays.java,8.0,0.0,0.0,0.0,0.0,0.0,0.0,67.0,A,A
hibernate-testing/src/main/java/org/hibernate/testing/orm/domain/gambit/EntityOfBasics.java,66.0,8.0,0.0,0.0,0.0,0.0,0.0,359.0,A,A
hibernate-testing/src/main/java/org/hibernate/testing/orm/domain/gambit/EntityOfComposites.java,10.0,0.0,0.0,0.0,0.0,0.0,0.0,67.0,A,A
hibernate-testing/src/main/java/org/hibernate/testing/orm/domain/gambit/EntityOfDynamicComponent.java,9.0,0.0,0.0,6.0,30.0,6.0,0.0,63.0,A,A
hibernate-testing/src/main/java/org/hibernate/testing/orm/domain/gambit/EntityOfLists.java,34.0,7.0,0.0,0.0,0.0,0.0,0.0,219.0,A,A
hibernate-testing/src/main/java/org/hibernate/testing/orm/domain/gambit/EntityOfMaps.java,68.0,15.0,0.0,0.0,0.0,0.0,0.0,453.0,A,A
hibernate-testing/src/main/java/org/hibernate/testing/orm/domain/gambit/EntityOfSets.java,50.0,11.0,0.0,0.0,0.0,0.0,0.0,345.0,A,A
hibernate-core/src/main/java/org/hibernate/boot/jaxb/mapping/EntityOrMappedSuperclass.java,0.0,0.0,0.0,0.0,0.0,0.0,0.0,63.0,A,A
hibernate-core/src/main/java/org/hibernate/persister/entity/EntityPersister.java,37.0,7.0,0.0,16.0,185.0,16.0,0.0,1126.0,A,A
hibernate-core/src/main/java/org/hibernate/metamodel/model/domain/internal/EntityPersisterConcurrentMap.java,12.0,2.0,1.0,2.0,12.0,3.0,0.0,105.0,B,A
hibernate-core/src/main/java/org/hibernate/internal/util/EntityPrinter.java,20.0,22.0,0.0,1.0,20.0,1.0,0.0,131.0,A,A
hibernate-envers/src/main/java/org/hibernate/envers/query/internal/property/EntityPropertyName.java,2.0,0.0,0.0,0.0,0.0,0.0,0.0,28.0,A,A
hibernate-core/src/main/java/org/hibernate/cache/spi/support/EntityReadOnlyAccess.java,8.0,1.0,0.0,0.0,0.0,0.0,0.0,86.0,A,A
hibernate-core/src/main/java/org/hibernate/cache/spi/support/EntityReadWriteAccess.java,16.0,9.0,0.0,1.0,5.0,1.0,0.0,155.0,A,A
hibernate-core/src/main/java/org/hibernate/metamodel/spi/EntityRepresentationStrategy.java,4.0,0.0,0.0,0.0,0.0,0.0,0.0,53.0,A,A
hibernate-core/src/main/java/org/hibernate/metamodel/internal/EntityRepresentationStrategyMap.java,11.0,2.0,0.0,2.0,5.0,2.0,0.0,129.0,A,A
hibernate-core/src/main/java/org/hibernate/metamodel/internal/EntityRepresentationStrategyPojoStandard.java,51.0,56.0,0.0,5.0,36.0,5.0,0.0,400.0,A,A
hibernate-core/src/main/java/org/hibernate/sql/results/graph/entity/EntityResult.java,0.0,0.0,0.0,0.0,0.0,0.0,0.0,18.0,A,A
hibernate-core/src/main/java/org/hibernate/sql/results/graph/entity/EntityResultGraphNode.java,4.0,0.0,0.0,0.0,0.0,0.0,0.0,51.0,A,A
hibernate-core/src/main/java/org/hibernate/query/results/complete/EntityResultImpl.java,14.0,0.0,0.0,1.0,5.0,1.0,0.0,143.0,A,A
hibernate-core/src/main/java/org/hibernate/sql/results/graph/entity/internal/EntityResultImpl.java,14.0,7.0,0.0,0.0,0.0,0.0,0.0,104.0,A,A
hibernate-core/src/main/java/org/hibernate/sql/results/graph/entity/internal/EntityResultInitializer.java,5.0,0.0,0.0,0.0,0.0,0.0,0.0,69.0,A,A
hibernate-core/src/main/java/org/hibernate/sql/results/graph/entity/internal/EntityResultJoinedSubclassImpl.java,3.0,0.0,0.0,0.0,0.0,0.0,0.0,52.0,A,A
hibernate-core/src/main/java/org/hibernate/metamodel/mapping/EntityRowIdMapping.java,0.0,0.0,0.0,0.0,0.0,0.0,0.0,17.0,A,A
hibernate-core/src/main/java/org/hibernate/metamodel/mapping/internal/EntityRowIdMappingImpl.java,34.0,1.0,0.0,4.0,40.0,4.0,0.0,251.0,A,A
hibernate-core/src/main/java/org/hibernate/sql/results/graph/entity/internal/EntitySelectFetchByUniqueKeyInitializer.java,22.0,21.0,0.0,0.0,0.0,0.0,0.0,146.0,A,A
hibernate-core/src/main/java/org/hibernate/sql/results/graph/entity/internal/EntitySelectFetchInitializer.java,43.0,34.0,0.0,1.0,14.0,1.0,0.0,292.0,A,A
hibernate-core/src/main/java/org/hibernate/sql/results/graph/entity/internal/EntitySelectFetchInitializerBuilder.java,22.0,26.0,0.0,2.0,10.0,2.0,0.0,161.0,A,A
hibernate-core/src/main/java/org/hibernate/boot/model/source/spi/EntitySource.java,0.0,0.0,0.0,0.0,0.0,0.0,0.0,155.0,A,A
hibernate-core/src/main/java/org/hibernate/metamodel/model/domain/internal/EntitySqmPathSource.java,8.0,0.0,0.0,0.0,0.0,0.0,0.0,87.0,A,A
hibernate-core/src/main/java/org/hibernate/event/internal/EntityState.java,10.0,15.0,0.0,0.0,0.0,0.0,0.0,85.0,A,A
hibernate-core/src/main/java/org/hibernate/stat/EntityStatistics.java,0.0,0.0,0.0,0.0,0.0,0.0,0.0,54.0,A,A
hibernate-core/src/main/java/org/hibernate/stat/internal/EntityStatisticsImpl.java,16.0,2.0,0.0,0.0,0.0,0.0,0.0,101.0,A,A
hibernate-core/src/main/java/org/hibernate/persister/entity/mutation/EntityTableMapping.java,64.0,9.0,0.0,3.0,35.0,3.0,0.0,412.0,A,A
hibernate-envers/src/main/java/org/hibernate/envers/internal/tools/EntityTools.java,15.0,8.0,0.0,2.0,10.0,2.0,0.0,100.0,A,A
hibernate-envers/src/main/java/org/hibernate/envers/EntityTrackingRevisionListener.java,0.0,0.0,0.0,0.0,0.0,0.0,0.0,30.0,A,A
hibernate-core/src/main/java/org/hibernate/cache/spi/support/EntityTransactionalAccess.java,6.0,0.0,0.0,0.0,0.0,0.0,0.0,74.0,A,A
hibernate-core/src/main/java/org/hibernate/type/EntityType.java,100.0,93.0,0.0,4.0,26.0,4.0,0.0,777.0,A,A
hibernate-envers/src/main/java/org/hibernate/envers/query/criteria/internal/EntityTypeAuditExpression.java,4.0,2.0,0.0,1.0,0.0,1.0,0.0,63.0,A,A
hibernate-core/src/main/java/org/hibernate/query/sqm/EntityTypeException.java,2.0,0.0,0.0,0.0,0.0,0.0,0.0,36.0,A,A
hibernate-core/src/main/java/org/hibernate/metamodel/model/domain/internal/EntityTypeImpl.java,39.0,25.0,0.0,1.0,5.0,1.0,0.0,282.0,A,A
hibernate-core/src/main/java/org/hibernate/sql/ast/tree/expression/EntityTypeLiteral.java,18.0,0.0,0.0,0.0,0.0,0.0,0.0,152.0,A,A
hibernate-core/src/main/java/org/hibernate/engine/spi/EntityUniqueKey.java,19.0,5.0,0.0,1.0,30.0,1.0,0.0,146.0,A,A
hibernate-core/src/main/java/org/hibernate/action/internal/EntityUpdateAction.java,68.0,51.0,0.0,3.0,10.0,3.0,0.0,467.0,A,A
hibernate-core/src/main/java/org/hibernate/sql/results/graph/entity/EntityValuedFetchable.java,0.0,0.0,0.0,0.0,0.0,0.0,0.0,35.0,A,A
hibernate-core/src/main/java/org/hibernate/metamodel/mapping/EntityValuedModelPart.java,13.0,0.0,0.0,0.0,0.0,0.0,0.0,131.0,A,A
hibernate-core/src/main/java/org/hibernate/query/sqm/sql/internal/EntityValuedPathInterpretation.java,74.0,107.0,0.0,4.0,43.0,4.0,0.0,494.0,A,A
hibernate-core/src/main/java/org/hibernate/action/internal/EntityVerifyVersionProcess.java,4.0,3.0,0.0,1.0,5.0,1.0,0.0,54.0,A,A
hibernate-core/src/main/java/org/hibernate/metamodel/mapping/EntityVersionMapping.java,2.0,0.0,0.0,0.0,0.0,0.0,0.0,45.0,A,A
hibernate-core/src/main/java/org/hibernate/metamodel/mapping/internal/EntityVersionMappingImpl.java,39.0,0.0,0.0,2.0,20.0,2.0,0.0,360.0,A,A
hibernate-testing/src/main/java/org/hibernate/testing/orm/domain/gambit/EntityWithAggregateId.java,12.0,0.0,0.0,0.0,0.0,0.0,0.0,79.0,A,A
hibernate-testing/src/main/java/org/hibernate/testing/orm/domain/gambit/EntityWithLazyManyToOneSelfReference.java,12.0,0.0,0.0,0.0,0.0,0.0,0.0,96.0,A,A
hibernate-testing/src/main/java/org/hibernate/testing/orm/domain/gambit/EntityWithLazyOneToOne.java,10.0,0.0,0.0,0.0,0.0,0.0,0.0,69.0,A,A
hibernate-testing/src/main/java/org/hibernate/testing/orm/domain/gambit/EntityWithManyToOneJoinTable.java,12.0,0.0,0.0,0.0,0.0,0.0,0.0,89.0,A,A
hibernate-testing/src/main/java/org/hibernate/testing/orm/domain/gambit/EntityWithManyToOneSelfReference.java,12.0,0.0,0.0,0.0,0.0,0.0,0.0,95.0,A,A
hibernate-testing/src/main/java/org/hibernate/testing/orm/domain/gambit/EntityWithManyToOneWithoutJoinTable.java,8.0,0.0,0.0,0.0,0.0,0.0,0.0,56.0,A,A
hibernate-testing/src/main/java/org/hibernate/testing/orm/domain/gambit/EntityWithNonIdAttributeNamedId.java,4.0,0.0,0.0,0.0,0.0,0.0,0.0,38.0,A,A
hibernate-testing/src/main/java/org/hibernate/testing/orm/domain/gambit/EntityWithNotAggregateId.java,20.0,8.0,0.0,0.0,0.0,0.0,0.0,99.0,A,A
hibernate-testing/src/main/java/org/hibernate/testing/orm/domain/gambit/EntityWithOneToMany.java,13.0,0.0,0.0,0.0,0.0,0.0,0.0,99.0,A,A
hibernate-testing/src/main/java/org/hibernate/testing/orm/domain/gambit/EntityWithOneToManyNotOwned.java,5.0,0.0,0.0,0.0,0.0,0.0,0.0,46.0,A,A
hibernate-testing/src/main/java/org/hibernate/testing/orm/domain/gambit/EntityWithOneToOne.java,10.0,0.0,0.0,0.0,0.0,0.0,0.0,68.0,A,A
hibernate-testing/src/main/java/org/hibernate/testing/orm/domain/gambit/EntityWithOneToOneJoinTable.java,10.0,0.0,0.0,0.0,0.0,0.0,0.0,72.0,A,A
hibernate-testing/src/main/java/org/hibernate/testing/orm/domain/gambit/EntityWithOneToOneSharingPrimaryKey.java,10.0,0.0,0.0,0.0,0.0,0.0,0.0,72.0,A,A
hibernate-core/src/main/java/org/hibernate/type/descriptor/converter/internal/EnumHelper.java,2.0,1.0,0.0,1.0,5.0,1.0,0.0,22.0,A,A
hibernate-core/src/main/java/org/hibernate/type/descriptor/java/EnumJavaType.java,55.0,43.0,0.0,1.0,0.0,1.0,0.0,260.0,A,A
hibernate-core/src/main/java/org/hibernate/type/EnumType.java,53.0,35.0,0.0,3.0,22.0,3.0,0.0,339.0,A,A
hibernate-core/src/main/java/org/hibernate/boot/jaxb/mapping/marshall/EnumTypeMarshalling.java,4.0,2.0,0.0,1.0,5.0,1.0,0.0,25.0,A,A
hibernate-testing/src/main/java/org/hibernate/testing/orm/domain/gambit/EnumValue.java,8.0,3.0,0.0,1.0,20.0,1.0,0.0,48.0,A,A
hibernate-testing/src/main/java/org/hibernate/testing/orm/domain/gambit/EnumValueConverter.java,3.0,1.0,0.0,0.0,0.0,0.0,0.0,25.0,A,A
hibernate-spatial/src/main/java/org/hibernate/spatial/jts/EnvelopeAdapter.java,3.0,0.0,0.0,0.0,0.0,0.0,0.0,53.0,A,A
hibernate-envers/src/main/java/org/hibernate/envers/boot/EnversBootLogger.java,2.0,0.0,0.0,0.0,0.0,0.0,0.0,59.0,A,A
hibernate-envers/src/main/java/org/hibernate/envers/boot/internal/EnversIntegrator.java,7.0,5.0,0.0,0.0,0.0,0.0,0.0,125.0,A,A
hibernate-envers/src/main/java/org/hibernate/envers/event/spi/EnversListener.java,0.0,0.0,0.0,0.0,0.0,0.0,0.0,16.0,A,A
hibernate-envers/src/main/java/org/hibernate/envers/event/spi/EnversListenerDuplicationStrategy.java,3.0,1.0,0.0,1.0,0.0,1.0,0.0,32.0,A,A
hibernate-envers/src/main/java/org/hibernate/envers/internal/EnversLogging.java,5.0,0.0,0.0,2.0,10.0,2.0,0.0,39.0,A,A
hibernate-envers/src/main/java/org/hibernate/envers/boot/EnversMappingException.java,3.0,0.0,0.0,0.0,0.0,0.0,0.0,33.0,A,A
hibernate-envers/src/main/java/org/hibernate/envers/internal/EnversMessageLogger.java,0.0,0.0,0.0,0.0,0.0,0.0,0.0,24.0,A,A
hibernate-envers/src/main/java/org/hibernate/envers/boot/spi/EnversMetadataBuildingContext.java,0.0,0.0,0.0,0.0,0.0,0.0,0.0,35.0,A,A
hibernate-envers/src/main/java/org/hibernate/envers/boot/internal/EnversMetadataBuildingContextImpl.java,15.0,0.0,0.0,1.0,2.0,1.0,0.0,121.0,A,A
hibernate-envers/src/main/java/org/hibernate/envers/event/spi/EnversPostCollectionRecreateEventListenerImpl.java,3.0,2.0,0.0,0.0,0.0,0.0,0.0,41.0,A,A
hibernate-envers/src/main/java/org/hibernate/envers/event/spi/EnversPostDeleteEventListenerImpl.java,5.0,3.0,0.0,0.0,0.0,0.0,0.0,66.0,A,A
hibernate-envers/src/main/java/org/hibernate/envers/event/spi/EnversPostInsertEventListenerImpl.java,5.0,3.0,0.0,0.0,0.0,0.0,0.0,66.0,A,A
hibernate-envers/src/main/java/org/hibernate/envers/event/spi/EnversPostUpdateEventListenerImpl.java,11.0,10.0,0.0,0.0,0.0,0.0,0.0,92.0,A,A
hibernate-envers/src/main/java/org/hibernate/envers/event/spi/EnversPreCollectionRemoveEventListenerImpl.java,7.0,11.0,0.0,0.0,0.0,0.0,0.0,54.0,A,A
hibernate-envers/src/main/java/org/hibernate/envers/event/spi/EnversPreCollectionUpdateEventListenerImpl.java,3.0,2.0,0.0,0.0,0.0,0.0,0.0,41.0,A,A
hibernate-envers/src/main/java/org/hibernate/envers/event/spi/EnversPreUpdateEventListenerImpl.java,4.0,3.0,0.0,0.0,0.0,0.0,0.0,41.0,A,A
hibernate-envers/src/main/java/org/hibernate/envers/boot/internal/EnversService.java,0.0,0.0,0.0,0.0,0.0,0.0,0.0,76.0,A,A
hibernate-envers/src/main/java/org/hibernate/envers/boot/internal/EnversServiceContributor.java,1.0,0.0,0.0,0.0,0.0,0.0,0.0,24.0,A,A
hibernate-envers/src/main/java/org/hibernate/envers/boot/internal/EnversServiceImpl.java,27.0,11.0,0.0,4.0,35.0,4.0,0.0,210.0,A,A
hibernate-envers/src/main/java/org/hibernate/envers/boot/internal/EnversServiceInitiator.java,2.0,0.0,0.0,1.0,0.0,1.0,0.0,35.0,A,A
hibernate-envers/src/main/java/org/hibernate/envers/configuration/EnversSettings.java,0.0,0.0,0.0,1.0,10.0,1.0,0.0,196.0,A,A
hibernate-core/src/main/java/org/hibernate/cfg/Environment.java,2.0,4.0,0.0,2.0,40.0,2.0,0.0,197.0,A,A
local-build-plugins/src/main/java/org/hibernate/orm/env/EnvironmentProjectPlugin.java,1.0,0.0,0.0,0.0,0.0,0.0,0.0,22.0,A,A
hibernate-core/src/main/java/org/hibernate/cfg/EnvironmentSettings.java,0.0,0.0,0.0,1.0,10.0,1.0,0.0,57.0,A,A
local-build-plugins/src/main/java/org/hibernate/orm/env/EnvironmentSettingsPlugin.java,1.0,0.0,0.0,0.0,0.0,0.0,0.0,16.0,A,A
tooling/metamodel-generator/src/main/java/org/hibernate/jpamodelgen/annotation/ErrorHandler.java,8.0,0.0,0.0,3.0,15.0,3.0,0.0,83.0,A,A
hibernate-core/src/main/java/org/hibernate/event/service/spi/EventActionWithParameter.java,0.0,0.0,0.0,0.0,0.0,0.0,0.0,18.0,A,A
hibernate-core/src/main/java/org/hibernate/event/spi/EventEngine.java,19.0,14.0,0.0,0.0,0.0,0.0,0.0,164.0,A,A
hibernate-core/src/main/java/org/hibernate/event/spi/EventEngineContributions.java,0.0,0.0,0.0,0.0,0.0,0.0,0.0,43.0,A,A
hibernate-core/src/main/java/org/hibernate/event/spi/EventEngineContributor.java,0.0,0.0,0.0,0.0,0.0,0.0,0.0,25.0,A,A
hibernate-core/src/main/java/org/hibernate/event/service/spi/EventListenerGroup.java,0.0,0.0,0.0,5.0,50.0,5.0,0.0,159.0,A,A
hibernate-core/src/main/java/org/hibernate/event/service/internal/EventListenerGroupImpl.java,69.0,64.0,2.0,9.0,73.0,11.0,0.0,398.0,B,A
hibernate-core/src/main/java/org/hibernate/event/service/spi/EventListenerRegistrationException.java,2.0,0.0,0.0,0.0,0.0,0.0,0.0,25.0,A,A
hibernate-core/src/main/java/org/hibernate/event/service/spi/EventListenerRegistry.java,0.0,0.0,0.0,0.0,0.0,0.0,0.0,34.0,A,A
hibernate-core/src/main/java/org/hibernate/event/service/internal/EventListenerRegistryImpl.java,33.0,17.0,0.0,1.0,15.0,1.0,0.0,390.0,A,A
hibernate-core/src/main/java/org/hibernate/event/spi/EventManager.java,3.0,0.0,0.0,0.0,0.0,0.0,0.0,187.0,A,A
hibernate-core/src/main/java/org/hibernate/event/spi/EventSource.java,0.0,0.0,0.0,1.0,0.0,1.0,0.0,70.0,A,A
hibernate-core/src/main/java/org/hibernate/event/spi/EventType.java,16.0,2.0,0.0,3.0,55.0,3.0,0.0,194.0,A,A
hibernate-core/src/main/java/org/hibernate/generator/EventType.java,0.0,0.0,0.0,0.0,0.0,0.0,0.0,42.0,A,A
hibernate-core/src/main/java/org/hibernate/generator/EventTypeSets.java,1.0,0.0,0.0,7.0,65.0,7.0,0.0,36.0,A,A
hibernate-core/src/main/java/org/hibernate/event/internal/EventUtil.java,2.0,1.0,0.0,1.0,5.0,1.0,0.0,14.0,A,A
hibernate-core/src/main/java/org/hibernate/sql/ast/tree/expression/Every.java,6.0,0.0,0.0,0.0,0.0,0.0,0.0,79.0,A,A
hibernate-core/src/main/java/org/hibernate/dialect/function/EveryAnyEmulation.java,10.0,13.0,0.0,0.0,0.0,0.0,0.0,119.0,A,A
hibernate-testing/src/main/java/org/hibernate/testing/bytecode/enhancement/EverythingSelector.java,1.0,0.0,0.0,1.0,0.0,1.0,0.0,23.0,A,A
hibernate-core/src/main/java/org/hibernate/event/spi/EvictEvent.java,3.0,0.0,0.0,0.0,0.0,0.0,0.0,31.0,A,A
hibernate-core/src/main/java/org/hibernate/event/spi/EvictEventListener.java,0.0,0.0,0.0,0.0,0.0,0.0,0.0,25.0,A,A
hibernate-core/src/main/java/org/hibernate/event/internal/EvictVisitor.java,15.0,13.0,0.0,1.0,0.0,1.0,0.0,101.0,A,A
hibernate-core/src/main/java/org/hibernate/engine/spi/ExceptionConverter.java,0.0,0.0,0.0,0.0,0.0,0.0,0.0,57.0,A,A
hibernate-core/src/main/java/org/hibernate/internal/ExceptionConverterImpl.java,48.0,62.0,0.0,4.0,37.0,4.0,0.0,274.0,A,A
hibernate-core/src/main/java/org/hibernate/tool/schema/spi/ExceptionHandler.java,0.0,0.0,0.0,0.0,0.0,0.0,0.0,22.0,A,A
hibernate-core/src/main/java/org/hibernate/tool/schema/internal/ExceptionHandlerCollectingImpl.java,3.0,0.0,0.0,1.0,5.0,1.0,0.0,33.0,A,A
hibernate-core/src/main/java/org/hibernate/tool/schema/internal/ExceptionHandlerHaltImpl.java,1.0,0.0,0.0,1.0,0.0,1.0,0.0,36.0,A,A
hibernate-core/src/main/java/org/hibernate/tool/schema/internal/ExceptionHandlerLoggedImpl.java,1.0,0.0,0.0,1.0,0.0,1.0,0.0,34.0,A,A
hibernate-core/src/main/java/org/hibernate/internal/util/ExceptionHelper.java,8.0,5.0,0.0,0.0,0.0,0.0,0.0,50.0,A,A
hibernate-core/src/main/java/org/hibernate/resource/transaction/backend/jta/internal/synchronization/ExceptionMapper.java,0.0,0.0,0.0,0.0,0.0,0.0,0.0,41.0,A,A
hibernate-core/src/main/java/org/hibernate/jpa/internal/ExceptionMapperLegacyJpaImpl.java,4.0,2.0,0.0,1.0,0.0,1.0,0.0,41.0,A,A
hibernate-core/src/main/java/org/hibernate/internal/ExceptionMapperStandardImpl.java,2.0,0.0,0.0,0.0,0.0,0.0,0.0,41.0,A,A
hibernate-testing/src/main/java/org/hibernate/testing/util/ExceptionUtil.java,25.0,16.0,0.0,1.0,2.0,1.0,0.0,114.0,A,A
hibernate-core/src/main/java/org/hibernate/action/spi/Executable.java,0.0,0.0,0.0,0.0,0.0,0.0,0.0,67.0,A,A
hibernate-testing/src/main/java/org/hibernate/testing/async/Executable.java,0.0,0.0,0.0,0.0,0.0,0.0,0.0,25.0,A,A
hibernate-testing/src/main/java/org/hibernate/testing/async/ExecutableAdapter.java,8.0,6.0,0.0,2.0,10.0,2.0,0.0,60.0,A,A
hibernate-core/src/main/java/org/hibernate/engine/spi/ExecutableList.java,52.0,52.0,0.0,4.0,50.0,4.0,0.0,361.0,A,A
hibernate-core/src/main/java/org/hibernate/engine/spi/ExecuteUpdateResultCheckStyle.java,13.0,7.0,0.0,0.0,0.0,0.0,0.0,91.0,A,A
hibernate-core/src/main/java/org/hibernate/boot/jaxb/hbm/internal/ExecuteUpdateResultCheckStyleConverter.java,2.0,0.0,0.0,1.0,5.0,1.0,0.0,25.0,A,A
hibernate-core/src/main/java/org/hibernate/query/sqm/mutation/internal/temptable/ExecuteWithoutIdTableHelper.java,3.0,0.0,0.0,1.0,5.0,1.0,0.0,68.0,A,A
hibernate-core/src/main/java/org/hibernate/query/sqm/mutation/internal/temptable/ExecuteWithTemporaryTableHelper.java,30.0,25.0,0.0,6.0,26.0,6.0,0.0,349.0,A,A
hibernate-core/src/main/java/org/hibernate/sql/exec/spi/ExecutionContext.java,11.0,1.0,0.0,1.0,0.0,1.0,0.0,101.0,A,A
hibernate-core/src/main/java/org/hibernate/loader/ast/internal/ExecutionContextWithSubselectFetchHandler.java,3.0,1.0,0.0,0.0,0.0,0.0,0.0,33.0,A,A
hibernate-core/src/main/java/org/hibernate/sql/exec/ExecutionException.java,2.0,0.0,0.0,0.0,0.0,0.0,0.0,25.0,A,A
hibernate-core/src/main/java/org/hibernate/tool/schema/spi/ExecutionOptions.java,0.0,0.0,0.0,0.0,0.0,0.0,0.0,29.0,A,A
hibernate-core/src/main/java/org/hibernate/sql/ast/tree/predicate/ExistsPredicate.java,7.0,0.0,0.0,0.0,0.0,0.0,0.0,56.0,A,A
hibernate-core/src/main/java/org/hibernate/jdbc/Expectation.java,1.0,0.0,0.0,0.0,0.0,0.0,0.0,59.0,A,A
hibernate-core/src/main/java/org/hibernate/jdbc/Expectations.java,30.0,15.0,0.0,1.0,10.0,1.0,0.0,192.0,A,A
hibernate-testing/src/main/java/org/hibernate/testing/orm/junit/ExpectedException.java,0.0,0.0,0.0,0.0,0.0,0.0,0.0,34.0,A,A
hibernate-testing/src/main/java/org/hibernate/testing/orm/junit/ExpectedExceptionExtension.java,3.0,3.0,0.0,1.0,5.0,1.0,0.0,45.0,A,A
hibernate-core/src/main/java/org/hibernate/metamodel/mapping/internal/ExplicitColumnDiscriminatorMappingImpl.java,22.0,3.0,0.0,0.0,0.0,0.0,0.0,172.0,A,A
hibernate-core/src/main/java/org/hibernate/boot/archive/internal/ExplodedArchiveDescriptor.java,28.0,26.0,0.0,3.0,60.0,3.0,0.0,197.0,A,A
hibernate-core/src/main/java/org/hibernate/boot/model/relational/Exportable.java,0.0,0.0,0.0,0.0,0.0,0.0,0.0,24.0,A,A
hibernate-core/src/main/java/org/hibernate/id/ExportableColumn.java,28.0,0.0,0.0,3.0,15.0,3.0,0.0,191.0,A,A
hibernate-core/src/main/java/org/hibernate/boot/model/relational/ExportableProducer.java,0.0,0.0,0.0,0.0,0.0,0.0,0.0,22.0,A,A
tooling/hibernate-ant/src/main/java/org/hibernate/tool/hbm2ddl/Exporter.java,0.0,0.0,0.0,3.0,50.0,3.0,0.0,21.0,A,A
hibernate-core/src/main/java/org/hibernate/tool/schema/spi/Exporter.java,0.0,0.0,0.0,1.0,15.0,1.0,0.0,40.0,A,A
hibernate-core/src/main/java/org/hibernate/sql/ast/tree/expression/Expression.java,7.0,3.0,0.0,2.0,15.0,2.0,0.0,92.0,A,A
hibernate-core/src/main/java/org/hibernate/query/sqm/mutation/internal/ExpressionDomainResultProducer.java,6.0,0.0,0.0,0.0,0.0,0.0,0.0,65.0,A,A
hibernate-core/src/main/java/org/hibernate/sql/ast/spi/ExpressionReplacementWalker.java,104.0,44.0,0.0,0.0,0.0,0.0,0.0,645.0,A,A
hibernate-envers/src/main/java/org/hibernate/envers/query/criteria/ExtendableCriterion.java,0.0,0.0,0.0,0.0,0.0,0.0,0.0,16.0,A,A
hibernate-core/src/main/java/org/hibernate/resource/beans/container/spi/ExtendedBeanManager.java,0.0,0.0,0.0,0.0,0.0,0.0,0.0,39.0,A,A
hibernate-testing/src/main/java/org/hibernate/testing/junit4/ExtendedFrameworkMethod.java,14.0,2.0,0.0,0.0,0.0,0.0,0.0,93.0,A,A
hibernate-envers/src/main/java/org/hibernate/envers/internal/entities/mapper/ExtendedPropertyMapper.java,0.0,0.0,0.0,0.0,0.0,0.0,0.0,24.0,A,A
hibernate-core/src/main/java/org/hibernate/engine/spi/ExtendedSelfDirtinessTracker.java,0.0,0.0,0.0,0.0,0.0,0.0,0.0,30.0,A,A
hibernate-core/src/main/java/org/hibernate/cache/spi/ExtendedStatisticsSupport.java,0.0,0.0,0.0,0.0,0.0,0.0,0.0,21.0,A,A
hibernate-testing/src/main/java/org/hibernate/testing/orm/junit/ExtraAssertions.java,13.0,12.0,0.0,3.0,15.0,3.0,0.0,83.0,A,A
hibernate-testing/src/main/java/org/hibernate/testing/junit4/ExtraAssertions.java,16.0,15.0,0.0,4.0,20.0,4.0,0.0,103.0,A,A
hibernate-core/src/main/java/org/hibernate/engine/jdbc/env/spi/ExtractedDatabaseMetaData.java,1.0,0.0,0.0,0.0,0.0,0.0,0.0,136.0,A,A
hibernate-core/src/main/java/org/hibernate/engine/jdbc/env/internal/ExtractedDatabaseMetaDataImpl.java,34.0,8.0,0.0,3.0,30.0,3.0,0.0,322.0,A,A
hibernate-core/src/main/java/org/hibernate/dialect/function/ExtractFunction.java,20.0,8.0,0.0,2.0,17.0,2.0,0.0,313.0,A,A
hibernate-core/src/main/java/org/hibernate/tool/schema/extract/spi/ExtractionContext.java,12.0,3.0,0.0,0.0,0.0,0.0,0.0,124.0,A,A
hibernate-core/src/main/java/org/hibernate/tool/schema/extract/internal/ExtractionContextImpl.java,14.0,10.0,0.0,1.0,5.0,1.0,0.0,117.0,A,A
hibernate-core/src/main/java/org/hibernate/tool/schema/spi/ExtractionTool.java,0.0,0.0,0.0,0.0,0.0,0.0,0.0,35.0,A,A
hibernate-core/src/main/java/org/hibernate/sql/ast/tree/expression/ExtractUnit.java,4.0,0.0,0.0,0.0,0.0,0.0,0.0,47.0,A,A
hibernate-testing/src/main/java/org/hibernate/testing/boot/ExtraJavaServicesClassLoaderService.java,8.0,8.0,0.0,4.0,52.0,4.0,0.0,74.0,A,A
hibernate-testing/src/main/java/org/hibernate/testing/orm/junit/FailureExpected.java,0.0,0.0,0.0,0.0,0.0,0.0,0.0,51.0,A,A
hibernate-testing/src/main/java/org/hibernate/testing/FailureExpected.java,0.0,0.0,0.0,1.0,10.0,1.0,0.0,39.0,A,A
hibernate-testing/src/main/java/org/hibernate/testing/orm/junit/FailureExpectedExtension.java,14.0,11.0,0.0,2.0,22.0,2.0,0.0,166.0,A,A
hibernate-testing/src/main/java/org/hibernate/testing/orm/junit/FailureExpectedGroup.java,0.0,0.0,0.0,0.0,0.0,0.0,0.0,28.0,A,A
hibernate-testing/src/main/java/org/hibernate/testing/junit4/FailureExpectedHandler.java,5.0,6.0,0.0,0.0,0.0,0.0,0.0,78.0,A,A
hibernate-envers/src/main/java/org/hibernate/envers/internal/synchronization/work/FakeBidirectionalRelationWorkUnit.java,29.0,14.0,0.0,0.0,0.0,0.0,0.0,235.0,A,A
hibernate-core/src/main/java/org/hibernate/query/sqm/sql/FakeSqmToSqlAstConverter.java,16.0,0.0,0.0,1.0,5.0,1.0,0.0,125.0,A,A
hibernate-core/src/main/java/org/hibernate/resource/beans/internal/FallbackBeanInstanceProducer.java,3.0,1.0,0.0,2.0,30.0,2.0,0.0,56.0,A,A
hibernate-core/src/main/java/org/hibernate/resource/beans/container/spi/FallbackContainedBean.java,4.0,0.0,0.0,0.0,0.0,0.0,0.0,41.0,A,A
hibernate-core/src/main/java/org/hibernate/engine/jdbc/cursor/internal/FallbackRefCursorSupport.java,5.0,4.0,0.0,0.0,0.0,0.0,0.0,72.0,A,A
hibernate-core/src/main/java/org/hibernate/internal/FastSessionServices.java,34.0,13.0,0.0,40.0,94.0,40.0,0.0,432.0,A,A
hibernate-core/src/main/java/org/hibernate/sql/results/graph/Fetch.java,2.0,0.0,0.0,1.0,0.0,1.0,0.0,75.0,A,A
hibernate-core/src/main/java/org/hibernate/annotations/Fetch.java,0.0,0.0,0.0,0.0,0.0,0.0,0.0,47.0,A,A
hibernate-core/src/main/java/org/hibernate/engine/profile/Fetch.java,23.0,6.0,0.0,3.0,30.0,3.0,0.0,172.0,A,A
hibernate-core/src/main/java/org/hibernate/mapping/Fetchable.java,0.0,0.0,0.0,0.0,0.0,0.0,0.0,21.0,A,A
hibernate-core/src/main/java/org/hibernate/sql/results/graph/Fetchable.java,6.0,3.0,0.0,0.0,0.0,0.0,0.0,103.0,A,A
hibernate-core/src/main/java/org/hibernate/boot/jaxb/mapping/FetchableAttribute.java,0.0,0.0,0.0,0.0,0.0,0.0,0.0,25.0,A,A
hibernate-core/src/main/java/org/hibernate/boot/model/source/spi/FetchableAttributeSource.java,0.0,0.0,0.0,0.0,0.0,0.0,0.0,17.0,A,A
hibernate-core/src/main/java/org/hibernate/sql/results/graph/FetchableContainer.java,16.0,2.0,0.0,0.0,0.0,0.0,0.0,111.0,A,A
hibernate-core/src/main/java/org/hibernate/query/results/FetchBuilder.java,1.0,0.0,0.0,0.0,0.0,0.0,0.0,42.0,A,A
hibernate-core/src/main/java/org/hibernate/boot/model/source/spi/FetchCharacteristics.java,0.0,0.0,0.0,0.0,0.0,0.0,0.0,19.0,A,A
hibernate-core/src/main/java/org/hibernate/boot/model/source/spi/FetchCharacteristicsPluralAttribute.java,0.0,0.0,0.0,0.0,0.0,0.0,0.0,16.0,A,A
hibernate-core/src/main/java/org/hibernate/boot/model/source/internal/hbm/FetchCharacteristicsPluralAttributeImpl.java,26.0,23.0,0.0,2.0,15.0,2.0,0.0,160.0,A,A
hibernate-core/src/main/java/org/hibernate/boot/model/source/spi/FetchCharacteristicsSingularAssociation.java,0.0,0.0,0.0,0.0,0.0,0.0,0.0,15.0,A,A
hibernate-core/src/main/java/org/hibernate/boot/model/source/internal/hbm/FetchCharacteristicsSingularAssociationImpl.java,33.0,44.0,0.0,8.0,41.0,8.0,0.0,263.0,A,A
hibernate-core/src/main/java/org/hibernate/query/sqm/FetchClauseType.java,0.0,0.0,0.0,0.0,0.0,0.0,0.0,32.0,A,A
hibernate-core/src/main/java/org/hibernate/boot/query/FetchDescriptor.java,0.0,0.0,0.0,0.0,0.0,0.0,0.0,29.0,A,A
hibernate-core/src/main/java/org/hibernate/internal/FetchingScrollableResultsImpl.java,58.0,72.0,0.0,7.0,34.0,7.0,0.0,373.0,A,A
hibernate-core/src/main/java/org/hibernate/dialect/pagination/FetchLimitHandler.java,4.0,0.0,0.0,0.0,0.0,0.0,0.0,40.0,A,A
hibernate-core/src/main/java/org/hibernate/sql/results/graph/FetchList.java,13.0,14.0,0.0,1.0,10.0,1.0,0.0,83.0,A,A
hibernate-core/src/main/java/org/hibernate/query/named/FetchMemento.java,0.0,0.0,0.0,0.0,0.0,0.0,0.0,29.0,A,A
hibernate-core/src/main/java/org/hibernate/query/named/FetchMementoBasic.java,0.0,0.0,0.0,0.0,0.0,0.0,0.0,24.0,A,A
hibernate-core/src/main/java/org/hibernate/query/internal/FetchMementoBasicStandard.java,5.0,0.0,0.0,0.0,0.0,0.0,0.0,58.0,A,A
hibernate-core/src/main/java/org/hibernate/query/internal/FetchMementoEmbeddableStandard.java,5.0,0.0,0.0,0.0,0.0,0.0,0.0,56.0,A,A
hibernate-core/src/main/java/org/hibernate/query/internal/FetchMementoEntityStandard.java,3.0,0.0,0.0,0.0,0.0,0.0,0.0,49.0,A,A
hibernate-core/src/main/java/org/hibernate/query/internal/FetchMementoHbmStandard.java,10.0,15.0,0.0,2.0,10.0,2.0,0.0,134.0,A,A
hibernate-core/src/main/java/org/hibernate/annotations/FetchMode.java,2.0,1.0,0.0,0.0,0.0,0.0,0.0,95.0,A,A
hibernate-core/src/main/java/org/hibernate/FetchMode.java,0.0,0.0,0.0,0.0,0.0,0.0,0.0,47.0,A,A
hibernate-core/src/main/java/org/hibernate/FetchNotFoundException.java,3.0,0.0,0.0,0.0,0.0,0.0,0.0,44.0,A,A
hibernate-core/src/main/java/org/hibernate/sql/results/graph/FetchOptions.java,1.0,0.0,0.0,0.0,0.0,0.0,0.0,23.0,A,A
hibernate-core/src/main/java/org/hibernate/metamodel/mapping/internal/FetchOptionsHelper.java,29.0,26.0,0.0,0.0,0.0,0.0,0.0,138.0,A,A
hibernate-core/src/main/java/org/hibernate/sql/results/graph/FetchOptionsImpl.java,3.0,0.0,0.0,0.0,0.0,0.0,0.0,31.0,A,A
hibernate-core/src/main/java/org/hibernate/boot/model/internal/FetchOverrideSecondPass.java,2.0,0.0,0.0,0.0,0.0,0.0,0.0,54.0,A,A
hibernate-core/src/main/java/org/hibernate/sql/results/graph/FetchParent.java,11.0,12.0,0.0,0.0,0.0,0.0,0.0,120.0,A,A
hibernate-core/src/main/java/org/hibernate/sql/results/graph/FetchParentAccess.java,3.0,1.0,0.0,0.0,0.0,0.0,0.0,49.0,A,A
hibernate-core/src/main/java/org/hibernate/mapping/FetchProfile.java,21.0,6.0,0.0,4.0,40.0,4.0,0.0,170.0,A,A
hibernate-core/src/main/java/org/hibernate/annotations/FetchProfile.java,0.0,0.0,0.0,0.0,0.0,0.0,0.0,142.0,A,A
hibernate-core/src/main/java/org/hibernate/engine/profile/FetchProfile.java,21.0,22.0,0.0,6.0,53.0,6.0,0.0,199.0,A,A
hibernate-core/src/main/java/org/hibernate/engine/profile/internal/FetchProfileAffectee.java,0.0,0.0,0.0,0.0,0.0,0.0,0.0,20.0,A,A
hibernate-core/src/main/java/org/hibernate/boot/model/source/internal/hbm/FetchProfileBinder.java,6.0,6.0,0.0,1.0,5.0,1.0,0.0,77.0,A,A
hibernate-core/src/main/java/org/hibernate/internal/FetchProfileHelper.java,13.0,10.0,0.0,1.0,5.0,1.0,0.0,115.0,A,A
hibernate-core/src/main/java/org/hibernate/annotations/FetchProfileOverride.java,0.0,0.0,0.0,0.0,0.0,0.0,0.0,64.0,A,A
hibernate-core/src/main/java/org/hibernate/annotations/FetchProfileOverrides.java,0.0,0.0,0.0,0.0,0.0,0.0,0.0,26.0,A,A
hibernate-core/src/main/java/org/hibernate/annotations/FetchProfiles.java,0.0,0.0,0.0,0.0,0.0,0.0,0.0,29.0,A,A
hibernate-core/src/main/java/org/hibernate/boot/model/internal/FetchSecondPass.java,4.0,2.0,0.0,0.0,0.0,0.0,0.0,64.0,A,A
hibernate-core/src/main/java/org/hibernate/cfg/FetchSettings.java,0.0,0.0,0.0,2.0,20.0,2.0,0.0,63.0,A,A
hibernate-core/src/main/java/org/hibernate/engine/FetchStyle.java,0.0,0.0,0.0,0.0,0.0,0.0,0.0,36.0,A,A
hibernate-core/src/main/java/org/hibernate/sql/results/graph/FetchStyleAccess.java,0.0,0.0,0.0,0.0,0.0,0.0,0.0,19.0,A,A
hibernate-core/src/main/java/org/hibernate/engine/FetchTiming.java,3.0,1.0,0.0,0.0,0.0,0.0,0.0,38.0,A,A
hibernate-core/src/main/java/org/hibernate/sql/results/graph/FetchTimingAccess.java,0.0,0.0,0.0,0.0,0.0,0.0,0.0,19.0,A,A
hibernate-core/src/main/java/org/hibernate/boot/jaxb/mapping/marshall/FetchTypeMarshalling.java,4.0,2.0,0.0,1.0,5.0,1.0,0.0,25.0,A,A
hibernate-core/src/main/java/org/hibernate/bytecode/enhance/internal/bytebuddy/FieldAccessEnhancer.java,25.0,21.0,0.0,0.0,0.0,0.0,0.0,177.0,A,A
hibernate-core/src/main/java/org/hibernate/bytecode/enhance/internal/bytebuddy/FieldReaderAppender.java,23.0,14.0,0.0,3.0,15.0,3.0,0.0,206.0,A,A
hibernate-core/src/main/java/org/hibernate/bytecode/enhance/internal/bytebuddy/FieldWriterAppender.java,14.0,6.0,0.0,3.0,15.0,3.0,0.0,178.0,A,A
local-build-plugins/src/main/java/org/hibernate/orm/FileCommandLineArgumentProvider.java,3.0,0.0,0.0,0.0,0.0,0.0,0.0,52.0,A,A
tooling/hibernate-ant/src/main/java/org/hibernate/tool/hbm2ddl/FileExporter.java,4.0,0.0,0.0,1.0,10.0,1.0,0.0,42.0,A,A
hibernate-core/src/main/java/org/hibernate/boot/archive/internal/FileInputStreamAccess.java,4.0,2.0,0.0,0.0,0.0,0.0,0.0,56.0,A,A
tooling/metamodel-generator/src/main/java/org/hibernate/jpamodelgen/util/FileTimeStampChecker.java,9.0,4.0,0.0,2.0,3.0,2.0,0.0,62.0,A,A
hibernate-core/src/main/java/org/hibernate/boot/jaxb/internal/FileXmlSource.java,3.0,1.0,0.0,0.0,0.0,0.0,0.0,46.0,A,A
hibernate-core/src/main/java/org/hibernate/annotations/Filter.java,0.0,0.0,0.0,0.0,0.0,0.0,0.0,103.0,A,A
hibernate-core/src/main/java/org/hibernate/Filter.java,0.0,0.0,0.0,1.0,10.0,1.0,0.0,91.0,A,A
hibernate-core/src/main/java/org/hibernate/mapping/Filterable.java,0.0,0.0,0.0,0.0,0.0,0.0,0.0,22.0,A,A
hibernate-core/src/main/java/org/hibernate/internal/FilterAliasGenerator.java,0.0,0.0,0.0,0.0,0.0,0.0,0.0,16.0,A,A
hibernate-core/src/main/java/org/hibernate/internal/FilterConfiguration.java,11.0,7.0,0.0,0.0,0.0,0.0,0.0,89.0,A,A
hibernate-core/src/main/java/org/hibernate/annotations/FilterDef.java,0.0,0.0,0.0,0.0,0.0,0.0,0.0,94.0,A,A
hibernate-core/src/main/java/org/hibernate/engine/spi/FilterDefinition.java,7.0,1.0,0.0,1.0,2.0,1.0,0.0,95.0,A,A
hibernate-core/src/main/java/org/hibernate/boot/model/source/internal/hbm/FilterDefinitionBinder.java,9.0,20.0,0.0,3.0,20.0,3.0,0.0,94.0,A,A
hibernate-core/src/main/java/org/hibernate/annotations/FilterDefs.java,0.0,0.0,0.0,0.0,0.0,0.0,0.0,29.0,A,A
hibernate-core/src/main/java/org/hibernate/internal/FilterHelper.java,41.0,51.0,0.0,1.0,12.0,1.0,0.0,286.0,A,A
hibernate-core/src/main/java/org/hibernate/internal/FilterImpl.java,19.0,11.0,0.0,0.0,0.0,0.0,0.0,158.0,A,A
hibernate-core/src/main/java/org/hibernate/boot/jaxb/internal/stax/FilteringXMLEventReader.java,16.0,22.0,0.0,3.0,29.0,3.0,0.0,124.0,A,A
hibernate-core/src/main/java/org/hibernate/internal/FilterJdbcParameter.java,5.0,0.0,0.0,0.0,0.0,0.0,0.0,58.0,A,A
hibernate-core/src/main/java/org/hibernate/annotations/FilterJoinTable.java,0.0,0.0,0.0,0.0,0.0,0.0,0.0,79.0,A,A
hibernate-core/src/main/java/org/hibernate/annotations/FilterJoinTables.java,0.0,0.0,0.0,0.0,0.0,0.0,0.0,27.0,A,A
hibernate-core/src/main/java/org/hibernate/cache/spi/FilterKey.java,7.0,3.0,0.0,1.0,10.0,1.0,0.0,62.0,A,A
hibernate-core/src/main/java/org/hibernate/sql/ast/tree/predicate/FilterPredicate.java,25.0,5.0,0.0,1.0,5.0,1.0,0.0,160.0,A,A
hibernate-core/src/main/java/org/hibernate/metamodel/mapping/FilterRestrictable.java,0.0,0.0,0.0,0.0,0.0,0.0,0.0,35.0,A,A
hibernate-core/src/main/java/org/hibernate/annotations/Filters.java,0.0,0.0,0.0,0.0,0.0,0.0,0.0,31.0,A,A
hibernate-core/src/main/java/org/hibernate/boot/model/source/spi/FilterSource.java,0.0,0.0,0.0,0.0,0.0,0.0,0.0,57.0,A,A
hibernate-core/src/main/java/org/hibernate/boot/model/source/internal/hbm/FilterSourceImpl.java,12.0,13.0,0.0,1.0,5.0,1.0,0.0,98.0,A,A
hibernate-core/src/main/java/org/hibernate/annotations/processing/Find.java,0.0,0.0,0.0,0.0,0.0,0.0,0.0,133.0,A,A
hibernate-community-dialects/src/main/java/org/hibernate/community/dialect/FirebirdDialect.java,198.0,92.0,0.0,6.0,42.0,6.0,0.0,1098.0,A,A
hibernate-community-dialects/src/main/java/org/hibernate/community/dialect/identity/FirebirdIdentityColumnSupport.java,3.0,0.0,0.0,1.0,0.0,1.0,0.0,33.0,A,A
hibernate-community-dialects/src/main/java/org/hibernate/community/dialect/sequence/FirebirdSequenceSupport.java,9.0,0.0,0.0,0.0,0.0,0.0,0.0,65.0,A,A
hibernate-community-dialects/src/main/java/org/hibernate/community/dialect/FirebirdSqlAstTranslator.java,59.0,45.0,0.0,3.0,15.0,3.0,0.0,356.0,A,A
hibernate-envers/src/main/java/org/hibernate/envers/internal/reader/FirstLevelCache.java,7.0,0.0,0.0,0.0,0.0,0.0,0.0,120.0,A,A
hibernate-community-dialects/src/main/java/org/hibernate/community/dialect/pagination/FirstLimitHandler.java,4.0,0.0,0.0,0.0,0.0,0.0,0.0,42.0,A,A
hibernate-core/src/main/java/org/hibernate/metamodel/mapping/ordering/ast/FkDomainPathContinuation.java,8.0,5.0,0.0,0.0,0.0,0.0,0.0,65.0,A,A
hibernate-core/src/main/java/org/hibernate/boot/model/internal/FkSecondPass.java,6.0,2.0,0.0,2.0,2.0,2.0,0.0,63.0,A,A
hibernate-core/src/main/java/org/hibernate/type/descriptor/java/FloatJavaType.java,50.0,26.0,1.0,0.0,0.0,1.0,0.0,209.0,B,A
hibernate-core/src/main/java/org/hibernate/type/descriptor/jdbc/FloatJdbcType.java,16.0,3.0,0.0,1.0,5.0,1.0,0.0,108.0,A,A
hibernate-core/src/main/java/org/hibernate/type/descriptor/java/FloatPrimitiveArrayJavaType.java,39.0,32.0,0.0,2.0,60.0,2.0,0.0,203.0,A,A
hibernate-core/src/main/java/org/hibernate/event/spi/FlushEntityEvent.java,23.0,1.0,0.0,0.0,0.0,0.0,0.0,123.0,A,A
hibernate-core/src/main/java/org/hibernate/event/spi/FlushEntityEventListener.java,0.0,0.0,0.0,0.0,0.0,0.0,0.0,17.0,A,A
hibernate-core/src/main/java/org/hibernate/event/spi/FlushEvent.java,5.0,0.0,0.0,0.0,0.0,0.0,0.0,38.0,A,A
hibernate-jfr/src/main/java/org/hibernate/event/jfr/internal/FlushEvent.java,1.0,0.0,0.0,1.0,10.0,1.0,0.0,51.0,A,A
hibernate-core/src/main/java/org/hibernate/event/spi/FlushEventListener.java,0.0,0.0,0.0,0.0,0.0,0.0,0.0,24.0,A,A
hibernate-core/src/main/java/org/hibernate/FlushMode.java,10.0,1.0,0.0,0.0,0.0,0.0,0.0,112.0,A,A
hibernate-core/src/main/java/org/hibernate/boot/jaxb/hbm/internal/FlushModeConverter.java,8.0,6.0,0.0,2.0,5.0,2.0,0.0,64.0,A,A
hibernate-core/src/main/java/org/hibernate/boot/jaxb/mapping/marshall/FlushModeMarshalling.java,8.0,6.0,0.0,2.0,5.0,2.0,0.0,64.0,A,A
hibernate-core/src/main/java/org/hibernate/annotations/FlushModeType.java,0.0,0.0,0.0,0.0,0.0,0.0,0.0,42.0,A,A
hibernate-core/src/main/java/org/hibernate/jpa/internal/util/FlushModeTypeHelper.java,16.0,13.0,0.0,1.0,5.0,1.0,0.0,100.0,A,A
hibernate-core/src/main/java/org/hibernate/event/internal/FlushVisitor.java,8.0,7.0,0.0,0.0,0.0,0.0,0.0,67.0,A,A
hibernate-core/src/main/java/org/hibernate/id/ForeignGenerator.java,13.0,13.0,0.0,2.0,15.0,2.0,0.0,144.0,A,A
hibernate-core/src/main/java/org/hibernate/mapping/ForeignKey.java,44.0,21.0,0.0,9.0,55.0,9.0,0.0,239.0,A,A
hibernate-core/src/main/java/org/hibernate/annotations/ForeignKey.java,0.0,0.0,0.0,2.0,20.0,2.0,0.0,42.0,A,A
hibernate-core/src/main/java/org/hibernate/boot/model/source/spi/ForeignKeyContributingSource.java,0.0,0.0,0.0,0.0,0.0,0.0,0.0,37.0,A,A
hibernate-core/src/main/java/org/hibernate/metamodel/mapping/ForeignKeyDescriptor.java,12.0,5.0,0.0,0.0,0.0,0.0,0.0,205.0,A,A
hibernate-core/src/main/java/org/hibernate/type/ForeignKeyDirection.java,2.0,0.0,0.0,0.0,0.0,0.0,0.0,49.0,A,A
hibernate-core/src/main/java/org/hibernate/tool/schema/extract/spi/ForeignKeyInformation.java,0.0,0.0,0.0,0.0,0.0,0.0,0.0,46.0,A,A
hibernate-core/src/main/java/org/hibernate/tool/schema/extract/internal/ForeignKeyInformationImpl.java,6.0,0.0,0.0,0.0,0.0,0.0,0.0,59.0,A,A
tooling/hibernate-ant/src/main/java/org/hibernate/tool/hbm2ddl/ForeignKeyMetadata.java,12.0,13.0,0.0,4.0,25.0,4.0,0.0,77.0,A,A
hibernate-core/src/main/java/org/hibernate/engine/internal/ForeignKeys.java,59.0,73.0,0.0,5.0,22.0,5.0,0.0,450.0,A,A
hibernate-core/src/main/java/org/hibernate/boot/model/internal/ForeignKeyType.java,0.0,0.0,0.0,0.0,0.0,0.0,0.0,24.0,A,A
hibernate-testing/src/main/java/org/hibernate/testing/orm/domain/retail/ForeignVendor.java,3.0,0.0,0.0,0.0,0.0,0.0,0.0,29.0,A,A
hibernate-core/src/main/java/org/hibernate/sql/ast/tree/expression/Format.java,5.0,0.0,0.0,1.0,10.0,1.0,0.0,46.0,A,A
hibernate-core/src/main/java/org/hibernate/dialect/function/FormatFunction.java,69.0,136.0,0.0,8.0,141.0,8.0,0.0,951.0,A,A
hibernate-core/src/main/java/org/hibernate/type/format/FormatMapper.java,0.0,0.0,0.0,0.0,0.0,0.0,0.0,47.0,A,A
hibernate-core/src/main/java/org/hibernate/type/descriptor/java/spi/FormatMapperBasedJavaType.java,16.0,5.0,0.0,1.0,2.0,1.0,0.0,123.0,A,A
hibernate-core/src/main/java/org/hibernate/engine/jdbc/internal/FormatStyle.java,4.0,0.0,0.0,1.0,0.0,1.0,0.0,59.0,A,A
hibernate-core/src/main/java/org/hibernate/engine/jdbc/internal/Formatter.java,0.0,0.0,0.0,0.0,0.0,0.0,0.0,25.0,A,A
hibernate-core/src/main/java/org/hibernate/mapping/Formula.java,16.0,1.0,0.0,1.0,10.0,1.0,0.0,109.0,A,A
hibernate-core/src/main/java/org/hibernate/annotations/Formula.java,0.0,0.0,0.0,0.0,0.0,0.0,0.0,66.0,A,A
hibernate-envers/src/main/java/org/hibernate/envers/boot/model/Formula.java,4.0,1.0,0.0,1.0,10.0,1.0,0.0,44.0,A,A
hibernate-core/src/main/java/org/hibernate/boot/model/source/internal/hbm/FormulaImpl.java,4.0,0.0,0.0,0.0,0.0,0.0,0.0,41.0,A,A
hibernate-envers/src/main/java/org/hibernate/envers/configuration/internal/metadata/FormulaNotSupportedException.java,1.0,0.0,0.0,0.0,0.0,0.0,0.0,26.0,A,A
hibernate-core/src/main/java/org/hibernate/sql/ForUpdateFragment.java,14.0,32.0,0.0,1.0,19.0,1.0,0.0,85.0,A,A
hibernate-core/src/main/java/org/hibernate/query/sqm/FrameExclusion.java,0.0,0.0,0.0,0.0,0.0,0.0,0.0,18.0,A,A
hibernate-core/src/main/java/org/hibernate/query/sqm/FrameKind.java,0.0,0.0,0.0,0.0,0.0,0.0,0.0,19.0,A,A
hibernate-core/src/main/java/org/hibernate/query/sqm/FrameMode.java,0.0,0.0,0.0,0.0,0.0,0.0,0.0,17.0,A,A
hibernate-core/src/main/java/org/hibernate/sql/ast/tree/from/FromClause.java,70.0,64.0,0.0,0.0,0.0,0.0,0.0,282.0,A,A
hibernate-core/src/main/java/org/hibernate/sql/ast/spi/FromClauseAccess.java,5.0,2.0,0.0,0.0,0.0,0.0,0.0,82.0,A,A
hibernate-core/src/main/java/org/hibernate/query/results/FromClauseAccessImpl.java,12.0,7.0,0.0,2.0,7.0,2.0,0.0,72.0,A,A
hibernate-core/src/main/java/org/hibernate/query/sqm/sql/FromClauseIndex.java,18.0,14.0,0.0,0.0,0.0,0.0,0.0,96.0,A,A
hibernate-core/src/main/java/org/hibernate/query/hql/internal/FullyQualifiedReflectivePath.java,8.0,2.0,0.0,0.0,0.0,0.0,0.0,69.0,A,A
hibernate-core/src/main/java/org/hibernate/query/hql/internal/FullyQualifiedReflectivePathSource.java,0.0,0.0,0.0,0.0,0.0,0.0,0.0,17.0,A,A
hibernate-core/src/main/java/org/hibernate/query/hql/internal/FullyQualifiedReflectivePathTerminal.java,38.0,12.0,0.0,4.0,15.0,4.0,0.0,270.0,A,A
hibernate-core/src/main/java/org/hibernate/dialect/FunctionalDependencyAnalysisSupport.java,0.0,0.0,0.0,0.0,0.0,0.0,0.0,31.0,A,A
hibernate-core/src/main/java/org/hibernate/dialect/FunctionalDependencyAnalysisSupportImpl.java,4.0,0.0,0.0,0.0,0.0,0.0,0.0,79.0,A,A
hibernate-testing/src/main/java/org/hibernate/testing/orm/junit/FunctionalEntityManagerFactoryTesting.java,0.0,0.0,0.0,0.0,0.0,0.0,0.0,43.0,A,A
hibernate-core/src/main/java/org/hibernate/query/sqm/produce/function/FunctionArgumentException.java,1.0,0.0,0.0,0.0,0.0,0.0,0.0,23.0,A,A
hibernate-core/src/main/java/org/hibernate/query/sqm/produce/function/FunctionArgumentTypeResolver.java,0.0,0.0,0.0,0.0,0.0,0.0,0.0,33.0,A,A
hibernate-core/src/main/java/org/hibernate/boot/model/FunctionContributions.java,1.0,0.0,0.0,0.0,0.0,0.0,0.0,48.0,A,A
hibernate-core/src/main/java/org/hibernate/boot/model/FunctionContributor.java,1.0,0.0,0.0,0.0,0.0,0.0,0.0,65.0,A,A
hibernate-envers/src/main/java/org/hibernate/envers/boot/internal/FunctionContributorImpl.java,2.0,1.0,0.0,0.0,0.0,0.0,0.0,36.0,A,A
hibernate-core/src/main/java/org/hibernate/metamodel/mapping/ordering/ast/FunctionExpression.java,14.0,12.0,0.0,0.0,0.0,0.0,0.0,134.0,A,A
hibernate-core/src/main/java/org/hibernate/sql/ast/tree/expression/FunctionExpression.java,0.0,0.0,0.0,0.0,0.0,0.0,0.0,24.0,A,A
hibernate-envers/src/main/java/org/hibernate/envers/query/criteria/internal/FunctionFunctionAuditExpression.java,2.0,0.0,0.0,0.0,0.0,0.0,0.0,57.0,A,A
hibernate-spatial/src/main/java/org/hibernate/spatial/FunctionKey.java,12.0,4.0,0.0,2.0,4.0,2.0,0.0,64.0,A,A
hibernate-core/src/main/java/org/hibernate/query/sqm/function/FunctionKind.java,0.0,0.0,0.0,0.0,0.0,0.0,0.0,20.0,A,A
hibernate-core/src/main/java/org/hibernate/query/sqm/produce/function/FunctionParameterType.java,0.0,0.0,0.0,0.0,0.0,0.0,0.0,96.0,A,A
hibernate-envers/src/main/java/org/hibernate/envers/query/criteria/internal/FunctionPropertyAuditExpression.java,3.0,1.0,0.0,0.0,0.0,0.0,0.0,79.0,A,A
hibernate-core/src/main/java/org/hibernate/query/sqm/function/FunctionRenderer.java,4.0,0.0,0.0,1.0,10.0,1.0,0.0,82.0,A,A
hibernate-core/src/main/java/org/hibernate/query/sqm/function/FunctionRenderingSupport.java,7.0,0.0,0.0,4.0,40.0,4.0,0.0,133.0,A,A
hibernate-core/src/main/java/org/hibernate/procedure/FunctionReturn.java,0.0,0.0,0.0,0.0,0.0,0.0,0.0,20.0,A,A
hibernate-core/src/main/java/org/hibernate/procedure/internal/FunctionReturnImpl.java,17.0,8.0,0.0,1.0,5.0,1.0,0.0,140.0,A,A
hibernate-core/src/main/java/org/hibernate/procedure/spi/FunctionReturnImplementor.java,1.0,0.0,0.0,0.0,0.0,0.0,0.0,27.0,A,A
hibernate-core/src/main/java/org/hibernate/query/sqm/produce/function/FunctionReturnTypeResolver.java,3.0,0.0,0.0,2.0,25.0,2.0,0.0,85.0,A,A
hibernate-core/src/main/java/org/hibernate/sql/ast/tree/from/FunctionTableGroup.java,11.0,7.0,0.0,0.0,0.0,0.0,0.0,100.0,A,A
hibernate-core/src/main/java/org/hibernate/sql/ast/tree/from/FunctionTableReference.java,4.0,0.0,0.0,2.0,25.0,2.0,0.0,49.0,A,A
hibernate-testing/src/main/java/org/hibernate/testing/orm/domain/gambit/GambitDomainModel.java,1.0,0.0,0.0,0.0,0.0,0.0,0.0,45.0,A,A
hibernate-core/src/main/java/org/hibernate/annotations/Generated.java,0.0,0.0,0.0,1.0,10.0,1.0,0.0,116.0,A,A
hibernate-core/src/main/java/org/hibernate/generator/internal/GeneratedAlwaysGeneration.java,5.0,0.0,0.0,1.0,5.0,1.0,0.0,47.0,A,A
hibernate-core/src/main/java/org/hibernate/annotations/GeneratedColumn.java,0.0,0.0,0.0,0.0,0.0,0.0,0.0,41.0,A,A
local-build-plugins/src/main/java/org/hibernate/orm/docs/GenerateDescriptorTask.java,11.0,8.0,0.0,2.0,22.0,2.0,0.0,89.0,A,A
hibernate-core/src/main/java/org/hibernate/generator/internal/GeneratedGeneration.java,10.0,4.0,0.0,0.0,0.0,0.0,0.0,70.0,A,A
hibernate-core/src/main/java/org/hibernate/metamodel/mapping/internal/GeneratedValuesProcessor.java,23.0,11.0,0.0,2.0,2.0,2.0,0.0,177.0,A,A
hibernate-core/src/main/java/org/hibernate/boot/internal/GenerationStrategyInterpreter.java,22.0,16.0,0.0,2.0,0.0,2.0,0.0,172.0,A,A
hibernate-core/src/main/java/org/hibernate/tool/schema/internal/exec/GenerationTarget.java,1.0,0.0,0.0,0.0,0.0,0.0,0.0,55.0,A,A
hibernate-core/src/main/java/org/hibernate/tool/schema/internal/exec/GenerationTargetToDatabase.java,18.0,12.0,0.0,3.0,30.0,3.0,0.0,138.0,A,A
hibernate-core/src/main/java/org/hibernate/tool/schema/internal/exec/GenerationTargetToScript.java,6.0,2.0,0.0,0.0,0.0,0.0,0.0,51.0,A,A
hibernate-core/src/main/java/org/hibernate/tool/schema/internal/exec/GenerationTargetToStdout.java,6.0,1.0,0.0,2.0,15.0,2.0,0.0,46.0,A,A
hibernate-core/src/main/java/org/hibernate/annotations/GenerationTime.java,10.0,2.0,0.0,3.0,30.0,3.0,0.0,87.0,A,A
hibernate-core/src/main/java/org/hibernate/tuple/GenerationTiming.java,18.0,5.0,0.0,1.0,10.0,1.0,0.0,105.0,A,A
hibernate-core/src/main/java/org/hibernate/boot/jaxb/hbm/internal/GenerationTimingConverter.java,3.0,1.0,0.0,1.0,5.0,1.0,0.0,27.0,A,A
hibernate-core/src/main/java/org/hibernate/boot/jaxb/mapping/marshall/GenerationTimingMarshalling.java,4.0,2.0,0.0,1.0,5.0,1.0,0.0,29.0,A,A
hibernate-core/src/main/java/org/hibernate/boot/jaxb/mapping/marshall/GenerationTypeMarshalling.java,4.0,2.0,0.0,1.0,5.0,1.0,0.0,25.0,A,A
hibernate-core/src/main/java/org/hibernate/id/factory/spi/GenerationTypeStrategy.java,0.0,0.0,0.0,0.0,0.0,0.0,0.0,31.0,A,A
hibernate-core/src/main/java/org/hibernate/id/factory/spi/GenerationTypeStrategyRegistration.java,0.0,0.0,0.0,0.0,0.0,0.0,0.0,23.0,A,A
hibernate-core/src/main/java/org/hibernate/generator/Generator.java,4.0,0.0,0.0,0.0,0.0,0.0,0.0,147.0,A,A
hibernate-core/src/main/java/org/hibernate/boot/model/internal/GeneratorBinder.java,68.0,69.0,0.0,7.0,78.0,7.0,0.0,510.0,A,A
hibernate-core/src/main/java/org/hibernate/generator/GeneratorCreationContext.java,0.0,0.0,0.0,0.0,0.0,0.0,0.0,27.0,A,A
hibernate-core/src/main/java/org/hibernate/mapping/GeneratorCreator.java,0.0,0.0,0.0,0.0,0.0,0.0,0.0,18.0,A,A
hibernate-core/src/main/java/org/hibernate/id/factory/spi/GeneratorDefinitionResolver.java,0.0,0.0,0.0,0.0,0.0,0.0,0.0,20.0,A,A
hibernate-core/src/main/java/org/hibernate/annotations/GeneratorType.java,0.0,0.0,0.0,1.0,10.0,1.0,0.0,73.0,A,A
hibernate-core/src/main/java/org/hibernate/annotations/processing/GenericDialect.java,1.0,0.0,0.0,0.0,0.0,0.0,0.0,25.0,A,A
hibernate-core/src/main/java/org/hibernate/annotations/GenericGenerator.java,0.0,0.0,0.0,1.0,10.0,1.0,0.0,102.0,A,A
hibernate-core/src/main/java/org/hibernate/annotations/GenericGenerators.java,0.0,0.0,0.0,0.0,0.0,0.0,0.0,29.0,A,A
hibernate-core/src/main/java/org/hibernate/exception/GenericJDBCException.java,2.0,0.0,0.0,0.0,0.0,0.0,0.0,26.0,A,A
hibernate-core/src/main/java/org/hibernate/internal/util/GenericsHelper.java,22.0,19.0,0.0,1.0,5.0,1.0,0.0,115.0,A,A
hibernate-spatial/src/main/java/org/hibernate/spatial/predicate/GeolatteFilterPredicate.java,4.0,0.0,0.0,5.0,30.0,5.0,0.0,97.0,A,A
hibernate-spatial/src/main/java/org/hibernate/spatial/GeolatteGeometryJavaType.java,15.0,8.0,0.0,2.0,7.0,2.0,0.0,125.0,A,A
hibernate-spatial/src/main/java/org/hibernate/spatial/criteria/GeolatteSpatialCriteriaBuilder.java,0.0,0.0,0.0,0.0,0.0,0.0,0.0,16.0,A,A
hibernate-spatial/src/main/java/org/hibernate/spatial/criteria/internal/GeolatteSpatialCriteriaBuilderImpl.java,1.0,0.0,0.0,0.0,0.0,0.0,0.0,25.0,A,A
hibernate-spatial/src/main/java/org/hibernate/spatial/criteria/internal/GeolatteSpatialCriteriaExtension.java,2.0,0.0,0.0,0.0,0.0,0.0,0.0,28.0,A,A
hibernate-spatial/src/main/java/org/hibernate/spatial/predicate/GeolatteSpatialPredicates.java,27.0,0.0,0.0,2.0,15.0,2.0,0.0,581.0,A,A
hibernate-spatial/src/main/java/org/hibernate/spatial/GeometryLiteralFormatter.java,2.0,0.0,0.0,0.0,0.0,0.0,0.0,45.0,A,A
hibernate-core/src/main/java/org/hibernate/id/insert/GetGeneratedKeysDelegate.java,14.0,13.0,0.0,4.0,55.0,4.0,0.0,188.0,A,A
hibernate-core/src/main/java/org/hibernate/property/access/spi/Getter.java,0.0,0.0,0.0,1.0,5.0,1.0,0.0,88.0,A,A
hibernate-core/src/main/java/org/hibernate/property/access/spi/GetterFieldImpl.java,12.0,2.0,0.0,0.0,0.0,0.0,0.0,116.0,A,A
hibernate-core/src/main/java/org/hibernate/property/access/spi/GetterMethodImpl.java,13.0,6.0,0.0,1.0,15.0,1.0,0.0,153.0,A,A
hibernate-core/src/main/java/org/hibernate/query/sqm/mutation/internal/temptable/GlobalTemporaryTableInsertStrategy.java,3.0,0.0,0.0,0.0,0.0,0.0,0.0,47.0,A,A
hibernate-core/src/main/java/org/hibernate/query/sqm/mutation/internal/temptable/GlobalTemporaryTableMutationStrategy.java,5.0,0.0,0.0,0.0,0.0,0.0,0.0,64.0,A,A
hibernate-core/src/main/java/org/hibernate/query/sqm/mutation/internal/temptable/GlobalTemporaryTableStrategy.java,10.0,10.0,0.0,2.0,10.0,2.0,0.0,171.0,A,A
hibernate-graalvm/src/main/java/org/hibernate/graalvm/internal/GraalVMStaticFeature.java,5.0,4.0,0.0,1.0,5.0,1.0,0.0,62.0,A,A
local-build-plugins/src/main/java/org/hibernate/orm/antlr/GrammarDescriptorFactory.java,4.0,0.0,0.0,1.0,2.0,1.0,0.0,50.0,A,A
hibernate-core/src/main/java/org/hibernate/graph/Graph.java,1.0,0.0,0.0,13.0,130.0,13.0,0.0,156.0,A,A
hibernate-envers/src/main/java/org/hibernate/envers/internal/tools/graph/GraphDefiner.java,0.0,0.0,0.0,0.0,0.0,0.0,0.0,26.0,A,A
hibernate-core/src/main/java/org/hibernate/graph/spi/GraphHelper.java,3.0,3.0,0.0,1.0,5.0,1.0,0.0,32.0,A,A
hibernate-core/src/main/java/org/hibernate/graph/spi/GraphImplementor.java,11.0,0.0,0.0,14.0,140.0,14.0,0.0,140.0,A,A
hibernate-core/src/main/java/org/hibernate/graph/GraphNode.java,0.0,0.0,0.0,0.0,0.0,0.0,0.0,22.0,A,A
hibernate-core/src/main/java/org/hibernate/graph/spi/GraphNodeImplementor.java,0.0,0.0,0.0,0.0,0.0,0.0,0.0,21.0,A,A
hibernate-core/src/main/java/org/hibernate/graph/internal/parse/GraphParser.java,17.0,13.0,0.0,0.0,0.0,0.0,0.0,201.0,A,A
hibernate-core/src/main/java/org/hibernate/graph/GraphParser.java,11.0,2.0,0.0,1.0,5.0,1.0,0.0,223.0,A,A
hibernate-core/src/main/java/org/hibernate/graph/internal/GraphParserLogging.java,0.0,0.0,0.0,1.0,10.0,1.0,0.0,25.0,A,A
hibernate-core/src/main/java/org/hibernate/graph/GraphSemantic.java,12.0,3.0,0.0,2.0,20.0,2.0,0.0,117.0,A,A
hibernate-envers/src/main/java/org/hibernate/envers/internal/tools/graph/GraphTopologicalSort.java,6.0,5.0,0.0,0.0,0.0,0.0,0.0,58.0,A,A
hibernate-core/src/main/java/org/hibernate/dialect/GroupByConstantRenderingStrategy.java,0.0,0.0,0.0,0.0,0.0,0.0,0.0,36.0,A,A
hibernate-core/src/main/java/org/hibernate/dialect/GroupBySummarizationRenderingStrategy.java,0.0,0.0,0.0,0.0,0.0,0.0,0.0,28.0,A,A
hibernate-core/src/main/java/org/hibernate/sql/ast/tree/predicate/GroupedPredicate.java,5.0,0.0,0.0,0.0,0.0,0.0,0.0,41.0,A,A
hibernate-core/src/main/java/org/hibernate/tool/schema/internal/GroupedSchemaMigratorImpl.java,15.0,23.0,0.0,1.0,13.0,1.0,0.0,107.0,A,A
hibernate-core/src/main/java/org/hibernate/tool/schema/internal/GroupedSchemaValidatorImpl.java,6.0,4.0,0.0,0.0,0.0,0.0,0.0,57.0,A,A
hibernate-core/src/main/java/org/hibernate/boot/beanvalidation/GroupsPerOperation.java,18.0,18.0,0.0,6.0,35.0,6.0,0.0,133.0,A,A
hibernate-core/src/main/java/org/hibernate/id/GUIDGenerator.java,4.0,3.0,0.0,3.0,32.0,3.0,0.0,73.0,A,A
hibernate-core/src/main/java/org/hibernate/dialect/function/array/H2ArrayContainsFunction.java,8.0,10.0,0.0,0.0,0.0,0.0,0.0,88.0,A,A
hibernate-core/src/main/java/org/hibernate/dialect/function/array/H2ArrayFillFunction.java,2.0,0.0,0.0,0.0,0.0,0.0,0.0,38.0,A,A
hibernate-core/src/main/java/org/hibernate/dialect/function/array/H2ArrayOverlapsFunction.java,5.0,3.0,0.0,0.0,0.0,0.0,0.0,72.0,A,A
hibernate-core/src/main/java/org/hibernate/dialect/function/array/H2ArrayPositionFunction.java,2.0,0.0,0.0,0.0,0.0,0.0,0.0,53.0,A,A
hibernate-core/src/main/java/org/hibernate/dialect/function/array/H2ArrayPositionsFunction.java,2.0,0.0,0.0,0.0,0.0,0.0,0.0,53.0,A,A
hibernate-core/src/main/java/org/hibernate/dialect/function/array/H2ArrayRemoveFunction.java,2.0,0.0,0.0,0.0,0.0,0.0,0.0,53.0,A,A
hibernate-core/src/main/java/org/hibernate/dialect/function/array/H2ArrayRemoveIndexFunction.java,2.0,0.0,0.0,0.0,0.0,0.0,0.0,52.0,A,A
hibernate-core/src/main/java/org/hibernate/dialect/function/array/H2ArrayReplaceFunction.java,2.0,0.0,0.0,0.0,0.0,0.0,0.0,56.0,A,A
hibernate-core/src/main/java/org/hibernate/dialect/function/array/H2ArraySetFunction.java,2.0,0.0,0.0,0.0,0.0,0.0,0.0,60.0,A,A
hibernate-core/src/main/java/org/hibernate/dialect/function/array/H2ArrayToStringFunction.java,2.0,0.0,0.0,0.0,0.0,0.0,0.0,53.0,A,A
hibernate-testing/src/main/java/org/hibernate/testing/cleaner/H2DatabaseCleaner.java,13.0,18.0,0.0,5.0,100.0,5.0,0.0,159.0,A,A
hibernate-core/src/main/java/org/hibernate/dialect/H2Dialect.java,148.0,40.0,0.0,16.0,87.0,16.0,0.0,950.0,A,A
hibernate-core/src/main/java/org/hibernate/dialect/H2DurationIntervalSecondJdbcType.java,15.0,6.0,0.0,4.0,3.0,4.0,0.0,114.0,A,A
hibernate-core/src/main/java/org/hibernate/dialect/identity/H2FinalTableIdentityColumnSupport.java,6.0,3.0,0.0,4.0,15.0,4.0,0.0,62.0,A,A
hibernate-core/src/main/java/org/hibernate/type/descriptor/jdbc/H2FormatJsonJdbcType.java,4.0,0.0,0.0,0.0,0.0,0.0,0.0,49.0,A,A
hibernate-spatial/src/main/java/org/hibernate/spatial/dialect/h2gis/H2GisDialectContributor.java,6.0,0.0,0.0,0.0,0.0,0.0,0.0,48.0,A,A
hibernate-spatial/src/main/java/org/hibernate/spatial/dialect/h2gis/H2GISGeometryType.java,10.0,0.0,0.0,2.0,1.0,2.0,0.0,100.0,A,A
hibernate-spatial/src/main/java/org/hibernate/spatial/dialect/h2gis/H2GISWkb.java,13.0,12.0,0.0,2.0,1.0,2.0,0.0,145.0,A,A
hibernate-core/src/main/java/org/hibernate/dialect/identity/H2IdentityColumnSupport.java,6.0,0.0,0.0,3.0,15.0,3.0,0.0,62.0,A,A
hibernate-testing/src/main/java/org/hibernate/testing/jdbc/leak/H2IdleConnectionCounter.java,3.0,2.0,0.0,0.0,0.0,0.0,0.0,47.0,A,A
hibernate-community-dialects/src/main/java/org/hibernate/community/dialect/H2LegacyDialect.java,161.0,74.0,0.0,13.0,77.0,13.0,0.0,959.0,A,A
hibernate-community-dialects/src/main/java/org/hibernate/community/dialect/H2LegacySqlAstTranslator.java,56.0,32.0,0.0,4.0,17.0,4.0,0.0,311.0,A,A
hibernate-core/src/main/java/org/hibernate/dialect/H2SqlAstTranslator.java,50.0,26.0,0.0,6.0,22.0,6.0,0.0,290.0,A,A
hibernate-spatial/src/main/java/org/hibernate/spatial/dialect/h2gis/H2SqmFunctionDescriptors.java,1.0,0.0,0.0,0.0,0.0,0.0,0.0,18.0,A,A
hibernate-core/src/main/java/org/hibernate/dialect/sequence/H2V1SequenceSupport.java,3.0,0.0,0.0,0.0,0.0,0.0,0.0,35.0,A,A
hibernate-core/src/main/java/org/hibernate/dialect/sequence/H2V2SequenceSupport.java,1.0,0.0,0.0,0.0,0.0,0.0,0.0,23.0,A,A
hibernate-core/src/main/java/org/hibernate/dialect/HANACloudColumnStoreDialect.java,6.0,1.0,0.0,1.0,10.0,1.0,0.0,54.0,A,A
hibernate-core/src/main/java/org/hibernate/dialect/HANAColumnStoreDialect.java,19.0,1.0,0.0,0.0,0.0,0.0,0.0,177.0,A,A
hibernate-spatial/src/main/java/org/hibernate/spatial/dialect/hana/HANAGeometryType.java,11.0,3.0,0.0,1.0,5.0,1.0,0.0,97.0,A,A
hibernate-core/src/main/java/org/hibernate/dialect/identity/HANAIdentityColumnSupport.java,3.0,0.0,0.0,1.0,0.0,1.0,0.0,32.0,A,A
hibernate-spatial/src/main/java/org/hibernate/spatial/dialect/hana/HANAPointType.java,9.0,0.0,0.0,1.0,0.0,1.0,0.0,88.0,A,A
hibernate-core/src/main/java/org/hibernate/dialect/HANARowStoreDialect.java,14.0,0.0,0.0,0.0,0.0,0.0,0.0,114.0,A,A
hibernate-core/src/main/java/org/hibernate/dialect/sequence/HANASequenceSupport.java,2.0,0.0,0.0,0.0,0.0,0.0,0.0,28.0,A,A
hibernate-spatial/src/main/java/org/hibernate/spatial/dialect/hana/HANASpatialAggregate.java,2.0,0.0,0.0,0.0,0.0,0.0,0.0,22.0,A,A
hibernate-spatial/src/main/java/org/hibernate/spatial/dialect/hana/HANASpatialDialect.java,0.0,0.0,0.0,0.0,0.0,0.0,0.0,14.0,A,A
hibernate-spatial/src/main/java/org/hibernate/spatial/dialect/hana/HANASpatialFunction.java,23.0,16.0,0.0,1.0,2.0,1.0,0.0,124.0,A,A
hibernate-spatial/src/main/java/org/hibernate/spatial/dialect/hana/HANASpatialFunctions.java,2.0,0.0,0.0,55.0,110.0,55.0,0.0,130.0,A,A
hibernate-spatial/src/main/java/org/hibernate/spatial/dialect/hana/HANASpatialUtils.java,21.0,18.0,0.0,1.0,20.0,1.0,0.0,157.0,A,A
hibernate-core/src/main/java/org/hibernate/dialect/HANASqlAstTranslator.java,28.0,13.0,0.0,0.0,0.0,0.0,0.0,169.0,A,A
hibernate-core/src/main/java/org/hibernate/query/sqm/mutation/internal/Handler.java,0.0,0.0,0.0,0.0,0.0,0.0,0.0,32.0,A,A
hibernate-testing/src/main/java/org/hibernate/testing/hamcrest/HasNullElementsMatcher.java,7.0,4.0,0.0,4.0,20.0,4.0,0.0,59.0,A,A
hibernate-core/src/main/java/org/hibernate/boot/jaxb/internal/stax/HbmEventReader.java,11.0,6.0,0.0,0.0,0.0,0.0,0.0,97.0,A,A
hibernate-core/src/main/java/org/hibernate/boot/model/source/internal/hbm/HbmLocalMetadataBuildingContext.java,0.0,0.0,0.0,0.0,0.0,0.0,0.0,30.0,A,A
hibernate-core/src/main/java/org/hibernate/boot/model/source/internal/hbm/HbmMetadataSourceProcessorImpl.java,31.0,24.0,0.0,4.0,45.0,4.0,0.0,169.0,A,A
hibernate-core/src/main/java/org/hibernate/boot/query/HbmResultSetMappingDescriptor.java,102.0,113.0,0.0,13.0,101.0,13.0,0.0,989.0,A,A
hibernate-core/src/main/java/org/hibernate/boot/jaxb/hbm/transform/HbmTransformationLogging.java,0.0,0.0,0.0,1.0,5.0,1.0,0.0,25.0,A,A
hibernate-core/src/main/java/org/hibernate/boot/jaxb/hbm/transform/HbmXmlTransformer.java,342.0,367.0,0.0,38.0,178.0,38.0,0.0,2363.0,A,A
hibernate-core/src/main/java/org/hibernate/boot/model/internal/HCANNHelper.java,28.0,22.0,0.0,4.0,30.0,4.0,0.0,178.0,A,A
hibernate-testing/src/main/java/org/hibernate/testing/orm/domain/helpdesk/HelpDeskDomainModel.java,1.0,0.0,0.0,0.0,0.0,0.0,0.0,26.0,A,A
tooling/hibernate-gradle-plugin/src/main/java/org/hibernate/orm/tooling/gradle/Helper.java,8.0,7.0,0.0,2.0,13.0,2.0,0.0,100.0,A,A
hibernate-core/src/main/java/org/hibernate/jpa/boot/internal/Helper.java,3.0,0.0,0.0,1.0,5.0,1.0,0.0,38.0,A,A
hibernate-core/src/main/java/org/hibernate/resource/beans/internal/Helper.java,6.0,1.0,0.0,0.0,0.0,0.0,0.0,49.0,A,A
hibernate-core/src/main/java/org/hibernate/boot/model/source/internal/hbm/Helper.java,46.0,50.0,0.0,7.0,41.0,7.0,0.0,250.0,A,A
hibernate-core/src/main/java/org/hibernate/id/uuid/Helper.java,12.0,2.0,0.0,0.0,0.0,0.0,0.0,117.0,A,A
hibernate-core/src/main/java/org/hibernate/tool/schema/internal/Helper.java,28.0,25.0,0.0,1.0,5.0,1.0,0.0,259.0,A,A
hibernate-testing/src/main/java/org/hibernate/testing/junit4/Helper.java,24.0,19.0,0.0,3.0,45.0,3.0,0.0,233.0,A,A
local-build-plugins/src/main/java/org/hibernate/orm/post/Helper.java,3.0,2.0,0.0,2.0,25.0,2.0,0.0,48.0,A,A
hibernate-core/src/main/java/org/hibernate/internal/HEMLogging.java,5.0,0.0,0.0,0.0,0.0,0.0,0.0,39.0,A,A
hibernate-core/src/main/java/org/hibernate/Hibernate.java,53.0,40.0,0.0,0.0,0.0,0.0,0.0,562.0,A,A
hibernate-core/src/main/java/org/hibernate/query/criteria/HibernateCriteriaBuilder.java,12.0,0.0,0.0,4.0,20.0,4.0,0.0,3312.0,A,A
hibernate-core/src/main/java/org/hibernate/query/criteria/spi/HibernateCriteriaBuilderDelegate.java,499.0,0.0,0.0,4.0,20.0,4.0,0.0,3018.0,A,A
hibernate-core/src/main/java/org/hibernate/HibernateError.java,2.0,0.0,0.0,0.0,0.0,0.0,0.0,34.0,A,A
hibernate-core/src/main/java/org/hibernate/HibernateException.java,3.0,0.0,0.0,0.0,0.0,0.0,0.0,49.0,A,A
hibernate-core/src/main/java/org/hibernate/jpa/HibernateHints.java,0.0,0.0,0.0,1.0,10.0,1.0,0.0,227.0,A,A
hibernate-testing/src/main/java/org/hibernate/testing/orm/assertj/HibernateInitializedCondition.java,2.0,0.0,0.0,0.0,0.0,0.0,0.0,32.0,A,A
hibernate-core/src/main/java/org/hibernate/bytecode/internal/bytebuddy/HibernateMethodLookupDispatcher.java,20.0,17.0,1.0,10.0,83.0,11.0,0.0,183.0,C,A
hibernate-micrometer/src/main/java/org/hibernate/stat/HibernateMetrics.java,17.0,7.0,0.0,3.0,39.0,3.0,0.0,350.0,A,A
hibernate-core/src/main/java/org/hibernate/event/spi/HibernateMonitoringEvent.java,0.0,0.0,0.0,0.0,0.0,0.0,0.0,14.0,A,A
tooling/hibernate-gradle-plugin/src/main/java/org/hibernate/orm/tooling/gradle/HibernateOrmPlugin.java,11.0,15.0,0.0,7.0,17.0,7.0,0.0,90.0,A,A
tooling/hibernate-gradle-plugin/src/main/java/org/hibernate/orm/tooling/gradle/HibernateOrmSpec.java,20.0,1.0,0.0,10.0,92.0,10.0,0.0,216.0,A,A
hibernate-core/src/main/java/org/hibernate/jpa/HibernatePersistenceProvider.java,29.0,19.0,0.0,3.0,60.0,3.0,0.0,203.0,A,A
hibernate-core/src/main/java/org/hibernate/proxy/HibernateProxy.java,4.0,3.0,0.0,0.0,0.0,0.0,0.0,71.0,A,A
hibernate-micrometer/src/main/java/org/hibernate/stat/HibernateQueryMetrics.java,9.0,2.0,0.0,1.0,16.0,1.0,0.0,188.0,A,A
hibernate-core/src/main/java/org/hibernate/tool/schema/internal/HibernateSchemaManagementTool.java,75.0,47.0,0.0,5.0,24.0,5.0,0.0,476.0,A,A
hibernate-spatial/src/main/java/org/hibernate/spatial/HibernateSpatialConfigurationSettings.java,1.0,0.0,0.0,0.0,0.0,0.0,0.0,37.0,A,A
hibernate-core/src/main/java/org/hibernate/boot/beanvalidation/HibernateTraversableResolver.java,17.0,13.0,0.0,0.0,0.0,0.0,0.0,112.0,A,A
hibernate-core/src/main/java/org/hibernate/boot/model/source/spi/HibernateTypeSource.java,0.0,0.0,0.0,0.0,0.0,0.0,0.0,40.0,A,A
hibernate-core/src/main/java/org/hibernate/boot/model/source/internal/hbm/HibernateTypeSourceImpl.java,13.0,6.0,0.0,1.0,5.0,1.0,0.0,83.0,A,A
tooling/hibernate-gradle-plugin/src/main/java/org/hibernate/orm/tooling/gradle/HibernateVersion.java,3.0,2.0,0.0,4.0,37.0,4.0,0.0,51.0,A,A
local-build-plugins/src/main/java/org/hibernate/orm/env/HibernateVersion.java,15.0,8.0,0.0,4.0,62.0,4.0,0.0,111.0,A,A
hibernate-core/src/main/java/org/hibernate/engine/jdbc/internal/HighlightingFormatter.java,14.0,19.0,0.0,1.0,9.0,1.0,0.0,114.0,A,A
hibernate-hikaricp/src/main/java/org/hibernate/hikaricp/internal/HikariConfigurationUtil.java,9.0,5.0,0.0,2.0,10.0,2.0,0.0,113.0,A,A
hibernate-hikaricp/src/main/java/org/hibernate/hikaricp/internal/HikariCPConnectionProvider.java,14.0,8.0,0.0,2.0,10.0,2.0,0.0,126.0,A,A
hibernate-core/src/main/java/org/hibernate/id/enhanced/HiLoOptimizer.java,18.0,17.0,0.0,1.0,10.0,1.0,0.0,203.0,A,A
hibernate-core/src/main/java/org/hibernate/jpa/internal/HintsCollector.java,6.0,7.0,0.0,2.0,25.0,2.0,0.0,65.0,A,A
hibernate-core/src/main/java/org/hibernate/annotations/processing/HQL.java,0.0,0.0,0.0,0.0,0.0,0.0,0.0,129.0,A,A
hibernate-core/src/main/java/org/hibernate/query/spi/HqlInterpretation.java,0.0,0.0,0.0,0.0,0.0,0.0,0.0,22.0,A,A
hibernate-core/src/main/java/org/hibernate/query/hql/HqlInterpretationException.java,2.0,0.0,0.0,0.0,0.0,0.0,0.0,26.0,A,A
hibernate-core/src/main/java/org/hibernate/query/hql/HqlLogging.java,3.0,0.0,0.0,0.0,0.0,0.0,0.0,53.0,A,A
hibernate-core/src/main/java/org/hibernate/query/hql/internal/HqlParseTreeBuilder.java,5.0,2.0,0.0,2.0,5.0,2.0,0.0,54.0,A,A
hibernate-core/src/main/java/org/hibernate/annotations/HQLSelect.java,0.0,0.0,0.0,0.0,0.0,0.0,0.0,51.0,A,A
hibernate-core/src/main/java/org/hibernate/query/hql/HqlTranslator.java,0.0,0.0,0.0,0.0,0.0,0.0,0.0,34.0,A,A
hibernate-spatial/src/main/java/org/hibernate/spatial/HSMessageLogger.java,0.0,0.0,0.0,0.0,0.0,0.0,0.0,55.0,A,A
hibernate-core/src/main/java/org/hibernate/dialect/function/array/HSQLArrayConstructorFunction.java,10.0,11.0,0.0,0.0,0.0,0.0,0.0,73.0,A,A
hibernate-core/src/main/java/org/hibernate/dialect/function/array/HSQLArrayFillFunction.java,2.0,0.0,0.0,0.0,0.0,0.0,0.0,41.0,A,A
hibernate-core/src/main/java/org/hibernate/dialect/function/array/HSQLArrayPositionFunction.java,3.0,1.0,0.0,0.0,0.0,0.0,0.0,48.0,A,A
hibernate-core/src/main/java/org/hibernate/dialect/function/array/HSQLArrayPositionsFunction.java,2.0,0.0,0.0,0.0,0.0,0.0,0.0,44.0,A,A
hibernate-core/src/main/java/org/hibernate/dialect/function/array/HSQLArrayRemoveFunction.java,2.0,0.0,0.0,1.0,5.0,1.0,0.0,42.0,A,A
hibernate-core/src/main/java/org/hibernate/dialect/function/array/HSQLArraySetFunction.java,2.0,0.0,0.0,1.0,5.0,1.0,0.0,47.0,A,A
hibernate-core/src/main/java/org/hibernate/dialect/function/array/HSQLArrayToStringFunction.java,2.0,0.0,0.0,0.0,0.0,0.0,0.0,46.0,A,A
hibernate-core/src/main/java/org/hibernate/dialect/HSQLDialect.java,113.0,31.0,0.0,6.0,30.0,6.0,0.0,695.0,A,A
hibernate-core/src/main/java/org/hibernate/dialect/identity/HSQLIdentityColumnSupport.java,6.0,1.0,0.0,1.0,2.0,1.0,0.0,42.0,A,A
hibernate-community-dialects/src/main/java/org/hibernate/community/dialect/HSQLLegacyDialect.java,145.0,55.0,0.0,9.0,45.0,9.0,0.0,868.0,A,A
hibernate-community-dialects/src/main/java/org/hibernate/community/dialect/HSQLLegacySqlAstTranslator.java,65.0,64.0,0.0,0.0,0.0,0.0,0.0,332.0,A,A
hibernate-core/src/main/java/org/hibernate/dialect/sequence/HSQLSequenceSupport.java,5.0,0.0,0.0,0.0,0.0,0.0,0.0,52.0,A,A
hibernate-core/src/main/java/org/hibernate/dialect/HSQLSqlAstTranslator.java,62.0,62.0,0.0,1.0,5.0,1.0,0.0,321.0,A,A
hibernate-testing/src/main/java/org/hibernate/testing/orm/domain/animal/Human.java,24.0,0.0,0.0,0.0,0.0,0.0,0.0,171.0,A,A
hibernate-core/src/main/java/org/hibernate/dialect/function/HypotheticalSetFunction.java,12.0,10.0,0.0,0.0,0.0,0.0,0.0,103.0,A,A
hibernate-core/src/main/java/org/hibernate/dialect/function/HypotheticalSetWindowEmulation.java,10.0,17.0,0.0,9.0,15.0,9.0,0.0,120.0,A,A
hibernate-core/src/main/java/org/hibernate/boot/model/internal/IdBagBinder.java,11.0,8.0,0.0,2.0,15.0,2.0,0.0,157.0,A,A
hibernate-core/src/main/java/org/hibernate/metamodel/mapping/internal/IdClassEmbeddable.java,36.0,27.0,0.0,4.0,20.0,4.0,0.0,361.0,A,A
hibernate-core/src/main/java/org/hibernate/metamodel/mapping/internal/IdClassRepresentationStrategy.java,7.0,0.0,0.0,0.0,0.0,0.0,0.0,59.0,A,A
hibernate-core/src/main/java/org/hibernate/boot/model/source/internal/hbm/IdClassSource.java,12.0,4.0,0.0,1.0,5.0,1.0,0.0,113.0,A,A
hibernate-core/src/main/java/org/hibernate/metamodel/model/domain/IdentifiableDomainType.java,0.0,0.0,0.0,0.0,0.0,0.0,0.0,56.0,A,A
hibernate-core/src/main/java/org/hibernate/mapping/IdentifiableTypeClass.java,0.0,0.0,0.0,0.0,0.0,0.0,0.0,27.0,A,A
hibernate-core/src/main/java/org/hibernate/boot/model/source/spi/IdentifiableTypeSource.java,0.0,0.0,0.0,0.0,0.0,0.0,0.0,65.0,A,A
hibernate-core/src/main/java/org/hibernate/boot/model/naming/Identifier.java,47.0,36.0,0.0,3.0,22.0,3.0,0.0,276.0,A,A
hibernate-envers/src/main/java/org/hibernate/envers/boot/model/Identifier.java,0.0,0.0,0.0,0.0,0.0,0.0,0.0,32.0,A,A
hibernate-core/src/main/java/org/hibernate/tuple/IdentifierAttribute.java,0.0,0.0,0.0,2.0,20.0,2.0,0.0,30.0,A,A
hibernate-core/src/main/java/org/hibernate/mapping/IdentifierBag.java,6.0,0.0,0.0,0.0,0.0,0.0,0.0,53.0,A,A
hibernate-core/src/main/java/org/hibernate/type/IdentifierBagType.java,7.0,1.0,0.0,0.0,0.0,0.0,0.0,54.0,A,A
hibernate-core/src/main/java/org/hibernate/engine/jdbc/env/spi/IdentifierCaseStrategy.java,0.0,0.0,0.0,0.0,0.0,0.0,0.0,37.0,A,A
hibernate-core/src/main/java/org/hibernate/mapping/IdentifierCollection.java,14.0,4.0,0.0,2.0,4.0,2.0,0.0,85.0,A,A
hibernate-envers/src/main/java/org/hibernate/envers/query/criteria/internal/IdentifierEqAuditExpression.java,2.0,0.0,0.0,0.0,0.0,0.0,0.0,45.0,A,A
hibernate-core/src/main/java/org/hibernate/id/insert/IdentifierGeneratingInsert.java,1.0,0.0,0.0,0.0,0.0,0.0,0.0,24.0,A,A
hibernate-core/src/main/java/org/hibernate/id/IdentifierGenerationException.java,2.0,0.0,0.0,0.0,0.0,0.0,0.0,28.0,A,A
hibernate-core/src/main/java/org/hibernate/id/IdentifierGenerator.java,6.0,0.0,0.0,1.0,10.0,1.0,0.0,170.0,A,A
hibernate-core/src/main/java/org/hibernate/id/IdentifierGeneratorAggregator.java,0.0,0.0,0.0,0.0,0.0,0.0,0.0,21.0,A,A
hibernate-core/src/main/java/org/hibernate/mapping/IdentifierGeneratorCreator.java,0.0,0.0,0.0,0.0,0.0,0.0,0.0,18.0,A,A
hibernate-core/src/main/java/org/hibernate/boot/model/IdentifierGeneratorDefinition.java,57.0,10.0,0.0,0.0,0.0,0.0,0.0,339.0,A,A
hibernate-core/src/main/java/org/hibernate/boot/model/source/internal/hbm/IdentifierGeneratorDefinitionBinder.java,1.0,0.0,0.0,1.0,5.0,1.0,0.0,33.0,A,A
hibernate-core/src/main/java/org/hibernate/id/factory/IdentifierGeneratorFactory.java,0.0,0.0,0.0,3.0,30.0,3.0,0.0,98.0,A,A
hibernate-core/src/main/java/org/hibernate/id/IdentifierGeneratorHelper.java,119.0,40.0,3.0,7.0,41.0,10.0,0.0,634.0,C,A
hibernate-core/src/main/java/org/hibernate/jpa/spi/IdentifierGeneratorStrategyProvider.java,0.0,0.0,0.0,1.0,10.0,1.0,0.0,28.0,A,A
hibernate-core/src/main/java/org/hibernate/id/factory/internal/IdentifierGeneratorUtil.java,15.0,19.0,0.0,5.0,19.0,5.0,0.0,142.0,A,A
hibernate-core/src/main/java/org/hibernate/engine/jdbc/env/spi/IdentifierHelper.java,0.0,0.0,0.0,0.0,0.0,0.0,0.0,115.0,A,A
hibernate-core/src/main/java/org/hibernate/engine/jdbc/env/spi/IdentifierHelperBuilder.java,37.0,22.0,0.0,2.0,7.0,2.0,0.0,231.0,A,A
hibernate-core/src/main/java/org/hibernate/IdentifierLoadAccess.java,3.0,0.0,0.0,1.0,10.0,1.0,0.0,169.0,A,A
hibernate-core/src/main/java/org/hibernate/loader/internal/IdentifierLoadAccessImpl.java,41.0,36.0,0.0,2.0,5.0,2.0,0.0,299.0,A,A
hibernate-core/src/main/java/org/hibernate/tuple/IdentifierProperty.java,9.0,0.0,0.0,1.0,10.0,1.0,0.0,104.0,A,A
hibernate-envers/src/main/java/org/hibernate/envers/boot/model/IdentifierRelation.java,13.0,16.0,0.0,0.0,0.0,0.0,0.0,94.0,A,A
hibernate-core/src/main/java/org/hibernate/boot/model/source/spi/IdentifierSource.java,0.0,0.0,0.0,1.0,0.0,1.0,0.0,37.0,A,A
hibernate-core/src/main/java/org/hibernate/boot/model/source/spi/IdentifierSourceAggregatedComposite.java,0.0,0.0,0.0,0.0,0.0,0.0,0.0,37.0,A,A
hibernate-core/src/main/java/org/hibernate/boot/model/source/internal/hbm/IdentifierSourceAggregatedCompositeImpl.java,32.0,0.0,0.0,1.0,5.0,1.0,0.0,253.0,A,A
hibernate-core/src/main/java/org/hibernate/boot/model/source/spi/IdentifierSourceNonAggregatedComposite.java,0.0,0.0,0.0,0.0,0.0,0.0,0.0,34.0,A,A
hibernate-core/src/main/java/org/hibernate/boot/model/source/internal/hbm/IdentifierSourceNonAggregatedCompositeImpl.java,22.0,2.0,0.0,2.0,10.0,2.0,0.0,194.0,A,A
hibernate-core/src/main/java/org/hibernate/boot/model/source/spi/IdentifierSourceSimple.java,0.0,0.0,0.0,0.0,0.0,0.0,0.0,31.0,A,A
hibernate-core/src/main/java/org/hibernate/boot/model/source/internal/hbm/IdentifierSourceSimpleImpl.java,6.0,0.0,0.0,0.0,0.0,0.0,0.0,73.0,A,A
hibernate-core/src/main/java/org/hibernate/engine/spi/IdentifierValue.java,18.0,1.0,0.0,0.0,0.0,0.0,0.0,146.0,A,A
hibernate-core/src/main/java/org/hibernate/dialect/identity/IdentityColumnSupport.java,2.0,0.0,0.0,0.0,0.0,0.0,0.0,135.0,A,A
hibernate-core/src/main/java/org/hibernate/dialect/identity/IdentityColumnSupportImpl.java,8.0,0.0,0.0,1.0,0.0,1.0,0.0,63.0,A,A
hibernate-core/src/main/java/org/hibernate/id/factory/internal/IdentityGenerationTypeStrategy.java,1.0,0.0,0.0,1.0,0.0,1.0,0.0,36.0,A,A
hibernate-core/src/main/java/org/hibernate/id/IdentityGenerator.java,5.0,3.0,0.0,0.0,0.0,0.0,0.0,66.0,A,A
hibernate-core/src/main/java/org/hibernate/internal/util/collections/IdentityMap.java,39.0,6.0,1.0,8.0,62.0,9.0,0.0,247.0,B,A
hibernate-core/src/main/java/org/hibernate/internal/util/collections/IdentitySet.java,21.0,7.0,0.0,0.0,0.0,0.0,0.0,125.0,A,A
tooling/metamodel-generator/src/main/java/org/hibernate/jpamodelgen/annotation/IdFinderMethod.java,10.0,6.0,0.0,0.0,0.0,0.0,0.0,83.0,A,A
hibernate-core/src/main/java/org/hibernate/mapping/IdGenerator.java,6.0,0.0,0.0,1.0,10.0,1.0,0.0,63.0,A,A
hibernate-core/src/main/java/org/hibernate/boot/model/internal/IdGeneratorResolverSecondPass.java,3.0,0.0,0.0,0.0,0.0,0.0,0.0,61.0,A,A
hibernate-core/src/main/java/org/hibernate/annotations/IdGeneratorType.java,0.0,0.0,0.0,0.0,0.0,0.0,0.0,85.0,A,A
hibernate-core/src/main/java/org/hibernate/id/factory/IdGenFactoryLogging.java,0.0,0.0,0.0,1.0,10.0,1.0,0.0,24.0,A,A
hibernate-testing/src/main/java/org/hibernate/testing/jdbc/leak/IdleConnectionCounter.java,0.0,0.0,0.0,0.0,0.0,0.0,0.0,36.0,A,A
hibernate-envers/src/main/java/org/hibernate/envers/internal/entities/mapper/id/IdMapper.java,1.0,0.0,0.0,2.0,10.0,2.0,0.0,135.0,A,A
hibernate-envers/src/main/java/org/hibernate/envers/internal/entities/IdMappingData.java,4.0,0.0,0.0,0.0,0.0,0.0,0.0,40.0,A,A
hibernate-envers/src/main/java/org/hibernate/envers/configuration/internal/metadata/IdMetadataGenerator.java,39.0,46.0,0.0,0.0,0.0,0.0,0.0,317.0,A,A
hibernate-envers/src/main/java/org/hibernate/envers/query/criteria/internal/IlikeAuditExpression.java,2.0,0.0,0.0,0.0,0.0,0.0,0.0,50.0,A,A
hibernate-core/src/main/java/org/hibernate/boot/model/naming/IllegalIdentifierException.java,1.0,0.0,0.0,0.0,0.0,0.0,0.0,21.0,A,A
hibernate-core/src/main/java/org/hibernate/query/IllegalMutationQueryException.java,2.0,0.0,0.0,0.0,0.0,0.0,0.0,26.0,A,A
hibernate-core/src/main/java/org/hibernate/query/IllegalNamedQueryOptionsException.java,1.0,0.0,0.0,0.0,0.0,0.0,0.0,21.0,A,A
hibernate-core/src/main/java/org/hibernate/query/IllegalQueryOperationException.java,2.0,0.0,0.0,0.0,0.0,0.0,0.0,28.0,A,A
hibernate-core/src/main/java/org/hibernate/query/IllegalSelectQueryException.java,2.0,0.0,0.0,0.0,0.0,0.0,0.0,24.0,A,A
hibernate-testing/src/main/java/org/hibernate/testing/orm/domain/userguide/Image.java,4.0,0.0,0.0,0.0,0.0,0.0,0.0,44.0,A,A
hibernate-core/src/main/java/org/hibernate/type/descriptor/java/Immutability.java,5.0,0.0,0.0,2.0,10.0,2.0,0.0,53.0,A,A
hibernate-core/src/main/java/org/hibernate/annotations/Immutable.java,0.0,0.0,0.0,0.0,0.0,0.0,0.0,72.0,A,A
hibernate-core/src/main/java/org/hibernate/metamodel/mapping/internal/ImmutableAttributeMappingList.java,14.0,3.0,0.0,0.0,0.0,0.0,0.0,97.0,A,A
hibernate-core/src/main/java/org/hibernate/metamodel/mapping/internal/ImmutableAttributeMappingsMap.java,11.0,4.0,1.0,0.0,0.0,1.0,0.0,97.0,B,A
hibernate-core/src/main/java/org/hibernate/engine/internal/ImmutableEntityEntry.java,8.0,2.0,0.0,2.0,25.0,2.0,0.0,138.0,A,A
hibernate-core/src/main/java/org/hibernate/engine/internal/ImmutableEntityEntryFactory.java,2.0,0.0,0.0,1.0,0.0,1.0,0.0,58.0,A,A
hibernate-core/src/main/java/org/hibernate/query/ImmutableEntityUpdateQueryHandlingMode.java,6.0,8.0,0.0,0.0,0.0,0.0,0.0,60.0,A,A
hibernate-core/src/main/java/org/hibernate/sql/results/graph/internal/ImmutableFetchList.java,30.0,25.0,1.0,3.0,32.0,4.0,0.0,140.0,B,A
hibernate-core/src/main/java/org/hibernate/type/descriptor/java/ImmutableMutabilityPlan.java,5.0,0.0,0.0,3.0,20.0,3.0,0.0,52.0,A,A
hibernate-core/src/main/java/org/hibernate/type/internal/ImmutableNamedBasicTypeImpl.java,2.0,0.0,0.0,0.0,0.0,0.0,0.0,31.0,A,A
hibernate-testing/src/main/java/org/hibernate/testing/bytecode/enhancement/ImplEnhancementSelector.java,0.0,0.0,0.0,0.0,0.0,0.0,0.0,26.0,A,A
hibernate-testing/src/main/java/org/hibernate/testing/bytecode/enhancement/ImplEnhancementSelectors.java,0.0,0.0,0.0,0.0,0.0,0.0,0.0,24.0,A,A
hibernate-core/src/main/java/org/hibernate/boot/model/naming/ImplicitAnyDiscriminatorColumnNameSource.java,0.0,0.0,0.0,0.0,0.0,0.0,0.0,25.0,A,A
hibernate-core/src/main/java/org/hibernate/boot/model/naming/ImplicitAnyKeyColumnNameSource.java,0.0,0.0,0.0,0.0,0.0,0.0,0.0,25.0,A,A
hibernate-core/src/main/java/org/hibernate/query/results/ImplicitAttributeFetchBuilder.java,9.0,4.0,0.0,1.0,5.0,1.0,0.0,80.0,A,A
hibernate-core/src/main/java/org/hibernate/query/internal/ImplicitAttributeFetchMemento.java,3.0,0.0,0.0,0.0,0.0,0.0,0.0,43.0,A,A
hibernate-core/src/main/java/org/hibernate/boot/model/naming/ImplicitBasicColumnNameSource.java,0.0,0.0,0.0,0.0,0.0,0.0,0.0,37.0,A,A
hibernate-core/src/main/java/org/hibernate/boot/model/naming/ImplicitCollectionTableNameSource.java,0.0,0.0,0.0,0.0,0.0,0.0,0.0,40.0,A,A
hibernate-core/src/main/java/org/hibernate/boot/model/source/internal/ImplicitColumnNamingSecondPass.java,0.0,0.0,0.0,0.0,0.0,0.0,0.0,21.0,A,A
hibernate-core/src/main/java/org/hibernate/boot/model/naming/ImplicitConstraintNameSource.java,0.0,0.0,0.0,0.0,0.0,0.0,0.0,21.0,A,A
hibernate-core/src/main/java/org/hibernate/id/enhanced/ImplicitDatabaseObjectNamingStrategy.java,0.0,0.0,0.0,0.0,0.0,0.0,0.0,52.0,A,A
hibernate-core/src/main/java/org/hibernate/boot/model/naming/ImplicitDiscriminatorColumnNameSource.java,0.0,0.0,0.0,0.0,0.0,0.0,0.0,22.0,A,A
hibernate-core/src/main/java/org/hibernate/boot/model/naming/ImplicitEntityNameSource.java,0.0,0.0,0.0,0.0,0.0,0.0,0.0,22.0,A,A
hibernate-core/src/main/java/org/hibernate/query/results/implicit/ImplicitFetchBuilder.java,0.0,0.0,0.0,0.0,0.0,0.0,0.0,16.0,A,A
hibernate-core/src/main/java/org/hibernate/query/results/implicit/ImplicitFetchBuilderBasic.java,15.0,8.0,0.0,0.0,0.0,0.0,0.0,158.0,A,A
hibernate-core/src/main/java/org/hibernate/query/results/implicit/ImplicitFetchBuilderDiscriminatedAssociation.java,11.0,4.0,0.0,0.0,0.0,0.0,0.0,109.0,A,A
hibernate-core/src/main/java/org/hibernate/query/results/implicit/ImplicitFetchBuilderEmbeddable.java,19.0,12.0,0.0,6.0,23.0,6.0,0.0,177.0,A,A
hibernate-core/src/main/java/org/hibernate/query/results/implicit/ImplicitFetchBuilderEntity.java,22.0,25.0,0.0,5.0,24.0,5.0,0.0,185.0,A,A
hibernate-core/src/main/java/org/hibernate/query/results/implicit/ImplicitFetchBuilderEntityPart.java,10.0,4.0,0.0,0.0,0.0,0.0,0.0,81.0,A,A
hibernate-core/src/main/java/org/hibernate/query/results/implicit/ImplicitFetchBuilderPlural.java,10.0,4.0,0.0,1.0,2.0,1.0,0.0,90.0,A,A
hibernate-core/src/main/java/org/hibernate/boot/model/naming/ImplicitForeignKeyNameSource.java,0.0,0.0,0.0,0.0,0.0,0.0,0.0,18.0,A,A
hibernate-core/src/main/java/org/hibernate/boot/query/ImplicitHbmResultSetMappingDescriptorBuilder.java,22.0,12.0,0.0,1.0,5.0,1.0,0.0,170.0,A,A
hibernate-core/src/main/java/org/hibernate/boot/model/naming/ImplicitIdentifierColumnNameSource.java,0.0,0.0,0.0,0.0,0.0,0.0,0.0,32.0,A,A
hibernate-core/src/main/java/org/hibernate/boot/model/naming/ImplicitIndexColumnNameSource.java,0.0,0.0,0.0,0.0,0.0,0.0,0.0,20.0,A,A
hibernate-core/src/main/java/org/hibernate/boot/model/naming/ImplicitIndexNameSource.java,0.0,0.0,0.0,0.0,0.0,0.0,0.0,14.0,A,A
hibernate-core/src/main/java/org/hibernate/boot/model/naming/ImplicitJoinColumnNameSource.java,0.0,0.0,0.0,0.0,0.0,0.0,0.0,60.0,A,A
hibernate-core/src/main/java/org/hibernate/boot/model/naming/ImplicitJoinTableNameSource.java,0.0,0.0,0.0,0.0,0.0,0.0,0.0,54.0,A,A
hibernate-testing/src/main/java/org/hibernate/testing/orm/junit/ImplicitListAsBagProvider.java,1.0,0.0,0.0,0.0,0.0,0.0,0.0,31.0,A,A
hibernate-testing/src/main/java/org/hibernate/testing/orm/junit/ImplicitListAsListProvider.java,1.0,0.0,0.0,0.0,0.0,0.0,0.0,20.0,A,A
hibernate-core/src/main/java/org/hibernate/boot/model/naming/ImplicitMapKeyColumnNameSource.java,0.0,0.0,0.0,0.0,0.0,0.0,0.0,30.0,A,A
hibernate-core/src/main/java/org/hibernate/query/results/implicit/ImplicitModelPartResultBuilder.java,0.0,0.0,0.0,0.0,0.0,0.0,0.0,16.0,A,A
hibernate-core/src/main/java/org/hibernate/query/results/implicit/ImplicitModelPartResultBuilderBasic.java,10.0,4.0,0.0,0.0,0.0,0.0,0.0,84.0,A,A
hibernate-core/src/main/java/org/hibernate/query/results/implicit/ImplicitModelPartResultBuilderEmbeddable.java,12.0,6.0,0.0,0.0,0.0,0.0,0.0,120.0,A,A
hibernate-core/src/main/java/org/hibernate/query/results/implicit/ImplicitModelPartResultBuilderEntity.java,13.0,6.0,0.0,0.0,0.0,0.0,0.0,114.0,A,A
hibernate-core/src/main/java/org/hibernate/query/internal/ImplicitModelPartResultMemento.java,6.0,3.0,0.0,1.0,0.0,1.0,0.0,59.0,A,A
hibernate-core/src/main/java/org/hibernate/boot/model/naming/ImplicitNameSource.java,0.0,0.0,0.0,0.0,0.0,0.0,0.0,24.0,A,A
hibernate-core/src/main/java/org/hibernate/boot/model/naming/ImplicitNamingStrategy.java,0.0,0.0,0.0,0.0,0.0,0.0,0.0,229.0,A,A
hibernate-core/src/main/java/org/hibernate/boot/model/naming/ImplicitNamingStrategyComponentPathImpl.java,5.0,3.0,0.0,1.0,0.0,1.0,0.0,51.0,A,A
hibernate-core/src/main/java/org/hibernate/boot/model/naming/ImplicitNamingStrategyJpaCompliantImpl.java,28.0,10.0,0.0,5.0,15.0,5.0,0.0,268.0,A,A
hibernate-core/src/main/java/org/hibernate/boot/model/naming/ImplicitNamingStrategyLegacyHbmImpl.java,7.0,3.0,0.0,1.0,0.0,1.0,0.0,60.0,A,A
hibernate-core/src/main/java/org/hibernate/boot/model/naming/ImplicitNamingStrategyLegacyJpaImpl.java,7.0,6.0,0.0,3.0,10.0,3.0,0.0,86.0,A,A
hibernate-core/src/main/java/org/hibernate/boot/model/naming/ImplicitPrimaryKeyJoinColumnNameSource.java,0.0,0.0,0.0,0.0,0.0,0.0,0.0,35.0,A,A
hibernate-core/src/main/java/org/hibernate/query/results/implicit/ImplicitResultClassBuilder.java,5.0,0.0,0.0,2.0,7.0,2.0,0.0,88.0,A,A
hibernate-core/src/main/java/org/hibernate/boot/jaxb/hbm/internal/ImplicitResultSetMappingDefinition.java,16.0,5.0,0.0,2.0,10.0,2.0,0.0,103.0,A,A
hibernate-core/src/main/java/org/hibernate/boot/model/naming/ImplicitTenantIdColumnNameSource.java,0.0,0.0,0.0,0.0,0.0,0.0,0.0,23.0,A,A
hibernate-core/src/main/java/org/hibernate/boot/model/internal/ImplicitToOneJoinTableSecondPass.java,14.0,14.0,0.0,0.0,0.0,0.0,0.0,118.0,A,A
hibernate-core/src/main/java/org/hibernate/boot/model/naming/ImplicitUniqueKeyNameSource.java,0.0,0.0,0.0,0.0,0.0,0.0,0.0,15.0,A,A
tooling/metamodel-generator/src/main/java/org/hibernate/jpamodelgen/model/ImportContext.java,0.0,0.0,0.0,0.0,0.0,0.0,0.0,34.0,A,A
tooling/metamodel-generator/src/main/java/org/hibernate/jpamodelgen/ImportContextImpl.java,36.0,29.0,0.0,0.0,0.0,0.0,0.0,199.0,A,A
hibernate-core/src/main/java/org/hibernate/annotations/Imported.java,0.0,0.0,0.0,0.0,0.0,0.0,0.0,32.0,A,A
tooling/hibernate-ant/src/main/java/org/hibernate/tool/hbm2ddl/ImportScriptException.java,2.0,0.0,0.0,1.0,10.0,1.0,0.0,27.0,A,A
tooling/hibernate-ant/src/main/java/org/hibernate/tool/hbm2ddl/ImportSqlCommandExtractor.java,0.0,0.0,0.0,1.0,10.0,1.0,0.0,19.0,A,A
tooling/hibernate-ant/src/main/java/org/hibernate/tool/hbm2ddl/ImportSqlCommandExtractorInitiator.java,0.0,0.0,0.0,1.0,10.0,1.0,0.0,22.0,A,A
hibernate-core/src/main/java/org/hibernate/tool/schema/internal/exec/ImprovedExtractionContextImpl.java,12.0,4.0,0.0,0.0,0.0,0.0,0.0,104.0,A,A
hibernate-envers/src/main/java/org/hibernate/envers/boot/internal/ImprovedModifiedColumnNamingStrategy.java,7.0,13.0,0.0,1.0,5.0,1.0,0.0,67.0,A,A
hibernate-core/src/main/java/org/hibernate/cfg/ImprovedNamingStrategy.java,21.0,12.0,0.0,2.0,20.0,2.0,0.0,137.0,A,A
hibernate-core/src/main/java/org/hibernate/sql/ast/tree/predicate/InArrayPredicate.java,5.0,0.0,0.0,0.0,0.0,0.0,0.0,44.0,A,A
hibernate-envers/src/main/java/org/hibernate/envers/query/criteria/internal/InAuditExpression.java,2.0,0.0,0.0,0.0,0.0,0.0,0.0,48.0,A,A
hibernate-testing/src/main/java/org/hibernate/testing/orm/domain/helpdesk/Incident.java,13.0,0.0,0.0,0.0,0.0,0.0,0.0,99.0,A,A
local-build-plugins/src/main/java/org/hibernate/orm/post/Inclusion.java,4.0,0.0,0.0,0.0,0.0,0.0,0.0,34.0,A,A
hibernate-core/src/main/java/org/hibernate/type/descriptor/java/IncomparableComparator.java,1.0,0.0,0.0,2.0,5.0,2.0,0.0,25.0,A,A
hibernate-core/src/main/java/org/hibernate/id/IncrementGenerator.java,17.0,19.0,0.0,2.0,20.0,2.0,0.0,191.0,A,A
hibernate-core/src/main/java/org/hibernate/Incubating.java,0.0,0.0,0.0,0.0,0.0,0.0,0.0,37.0,A,A
hibernate-core/src/main/java/org/hibernate/internal/log/IncubationLogger.java,0.0,0.0,0.0,0.0,0.0,0.0,0.0,35.0,A,A
local-build-plugins/src/main/java/org/hibernate/orm/post/IncubationReportTask.java,4.0,1.0,0.0,2.0,22.0,2.0,0.0,70.0,A,A
hibernate-core/src/main/java/org/hibernate/mapping/Index.java,32.0,12.0,0.0,7.0,70.0,7.0,0.0,209.0,A,A
hibernate-core/src/main/java/org/hibernate/annotations/Index.java,0.0,0.0,0.0,1.0,10.0,1.0,0.0,36.0,A,A
hibernate-core/src/main/java/org/hibernate/mapping/IndexBackref.java,9.0,1.0,0.0,0.0,0.0,0.0,0.0,61.0,A,A
hibernate-core/src/main/java/org/hibernate/boot/model/internal/IndexBinder.java,50.0,52.0,0.0,7.0,41.0,7.0,0.0,290.0,A,A
hibernate-core/src/main/java/org/hibernate/annotations/IndexColumn.java,0.0,0.0,0.0,1.0,10.0,1.0,0.0,48.0,A,A
hibernate-core/src/main/java/org/hibernate/boot/model/internal/IndexColumn.java,14.0,12.0,0.0,7.0,30.0,7.0,0.0,174.0,A,A
hibernate-core/src/main/java/org/hibernate/mapping/IndexedBiConsumer.java,0.0,0.0,0.0,1.0,10.0,1.0,0.0,23.0,A,A
hibernate-core/src/main/java/org/hibernate/internal/util/IndexedBiConsumer.java,0.0,0.0,0.0,0.0,0.0,0.0,0.0,21.0,A,A
hibernate-core/src/main/java/org/hibernate/mapping/IndexedCollection.java,20.0,14.0,0.0,4.0,14.0,4.0,0.0,113.0,A,A
hibernate-core/src/main/java/org/hibernate/mapping/IndexedConsumer.java,0.0,0.0,0.0,1.0,10.0,1.0,0.0,21.0,A,A
hibernate-core/src/main/java/org/hibernate/internal/util/IndexedConsumer.java,0.0,0.0,0.0,0.0,0.0,0.0,0.0,21.0,A,A
hibernate-core/src/main/java/org/hibernate/boot/model/source/internal/hbm/IndexedPluralAttributeSource.java,0.0,0.0,0.0,0.0,0.0,0.0,0.0,19.0,A,A
local-build-plugins/src/main/java/org/hibernate/orm/post/IndexerTask.java,6.0,0.0,0.0,1.0,2.0,1.0,0.0,57.0,A,A
hibernate-core/src/main/java/org/hibernate/tool/schema/extract/spi/IndexInformation.java,0.0,0.0,0.0,0.0,0.0,0.0,0.0,34.0,A,A
hibernate-core/src/main/java/org/hibernate/tool/schema/extract/internal/IndexInformationImpl.java,8.0,1.0,0.0,0.0,0.0,0.0,0.0,67.0,A,A
local-build-plugins/src/main/java/org/hibernate/orm/post/IndexManager.java,31.0,47.0,2.0,15.0,226.0,17.0,0.0,257.0,B,A
tooling/hibernate-ant/src/main/java/org/hibernate/tool/hbm2ddl/IndexMetadata.java,6.0,1.0,0.0,3.0,20.0,3.0,0.0,47.0,A,A
hibernate-core/src/main/java/org/hibernate/boot/model/internal/IndexOrUniqueKeySecondPass.java,17.0,25.0,0.0,5.0,26.0,5.0,0.0,125.0,A,A
hibernate-core/src/main/java/org/hibernate/dialect/hint/IndexQueryHintHandler.java,3.0,3.0,0.0,2.0,10.0,2.0,0.0,48.0,A,A
hibernate-core/src/main/java/org/hibernate/tool/schema/internal/IndividuallySchemaMigratorImpl.java,15.0,23.0,0.0,1.0,13.0,1.0,0.0,105.0,A,A
hibernate-core/src/main/java/org/hibernate/tool/schema/internal/IndividuallySchemaValidatorImpl.java,6.0,4.0,0.0,0.0,0.0,0.0,0.0,53.0,A,A
hibernate-core/src/main/java/org/hibernate/type/descriptor/java/InetAddressJavaType.java,17.0,15.0,0.0,0.0,0.0,0.0,0.0,102.0,A,A
hibernate-core/src/main/java/org/hibernate/boot/model/process/internal/InferredBasicValueResolution.java,9.0,1.0,0.0,0.0,0.0,0.0,0.0,82.0,A,A
hibernate-core/src/main/java/org/hibernate/boot/model/process/internal/InferredBasicValueResolver.java,46.0,94.0,0.0,24.0,110.0,24.0,0.0,429.0,A,A
hibernate-core/src/main/java/org/hibernate/metamodel/mapping/internal/InFlightEntityMappingType.java,3.0,0.0,0.0,0.0,0.0,0.0,0.0,39.0,A,A
hibernate-core/src/main/java/org/hibernate/boot/spi/InFlightMetadataCollector.java,4.0,0.0,0.0,6.0,55.0,6.0,0.0,403.0,A,A
hibernate-core/src/main/java/org/hibernate/boot/internal/InFlightMetadataCollectorImpl.java,377.0,270.0,1.0,14.0,65.0,15.0,0.0,2226.0,B,A
hibernate-core/src/main/java/org/hibernate/tool/schema/extract/spi/InformationExtractor.java,0.0,0.0,0.0,0.0,0.0,0.0,0.0,99.0,A,A
hibernate-core/src/main/java/org/hibernate/tool/schema/extract/internal/InformationExtractorJdbcDatabaseMetaDataImpl.java,12.0,3.0,0.0,0.0,0.0,0.0,0.0,179.0,A,A
hibernate-community-dialects/src/main/java/org/hibernate/community/dialect/Informix10Dialect.java,1.0,0.0,0.0,1.0,10.0,1.0,0.0,24.0,A,A
hibernate-community-dialects/src/main/java/org/hibernate/community/dialect/InformixDialect.java,73.0,6.0,0.0,1.0,5.0,1.0,0.0,598.0,A,A
hibernate-community-dialects/src/main/java/org/hibernate/community/dialect/identity/InformixIdentityColumnSupport.java,8.0,2.0,0.0,1.0,0.0,1.0,0.0,56.0,A,A
hibernate-community-dialects/src/main/java/org/hibernate/community/dialect/sequence/InformixSequenceSupport.java,1.0,0.0,0.0,0.0,0.0,0.0,0.0,27.0,A,A
hibernate-community-dialects/src/main/java/org/hibernate/community/dialect/InformixSqlAstTranslator.java,24.0,11.0,0.0,0.0,0.0,0.0,0.0,154.0,A,A
hibernate-community-dialects/src/main/java/org/hibernate/community/dialect/InformixSqmToSqlAstConverter.java,5.0,2.0,0.0,0.0,0.0,0.0,0.0,89.0,A,A
hibernate-community-dialects/src/main/java/org/hibernate/community/dialect/unique/InformixUniqueDelegate.java,2.0,0.0,0.0,0.0,0.0,0.0,0.0,40.0,A,A
hibernate-core/src/main/java/org/hibernate/sql/InFragment.java,18.0,23.0,0.0,2.0,15.0,2.0,0.0,129.0,A,A
hibernate-community-dialects/src/main/java/org/hibernate/community/dialect/Ingres10Dialect.java,1.0,0.0,0.0,1.0,10.0,1.0,0.0,32.0,A,A
hibernate-community-dialects/src/main/java/org/hibernate/community/dialect/identity/Ingres10IdentityColumnSupport.java,4.0,0.0,0.0,1.0,0.0,1.0,0.0,36.0,A,A
hibernate-community-dialects/src/main/java/org/hibernate/community/dialect/Ingres9Dialect.java,1.0,0.0,0.0,1.0,10.0,1.0,0.0,38.0,A,A
hibernate-community-dialects/src/main/java/org/hibernate/community/dialect/identity/Ingres9IdentityColumnSupport.java,1.0,0.0,0.0,1.0,0.0,1.0,0.0,23.0,A,A
hibernate-community-dialects/src/main/java/org/hibernate/community/dialect/IngresDialect.java,74.0,19.0,0.0,1.0,0.0,1.0,0.0,561.0,A,A
hibernate-community-dialects/src/main/java/org/hibernate/community/dialect/sequence/IngresLegacySequenceSupport.java,1.0,0.0,0.0,0.0,0.0,0.0,0.0,24.0,A,A
hibernate-community-dialects/src/main/java/org/hibernate/community/dialect/pagination/IngresLimitHandler.java,3.0,0.0,0.0,0.0,0.0,0.0,0.0,81.0,A,A
hibernate-community-dialects/src/main/java/org/hibernate/community/dialect/IngresSqlAstTranslator.java,27.0,11.0,0.0,0.0,0.0,0.0,0.0,166.0,A,A
hibernate-community-dialects/src/main/java/org/hibernate/community/dialect/IngresSqmToSqlAstConverter.java,5.0,2.0,0.0,0.0,0.0,0.0,0.0,89.0,A,A
hibernate-core/src/main/java/org/hibernate/boot/model/internal/InheritanceState.java,78.0,87.0,0.0,2.0,31.0,2.0,0.0,348.0,A,A
hibernate-core/src/main/java/org/hibernate/boot/model/source/spi/InheritanceType.java,0.0,0.0,0.0,0.0,0.0,0.0,0.0,21.0,A,A
hibernate-envers/src/main/java/org/hibernate/envers/configuration/internal/metadata/InheritanceType.java,5.0,4.0,0.0,0.0,0.0,0.0,0.0,52.0,A,A
hibernate-core/src/main/java/org/hibernate/boot/jaxb/mapping/marshall/InheritanceTypeMarshalling.java,4.0,2.0,0.0,1.0,5.0,1.0,0.0,25.0,A,A
hibernate-core/src/main/java/org/hibernate/boot/model/relational/InitCommand.java,2.0,0.0,0.0,0.0,0.0,0.0,0.0,25.0,A,A
hibernate-testing/src/main/java/org/hibernate/testing/hamcrest/InitializationCheckMatcher.java,6.0,0.0,0.0,4.0,20.0,4.0,0.0,53.0,A,A
hibernate-core/src/main/java/org/hibernate/event/spi/InitializeCollectionEvent.java,1.0,0.0,0.0,0.0,0.0,0.0,0.0,29.0,A,A
hibernate-core/src/main/java/org/hibernate/event/spi/InitializeCollectionEventListener.java,0.0,0.0,0.0,0.0,0.0,0.0,0.0,20.0,A,A
hibernate-core/src/main/java/org/hibernate/sql/results/graph/Initializer.java,11.0,7.0,0.0,1.0,0.0,1.0,0.0,128.0,A,A
hibernate-core/src/main/java/org/hibernate/collection/spi/InitializerProducerBuilder.java,37.0,12.0,0.0,4.0,50.0,4.0,0.0,287.0,A,A
hibernate-core/src/main/java/org/hibernate/sql/results/internal/InitializersList.java,27.0,15.0,0.0,3.0,20.0,3.0,0.0,165.0,A,A
hibernate-envers/src/main/java/org/hibernate/envers/internal/entities/mapper/relation/lazy/initializor/Initializor.java,0.0,0.0,0.0,0.0,0.0,0.0,0.0,16.0,A,A
hibernate-core/src/main/java/org/hibernate/id/enhanced/InitialValueAwareOptimizer.java,0.0,0.0,0.0,0.0,0.0,0.0,0.0,29.0,A,A
hibernate-core/src/main/java/org/hibernate/service/spi/InjectService.java,0.0,0.0,0.0,1.0,5.0,1.0,0.0,37.0,A,A
hibernate-core/src/main/java/org/hibernate/query/sqm/mutation/internal/inline/InlineDeleteHandler.java,16.0,14.0,0.0,1.0,20.0,1.0,0.0,267.0,A,A
hibernate-core/src/main/java/org/hibernate/bytecode/enhance/internal/bytebuddy/InlineDirtyCheckerEqualsHelper.java,27.0,18.0,0.0,1.0,5.0,1.0,0.0,133.0,A,A
hibernate-core/src/main/java/org/hibernate/bytecode/enhance/internal/bytebuddy/InlineDirtyCheckingHandler.java,30.0,34.0,0.0,3.0,18.0,3.0,0.0,246.0,A,A
hibernate-core/src/main/java/org/hibernate/query/sqm/mutation/internal/inline/InlineMutationStrategy.java,6.0,0.0,0.0,1.0,5.0,1.0,0.0,72.0,A,A
hibernate-core/src/main/java/org/hibernate/query/sqm/mutation/internal/inline/InlineUpdateHandler.java,57.0,52.0,0.0,8.0,73.0,8.0,0.0,620.0,A,A
hibernate-core/src/main/java/org/hibernate/boot/model/source/spi/InLineViewSource.java,0.0,0.0,0.0,0.0,0.0,0.0,0.0,25.0,A,A
hibernate-core/src/main/java/org/hibernate/boot/model/source/internal/hbm/InLineViewSourceImpl.java,10.0,2.0,0.0,0.0,0.0,0.0,0.0,71.0,A,A
hibernate-core/src/main/java/org/hibernate/sql/ast/tree/predicate/InListPredicate.java,9.0,0.0,0.0,0.0,0.0,0.0,0.0,69.0,A,A
hibernate-core/src/main/java/org/hibernate/dialect/InnoDBStorageEngine.java,4.0,0.0,0.0,0.0,0.0,0.0,0.0,38.0,A,A
hibernate-core/src/main/java/org/hibernate/query/sqm/mutation/internal/inline/InPredicateRestrictionProducer.java,6.0,5.0,0.0,4.0,16.0,4.0,0.0,123.0,A,A
hibernate-core/src/main/java/org/hibernate/boot/archive/spi/InputStreamAccess.java,1.0,1.0,0.0,1.0,5.0,1.0,0.0,47.0,A,A
hibernate-core/src/main/java/org/hibernate/boot/jaxb/internal/InputStreamAccessXmlSource.java,4.0,0.0,0.0,1.0,5.0,1.0,0.0,37.0,A,A
hibernate-core/src/main/java/org/hibernate/boot/jaxb/internal/InputStreamXmlSource.java,4.0,4.0,0.0,0.0,0.0,0.0,0.0,60.0,A,A
hibernate-core/src/main/java/org/hibernate/sql/Insert.java,34.0,26.0,0.0,1.0,0.0,1.0,0.0,184.0,A,A
hibernate-core/src/main/java/org/hibernate/persister/entity/mutation/InsertCoordinator.java,71.0,67.0,0.0,8.0,36.0,8.0,0.0,450.0,A,A
hibernate-core/src/main/java/org/hibernate/query/sqm/mutation/internal/temptable/InsertExecutionDelegate.java,71.0,84.0,0.0,12.0,93.0,12.0,0.0,758.0,A,A
hibernate-core/src/main/java/org/hibernate/id/insert/InsertGeneratedIdentifierDelegate.java,1.0,0.0,0.0,1.0,10.0,1.0,0.0,100.0,A,A
hibernate-core/src/main/java/org/hibernate/query/sqm/mutation/internal/InsertHandler.java,0.0,0.0,0.0,0.0,0.0,0.0,0.0,14.0,A,A
hibernate-core/src/main/java/org/hibernate/id/insert/InsertReturningDelegate.java,6.0,1.0,0.0,2.0,15.0,2.0,0.0,92.0,A,A
hibernate-core/src/main/java/org/hibernate/persister/collection/mutation/InsertRowsCoordinator.java,1.0,0.0,0.0,0.0,0.0,0.0,0.0,66.0,A,A
hibernate-core/src/main/java/org/hibernate/persister/collection/mutation/InsertRowsCoordinatorNoOp.java,4.0,0.0,0.0,0.0,0.0,0.0,0.0,37.0,A,A
hibernate-core/src/main/java/org/hibernate/persister/collection/mutation/InsertRowsCoordinatorStandard.java,12.0,7.0,0.0,0.0,0.0,0.0,0.0,139.0,A,A
hibernate-core/src/main/java/org/hibernate/persister/collection/mutation/InsertRowsCoordinatorTablePerSubclass.java,19.0,17.0,0.0,2.0,11.0,2.0,0.0,193.0,A,A
hibernate-core/src/main/java/org/hibernate/id/insert/InsertSelectIdentityInsert.java,5.0,1.0,0.0,1.0,0.0,1.0,0.0,49.0,A,A
hibernate-core/src/main/java/org/hibernate/sql/ast/tree/insert/InsertSelectStatement.java,17.0,5.0,0.0,1.0,0.0,1.0,0.0,108.0,A,A
hibernate-core/src/main/java/org/hibernate/sql/ast/tree/insert/InsertStatement.java,1.0,0.0,0.0,0.0,0.0,0.0,0.0,41.0,A,A
hibernate-core/src/main/java/org/hibernate/dialect/function/InsertSubstringOverlayEmulation.java,6.0,5.0,0.0,1.0,5.0,1.0,0.0,150.0,A,A
hibernate-core/src/main/java/org/hibernate/boot/model/convert/internal/InstanceBasedConverterDescriptor.java,3.0,0.0,0.0,0.0,0.0,0.0,0.0,46.0,A,A
hibernate-core/src/main/java/org/hibernate/type/descriptor/jdbc/InstantAsTimestampJdbcType.java,0.0,0.0,0.0,1.0,10.0,1.0,0.0,21.0,A,A
hibernate-core/src/main/java/org/hibernate/type/descriptor/jdbc/InstantAsTimestampWithTimeZoneJdbcType.java,0.0,0.0,0.0,1.0,10.0,1.0,0.0,21.0,A,A
hibernate-core/src/main/java/org/hibernate/query/sqm/sql/internal/InstantiationException.java,2.0,0.0,0.0,0.0,0.0,0.0,0.0,25.0,A,A
hibernate-core/src/main/java/org/hibernate/InstantiationException.java,6.0,1.0,0.0,0.0,0.0,0.0,0.0,68.0,A,A
hibernate-core/src/main/java/org/hibernate/sql/results/graph/instantiation/internal/InstantiationHelper.java,1.0,0.0,0.0,0.0,0.0,0.0,0.0,18.0,A,A
hibernate-core/src/main/java/org/hibernate/metamodel/spi/Instantiator.java,0.0,0.0,0.0,0.0,0.0,0.0,0.0,30.0,A,A
hibernate-core/src/main/java/org/hibernate/annotations/Instantiator.java,0.0,0.0,0.0,0.0,0.0,0.0,0.0,32.0,A,A
hibernate-core/src/main/java/org/hibernate/tuple/Instantiator.java,0.0,0.0,0.0,1.0,10.0,1.0,0.0,50.0,A,A
hibernate-core/src/main/java/org/hibernate/type/descriptor/java/InstantJavaType.java,31.0,22.0,0.0,1.0,15.0,1.0,0.0,211.0,A,A
hibernate-core/src/main/java/org/hibernate/type/descriptor/jdbc/InstantJdbcType.java,0.0,0.0,0.0,1.0,10.0,1.0,0.0,21.0,A,A
hibernate-core/src/main/java/org/hibernate/sql/ast/tree/predicate/InSubQueryPredicate.java,5.0,0.0,0.0,0.0,0.0,0.0,0.0,45.0,A,A
hibernate-core/src/main/java/org/hibernate/type/descriptor/java/IntegerJavaType.java,47.0,27.0,0.0,0.0,0.0,0.0,0.0,215.0,A,A
hibernate-core/src/main/java/org/hibernate/type/descriptor/jdbc/IntegerJdbcType.java,14.0,0.0,0.0,1.0,5.0,1.0,0.0,102.0,A,A
hibernate-core/src/main/java/org/hibernate/type/descriptor/java/IntegerPrimitiveArrayJavaType.java,39.0,32.0,0.0,2.0,60.0,2.0,0.0,203.0,A,A
hibernate-core/src/main/java/org/hibernate/id/IntegralDataTypeHolder.java,0.0,0.0,0.0,0.0,0.0,0.0,0.0,189.0,A,A
hibernate-core/src/main/java/org/hibernate/dialect/function/IntegralTimestampaddFunction.java,11.0,9.0,0.0,1.0,5.0,1.0,0.0,138.0,A,A
hibernate-core/src/main/java/org/hibernate/boot/beanvalidation/IntegrationException.java,2.0,0.0,0.0,0.0,0.0,0.0,0.0,25.0,A,A
hibernate-core/src/main/java/org/hibernate/integrator/spi/Integrator.java,2.0,0.0,0.0,1.0,10.0,1.0,0.0,77.0,A,A
hibernate-core/src/main/java/org/hibernate/jpa/boot/spi/IntegratorProvider.java,0.0,0.0,0.0,0.0,0.0,0.0,0.0,24.0,A,A
hibernate-core/src/main/java/org/hibernate/integrator/spi/IntegratorService.java,0.0,0.0,0.0,0.0,0.0,0.0,0.0,22.0,A,A
hibernate-core/src/main/java/org/hibernate/integrator/internal/IntegratorServiceImpl.java,7.0,3.0,0.0,1.0,10.0,1.0,0.0,61.0,A,A
hibernate-community-dialects/src/main/java/org/hibernate/community/dialect/sequence/InterbaseSequenceSupport.java,9.0,1.0,0.0,0.0,0.0,0.0,0.0,67.0,A,A
hibernate-core/src/main/java/org/hibernate/Interceptor.java,42.0,15.0,0.0,16.0,230.0,16.0,0.0,519.0,A,A
hibernate-core/src/main/java/org/hibernate/Internal.java,0.0,0.0,0.0,0.0,0.0,0.0,0.0,37.0,A,A
local-build-plugins/src/main/java/org/hibernate/orm/post/InternalsReportTask.java,4.0,1.0,0.0,2.0,22.0,2.0,0.0,68.0,A,A
hibernate-core/src/main/java/org/hibernate/query/sqm/InterpretationException.java,3.0,0.0,0.0,2.0,18.0,2.0,0.0,55.0,A,A
hibernate-core/src/main/java/org/hibernate/query/sqm/IntervalType.java,0.0,0.0,0.0,0.0,0.0,0.0,0.0,20.0,A,A
hibernate-core/src/main/java/org/hibernate/engine/jdbc/spi/InvalidatableWrapper.java,0.0,0.0,0.0,0.0,0.0,0.0,0.0,21.0,A,A
hibernate-core/src/main/java/org/hibernate/graph/InvalidGraphException.java,1.0,0.0,0.0,0.0,0.0,0.0,0.0,24.0,A,A
hibernate-core/src/main/java/org/hibernate/boot/InvalidMappingException.java,3.0,0.0,0.0,1.0,5.0,1.0,0.0,41.0,A,A
hibernate-core/src/main/java/org/hibernate/InvalidMappingException.java,5.0,0.0,0.0,0.0,0.0,0.0,0.0,69.0,A,A
hibernate-testing/src/main/java/org/hibernate/testing/junit4/InvalidMethodForAnnotationException.java,2.0,0.0,0.0,0.0,0.0,0.0,0.0,24.0,A,A
hibernate-core/src/main/java/org/hibernate/bytecode/internal/bytebuddy/InvalidPropertyAccessorException.java,1.0,0.0,0.0,0.0,0.0,0.0,0.0,17.0,A,A
hibernate-core/src/main/java/org/hibernate/dialect/function/InverseDistributionFunction.java,21.0,19.0,0.0,0.0,0.0,0.0,0.0,212.0,A,A
hibernate-core/src/main/java/org/hibernate/dialect/function/InverseDistributionWindowEmulation.java,10.0,17.0,0.0,9.0,15.0,9.0,0.0,116.0,A,A
hibernate-core/src/main/java/org/hibernate/metamodel/mapping/internal/InverseNonAggregatedIdentifierMapping.java,39.0,36.0,0.0,1.0,10.0,1.0,0.0,318.0,A,A
hibernate-core/src/main/java/org/hibernate/resource/transaction/spi/IsolationDelegate.java,0.0,0.0,0.0,0.0,0.0,0.0,0.0,44.0,A,A
hibernate-testing/src/main/java/org/hibernate/testing/orm/domain/userguide/tooling/Item.java,2.0,0.0,0.0,0.0,0.0,0.0,0.0,46.0,A,A
hibernate-core/src/main/java/org/hibernate/type/format/jackson/JacksonIntegration.java,8.0,1.0,0.0,1.0,5.0,1.0,0.0,54.0,A,A
hibernate-core/src/main/java/org/hibernate/type/format/jackson/JacksonJsonFormatMapper.java,8.0,6.0,0.0,0.0,0.0,0.0,0.0,60.0,A,A
hibernate-core/src/main/java/org/hibernate/type/format/jackson/JacksonXmlFormatMapper.java,13.0,9.0,0.0,0.0,0.0,0.0,0.0,106.0,A,A
local-build-plugins/src/main/java/org/hibernate/orm/jakarta/JakartaDirectoryTransformation.java,5.0,0.0,1.0,3.0,14.0,4.0,0.0,85.0,B,A
local-build-plugins/src/main/java/org/hibernate/orm/jakarta/JakartaJarTransformation.java,5.0,0.0,0.0,2.0,4.0,2.0,0.0,68.0,A,A
hibernate-core/src/main/java/org/hibernate/type/format/jakartajson/JakartaJsonIntegration.java,4.0,1.0,0.0,1.0,5.0,1.0,0.0,41.0,A,A
local-build-plugins/src/main/java/org/hibernate/orm/jakarta/JakartaPlugin.java,23.0,1.0,0.0,21.0,44.0,21.0,0.0,274.0,A,A
local-build-plugins/src/main/java/org/hibernate/orm/jakarta/JakartaPublishingPlugin.java,16.0,4.0,0.0,12.0,33.0,12.0,0.0,228.0,A,A
local-build-plugins/src/main/java/org/hibernate/orm/jakarta/JakartaSpec.java,4.0,1.0,0.0,1.0,2.0,1.0,0.0,49.0,A,A
hibernate-core/src/main/java/org/hibernate/boot/archive/internal/JarFileBasedArchiveDescriptor.java,19.0,29.0,0.0,3.0,39.0,3.0,0.0,180.0,A,A
hibernate-core/src/main/java/org/hibernate/boot/archive/spi/JarFileEntryUrlAdjuster.java,0.0,0.0,0.0,0.0,0.0,0.0,0.0,30.0,A,A
hibernate-core/src/main/java/org/hibernate/boot/jaxb/internal/JarFileEntryXmlSource.java,2.0,1.0,0.0,0.0,0.0,0.0,0.0,57.0,A,A
hibernate-core/src/main/java/org/hibernate/boot/archive/internal/JarInputStreamBasedArchiveDescriptor.java,15.0,21.0,0.0,4.0,66.0,4.0,0.0,154.0,A,A
hibernate-core/src/main/java/org/hibernate/boot/archive/internal/JarProtocolArchiveDescriptor.java,6.0,5.0,0.0,0.0,0.0,0.0,0.0,62.0,A,A
local-build-plugins/src/main/java/org/hibernate/orm/properties/jdk17/JavadocToAsciidocConverter.java,50.0,34.0,0.0,3.0,12.0,3.0,0.0,287.0,A,A
local-build-plugins/src/main/java/org/hibernate/orm/toolchains/JavaModulePlugin.java,24.0,11.0,0.0,5.0,19.0,5.0,0.0,199.0,A,A
hibernate-core/src/main/java/org/hibernate/type/JavaObjectType.java,4.0,0.0,0.0,0.0,0.0,0.0,0.0,41.0,A,A
hibernate-core/src/main/java/org/hibernate/service/JavaServiceLoadable.java,0.0,0.0,0.0,0.0,0.0,0.0,0.0,30.0,A,A
hibernate-core/src/main/java/org/hibernate/annotations/JavaType.java,0.0,0.0,0.0,0.0,0.0,0.0,0.0,61.0,A,A
hibernate-core/src/main/java/org/hibernate/type/descriptor/java/JavaType.java,30.0,7.0,0.0,2.0,25.0,2.0,0.0,359.0,A,A
hibernate-core/src/main/java/org/hibernate/type/descriptor/java/spi/JavaTypeBaseline.java,3.0,0.0,0.0,1.0,5.0,1.0,0.0,176.0,A,A
hibernate-core/src/main/java/org/hibernate/type/descriptor/java/spi/JavaTypeBasicAdaptor.java,8.0,0.0,0.0,0.0,0.0,0.0,0.0,68.0,A,A
hibernate-core/src/main/java/org/hibernate/boot/model/JavaTypeDescriptor.java,0.0,0.0,0.0,0.0,0.0,0.0,0.0,15.0,A,A
hibernate-core/src/main/java/org/hibernate/boot/model/source/spi/JavaTypeDescriptorResolvable.java,0.0,0.0,0.0,0.0,0.0,0.0,0.0,17.0,A,A
hibernate-core/src/main/java/org/hibernate/type/descriptor/java/JavaTypedExpressible.java,0.0,0.0,0.0,0.0,0.0,0.0,0.0,21.0,A,A
hibernate-core/src/main/java/org/hibernate/type/descriptor/java/JavaTypeHelper.java,6.0,2.0,0.0,1.0,5.0,1.0,0.0,41.0,A,A
hibernate-core/src/main/java/org/hibernate/annotations/JavaTypeRegistration.java,0.0,0.0,0.0,0.0,0.0,0.0,0.0,48.0,A,A
hibernate-core/src/main/java/org/hibernate/annotations/JavaTypeRegistrations.java,0.0,0.0,0.0,0.0,0.0,0.0,0.0,32.0,A,A
hibernate-core/src/main/java/org/hibernate/type/descriptor/java/spi/JavaTypeRegistry.java,32.0,26.0,0.0,1.0,5.0,1.0,0.0,204.0,A,A
hibernate-core/src/main/java/org/hibernate/boot/cfgxml/internal/JaxbCfgProcessor.java,28.0,18.0,0.0,5.0,70.0,5.0,0.0,260.0,A,A
hibernate-core/src/main/java/org/hibernate/boot/jaxb/JaxbLogger.java,0.0,0.0,0.0,0.0,0.0,0.0,0.0,30.0,A,A
hibernate-core/src/main/java/org/hibernate/type/format/jaxb/JaxbXmlFormatMapper.java,75.0,141.0,0.0,7.0,157.0,7.0,0.0,603.0,A,A
hibernate-core/src/main/java/org/hibernate/boot/jaxb/internal/JaxpSourceXmlSource.java,2.0,0.0,0.0,0.0,0.0,0.0,0.0,32.0,A,A
hibernate-core/src/main/java/org/hibernate/engine/transaction/jta/platform/internal/JBossAppServerJtaPlatform.java,4.0,6.0,0.0,0.0,0.0,0.0,0.0,65.0,A,A
hibernate-core/src/main/java/org/hibernate/engine/transaction/jta/platform/internal/JBossStandAloneJtaPlatform.java,2.0,4.0,0.0,2.0,10.0,2.0,0.0,72.0,A,A
hibernate-jcache/src/main/java/org/hibernate/cache/jcache/internal/JCacheAccessImpl.java,10.0,0.0,0.0,0.0,0.0,0.0,0.0,71.0,A,A
hibernate-jcache/src/main/java/org/hibernate/cache/jcache/internal/JCacheDomainDataRegionImpl.java,4.0,0.0,0.0,0.0,0.0,0.0,0.0,70.0,A,A
hibernate-jcache/src/main/java/org/hibernate/cache/jcache/JCacheHelper.java,1.0,0.0,0.0,1.0,5.0,1.0,0.0,27.0,A,A
hibernate-jcache/src/main/java/org/hibernate/cache/jcache/internal/JCacheRegionFactory.java,39.0,24.0,0.0,4.0,20.0,4.0,0.0,295.0,A,A
hibernate-jfr/src/main/java/org/hibernate/event/jfr/internal/JdbcBatchExecutionEvent.java,1.0,0.0,0.0,1.0,10.0,1.0,0.0,43.0,A,A
hibernate-core/src/main/java/org/hibernate/engine/jdbc/batch/JdbcBatchLogging.java,0.0,0.0,0.0,0.0,0.0,0.0,0.0,50.0,A,A
hibernate-core/src/main/java/org/hibernate/type/descriptor/JdbcBindingLogging.java,8.0,4.0,0.0,0.0,0.0,0.0,0.0,65.0,A,A
hibernate-core/src/main/java/org/hibernate/sql/exec/spi/JdbcCallFunctionReturn.java,0.0,0.0,0.0,0.0,0.0,0.0,0.0,18.0,A,A
hibernate-core/src/main/java/org/hibernate/sql/exec/internal/JdbcCallFunctionReturnImpl.java,2.0,1.0,0.0,0.0,0.0,0.0,0.0,33.0,A,A
hibernate-core/src/main/java/org/hibernate/sql/exec/internal/JdbcCallImpl.java,38.0,13.0,0.0,2.0,5.0,2.0,0.0,231.0,A,A
hibernate-core/src/main/java/org/hibernate/sql/exec/spi/JdbcCallParameterExtractor.java,0.0,0.0,0.0,0.0,0.0,0.0,0.0,31.0,A,A
hibernate-core/src/main/java/org/hibernate/sql/exec/internal/JdbcCallParameterExtractorImpl.java,6.0,4.0,0.0,2.0,5.0,2.0,0.0,76.0,A,A
hibernate-core/src/main/java/org/hibernate/sql/exec/spi/JdbcCallParameterRegistration.java,0.0,0.0,0.0,0.0,0.0,0.0,0.0,39.0,A,A
hibernate-core/src/main/java/org/hibernate/sql/exec/internal/JdbcCallParameterRegistrationImpl.java,14.0,6.0,0.0,0.0,0.0,0.0,0.0,137.0,A,A
hibernate-core/src/main/java/org/hibernate/sql/exec/spi/JdbcCallRefCursorExtractor.java,0.0,0.0,0.0,0.0,0.0,0.0,0.0,21.0,A,A
hibernate-core/src/main/java/org/hibernate/sql/exec/internal/JdbcCallRefCursorExtractorImpl.java,4.0,3.0,0.0,0.0,0.0,0.0,0.0,58.0,A,A
hibernate-core/src/main/java/org/hibernate/engine/jdbc/connections/spi/JdbcConnectionAccess.java,0.0,0.0,0.0,0.0,0.0,0.0,0.0,49.0,A,A
hibernate-core/src/main/java/org/hibernate/tool/schema/internal/exec/JdbcConnectionAccessConnectionProviderImpl.java,8.0,11.0,0.0,2.0,25.0,2.0,0.0,107.0,A,A
hibernate-testing/src/main/java/org/hibernate/testing/boot/JdbcConnectionAccessImpl.java,5.0,0.0,0.0,0.0,0.0,0.0,0.0,45.0,A,A
hibernate-core/src/main/java/org/hibernate/tool/schema/internal/exec/JdbcConnectionAccessProvidedConnectionImpl.java,7.0,9.0,0.0,2.0,25.0,2.0,0.0,85.0,A,A
hibernate-jfr/src/main/java/org/hibernate/event/jfr/internal/JdbcConnectionAcquisitionEvent.java,1.0,0.0,0.0,1.0,10.0,1.0,0.0,44.0,A,A
hibernate-testing/src/main/java/org/hibernate/testing/cleaner/JdbcConnectionContext.java,5.0,5.0,0.0,6.0,61.0,6.0,0.0,84.0,A,A
hibernate-core/src/main/java/org/hibernate/exception/JDBCConnectionException.java,2.0,0.0,0.0,0.0,0.0,0.0,0.0,27.0,A,A
hibernate-jfr/src/main/java/org/hibernate/event/jfr/internal/JdbcConnectionReleaseEvent.java,1.0,0.0,0.0,1.0,10.0,1.0,0.0,45.0,A,A
hibernate-core/src/main/java/org/hibernate/tool/schema/internal/exec/JdbcContext.java,0.0,0.0,0.0,0.0,0.0,0.0,0.0,27.0,A,A
hibernate-core/src/main/java/org/hibernate/engine/jdbc/spi/JdbcCoordinator.java,0.0,0.0,0.0,0.0,0.0,0.0,0.0,176.0,A,A
hibernate-core/src/main/java/org/hibernate/engine/jdbc/internal/JdbcCoordinatorImpl.java,71.0,44.0,0.0,4.0,26.0,4.0,0.0,504.0,A,A
hibernate-core/src/main/java/org/hibernate/boot/model/source/spi/JdbcDataType.java,14.0,6.0,0.0,4.0,15.0,4.0,0.0,87.0,A,A
hibernate-core/src/main/java/org/hibernate/type/descriptor/java/JdbcDateJavaType.java,45.0,30.0,0.0,3.0,10.0,3.0,0.0,276.0,A,A
hibernate-core/src/main/java/org/hibernate/sql/model/jdbc/JdbcDeleteMutation.java,4.0,0.0,0.0,0.0,0.0,0.0,0.0,55.0,A,A
hibernate-core/src/main/java/org/hibernate/engine/jdbc/env/spi/JdbcEnvironment.java,0.0,0.0,0.0,1.0,10.0,1.0,0.0,96.0,A,A
hibernate-core/src/main/java/org/hibernate/engine/jdbc/env/internal/JdbcEnvironmentImpl.java,36.0,19.0,0.0,8.0,48.0,8.0,0.0,402.0,A,A
hibernate-core/src/main/java/org/hibernate/engine/jdbc/env/internal/JdbcEnvironmentInitiator.java,117.0,52.0,0.0,19.0,77.0,19.0,0.0,798.0,A,A
hibernate-core/src/main/java/org/hibernate/query/sqm/function/JdbcEscapeFunctionDescriptor.java,3.0,0.0,0.0,0.0,0.0,0.0,0.0,61.0,A,A
hibernate-core/src/main/java/org/hibernate/JDBCException.java,7.0,0.0,0.0,0.0,0.0,0.0,0.0,98.0,A,A
hibernate-core/src/main/java/org/hibernate/internal/util/JdbcExceptionHelper.java,11.0,6.0,0.0,0.0,0.0,0.0,0.0,67.0,A,A
hibernate-core/src/main/java/org/hibernate/sql/exec/internal/JdbcExecHelper.java,9.0,2.0,0.0,0.0,0.0,0.0,0.0,49.0,A,A
hibernate-core/src/main/java/org/hibernate/type/descriptor/JdbcExtractingLogging.java,8.0,4.0,0.0,0.0,0.0,0.0,0.0,65.0,A,A
hibernate-core/src/main/java/org/hibernate/sql/model/jdbc/JdbcInsertMutation.java,3.0,0.0,0.0,0.0,0.0,0.0,0.0,43.0,A,A
hibernate-core/src/main/java/org/hibernate/resource/transaction/backend/jdbc/internal/JdbcIsolationDelegate.java,16.0,22.0,0.0,6.0,95.0,6.0,0.0,134.0,A,A
hibernate-core/src/main/java/org/hibernate/sql/ast/tree/expression/JdbcLiteral.java,19.0,2.0,0.0,0.0,0.0,0.0,0.0,190.0,A,A
hibernate-core/src/main/java/org/hibernate/type/descriptor/jdbc/JdbcLiteralFormatter.java,1.0,0.0,0.0,0.0,0.0,0.0,0.0,51.0,A,A
hibernate-core/src/main/java/org/hibernate/type/descriptor/jdbc/internal/JdbcLiteralFormatterArray.java,2.0,0.0,0.0,0.0,0.0,0.0,0.0,36.0,A,A
hibernate-core/src/main/java/org/hibernate/type/descriptor/jdbc/internal/JdbcLiteralFormatterBinary.java,2.0,0.0,0.0,0.0,0.0,0.0,0.0,31.0,A,A
hibernate-core/src/main/java/org/hibernate/type/descriptor/jdbc/internal/JdbcLiteralFormatterBoolean.java,2.0,0.0,0.0,0.0,0.0,0.0,0.0,31.0,A,A
hibernate-core/src/main/java/org/hibernate/type/descriptor/jdbc/internal/JdbcLiteralFormatterCharacterData.java,4.0,1.0,0.0,0.0,0.0,0.0,0.0,44.0,A,A
hibernate-core/src/main/java/org/hibernate/type/descriptor/jdbc/internal/JdbcLiteralFormatterNumericData.java,2.0,0.0,0.0,0.0,0.0,0.0,0.0,34.0,A,A
hibernate-core/src/main/java/org/hibernate/type/descriptor/jdbc/internal/JdbcLiteralFormatterTemporal.java,10.0,8.0,0.0,0.0,0.0,0.0,0.0,97.0,A,A
hibernate-core/src/main/java/org/hibernate/type/descriptor/jdbc/internal/JdbcLiteralFormatterUUIDData.java,2.0,0.0,0.0,0.0,0.0,0.0,0.0,33.0,A,A
hibernate-core/src/main/java/org/hibernate/sql/exec/spi/JdbcLockStrategy.java,0.0,0.0,0.0,0.0,0.0,0.0,0.0,29.0,A,A
hibernate-core/src/main/java/org/hibernate/engine/jdbc/JdbcLogging.java,0.0,0.0,0.0,0.0,0.0,0.0,0.0,44.0,A,A
hibernate-core/src/main/java/org/hibernate/metamodel/mapping/JdbcMapping.java,15.0,3.0,0.0,1.0,0.0,1.0,0.0,156.0,A,A
hibernate-core/src/main/java/org/hibernate/metamodel/mapping/JdbcMappingContainer.java,4.0,0.0,0.0,0.0,0.0,0.0,0.0,43.0,A,A
hibernate-core/src/main/java/org/hibernate/tool/schema/JdbcMetadaAccessStrategy.java,9.0,12.0,0.0,1.0,5.0,1.0,0.0,75.0,A,A
hibernate-testing/src/main/java/org/hibernate/testing/jdbc/JdbcMocks.java,64.0,36.0,0.0,3.0,22.0,3.0,0.0,373.0,A,A
hibernate-core/src/main/java/org/hibernate/sql/exec/spi/JdbcMutationExecutor.java,0.0,0.0,0.0,0.0,0.0,0.0,0.0,29.0,A,A
hibernate-core/src/main/java/org/hibernate/sql/model/jdbc/JdbcMutationOperation.java,0.0,0.0,0.0,0.0,0.0,0.0,0.0,20.0,A,A
hibernate-core/src/main/java/org/hibernate/resource/jdbc/spi/JdbcObserver.java,2.0,0.0,0.0,1.0,10.0,1.0,0.0,39.0,A,A
hibernate-core/src/main/java/org/hibernate/internal/JdbcObserverImpl.java,13.0,0.0,0.0,4.0,25.0,4.0,0.0,94.0,A,A
hibernate-core/src/main/java/org/hibernate/sql/exec/spi/JdbcOperation.java,0.0,0.0,0.0,0.0,0.0,0.0,0.0,30.0,A,A
hibernate-core/src/main/java/org/hibernate/sql/exec/spi/JdbcOperationQuery.java,1.0,0.0,0.0,1.0,10.0,1.0,0.0,54.0,A,A
hibernate-core/src/main/java/org/hibernate/sql/exec/spi/JdbcOperationQueryAnonBlock.java,0.0,0.0,0.0,0.0,0.0,0.0,0.0,27.0,A,A
hibernate-core/src/main/java/org/hibernate/sql/exec/spi/JdbcOperationQueryCall.java,0.0,0.0,0.0,0.0,0.0,0.0,0.0,39.0,A,A
hibernate-core/src/main/java/org/hibernate/sql/exec/spi/JdbcOperationQueryDelete.java,2.0,0.0,0.0,1.0,10.0,1.0,0.0,42.0,A,A
hibernate-core/src/main/java/org/hibernate/sql/exec/spi/JdbcOperationQueryInsert.java,0.0,0.0,0.0,0.0,0.0,0.0,0.0,16.0,A,A
hibernate-core/src/main/java/org/hibernate/sql/exec/internal/JdbcOperationQueryInsertImpl.java,1.0,0.0,0.0,0.0,0.0,0.0,0.0,30.0,A,A
hibernate-core/src/main/java/org/hibernate/sql/exec/spi/JdbcOperationQueryMutation.java,0.0,0.0,0.0,0.0,0.0,0.0,0.0,24.0,A,A
hibernate-core/src/main/java/org/hibernate/sql/exec/spi/JdbcOperationQueryMutationNative.java,7.0,0.0,0.0,0.0,0.0,0.0,0.0,66.0,A,A
hibernate-core/src/main/java/org/hibernate/sql/exec/spi/JdbcOperationQuerySelect.java,40.0,54.0,0.0,6.0,61.0,6.0,0.0,231.0,A,A
hibernate-core/src/main/java/org/hibernate/sql/exec/spi/JdbcOperationQueryUpdate.java,2.0,0.0,0.0,1.0,10.0,1.0,0.0,43.0,A,A
hibernate-core/src/main/java/org/hibernate/sql/ast/tree/expression/JdbcParameter.java,0.0,0.0,0.0,0.0,0.0,0.0,0.0,17.0,A,A
hibernate-core/src/main/java/org/hibernate/sql/exec/spi/JdbcParameterBinder.java,1.0,0.0,0.0,0.0,0.0,0.0,0.0,31.0,A,A
hibernate-core/src/main/java/org/hibernate/sql/exec/spi/JdbcParameterBinding.java,0.0,0.0,0.0,0.0,0.0,0.0,0.0,18.0,A,A
hibernate-core/src/main/java/org/hibernate/sql/exec/internal/JdbcParameterBindingImpl.java,5.0,1.0,0.0,1.0,5.0,1.0,0.0,40.0,A,A
hibernate-core/src/main/java/org/hibernate/sql/exec/spi/JdbcParameterBindings.java,8.0,2.0,0.0,2.0,10.0,2.0,0.0,110.0,A,A
hibernate-core/src/main/java/org/hibernate/sql/exec/internal/JdbcParameterBindingsImpl.java,32.0,67.0,0.0,1.0,49.0,1.0,0.0,189.0,A,A
hibernate-core/src/main/java/org/hibernate/query/sqm/spi/JdbcParameterBySqmParameterAccess.java,0.0,0.0,0.0,0.0,0.0,0.0,0.0,27.0,A,A
hibernate-core/src/main/java/org/hibernate/sql/exec/internal/JdbcParameterImpl.java,1.0,0.0,0.0,0.0,0.0,0.0,0.0,21.0,A,A
hibernate-core/src/main/java/org/hibernate/sql/exec/spi/JdbcParameters.java,2.0,1.0,0.0,0.0,0.0,0.0,0.0,31.0,A,A
hibernate-core/src/main/java/org/hibernate/sql/exec/internal/JdbcParametersImpl.java,6.0,3.0,0.0,1.0,0.0,1.0,0.0,53.0,A,A
hibernate-core/src/main/java/org/hibernate/sql/exec/spi/JdbcParametersList.java,20.0,7.0,0.0,1.0,10.0,1.0,0.0,125.0,A,A
hibernate-jfr/src/main/java/org/hibernate/event/jfr/internal/JdbcPreparedStatementCreationEvent.java,1.0,0.0,0.0,1.0,10.0,1.0,0.0,42.0,A,A
hibernate-jfr/src/main/java/org/hibernate/event/jfr/internal/JdbcPreparedStatementExecutionEvent.java,1.0,0.0,0.0,1.0,10.0,1.0,0.0,42.0,A,A
hibernate-testing/src/main/java/org/hibernate/testing/jdbc/JdbcProperties.java,5.0,3.0,0.0,0.0,0.0,0.0,0.0,74.0,A,A
hibernate-core/src/main/java/org/hibernate/resource/transaction/backend/jdbc/internal/JdbcResourceLocalTransactionCoordinatorBuilderImpl.java,5.0,1.0,0.0,1.0,0.0,1.0,0.0,63.0,A,A
hibernate-core/src/main/java/org/hibernate/resource/transaction/backend/jdbc/internal/JdbcResourceLocalTransactionCoordinatorImpl.java,47.0,33.0,0.0,4.0,35.0,4.0,0.0,321.0,A,A
hibernate-core/src/main/java/org/hibernate/resource/transaction/backend/jdbc/spi/JdbcResourceTransaction.java,0.0,0.0,0.0,0.0,0.0,0.0,0.0,34.0,A,A
hibernate-core/src/main/java/org/hibernate/resource/transaction/backend/jdbc/spi/JdbcResourceTransactionAccess.java,0.0,0.0,0.0,0.0,0.0,0.0,0.0,26.0,A,A
hibernate-core/src/main/java/org/hibernate/sql/exec/spi/JdbcSelectExecutor.java,31.0,2.0,0.0,0.0,0.0,0.0,0.0,332.0,A,A
hibernate-core/src/main/java/org/hibernate/sql/exec/internal/JdbcSelectExecutorStandardImpl.java,59.0,59.0,0.0,9.0,39.0,9.0,0.0,494.0,A,A
hibernate-core/src/main/java/org/hibernate/engine/jdbc/spi/JdbcServices.java,2.0,0.0,0.0,0.0,0.0,0.0,0.0,106.0,A,A
hibernate-core/src/main/java/org/hibernate/engine/jdbc/internal/JdbcServicesImpl.java,16.0,4.0,0.0,0.0,0.0,0.0,0.0,112.0,A,A
hibernate-core/src/main/java/org/hibernate/engine/jdbc/internal/JdbcServicesInitiator.java,2.0,0.0,0.0,2.0,0.0,2.0,0.0,38.0,A,A
hibernate-core/src/main/java/org/hibernate/resource/jdbc/spi/JdbcSessionContext.java,0.0,0.0,0.0,4.0,40.0,4.0,0.0,100.0,A,A
hibernate-core/src/main/java/org/hibernate/internal/JdbcSessionContextImpl.java,20.0,1.0,0.0,8.0,60.0,8.0,0.0,141.0,A,A
hibernate-core/src/main/java/org/hibernate/resource/jdbc/spi/JdbcSessionOwner.java,0.0,0.0,0.0,0.0,0.0,0.0,0.0,76.0,A,A
hibernate-core/src/main/java/org/hibernate/cfg/JdbcSettings.java,0.0,0.0,0.0,16.0,160.0,16.0,0.0,612.0,A,A
hibernate-testing/src/main/java/org/hibernate/testing/jdbc/JdbcSpies.java,124.0,27.0,0.0,12.0,220.0,12.0,0.0,579.0,A,A
hibernate-core/src/main/java/org/hibernate/type/descriptor/java/JdbcTimeJavaType.java,44.0,34.0,0.0,3.0,10.0,3.0,0.0,286.0,A,A
hibernate-core/src/main/java/org/hibernate/type/descriptor/java/JdbcTimestampJavaType.java,51.0,36.0,0.0,1.0,0.0,1.0,0.0,313.0,A,A
hibernate-core/src/main/java/org/hibernate/annotations/JdbcType.java,0.0,0.0,0.0,0.0,0.0,0.0,0.0,61.0,A,A
hibernate-core/src/main/java/org/hibernate/type/descriptor/jdbc/JdbcType.java,74.0,7.0,0.0,4.0,15.0,4.0,0.0,373.0,A,A
hibernate-core/src/main/java/org/hibernate/type/descriptor/jdbc/internal/JdbcTypeBaseline.java,1.0,0.0,0.0,0.0,0.0,0.0,0.0,96.0,A,A
hibernate-core/src/main/java/org/hibernate/annotations/JdbcTypeCode.java,0.0,0.0,0.0,0.0,0.0,0.0,0.0,70.0,A,A
hibernate-core/src/main/java/org/hibernate/type/descriptor/jdbc/JdbcTypeConstructor.java,1.0,0.0,0.0,0.0,0.0,0.0,0.0,51.0,A,A
hibernate-core/src/main/java/org/hibernate/type/descriptor/jdbc/JdbcTypeFamilyInformation.java,5.0,3.0,0.0,3.0,30.0,3.0,0.0,62.0,A,A
hibernate-core/src/main/java/org/hibernate/type/descriptor/jdbc/JdbcTypeIndicators.java,33.0,5.0,0.0,0.0,0.0,0.0,0.0,290.0,A,A
hibernate-core/src/main/java/org/hibernate/type/descriptor/jdbc/JdbcTypeJavaClassMappings.java,8.0,2.0,0.0,3.0,5.0,3.0,0.0,207.0,A,A
hibernate-core/src/main/java/org/hibernate/type/descriptor/JdbcTypeNameMapper.java,11.0,9.0,0.0,0.0,0.0,0.0,0.0,122.0,A,A
hibernate-core/src/main/java/org/hibernate/type/descriptor/java/spi/JdbcTypeRecommendationException.java,2.0,0.0,0.0,0.0,0.0,0.0,0.0,27.0,A,A
hibernate-core/src/main/java/org/hibernate/annotations/JdbcTypeRegistration.java,0.0,0.0,0.0,0.0,0.0,0.0,0.0,62.0,A,A
hibernate-core/src/main/java/org/hibernate/annotations/JdbcTypeRegistrations.java,0.0,0.0,0.0,0.0,0.0,0.0,0.0,31.0,A,A
hibernate-core/src/main/java/org/hibernate/type/descriptor/jdbc/spi/JdbcTypeRegistry.java,54.0,51.0,0.0,2.0,6.0,2.0,0.0,349.0,A,A
hibernate-core/src/main/java/org/hibernate/sql/model/jdbc/JdbcUpdateMutation.java,3.0,0.0,0.0,0.0,0.0,0.0,0.0,43.0,A,A
hibernate-core/src/main/java/org/hibernate/engine/jdbc/mutation/JdbcValueBindings.java,1.0,0.0,0.0,0.0,0.0,0.0,0.0,49.0,A,A
hibernate-core/src/main/java/org/hibernate/engine/jdbc/mutation/internal/JdbcValueBindingsImpl.java,12.0,8.0,0.0,1.0,2.0,1.0,0.0,131.0,A,A
hibernate-core/src/main/java/org/hibernate/sql/model/jdbc/JdbcValueDescriptor.java,2.0,1.0,0.0,0.0,0.0,0.0,0.0,46.0,A,A
hibernate-core/src/main/java/org/hibernate/engine/jdbc/mutation/internal/JdbcValueDescriptorImpl.java,6.0,0.0,0.0,0.0,0.0,0.0,0.0,57.0,A,A
hibernate-core/src/main/java/org/hibernate/sql/results/jdbc/spi/JdbcValues.java,0.0,0.0,0.0,0.0,0.0,0.0,0.0,95.0,A,A
hibernate-core/src/main/java/org/hibernate/sql/results/jdbc/internal/JdbcValuesCacheHit.java,35.0,17.0,0.0,3.0,40.0,3.0,0.0,253.0,A,A
hibernate-core/src/main/java/org/hibernate/sql/results/jdbc/spi/JdbcValuesMapping.java,0.0,0.0,0.0,0.0,0.0,0.0,0.0,38.0,A,A
hibernate-core/src/main/java/org/hibernate/query/results/JdbcValuesMappingImpl.java,9.0,5.0,0.0,0.0,0.0,0.0,0.0,89.0,A,A
hibernate-core/src/main/java/org/hibernate/sql/results/jdbc/spi/JdbcValuesMappingProducer.java,1.0,0.0,0.0,0.0,0.0,0.0,0.0,45.0,A,A
hibernate-core/src/main/java/org/hibernate/sql/results/jdbc/spi/JdbcValuesMappingProducerProvider.java,0.0,0.0,0.0,0.0,0.0,0.0,0.0,33.0,A,A
hibernate-core/src/main/java/org/hibernate/sql/results/jdbc/internal/JdbcValuesMappingProducerProviderInitiator.java,2.0,0.0,0.0,1.0,0.0,1.0,0.0,39.0,A,A
hibernate-core/src/main/java/org/hibernate/sql/results/jdbc/internal/JdbcValuesMappingProducerProviderStandard.java,2.0,0.0,0.0,1.0,0.0,1.0,0.0,45.0,A,A
hibernate-core/src/main/java/org/hibernate/sql/results/jdbc/internal/JdbcValuesMappingProducerStandard.java,7.0,7.0,0.0,1.0,5.0,1.0,0.0,67.0,A,A
hibernate-core/src/main/java/org/hibernate/sql/results/jdbc/spi/JdbcValuesMetadata.java,1.0,0.0,0.0,0.0,0.0,0.0,0.0,52.0,A,A
hibernate-core/src/main/java/org/hibernate/sql/results/jdbc/internal/JdbcValuesResultSetImpl.java,34.0,21.0,0.0,0.0,0.0,0.0,0.0,329.0,A,A
hibernate-core/src/main/java/org/hibernate/sql/results/jdbc/spi/JdbcValuesSourceProcessingOptions.java,0.0,0.0,0.0,0.0,0.0,0.0,0.0,21.0,A,A
hibernate-core/src/main/java/org/hibernate/sql/results/jdbc/spi/JdbcValuesSourceProcessingState.java,1.0,0.0,0.0,0.0,0.0,0.0,0.0,75.0,A,A
hibernate-core/src/main/java/org/hibernate/sql/results/jdbc/internal/JdbcValuesSourceProcessingStateStandardImpl.java,32.0,18.0,0.0,1.0,5.0,1.0,0.0,202.0,A,A
hibernate-core/src/main/java/org/hibernate/engine/jdbc/spi/JdbcWrapper.java,0.0,0.0,0.0,0.0,0.0,0.0,0.0,25.0,A,A
local-build-plugins/src/main/java/org/hibernate/orm/toolchains/JdkVersionConfig.java,36.0,12.0,0.0,3.0,35.0,3.0,0.0,287.0,A,A
local-build-plugins/src/main/java/org/hibernate/orm/toolchains/JdkVersionPlugin.java,3.0,0.0,0.0,1.0,5.0,1.0,0.0,73.0,A,A
local-build-plugins/src/main/java/org/hibernate/orm/toolchains/JdkVersionSettingsPlugin.java,2.0,0.0,0.0,1.0,5.0,1.0,0.0,61.0,A,A
local-build-plugins/src/main/java/org/hibernate/orm/toolchains/JdkVersionsLogging.java,5.0,3.0,0.0,4.0,35.0,4.0,0.0,44.0,A,A
hibernate-jfr/src/main/java/org/hibernate/event/jfr/internal/JfrEventManager.java,80.0,79.0,0.0,0.0,0.0,0.0,0.0,546.0,A,A
hibernate-testing/src/main/java/org/hibernate/testing/orm/junit/Jira.java,0.0,0.0,0.0,0.0,0.0,0.0,0.0,32.0,A,A
hibernate-testing/src/main/java/org/hibernate/testing/orm/junit/JiraGroup.java,0.0,0.0,0.0,0.0,0.0,0.0,0.0,26.0,A,A
hibernate-testing/src/main/java/org/hibernate/testing/orm/junit/JiraKey.java,0.0,0.0,0.0,0.0,0.0,0.0,0.0,32.0,A,A
hibernate-testing/src/main/java/org/hibernate/testing/orm/junit/JiraKeyGroup.java,0.0,0.0,0.0,0.0,0.0,0.0,0.0,26.0,A,A
hibernate-core/src/main/java/org/hibernate/engine/jndi/JndiException.java,2.0,0.0,0.0,0.0,0.0,0.0,0.0,36.0,A,A
hibernate-core/src/main/java/org/hibernate/engine/jndi/JndiNameException.java,1.0,0.0,0.0,0.0,0.0,0.0,0.0,27.0,A,A
hibernate-core/src/main/java/org/hibernate/engine/jndi/spi/JndiService.java,0.0,0.0,0.0,0.0,0.0,0.0,0.0,51.0,A,A
hibernate-core/src/main/java/org/hibernate/engine/jndi/internal/JndiServiceImpl.java,26.0,51.0,0.0,5.0,79.0,5.0,0.0,256.0,A,A
hibernate-core/src/main/java/org/hibernate/engine/jndi/internal/JndiServiceInitiator.java,2.0,0.0,0.0,1.0,0.0,1.0,0.0,36.0,A,A
hibernate-core/src/main/java/org/hibernate/mapping/Join.java,38.0,4.0,0.0,2.0,15.0,2.0,0.0,214.0,A,A
hibernate-envers/src/main/java/org/hibernate/envers/boot/model/Join.java,15.0,5.0,0.0,0.0,0.0,0.0,0.0,108.0,A,A
hibernate-core/src/main/java/org/hibernate/persister/entity/Joinable.java,0.0,0.0,0.0,1.0,10.0,1.0,0.0,61.0,A,A
hibernate-envers/src/main/java/org/hibernate/envers/boot/model/JoinAwarePersistentEntity.java,0.0,0.0,0.0,0.0,0.0,0.0,0.0,29.0,A,A
hibernate-envers/src/main/java/org/hibernate/envers/configuration/internal/metadata/JoinColumnCollectionMetadataGenerator.java,19.0,13.0,0.0,1.0,0.0,1.0,0.0,225.0,A,A
hibernate-core/src/main/java/org/hibernate/annotations/JoinColumnOrFormula.java,0.0,0.0,0.0,0.0,0.0,0.0,0.0,44.0,A,A
hibernate-core/src/main/java/org/hibernate/annotations/JoinColumnsOrFormulas.java,0.0,0.0,0.0,0.0,0.0,0.0,0.0,36.0,A,A
hibernate-core/src/main/java/org/hibernate/internal/util/collections/JoinedList.java,7.0,3.0,0.0,1.0,30.0,1.0,0.0,52.0,A,A
hibernate-core/src/main/java/org/hibernate/mapping/JoinedSubclass.java,10.0,2.0,0.0,0.0,0.0,0.0,0.0,67.0,A,A
hibernate-core/src/main/java/org/hibernate/persister/entity/JoinedSubclassEntityPersister.java,204.0,236.0,0.0,28.0,263.0,28.0,0.0,1494.0,A,A
hibernate-core/src/main/java/org/hibernate/boot/model/source/spi/JoinedSubclassEntitySource.java,0.0,0.0,0.0,0.0,0.0,0.0,0.0,23.0,A,A
hibernate-core/src/main/java/org/hibernate/boot/model/source/internal/hbm/JoinedSubclassEntitySourceImpl.java,13.0,2.0,0.0,1.0,0.0,1.0,0.0,99.0,A,A
hibernate-core/src/main/java/org/hibernate/boot/model/internal/JoinedSubclassFkSecondPass.java,4.0,0.0,0.0,0.0,0.0,0.0,0.0,49.0,A,A
hibernate-envers/src/main/java/org/hibernate/envers/boot/model/JoinedSubclassPersistentEntity.java,14.0,7.0,0.0,1.0,5.0,1.0,0.0,104.0,A,A
hibernate-core/src/main/java/org/hibernate/annotations/JoinFormula.java,0.0,0.0,0.0,0.0,0.0,0.0,0.0,37.0,A,A
hibernate-core/src/main/java/org/hibernate/engine/transaction/jta/platform/internal/JOnASJtaPlatform.java,2.0,1.0,0.0,1.0,5.0,1.0,0.0,41.0,A,A
hibernate-core/src/main/java/org/hibernate/engine/transaction/jta/platform/internal/JOTMJtaPlatform.java,2.0,1.0,0.0,1.0,5.0,1.0,0.0,41.0,A,A
hibernate-testing/src/main/java/org/hibernate/testing/orm/JournalingGenerationTarget.java,5.0,0.0,0.0,2.0,10.0,2.0,0.0,40.0,A,A
hibernate-testing/src/main/java/org/hibernate/testing/orm/junit/Jpa.java,0.0,0.0,0.0,1.0,0.0,1.0,0.0,134.0,A,A
hibernate-core/src/main/java/org/hibernate/type/descriptor/converter/spi/JpaAttributeConverter.java,0.0,0.0,0.0,0.0,0.0,0.0,0.0,26.0,A,A
hibernate-core/src/main/java/org/hibernate/boot/model/convert/spi/JpaAttributeConverterCreationContext.java,1.0,0.0,0.0,0.0,0.0,0.0,0.0,28.0,A,A
hibernate-core/src/main/java/org/hibernate/type/descriptor/converter/internal/JpaAttributeConverterImpl.java,19.0,13.0,0.0,0.0,0.0,0.0,0.0,157.0,A,A
hibernate-core/src/main/java/org/hibernate/event/service/spi/JpaBootstrapSensitive.java,0.0,0.0,0.0,0.0,0.0,0.0,0.0,17.0,A,A
hibernate-core/src/main/java/org/hibernate/boot/model/source/spi/JpaCallbackSource.java,0.0,0.0,0.0,0.0,0.0,0.0,0.0,37.0,A,A
hibernate-core/src/main/java/org/hibernate/query/criteria/JpaCoalesce.java,0.0,0.0,0.0,0.0,0.0,0.0,0.0,27.0,A,A
hibernate-core/src/main/java/org/hibernate/query/criteria/JpaCollectionJoin.java,0.0,0.0,0.0,0.0,0.0,0.0,0.0,42.0,A,A
hibernate-core/src/main/java/org/hibernate/jpa/spi/JpaCompliance.java,0.0,0.0,0.0,1.0,10.0,1.0,0.0,159.0,A,A
hibernate-core/src/main/java/org/hibernate/jpa/internal/JpaComplianceImpl.java,21.0,0.0,0.0,1.0,5.0,1.0,0.0,165.0,A,A
hibernate-core/src/main/java/org/hibernate/cfg/JpaComplianceSettings.java,0.0,0.0,0.0,3.0,30.0,3.0,0.0,218.0,A,A
hibernate-core/src/main/java/org/hibernate/jpa/JpaComplianceViolation.java,0.0,0.0,0.0,0.0,0.0,0.0,0.0,16.0,A,A
hibernate-core/src/main/java/org/hibernate/resource/beans/container/internal/JpaCompliantLifecycleStrategy.java,24.0,32.0,0.0,8.0,25.0,8.0,0.0,303.0,A,A
hibernate-core/src/main/java/org/hibernate/query/criteria/JpaCompoundSelection.java,0.0,0.0,0.0,0.0,0.0,0.0,0.0,16.0,A,A
hibernate-core/src/main/java/org/hibernate/query/criteria/JpaCriteriaBase.java,0.0,0.0,0.0,0.0,0.0,0.0,0.0,21.0,A,A
hibernate-core/src/main/java/org/hibernate/query/criteria/JpaCriteriaDelete.java,0.0,0.0,0.0,0.0,0.0,0.0,0.0,16.0,A,A
hibernate-core/src/main/java/org/hibernate/query/criteria/JpaCriteriaInsertSelect.java,0.0,0.0,0.0,0.0,0.0,0.0,0.0,35.0,A,A
hibernate-core/src/main/java/org/hibernate/query/criteria/JpaCriteriaInsertValues.java,0.0,0.0,0.0,0.0,0.0,0.0,0.0,35.0,A,A
hibernate-core/src/main/java/org/hibernate/query/criteria/JpaCriteriaNode.java,0.0,0.0,0.0,0.0,0.0,0.0,0.0,18.0,A,A
hibernate-core/src/main/java/org/hibernate/query/sqm/tree/expression/JpaCriteriaParameter.java,29.0,6.0,0.0,1.0,0.0,1.0,0.0,181.0,A,A
hibernate-core/src/main/java/org/hibernate/query/criteria/JpaCriteriaQuery.java,1.0,0.0,0.0,0.0,0.0,0.0,0.0,126.0,A,A
hibernate-core/src/main/java/org/hibernate/query/criteria/JpaCriteriaUpdate.java,0.0,0.0,0.0,0.0,0.0,0.0,0.0,22.0,A,A
hibernate-core/src/main/java/org/hibernate/query/criteria/JpaCrossJoin.java,0.0,0.0,0.0,0.0,0.0,0.0,0.0,17.0,A,A
hibernate-core/src/main/java/org/hibernate/query/criteria/JpaCteContainer.java,0.0,0.0,0.0,0.0,0.0,0.0,0.0,78.0,A,A
hibernate-core/src/main/java/org/hibernate/query/criteria/JpaCteCriteria.java,8.0,0.0,0.0,0.0,0.0,0.0,0.0,126.0,A,A
hibernate-core/src/main/java/org/hibernate/query/criteria/JpaCteCriteriaAttribute.java,0.0,0.0,0.0,0.0,0.0,0.0,0.0,32.0,A,A
hibernate-core/src/main/java/org/hibernate/query/criteria/JpaCteCriteriaType.java,0.0,0.0,0.0,0.0,0.0,0.0,0.0,40.0,A,A
hibernate-core/src/main/java/org/hibernate/query/criteria/JpaDerivedFrom.java,0.0,0.0,0.0,0.0,0.0,0.0,0.0,23.0,A,A
hibernate-core/src/main/java/org/hibernate/query/criteria/JpaDerivedJoin.java,0.0,0.0,0.0,0.0,0.0,0.0,0.0,40.0,A,A
hibernate-core/src/main/java/org/hibernate/query/criteria/JpaDerivedRoot.java,0.0,0.0,0.0,0.0,0.0,0.0,0.0,18.0,A,A
tooling/metamodel-generator/src/main/java/org/hibernate/jpamodelgen/xml/JpaDescriptorParser.java,62.0,87.0,0.0,4.0,27.0,4.0,0.0,462.0,A,A
hibernate-core/src/main/java/org/hibernate/query/criteria/JpaEntityJoin.java,0.0,0.0,0.0,0.0,0.0,0.0,0.0,33.0,A,A
hibernate-core/src/main/java/org/hibernate/query/criteria/JpaExpression.java,0.0,0.0,0.0,0.0,0.0,0.0,0.0,60.0,A,A
hibernate-core/src/main/java/org/hibernate/query/criteria/JpaFetch.java,0.0,0.0,0.0,0.0,0.0,0.0,0.0,54.0,A,A
hibernate-core/src/main/java/org/hibernate/query/criteria/JpaFetchParent.java,0.0,0.0,0.0,0.0,0.0,0.0,0.0,41.0,A,A
hibernate-core/src/main/java/org/hibernate/query/criteria/JpaFrom.java,0.0,0.0,0.0,0.0,0.0,0.0,0.0,128.0,A,A
hibernate-core/src/main/java/org/hibernate/query/criteria/JpaFunction.java,0.0,0.0,0.0,0.0,0.0,0.0,0.0,24.0,A,A
hibernate-core/src/main/java/org/hibernate/query/criteria/JpaInPredicate.java,0.0,0.0,0.0,0.0,0.0,0.0,0.0,38.0,A,A
hibernate-core/src/main/java/org/hibernate/query/criteria/JpaJoin.java,0.0,0.0,0.0,0.0,0.0,0.0,0.0,43.0,A,A
hibernate-core/src/main/java/org/hibernate/query/criteria/JpaJoinedFrom.java,0.0,0.0,0.0,0.0,0.0,0.0,0.0,35.0,A,A
hibernate-core/src/main/java/org/hibernate/query/criteria/JpaListJoin.java,0.0,0.0,0.0,0.0,0.0,0.0,0.0,41.0,A,A
hibernate-core/src/main/java/org/hibernate/query/criteria/JpaManipulationCriteria.java,0.0,0.0,0.0,0.0,0.0,0.0,0.0,23.0,A,A
hibernate-core/src/main/java/org/hibernate/query/criteria/JpaMapJoin.java,0.0,0.0,0.0,0.0,0.0,0.0,0.0,42.0,A,A
hibernate-core/src/main/java/org/hibernate/metamodel/model/domain/JpaMetamodel.java,0.0,0.0,0.0,1.0,0.0,1.0,0.0,121.0,A,A
tooling/metamodel-generator/src/main/java/org/hibernate/jpamodelgen/JPAMetaModelEntityProcessor.java,66.0,107.0,0.0,8.0,61.0,8.0,0.0,478.0,A,A
hibernate-core/src/main/java/org/hibernate/metamodel/model/domain/internal/JpaMetamodelImpl.java,116.0,124.0,0.0,11.0,92.0,11.0,0.0,727.0,A,A
hibernate-core/src/main/java/org/hibernate/metamodel/model/domain/spi/JpaMetamodelImplementor.java,0.0,0.0,0.0,0.0,0.0,0.0,0.0,20.0,A,A
hibernate-core/src/main/java/org/hibernate/metamodel/internal/JpaMetaModelPopulationSetting.java,4.0,3.0,0.0,1.0,5.0,1.0,0.0,42.0,A,A
tooling/metamodel-generator/src/main/java/org/hibernate/jpamodelgen/util/xml/JpaNamespaceTransformingEventReader.java,18.0,24.0,0.0,3.0,8.0,3.0,0.0,189.0,A,A
hibernate-core/src/main/java/org/hibernate/query/criteria/JpaOrder.java,0.0,0.0,0.0,0.0,0.0,0.0,0.0,50.0,A,A
hibernate-core/src/main/java/org/hibernate/boot/jaxb/internal/stax/JpaOrmXmlEventReader.java,27.0,14.0,0.0,1.0,5.0,1.0,0.0,199.0,A,A
hibernate-core/src/main/java/org/hibernate/boot/spi/JpaOrmXmlPersistenceUnitDefaultAware.java,0.0,0.0,0.0,0.0,0.0,0.0,0.0,34.0,A,A
hibernate-core/src/main/java/org/hibernate/query/criteria/JpaParameterExpression.java,0.0,0.0,0.0,0.0,0.0,0.0,0.0,16.0,A,A
hibernate-core/src/main/java/org/hibernate/query/criteria/JpaPath.java,1.0,0.0,0.0,0.0,0.0,0.0,0.0,69.0,A,A
hibernate-core/src/main/java/org/hibernate/query/criteria/JpaPluralJoin.java,0.0,0.0,0.0,0.0,0.0,0.0,0.0,43.0,A,A
hibernate-core/src/main/java/org/hibernate/query/criteria/JpaPredicate.java,0.0,0.0,0.0,0.0,0.0,0.0,0.0,18.0,A,A
hibernate-core/src/main/java/org/hibernate/query/criteria/JpaQueryableCriteria.java,0.0,0.0,0.0,1.0,5.0,1.0,0.0,27.0,A,A
hibernate-core/src/main/java/org/hibernate/query/criteria/JpaQueryGroup.java,0.0,0.0,0.0,0.0,0.0,0.0,0.0,43.0,A,A
hibernate-core/src/main/java/org/hibernate/query/criteria/JpaQueryPart.java,0.0,0.0,0.0,1.0,0.0,1.0,0.0,48.0,A,A
hibernate-core/src/main/java/org/hibernate/query/criteria/JpaQueryStructure.java,0.0,0.0,0.0,0.0,0.0,0.0,0.0,98.0,A,A
hibernate-core/src/main/java/org/hibernate/query/criteria/JpaRoot.java,0.0,0.0,0.0,1.0,0.0,1.0,0.0,23.0,A,A
hibernate-core/src/main/java/org/hibernate/query/criteria/JpaSearchedCase.java,0.0,0.0,0.0,0.0,0.0,0.0,0.0,28.0,A,A
hibernate-core/src/main/java/org/hibernate/query/criteria/JpaSearchOrder.java,0.0,0.0,0.0,0.0,0.0,0.0,0.0,50.0,A,A
hibernate-core/src/main/java/org/hibernate/query/criteria/JpaSelectCriteria.java,0.0,0.0,0.0,0.0,0.0,0.0,0.0,86.0,A,A
hibernate-core/src/main/java/org/hibernate/query/criteria/JpaSelection.java,1.0,0.0,0.0,0.0,0.0,0.0,0.0,29.0,A,A
hibernate-core/src/main/java/org/hibernate/query/criteria/JpaSetJoin.java,0.0,0.0,0.0,0.0,0.0,0.0,0.0,41.0,A,A
hibernate-core/src/main/java/org/hibernate/jpa/boot/spi/JpaSettings.java,0.0,0.0,0.0,3.0,25.0,3.0,0.0,50.0,A,A
hibernate-core/src/main/java/org/hibernate/query/criteria/JpaSimpleCase.java,0.0,0.0,0.0,0.0,0.0,0.0,0.0,37.0,A,A
hibernate-core/src/main/java/org/hibernate/metamodel/internal/JpaStaticMetaModelPopulationSetting.java,5.0,3.0,0.0,2.0,10.0,2.0,0.0,60.0,A,A
hibernate-core/src/main/java/org/hibernate/query/criteria/JpaSubQuery.java,0.0,0.0,0.0,0.0,0.0,0.0,0.0,116.0,A,A
hibernate-core/src/main/java/org/hibernate/tool/schema/spi/JpaTargetAndSourceDescriptor.java,0.0,0.0,0.0,0.0,0.0,0.0,0.0,18.0,A,A
hibernate-core/src/main/java/org/hibernate/query/JpaTuple.java,0.0,0.0,0.0,0.0,0.0,0.0,0.0,22.0,A,A
hibernate-core/src/main/java/org/hibernate/query/criteria/JpaTupleElement.java,2.0,1.0,0.0,1.0,0.0,1.0,0.0,27.0,A,A
local-build-plugins/src/main/java/org/hibernate/orm/env/JpaVersion.java,9.0,2.0,0.0,0.0,0.0,0.0,0.0,64.0,A,A
hibernate-core/src/main/java/org/hibernate/query/criteria/JpaWindow.java,0.0,0.0,0.0,0.0,0.0,0.0,0.0,82.0,A,A
hibernate-core/src/main/java/org/hibernate/query/criteria/JpaWindowFrame.java,0.0,0.0,0.0,0.0,0.0,0.0,0.0,35.0,A,A
hibernate-core/src/main/java/org/hibernate/boot/model/internal/JPAXMLOverriddenAnnotationReader.java,551.0,692.0,0.0,89.0,749.0,89.0,0.0,3254.0,A,A
hibernate-core/src/main/java/org/hibernate/boot/model/internal/JPAXMLOverriddenMetadataProvider.java,21.0,51.0,0.0,5.0,47.0,5.0,0.0,204.0,A,A
hibernate-core/src/main/java/org/hibernate/engine/transaction/jta/platform/internal/JRun4JtaPlatform.java,2.0,0.0,0.0,0.0,0.0,0.0,0.0,32.0,A,A
hibernate-core/src/main/java/org/hibernate/dialect/function/array/JsonArrayViaElementArgumentReturnTypeResolver.java,11.0,8.0,0.0,0.0,0.0,0.0,0.0,95.0,A,A
hibernate-core/src/main/java/org/hibernate/type/descriptor/jdbc/JsonAsStringJdbcType.java,28.0,29.0,0.0,3.0,12.0,3.0,0.0,171.0,A,A
hibernate-core/src/main/java/org/hibernate/type/format/jakartajson/JsonBJsonFormatMapper.java,8.0,6.0,0.0,0.0,0.0,0.0,0.0,60.0,A,A
hibernate-core/src/main/java/org/hibernate/dialect/JsonHelper.java,258.0,130.0,0.0,23.0,219.0,23.0,0.0,1119.0,A,A
hibernate-core/src/main/java/org/hibernate/type/descriptor/java/spi/JsonJavaType.java,4.0,0.0,0.0,0.0,0.0,0.0,0.0,44.0,A,A
hibernate-core/src/main/java/org/hibernate/type/descriptor/jdbc/JsonJdbcType.java,21.0,3.0,0.0,2.0,2.0,2.0,0.0,156.0,A,A
hibernate-testing/src/main/java/org/hibernate/testing/jta/JtaAwareConnectionProviderImpl.java,29.0,18.0,0.0,8.0,75.0,8.0,0.0,278.0,A,A
hibernate-core/src/main/java/org/hibernate/resource/transaction/backend/jta/internal/JtaIsolationDelegate.java,18.0,20.0,0.0,6.0,120.0,6.0,0.0,195.0,A,A
hibernate-core/src/main/java/org/hibernate/engine/transaction/jta/platform/spi/JtaPlatform.java,0.0,0.0,0.0,0.0,0.0,0.0,0.0,88.0,A,A
hibernate-core/src/main/java/org/hibernate/engine/transaction/jta/platform/spi/JtaPlatformException.java,2.0,0.0,0.0,0.0,0.0,0.0,0.0,25.0,A,A
hibernate-core/src/main/java/org/hibernate/resource/transaction/backend/jta/internal/JtaPlatformInaccessibleException.java,2.0,0.0,0.0,0.0,0.0,0.0,0.0,25.0,A,A
hibernate-core/src/main/java/org/hibernate/engine/transaction/jta/platform/internal/JtaPlatformInitiator.java,7.0,5.0,0.0,1.0,0.0,1.0,0.0,67.0,A,A
hibernate-core/src/main/java/org/hibernate/engine/transaction/jta/platform/spi/JtaPlatformProvider.java,0.0,0.0,0.0,0.0,0.0,0.0,0.0,29.0,A,A
hibernate-core/src/main/java/org/hibernate/engine/transaction/jta/platform/spi/JtaPlatformResolver.java,0.0,0.0,0.0,0.0,0.0,0.0,0.0,29.0,A,A
hibernate-core/src/main/java/org/hibernate/engine/transaction/jta/platform/internal/JtaPlatformResolverInitiator.java,3.0,1.0,0.0,1.0,0.0,1.0,0.0,45.0,A,A
hibernate-core/src/main/java/org/hibernate/context/internal/JTASessionContext.java,15.0,13.0,0.0,2.0,7.0,2.0,0.0,196.0,A,A
hibernate-core/src/main/java/org/hibernate/engine/transaction/internal/jta/JtaStatusHelper.java,17.0,5.0,0.0,0.0,0.0,0.0,0.0,184.0,A,A
hibernate-core/src/main/java/org/hibernate/engine/transaction/jta/platform/internal/JtaSynchronizationStrategy.java,0.0,0.0,0.0,0.0,0.0,0.0,0.0,32.0,A,A
hibernate-core/src/main/java/org/hibernate/resource/transaction/backend/jta/internal/JtaTransactionAdapter.java,0.0,0.0,0.0,0.0,0.0,0.0,0.0,42.0,A,A
hibernate-core/src/main/java/org/hibernate/resource/transaction/backend/jta/internal/JtaTransactionAdapterTransactionManagerImpl.java,10.0,11.0,0.0,1.0,5.0,1.0,0.0,112.0,A,A
hibernate-core/src/main/java/org/hibernate/resource/transaction/backend/jta/internal/JtaTransactionAdapterUserTransactionImpl.java,11.0,14.0,0.0,0.0,0.0,0.0,0.0,120.0,A,A
hibernate-core/src/main/java/org/hibernate/resource/transaction/backend/jta/internal/JtaTransactionCoordinatorBuilderImpl.java,5.0,0.0,0.0,1.0,0.0,1.0,0.0,64.0,A,A
hibernate-core/src/main/java/org/hibernate/resource/transaction/backend/jta/internal/JtaTransactionCoordinatorImpl.java,61.0,35.0,0.0,2.0,20.0,2.0,0.0,448.0,A,A
hibernate-core/src/main/java/org/hibernate/procedure/internal/JTDSCallableStatementSupport.java,8.0,15.0,0.0,1.0,0.0,1.0,0.0,89.0,A,A
hibernate-spatial/src/main/java/org/hibernate/spatial/predicate/JTSFilterPredicate.java,0.0,0.0,0.0,3.0,20.0,3.0,0.0,27.0,A,A
hibernate-spatial/src/main/java/org/hibernate/spatial/JTSGeometryJavaType.java,15.0,9.0,0.0,1.0,20.0,1.0,0.0,128.0,A,A
hibernate-spatial/src/main/java/org/hibernate/spatial/criteria/JTSSpatialCriteriaBuilder.java,0.0,0.0,0.0,0.0,0.0,0.0,0.0,16.0,A,A
hibernate-spatial/src/main/java/org/hibernate/spatial/criteria/internal/JTSSpatialCriteriaBuilderImpl.java,1.0,0.0,0.0,0.0,0.0,0.0,0.0,24.0,A,A
hibernate-spatial/src/main/java/org/hibernate/spatial/criteria/internal/JTSSpatialCriteriaExtension.java,2.0,0.0,0.0,0.0,0.0,0.0,0.0,28.0,A,A
hibernate-spatial/src/main/java/org/hibernate/spatial/predicate/JTSSpatialPredicates.java,26.0,0.0,0.0,4.0,25.0,4.0,0.0,545.0,A,A
hibernate-core/src/main/java/org/hibernate/sql/ast/tree/predicate/Junction.java,10.0,0.0,0.0,0.0,0.0,0.0,0.0,84.0,A,A
hibernate-testing/src/main/java/org/hibernate/testing/orm/junit/JUnitHelper.java,6.0,3.0,0.0,0.0,0.0,0.0,0.0,48.0,A,A
hibernate-envers/src/main/java/org/hibernate/envers/boot/model/Key.java,8.0,2.0,0.0,1.0,30.0,1.0,0.0,59.0,A,A
hibernate-envers/src/main/java/org/hibernate/envers/boot/model/Keyable.java,0.0,0.0,0.0,0.0,0.0,0.0,0.0,27.0,A,A
hibernate-spatial/src/main/java/org/hibernate/spatial/KeyedSqmFunctionDescriptors.java,0.0,0.0,0.0,0.0,0.0,0.0,0.0,29.0,A,A
hibernate-core/src/main/java/org/hibernate/mapping/KeyValue.java,4.0,2.0,0.0,3.0,30.0,3.0,0.0,76.0,A,A
hibernate-core/src/main/java/org/hibernate/bytecode/enhance/spi/interceptor/LazyAttributeDescriptor.java,9.0,3.0,0.0,0.0,0.0,0.0,0.0,103.0,A,A
hibernate-core/src/main/java/org/hibernate/bytecode/enhance/spi/interceptor/LazyAttributeLoadingInterceptor.java,32.0,21.0,0.0,0.0,0.0,0.0,0.0,197.0,A,A
hibernate-core/src/main/java/org/hibernate/bytecode/enhance/spi/interceptor/LazyAttributesMetadata.java,20.0,6.0,0.0,0.0,0.0,0.0,0.0,155.0,A,A
hibernate-core/src/main/java/org/hibernate/annotations/LazyCollection.java,0.0,0.0,0.0,1.0,10.0,1.0,0.0,48.0,A,A
hibernate-core/src/main/java/org/hibernate/annotations/LazyCollectionOption.java,0.0,0.0,0.0,1.0,10.0,1.0,0.0,69.0,A,A
hibernate-core/src/main/java/org/hibernate/bytecode/enhance/spi/interceptor/LazyFetchGroupMetadata.java,0.0,0.0,0.0,0.0,0.0,0.0,0.0,22.0,A,A
hibernate-core/src/main/java/org/hibernate/annotations/LazyGroup.java,0.0,0.0,0.0,0.0,0.0,0.0,0.0,56.0,A,A
hibernate-core/src/main/java/org/hibernate/internal/util/collections/LazyIndexedMap.java,5.0,4.0,1.0,1.0,5.0,2.0,0.0,85.0,B,A
hibernate-core/src/main/java/org/hibernate/collection/spi/LazyInitializable.java,0.0,0.0,0.0,0.0,0.0,0.0,0.0,50.0,A,A
hibernate-core/src/main/java/org/hibernate/LazyInitializationException.java,1.0,0.0,0.0,0.0,0.0,0.0,0.0,42.0,A,A
hibernate-core/src/main/java/org/hibernate/proxy/LazyInitializer.java,1.0,0.0,0.0,0.0,0.0,0.0,0.0,196.0,A,A
hibernate-core/src/main/java/org/hibernate/bytecode/enhance/spi/LazyPropertyInitializer.java,4.0,0.0,1.0,1.0,10.0,2.0,0.0,63.0,B,A
hibernate-core/src/main/java/org/hibernate/boot/registry/selector/internal/LazyServiceResolver.java,0.0,0.0,0.0,0.0,0.0,0.0,0.0,15.0,A,A
hibernate-core/src/main/java/org/hibernate/internal/util/collections/LazySet.java,8.0,3.0,0.0,0.0,0.0,0.0,0.0,48.0,A,A
hibernate-core/src/main/java/org/hibernate/sql/ast/tree/from/LazyTableGroup.java,50.0,43.0,0.0,0.0,0.0,0.0,0.0,279.0,A,A
hibernate-core/src/main/java/org/hibernate/annotations/LazyToOne.java,0.0,0.0,0.0,1.0,10.0,1.0,0.0,36.0,A,A
hibernate-core/src/main/java/org/hibernate/annotations/LazyToOneOption.java,0.0,0.0,0.0,1.0,10.0,1.0,0.0,88.0,A,A
hibernate-core/src/main/java/org/hibernate/internal/util/LazyValue.java,4.0,2.0,0.0,0.0,0.0,0.0,0.0,38.0,A,A
hibernate-core/src/main/java/org/hibernate/dialect/pagination/LegacyDB2LimitHandler.java,6.0,2.0,0.0,1.0,0.0,1.0,0.0,56.0,A,A
hibernate-core/src/main/java/org/hibernate/dialect/sequence/LegacyDB2SequenceSupport.java,5.0,0.0,0.0,1.0,10.0,1.0,0.0,48.0,A,A
hibernate-core/src/main/java/org/hibernate/query/results/dynamic/LegacyFetchResolver.java,0.0,0.0,0.0,0.0,0.0,0.0,0.0,24.0,A,A
hibernate-core/src/main/java/org/hibernate/id/enhanced/LegacyHiLoAlgorithmOptimizer.java,17.0,16.0,0.0,0.0,0.0,0.0,0.0,156.0,A,A
hibernate-core/src/main/java/org/hibernate/dialect/pagination/LegacyHSQLLimitHandler.java,4.0,1.0,0.0,3.0,32.0,3.0,0.0,31.0,A,A
hibernate-envers/src/main/java/org/hibernate/envers/boot/internal/LegacyModifiedColumnNamingStrategy.java,2.0,2.0,0.0,0.0,0.0,0.0,0.0,44.0,A,A
hibernate-core/src/main/java/org/hibernate/id/enhanced/LegacyNamingStrategy.java,11.0,10.0,0.0,0.0,0.0,0.0,0.0,126.0,A,A
hibernate-core/src/main/java/org/hibernate/dialect/pagination/LegacyOracleLimitHandler.java,11.0,7.0,0.0,0.0,0.0,0.0,0.0,84.0,A,A
hibernate-core/src/main/java/org/hibernate/jpa/internal/LegacySpecHelper.java,15.0,12.0,0.0,3.0,15.0,3.0,0.0,81.0,A,A
hibernate-core/src/main/java/org/hibernate/jpa/LegacySpecHints.java,0.0,0.0,0.0,2.0,20.0,2.0,0.0,60.0,A,A
hibernate-core/src/main/java/org/hibernate/Length.java,1.0,0.0,0.0,0.0,0.0,0.0,0.0,113.0,A,A
hibernate-core/src/main/java/org/hibernate/dialect/function/LengthFunction.java,4.0,1.0,0.0,0.0,0.0,0.0,0.0,73.0,A,A
hibernate-core/src/main/java/org/hibernate/classic/Lifecycle.java,7.0,2.0,0.0,1.0,10.0,1.0,0.0,128.0,A,A
hibernate-core/src/main/java/org/hibernate/boot/jaxb/mapping/LifecycleCallback.java,0.0,0.0,0.0,0.0,0.0,0.0,0.0,18.0,A,A
hibernate-core/src/main/java/org/hibernate/boot/jaxb/mapping/LifecycleCallbackContainer.java,0.0,0.0,0.0,0.0,0.0,0.0,0.0,51.0,A,A
hibernate-core/src/main/java/org/hibernate/sql/ast/tree/predicate/LikePredicate.java,9.0,0.0,0.0,0.0,0.0,0.0,0.0,76.0,A,A
hibernate-core/src/main/java/org/hibernate/query/spi/Limit.java,23.0,13.0,0.0,0.0,0.0,0.0,0.0,99.0,A,A
hibernate-core/src/main/java/org/hibernate/dialect/pagination/LimitHandler.java,1.0,0.0,0.0,0.0,0.0,0.0,0.0,57.0,A,A
hibernate-core/src/main/java/org/hibernate/dialect/pagination/LimitLimitHandler.java,5.0,1.0,0.0,1.0,0.0,1.0,0.0,49.0,A,A
hibernate-core/src/main/java/org/hibernate/dialect/pagination/LimitOffsetLimitHandler.java,6.0,1.0,0.0,6.0,64.0,6.0,0.0,45.0,A,A
hibernate-testing/src/main/java/org/hibernate/testing/orm/domain/retail/LineItem.java,12.0,0.0,0.0,0.0,0.0,0.0,0.0,89.0,A,A
hibernate-core/src/main/java/org/hibernate/internal/util/collections/LinkedIdentityHashMap.java,10.0,1.0,0.0,3.0,80.0,3.0,0.0,85.0,A,A
hibernate-core/src/main/java/org/hibernate/mapping/List.java,9.0,0.0,0.0,0.0,0.0,0.0,0.0,72.0,A,A
hibernate-core/src/main/java/org/hibernate/dialect/function/ListaggFunction.java,14.0,13.0,0.0,0.0,0.0,0.0,0.0,132.0,A,A
hibernate-core/src/main/java/org/hibernate/dialect/function/ListaggGroupConcatEmulation.java,14.0,14.0,0.0,0.0,0.0,0.0,0.0,132.0,A,A
hibernate-core/src/main/java/org/hibernate/dialect/function/ListaggStringAggEmulation.java,21.0,22.0,0.0,1.0,10.0,1.0,0.0,172.0,A,A
hibernate-core/src/main/java/org/hibernate/metamodel/model/domain/internal/ListAttributeImpl.java,15.0,8.0,0.0,2.0,10.0,2.0,0.0,102.0,A,A
hibernate-core/src/main/java/org/hibernate/boot/model/internal/ListBinder.java,13.0,4.0,0.0,1.0,5.0,1.0,0.0,118.0,A,A
hibernate-envers/src/main/java/org/hibernate/envers/internal/entities/mapper/relation/lazy/initializor/ListCollectionInitializor.java,7.0,5.0,0.0,7.0,35.0,7.0,0.0,107.0,A,A
hibernate-envers/src/main/java/org/hibernate/envers/internal/entities/mapper/relation/ListCollectionMapper.java,23.0,44.0,0.0,8.0,55.0,8.0,0.0,179.0,A,A
hibernate-core/src/main/java/org/hibernate/jpa/event/internal/ListenerCallback.java,5.0,6.0,0.0,2.0,40.0,2.0,0.0,75.0,A,A
hibernate-core/src/main/java/org/hibernate/annotations/ListIndexBase.java,0.0,0.0,0.0,0.0,0.0,0.0,0.0,40.0,A,A
hibernate-core/src/main/java/org/hibernate/annotations/ListIndexJavaType.java,0.0,0.0,0.0,0.0,0.0,0.0,0.0,37.0,A,A
hibernate-core/src/main/java/org/hibernate/annotations/ListIndexJdbcType.java,0.0,0.0,0.0,0.0,0.0,0.0,0.0,35.0,A,A
hibernate-core/src/main/java/org/hibernate/annotations/ListIndexJdbcTypeCode.java,0.0,0.0,0.0,0.0,0.0,0.0,0.0,35.0,A,A
hibernate-core/src/main/java/org/hibernate/sql/results/graph/collection/internal/ListInitializer.java,9.0,4.0,0.0,0.0,0.0,0.0,0.0,100.0,A,A
hibernate-core/src/main/java/org/hibernate/sql/results/graph/collection/internal/ListInitializerProducer.java,2.0,0.0,0.0,1.0,5.0,1.0,0.0,58.0,A,A
hibernate-core/src/main/java/org/hibernate/metamodel/model/domain/ListPersistentAttribute.java,0.0,0.0,0.0,0.0,0.0,0.0,0.0,22.0,A,A
hibernate-envers/src/main/java/org/hibernate/envers/internal/entities/mapper/relation/lazy/proxy/ListProxy.java,12.0,0.0,0.0,0.0,0.0,0.0,0.0,86.0,A,A
hibernate-core/src/main/java/org/hibernate/sql/results/spi/ListResultsConsumer.java,37.0,34.0,1.0,4.0,62.0,5.0,0.0,276.0,D,A
hibernate-core/src/main/java/org/hibernate/type/ListType.java,10.0,4.0,0.0,1.0,0.0,1.0,0.0,63.0,A,A
hibernate-core/src/main/java/org/hibernate/sql/ast/tree/expression/Literal.java,0.0,0.0,0.0,0.0,0.0,0.0,0.0,19.0,A,A
hibernate-core/src/main/java/org/hibernate/sql/ast/tree/expression/LiteralAsParameter.java,4.0,0.0,0.0,1.0,5.0,1.0,0.0,44.0,A,A
hibernate-core/src/main/java/org/hibernate/query/hql/LiteralConsumer.java,0.0,0.0,0.0,2.0,0.0,2.0,0.0,23.0,A,A
hibernate-core/src/main/java/org/hibernate/query/sqm/LiteralNumberFormatException.java,2.0,0.0,0.0,0.0,0.0,0.0,0.0,23.0,A,A
hibernate-testing/src/main/java/org/hibernate/testing/orm/domain/animal/Lizard.java,0.0,0.0,0.0,0.0,0.0,0.0,0.0,16.0,A,A
hibernate-core/src/main/java/org/hibernate/persister/entity/Loadable.java,0.0,0.0,0.0,5.0,50.0,5.0,0.0,118.0,A,A
hibernate-core/src/main/java/org/hibernate/loader/ast/spi/Loadable.java,11.0,3.0,0.0,0.0,0.0,0.0,0.0,70.0,A,A
hibernate-core/src/main/java/org/hibernate/loader/internal/LoadAccessContext.java,0.0,0.0,0.0,0.0,0.0,0.0,0.0,42.0,A,A
hibernate-core/src/main/java/org/hibernate/sql/results/spi/LoadContexts.java,10.0,2.0,0.0,0.0,0.0,0.0,0.0,84.0,A,A
hibernate-core/src/main/java/org/hibernate/boot/cfgxml/spi/LoadedConfig.java,50.0,44.0,0.0,1.0,9.0,1.0,0.0,271.0,A,A
hibernate-core/src/main/java/org/hibernate/annotations/Loader.java,0.0,0.0,0.0,1.0,10.0,1.0,0.0,34.0,A,A
hibernate-core/src/main/java/org/hibernate/loader/ast/spi/Loader.java,0.0,0.0,0.0,0.0,0.0,0.0,0.0,20.0,A,A
hibernate-core/src/main/java/org/hibernate/loader/ast/internal/LoaderHelper.java,17.0,19.0,0.0,7.0,60.0,7.0,0.0,231.0,A,A
hibernate-core/src/main/java/org/hibernate/loader/LoaderLogging.java,0.0,0.0,0.0,1.0,10.0,1.0,0.0,30.0,A,A
hibernate-core/src/main/java/org/hibernate/loader/ast/internal/LoaderSelectBuilder.java,129.0,191.0,0.0,17.0,264.0,17.0,0.0,1273.0,A,A
hibernate-core/src/main/java/org/hibernate/loader/ast/internal/LoaderSqlAstCreationState.java,45.0,0.0,0.0,3.0,40.0,3.0,0.0,315.0,A,A
hibernate-core/src/main/java/org/hibernate/event/spi/LoadEvent.java,26.0,3.0,0.0,2.0,10.0,2.0,0.0,164.0,A,A
hibernate-core/src/main/java/org/hibernate/event/spi/LoadEventListener.java,11.0,0.0,0.0,0.0,0.0,0.0,0.0,126.0,A,A
hibernate-core/src/main/java/org/hibernate/sql/results/graph/collection/LoadingCollectionEntry.java,0.0,0.0,0.0,0.0,0.0,0.0,0.0,52.0,A,A
hibernate-core/src/main/java/org/hibernate/sql/results/internal/LoadingCollectionEntryImpl.java,8.0,0.0,0.0,1.0,5.0,1.0,0.0,96.0,A,A
hibernate-core/src/main/java/org/hibernate/sql/results/graph/entity/LoadingEntityEntry.java,6.0,0.0,0.0,1.0,10.0,1.0,0.0,65.0,A,A
hibernate-core/src/main/java/org/hibernate/sql/results/LoadingLogger.java,2.0,0.0,0.0,0.0,0.0,0.0,0.0,42.0,A,A
hibernate-core/src/main/java/org/hibernate/loader/ast/internal/LoadPlan.java,0.0,0.0,0.0,0.0,0.0,0.0,0.0,34.0,A,A
hibernate-core/src/main/java/org/hibernate/engine/spi/LoadQueryInfluencers.java,81.0,54.0,0.0,6.0,45.0,6.0,0.0,373.0,A,A
hibernate-core/src/main/java/org/hibernate/engine/jdbc/LobCreationContext.java,2.0,0.0,0.0,0.0,0.0,0.0,0.0,53.0,A,A
hibernate-core/src/main/java/org/hibernate/engine/jdbc/env/internal/LobCreationHelper.java,9.0,13.0,0.0,5.0,65.0,5.0,0.0,119.0,A,A
hibernate-core/src/main/java/org/hibernate/engine/jdbc/env/internal/LobCreationLogging.java,0.0,0.0,0.0,0.0,0.0,0.0,0.0,61.0,A,A
hibernate-core/src/main/java/org/hibernate/engine/jdbc/LobCreator.java,0.0,0.0,0.0,0.0,0.0,0.0,0.0,102.0,A,A
hibernate-core/src/main/java/org/hibernate/engine/jdbc/env/spi/LobCreatorBuilder.java,0.0,0.0,0.0,0.0,0.0,0.0,0.0,18.0,A,A
hibernate-core/src/main/java/org/hibernate/engine/jdbc/env/internal/LobCreatorBuilderImpl.java,8.0,5.0,0.0,0.0,0.0,0.0,0.0,95.0,A,A
hibernate-core/src/main/java/org/hibernate/LobHelper.java,0.0,0.0,0.0,0.0,0.0,0.0,0.0,79.0,A,A
hibernate-core/src/main/java/org/hibernate/dialect/LobMergeStrategy.java,0.0,0.0,0.0,0.0,0.0,0.0,0.0,54.0,A,A
hibernate-core/src/main/java/org/hibernate/type/descriptor/java/LobStreamDataHelper.java,31.0,36.0,0.0,4.0,93.0,4.0,0.0,301.0,A,A
hibernate-core/src/main/java/org/hibernate/type/descriptor/jdbc/LobTypeMappings.java,26.0,2.0,0.0,0.0,0.0,0.0,0.0,77.0,A,A
hibernate-core/src/main/java/org/hibernate/engine/jdbc/env/internal/LobTypes.java,3.0,0.0,0.0,0.0,0.0,0.0,0.0,41.0,A,A
hibernate-core/src/main/java/org/hibernate/type/descriptor/java/LocalDateJavaType.java,24.0,17.0,0.0,1.0,5.0,1.0,0.0,171.0,A,A
hibernate-core/src/main/java/org/hibernate/type/descriptor/java/LocalDateTimeJavaType.java,30.0,15.0,0.0,2.0,10.0,2.0,0.0,193.0,A,A
hibernate-core/src/main/java/org/hibernate/type/descriptor/java/LocaleJavaType.java,19.0,22.0,0.0,7.0,66.0,7.0,0.0,117.0,A,A
hibernate-core/src/main/java/org/hibernate/boot/model/source/spi/LocalMetadataBuildingContext.java,0.0,0.0,0.0,0.0,0.0,0.0,0.0,25.0,A,A
hibernate-core/src/main/java/org/hibernate/id/uuid/LocalObjectUuidHelper.java,2.0,0.0,0.0,0.0,0.0,0.0,0.0,22.0,A,A
hibernate-core/src/main/java/org/hibernate/boot/jaxb/internal/stax/LocalSchemaLocator.java,5.0,4.0,0.0,2.0,40.0,2.0,0.0,76.0,A,A
hibernate-core/src/main/java/org/hibernate/resource/transaction/LocalSynchronizationException.java,1.0,0.0,0.0,0.0,0.0,0.0,0.0,21.0,A,A
hibernate-core/src/main/java/org/hibernate/query/sqm/mutation/internal/temptable/LocalTemporaryTableInsertStrategy.java,4.0,1.0,0.0,0.0,0.0,0.0,0.0,48.0,A,A
hibernate-core/src/main/java/org/hibernate/query/sqm/mutation/internal/temptable/LocalTemporaryTableMutationStrategy.java,7.0,2.0,0.0,0.0,0.0,0.0,0.0,71.0,A,A
hibernate-core/src/main/java/org/hibernate/query/sqm/mutation/internal/temptable/LocalTemporaryTableStrategy.java,7.0,0.0,0.0,1.0,5.0,1.0,0.0,72.0,A,A
hibernate-core/src/main/java/org/hibernate/type/descriptor/java/LocalTimeJavaType.java,27.0,19.0,0.0,1.0,5.0,1.0,0.0,182.0,A,A
hibernate-core/src/main/java/org/hibernate/boot/jaxb/internal/stax/LocalXmlResourceResolver.java,39.0,46.0,0.0,7.0,57.0,7.0,0.0,226.0,A,A
hibernate-core/src/main/java/org/hibernate/boot/xsd/LocalXsdResolver.java,15.0,13.0,0.0,8.0,80.0,8.0,0.0,118.0,A,A
hibernate-core/src/main/java/org/hibernate/dialect/function/LocatePositionEmulation.java,3.0,0.0,0.0,0.0,0.0,0.0,0.0,57.0,A,A
hibernate-core/src/main/java/org/hibernate/persister/entity/Lockable.java,0.0,0.0,0.0,1.0,10.0,1.0,0.0,58.0,A,A
hibernate-core/src/main/java/org/hibernate/exception/LockAcquisitionException.java,2.0,0.0,0.0,0.0,0.0,0.0,0.0,28.0,A,A
hibernate-core/src/main/java/org/hibernate/event/spi/LockEvent.java,12.0,0.0,0.0,0.0,0.0,0.0,0.0,78.0,A,A
hibernate-core/src/main/java/org/hibernate/event/spi/LockEventListener.java,0.0,0.0,0.0,0.0,0.0,0.0,0.0,24.0,A,A
hibernate-core/src/main/java/org/hibernate/dialect/lock/LockingStrategy.java,0.0,0.0,0.0,0.0,0.0,0.0,0.0,43.0,A,A
hibernate-core/src/main/java/org/hibernate/dialect/lock/LockingStrategyException.java,3.0,0.0,0.0,2.0,4.0,2.0,0.0,46.0,A,A
hibernate-core/src/main/java/org/hibernate/LockMode.java,23.0,6.0,0.0,0.0,0.0,0.0,0.0,246.0,A,A
hibernate-core/src/main/java/org/hibernate/boot/jaxb/hbm/internal/LockModeConverter.java,2.0,0.0,0.0,1.0,5.0,1.0,0.0,23.0,A,A
hibernate-core/src/main/java/org/hibernate/internal/util/LockModeConverter.java,21.0,10.0,0.0,0.0,0.0,0.0,0.0,89.0,A,A
hibernate-core/src/main/java/org/hibernate/internal/util/collections/LockModeEnumMap.java,2.0,0.0,0.0,0.0,0.0,0.0,0.0,37.0,A,A
hibernate-core/src/main/java/org/hibernate/jpa/internal/util/LockModeTypeHelper.java,8.0,4.0,0.0,0.0,0.0,0.0,0.0,49.0,A,A
hibernate-core/src/main/java/org/hibernate/boot/jaxb/mapping/marshall/LockModeTypeMarshalling.java,4.0,2.0,0.0,1.0,5.0,1.0,0.0,25.0,A,A
hibernate-core/src/main/java/org/hibernate/LockOptions.java,62.0,30.0,0.0,11.0,124.0,11.0,0.0,598.0,A,A
hibernate-core/src/main/java/org/hibernate/jpa/internal/util/LockOptionsHelper.java,15.0,15.0,0.0,0.0,0.0,0.0,0.0,90.0,A,A
hibernate-core/src/main/java/org/hibernate/exception/LockTimeoutException.java,2.0,0.0,0.0,0.0,0.0,0.0,0.0,28.0,A,A
hibernate-testing/src/main/java/org/hibernate/testing/logger/Log4J2DelegatingLogger.java,27.0,18.0,0.0,3.0,15.0,3.0,0.0,161.0,A,A
hibernate-core/src/main/java/org/hibernate/usertype/LoggableUserType.java,0.0,0.0,0.0,0.0,0.0,0.0,0.0,26.0,A,A
hibernate-testing/src/main/java/org/hibernate/testing/orm/junit/Logger.java,0.0,0.0,0.0,1.0,5.0,1.0,0.0,31.0,A,A
hibernate-testing/src/main/java/org/hibernate/testing/orm/logger/LoggerInspectionExtension.java,8.0,0.0,0.0,0.0,0.0,0.0,0.0,66.0,A,A
hibernate-testing/src/main/java/org/hibernate/testing/logger/LoggerInspectionRule.java,6.0,0.0,0.0,0.0,0.0,0.0,0.0,50.0,A,A
hibernate-core/src/main/java/org/hibernate/internal/log/LoggingHelper.java,12.0,5.0,0.0,3.0,15.0,3.0,0.0,90.0,A,A
hibernate-testing/src/main/java/org/hibernate/testing/orm/junit/LoggingInspections.java,0.0,0.0,0.0,0.0,0.0,0.0,0.0,49.0,A,A
hibernate-testing/src/main/java/org/hibernate/testing/orm/junit/LoggingInspectionsExtension.java,6.0,2.0,0.0,1.0,0.0,1.0,0.0,61.0,A,A
hibernate-testing/src/main/java/org/hibernate/testing/orm/junit/LoggingInspectionsScope.java,11.0,12.0,0.0,1.0,5.0,1.0,0.0,74.0,A,A
hibernate-testing/src/main/java/org/hibernate/testing/orm/junit/LoggingInspectionsScopeResolver.java,2.0,0.0,0.0,0.0,0.0,0.0,0.0,38.0,A,A
local-build-plugins/src/main/java/org/hibernate/orm/post/LoggingReportTask.java,40.0,32.0,0.0,14.0,131.0,14.0,0.0,341.0,A,A
hibernate-core/src/main/java/org/hibernate/jpa/internal/util/LogHelper.java,11.0,13.0,0.0,3.0,23.0,3.0,0.0,105.0,A,A
hibernate-envers/src/main/java/org/hibernate/envers/query/criteria/internal/LogicalAuditExpression.java,2.0,0.0,0.0,0.0,0.0,0.0,0.0,62.0,A,A
hibernate-core/src/main/java/org/hibernate/resource/jdbc/LogicalConnection.java,0.0,0.0,0.0,0.0,0.0,0.0,0.0,59.0,A,A
hibernate-core/src/main/java/org/hibernate/resource/jdbc/spi/LogicalConnectionImplementor.java,0.0,0.0,0.0,1.0,0.0,1.0,0.0,90.0,A,A
hibernate-core/src/main/java/org/hibernate/resource/jdbc/internal/LogicalConnectionManagedImpl.java,36.0,20.0,0.0,1.0,0.0,1.0,0.0,298.0,A,A
hibernate-core/src/main/java/org/hibernate/resource/jdbc/internal/LogicalConnectionProvidedImpl.java,17.0,4.0,0.0,1.0,5.0,1.0,0.0,140.0,A,A
hibernate-testing/src/main/java/org/hibernate/testing/logger/LogInspectionHelper.java,7.0,4.0,0.0,3.0,70.0,3.0,0.0,61.0,A,A
hibernate-testing/src/main/java/org/hibernate/testing/logger/LogListener.java,0.0,0.0,0.0,0.0,0.0,0.0,0.0,14.0,A,A
hibernate-core/src/main/java/org/hibernate/type/descriptor/java/LongJavaType.java,48.0,26.0,0.0,0.0,0.0,0.0,0.0,221.0,A,A
hibernate-core/src/main/java/org/hibernate/type/descriptor/jdbc/LongNVarcharJdbcType.java,9.0,9.0,0.0,2.0,10.0,2.0,0.0,60.0,A,A
hibernate-core/src/main/java/org/hibernate/type/descriptor/java/LongPrimitiveArrayJavaType.java,39.0,32.0,0.0,2.0,60.0,2.0,0.0,203.0,A,A
hibernate-core/src/main/java/org/hibernate/type/descriptor/jdbc/LongVarbinaryJdbcType.java,4.0,0.0,0.0,0.0,0.0,0.0,0.0,39.0,A,A
hibernate-core/src/main/java/org/hibernate/type/descriptor/jdbc/LongVarcharJdbcType.java,10.0,9.0,0.0,2.0,10.0,2.0,0.0,67.0,A,A
hibernate-core/src/main/java/org/hibernate/dialect/function/LpadRpadPadEmulation.java,5.0,2.0,0.0,0.0,0.0,0.0,0.0,85.0,A,A
hibernate-testing/src/main/java/org/hibernate/testing/orm/domain/animal/Mammal.java,13.0,7.0,0.0,1.0,2.0,1.0,0.0,67.0,A,A
hibernate-core/src/main/java/org/hibernate/engine/spi/Managed.java,1.0,0.0,0.0,0.0,0.0,0.0,0.0,38.0,A,A
hibernate-core/src/main/java/org/hibernate/resource/beans/spi/ManagedBean.java,0.0,0.0,0.0,0.0,0.0,0.0,0.0,25.0,A,A
hibernate-core/src/main/java/org/hibernate/resource/beans/spi/ManagedBeanRegistry.java,0.0,0.0,0.0,0.0,0.0,0.0,0.0,50.0,A,A
hibernate-core/src/main/java/org/hibernate/resource/beans/internal/ManagedBeanRegistryImpl.java,19.0,13.0,0.0,0.0,0.0,0.0,0.0,159.0,A,A
hibernate-core/src/main/java/org/hibernate/resource/beans/spi/ManagedBeanRegistryInitiator.java,15.0,18.0,0.0,2.0,15.0,2.0,0.0,141.0,A,A
hibernate-core/src/main/java/org/hibernate/cfg/ManagedBeanSettings.java,0.0,0.0,0.0,2.0,20.0,2.0,0.0,106.0,A,A
hibernate-core/src/main/java/org/hibernate/engine/spi/ManagedComposite.java,1.0,0.0,0.0,0.0,0.0,0.0,0.0,27.0,A,A
hibernate-core/src/main/java/org/hibernate/metamodel/model/domain/ManagedDomainType.java,0.0,0.0,0.0,0.0,0.0,0.0,0.0,73.0,A,A
hibernate-core/src/main/java/org/hibernate/engine/spi/ManagedEntity.java,1.0,0.0,0.0,0.0,0.0,0.0,0.0,94.0,A,A
hibernate-core/src/main/java/org/hibernate/engine/spi/ManagedMappedSuperclass.java,1.0,0.0,0.0,0.0,0.0,0.0,0.0,27.0,A,A
hibernate-core/src/main/java/org/hibernate/metamodel/mapping/ManagedMappingType.java,13.0,9.0,0.0,1.0,5.0,1.0,0.0,116.0,A,A
tooling/hibernate-ant/src/main/java/org/hibernate/tool/hbm2ddl/ManagedProviderConnectionHelper.java,11.0,4.0,0.0,1.0,10.0,1.0,0.0,94.0,A,A
hibernate-core/src/main/java/org/hibernate/boot/model/process/spi/ManagedResources.java,0.0,0.0,0.0,0.0,0.0,0.0,0.0,72.0,A,A
hibernate-core/src/main/java/org/hibernate/boot/model/process/internal/ManagedResourcesImpl.java,13.0,0.0,0.0,1.0,5.0,1.0,0.0,112.0,A,A
hibernate-core/src/main/java/org/hibernate/context/internal/ManagedSessionContext.java,16.0,10.0,0.0,1.0,5.0,1.0,0.0,138.0,A,A
hibernate-core/src/main/java/org/hibernate/boot/jaxb/mapping/ManagedType.java,0.0,0.0,0.0,0.0,0.0,0.0,0.0,38.0,A,A
hibernate-core/src/main/java/org/hibernate/engine/internal/ManagedTypeHelper.java,48.0,35.0,0.0,4.0,29.0,4.0,0.0,405.0,A,A
hibernate-core/src/main/java/org/hibernate/metamodel/spi/ManagedTypeRepresentationResolver.java,0.0,0.0,0.0,0.0,0.0,0.0,0.0,42.0,A,A
hibernate-core/src/main/java/org/hibernate/metamodel/internal/ManagedTypeRepresentationResolverStandard.java,16.0,27.0,0.0,6.0,21.0,6.0,0.0,166.0,A,A
hibernate-core/src/main/java/org/hibernate/metamodel/spi/ManagedTypeRepresentationStrategy.java,0.0,0.0,0.0,0.0,0.0,0.0,0.0,46.0,A,A
hibernate-core/src/main/java/org/hibernate/annotations/ManyToAny.java,0.0,0.0,0.0,0.0,0.0,0.0,0.0,85.0,A,A
hibernate-core/src/main/java/org/hibernate/metamodel/mapping/internal/ManyToManyCollectionPart.java,66.0,51.0,0.0,6.0,30.0,6.0,0.0,741.0,A,A
hibernate-core/src/main/java/org/hibernate/mapping/ManyToOne.java,24.0,17.0,0.0,1.0,0.0,1.0,0.0,152.0,A,A
hibernate-envers/src/main/java/org/hibernate/envers/boot/model/ManyToOneAttribute.java,23.0,7.0,0.0,0.0,0.0,0.0,0.0,161.0,A,A
hibernate-core/src/main/java/org/hibernate/boot/model/source/internal/hbm/ManyToOneAttributeColumnsAndFormulasSource.java,11.0,1.0,0.0,0.0,0.0,0.0,0.0,73.0,A,A
hibernate-core/src/main/java/org/hibernate/boot/model/source/internal/hbm/ManyToOnePropertySource.java,12.0,0.0,0.0,0.0,0.0,0.0,0.0,82.0,A,A
hibernate-core/src/main/java/org/hibernate/type/ManyToOneType.java,39.0,25.0,0.0,2.0,5.0,2.0,0.0,276.0,A,A
hibernate-core/src/main/java/org/hibernate/mapping/Map.java,13.0,3.0,0.0,0.0,0.0,0.0,0.0,81.0,A,A
hibernate-core/src/main/java/org/hibernate/metamodel/model/domain/internal/MapAttributeImpl.java,19.0,8.0,0.0,2.0,10.0,2.0,0.0,118.0,A,A
hibernate-core/src/main/java/org/hibernate/internal/util/collections/MapBackedClassValue.java,7.0,3.0,1.0,2.0,10.0,3.0,0.0,69.0,B,A
hibernate-core/src/main/java/org/hibernate/boot/model/internal/MapBinder.java,78.0,79.0,0.0,8.0,40.0,8.0,0.0,545.0,A,A
hibernate-envers/src/main/java/org/hibernate/envers/internal/entities/mapper/relation/lazy/initializor/MapCollectionInitializor.java,4.0,1.0,0.0,0.0,0.0,0.0,0.0,72.0,A,A
hibernate-envers/src/main/java/org/hibernate/envers/internal/entities/mapper/relation/MapCollectionMapper.java,24.0,37.0,0.0,9.0,50.0,9.0,0.0,189.0,A,A
hibernate-core/src/main/java/org/hibernate/type/descriptor/java/spi/MapEntryJavaType.java,5.0,0.0,0.0,1.0,5.0,1.0,0.0,51.0,A,A
hibernate-core/src/main/java/org/hibernate/sql/results/graph/collection/internal/MapInitializer.java,7.0,2.0,0.0,0.0,0.0,0.0,0.0,84.0,A,A
hibernate-core/src/main/java/org/hibernate/sql/results/graph/collection/internal/MapInitializerProducer.java,2.0,0.0,0.0,0.0,0.0,0.0,0.0,67.0,A,A
hibernate-core/src/main/java/org/hibernate/boot/model/internal/MapKeyColumnDelegator.java,12.0,0.0,0.0,0.0,0.0,0.0,0.0,80.0,A,A
hibernate-core/src/main/java/org/hibernate/annotations/MapKeyCompositeType.java,0.0,0.0,0.0,0.0,0.0,0.0,0.0,24.0,A,A
hibernate-core/src/main/java/org/hibernate/annotations/MapKeyJavaType.java,0.0,0.0,0.0,0.0,0.0,0.0,0.0,40.0,A,A
hibernate-core/src/main/java/org/hibernate/annotations/MapKeyJdbcType.java,0.0,0.0,0.0,0.0,0.0,0.0,0.0,34.0,A,A
hibernate-core/src/main/java/org/hibernate/annotations/MapKeyJdbcTypeCode.java,0.0,0.0,0.0,0.0,0.0,0.0,0.0,34.0,A,A
hibernate-core/src/main/java/org/hibernate/boot/model/internal/MapKeyJoinColumnDelegator.java,11.0,0.0,0.0,0.0,0.0,0.0,0.0,77.0,A,A
hibernate-core/src/main/java/org/hibernate/annotations/MapKeyMutability.java,0.0,0.0,0.0,0.0,0.0,0.0,0.0,34.0,A,A
hibernate-core/src/main/java/org/hibernate/annotations/MapKeyType.java,0.0,0.0,0.0,0.0,0.0,0.0,0.0,43.0,A,A
hibernate-core/src/main/java/org/hibernate/proxy/map/MapLazyInitializer.java,8.0,0.0,0.0,0.0,0.0,0.0,0.0,62.0,A,A
hibernate-core/src/main/java/org/hibernate/metamodel/model/domain/internal/MapMember.java,6.0,0.0,0.0,0.0,0.0,0.0,0.0,46.0,A,A
hibernate-core/src/main/java/org/hibernate/sql/ast/tree/from/MappedByTableGroup.java,23.0,5.0,0.0,1.0,5.0,1.0,0.0,205.0,A,A
hibernate-core/src/main/java/org/hibernate/metamodel/mapping/MappedDiscriminatorConverter.java,16.0,7.0,0.0,1.0,2.0,1.0,0.0,135.0,A,A
hibernate-core/src/main/java/org/hibernate/mapping/MappedSuperclass.java,51.0,30.0,0.0,4.0,12.0,4.0,0.0,254.0,A,A
hibernate-core/src/main/java/org/hibernate/metamodel/model/domain/MappedSuperclassDomainType.java,1.0,0.0,0.0,0.0,0.0,0.0,0.0,24.0,A,A
hibernate-core/src/main/java/org/hibernate/metamodel/model/domain/internal/MappedSuperclassSqmPathSource.java,7.0,0.0,0.0,0.0,0.0,0.0,0.0,82.0,A,A
hibernate-core/src/main/java/org/hibernate/metamodel/model/domain/internal/MappedSuperclassTypeImpl.java,17.0,8.0,0.0,1.0,5.0,1.0,0.0,127.0,A,A
hibernate-core/src/main/java/org/hibernate/metamodel/model/domain/MapPersistentAttribute.java,0.0,0.0,0.0,0.0,0.0,0.0,0.0,25.0,A,A
hibernate-core/src/main/java/org/hibernate/engine/spi/Mapping.java,0.0,0.0,0.0,1.0,10.0,1.0,0.0,34.0,A,A
hibernate-core/src/main/java/org/hibernate/boot/jaxb/internal/MappingBinder.java,36.0,30.0,0.0,1.0,2.0,1.0,0.0,269.0,A,A
hibernate-envers/src/main/java/org/hibernate/envers/configuration/internal/MappingCollector.java,0.0,0.0,0.0,0.0,0.0,0.0,0.0,22.0,A,A
hibernate-envers/src/main/java/org/hibernate/envers/strategy/spi/MappingContext.java,6.0,0.0,0.0,0.0,0.0,0.0,0.0,59.0,A,A
hibernate-core/src/main/java/org/hibernate/boot/spi/MappingDefaults.java,0.0,0.0,0.0,0.0,0.0,0.0,0.0,141.0,A,A
hibernate-core/src/main/java/org/hibernate/boot/model/source/internal/hbm/MappingDocument.java,43.0,14.0,0.0,3.0,7.0,3.0,0.0,261.0,A,A
hibernate-core/src/main/java/org/hibernate/boot/jaxb/internal/stax/MappingEventReader.java,26.0,14.0,0.0,1.0,5.0,1.0,0.0,184.0,A,A
hibernate-core/src/main/java/org/hibernate/boot/MappingException.java,5.0,1.0,0.0,1.0,5.0,1.0,0.0,42.0,A,A
hibernate-core/src/main/java/org/hibernate/MappingException.java,3.0,0.0,0.0,0.0,0.0,0.0,0.0,46.0,A,A
hibernate-testing/src/main/java/org/hibernate/testing/orm/domain/MappingFeature.java,1.0,0.0,0.0,1.0,10.0,1.0,0.0,56.0,A,A
hibernate-core/src/main/java/org/hibernate/boot/archive/scan/spi/MappingFileDescriptor.java,0.0,0.0,0.0,0.0,0.0,0.0,0.0,33.0,A,A
hibernate-core/src/main/java/org/hibernate/boot/archive/scan/internal/MappingFileDescriptorImpl.java,3.0,0.0,0.0,1.0,5.0,1.0,0.0,59.0,A,A
hibernate-core/src/main/java/org/hibernate/mapping/MappingHelper.java,23.0,23.0,0.0,4.0,62.0,4.0,0.0,254.0,A,A
hibernate-core/src/main/java/org/hibernate/metamodel/MappingMetamodel.java,1.0,0.0,0.0,5.0,30.0,5.0,0.0,213.0,A,A
hibernate-core/src/main/java/org/hibernate/metamodel/model/domain/internal/MappingMetamodelImpl.java,139.0,118.0,0.0,6.0,57.0,6.0,0.0,866.0,A,A
hibernate-core/src/main/java/org/hibernate/metamodel/spi/MappingMetamodelImplementor.java,0.0,0.0,0.0,0.0,0.0,0.0,0.0,38.0,A,A
hibernate-core/src/main/java/org/hibernate/metamodel/mapping/internal/MappingModelCreationHelper.java,147.0,173.0,0.0,21.0,251.0,21.0,0.0,1770.0,A,A
hibernate-core/src/main/java/org/hibernate/metamodel/mapping/MappingModelCreationLogging.java,0.0,0.0,0.0,0.0,0.0,0.0,0.0,33.0,A,A
hibernate-core/src/main/java/org/hibernate/metamodel/mapping/internal/MappingModelCreationProcess.java,34.0,39.0,0.0,2.0,16.0,2.0,0.0,255.0,A,A
hibernate-core/src/main/java/org/hibernate/metamodel/mapping/MappingModelExpressible.java,0.0,0.0,0.0,2.0,5.0,2.0,0.0,21.0,A,A
hibernate-core/src/main/java/org/hibernate/metamodel/mapping/MappingModelHelper.java,18.0,21.0,0.0,2.0,16.0,2.0,0.0,153.0,A,A
hibernate-core/src/main/java/org/hibernate/boot/MappingNotFoundException.java,4.0,0.0,0.0,0.0,0.0,0.0,0.0,33.0,A,A
hibernate-core/src/main/java/org/hibernate/boot/cfgxml/spi/MappingReference.java,15.0,7.0,0.0,0.0,0.0,0.0,0.0,92.0,A,A
hibernate-core/src/main/java/org/hibernate/cfg/MappingSettings.java,0.0,0.0,0.0,4.0,40.0,4.0,0.0,573.0,A,A
hibernate-envers/src/main/java/org/hibernate/envers/internal/tools/MappingTools.java,9.0,5.0,0.0,1.0,5.0,1.0,0.0,65.0,A,A
hibernate-core/src/main/java/org/hibernate/metamodel/mapping/MappingType.java,0.0,0.0,0.0,0.0,0.0,0.0,0.0,22.0,A,A
hibernate-core/src/main/java/org/hibernate/boot/xsd/MappingXsdSupport.java,19.0,2.0,0.0,1.0,0.0,1.0,0.0,142.0,A,A
hibernate-core/src/main/java/org/hibernate/proxy/map/MapProxy.java,19.0,5.0,0.0,2.0,35.0,2.0,0.0,129.0,A,A
hibernate-envers/src/main/java/org/hibernate/envers/internal/entities/mapper/relation/lazy/proxy/MapProxy.java,21.0,1.0,0.0,1.0,30.0,1.0,0.0,140.0,A,A
hibernate-core/src/main/java/org/hibernate/proxy/map/MapProxyFactory.java,2.0,0.0,0.0,0.0,0.0,0.0,0.0,40.0,A,A
hibernate-core/src/main/java/org/hibernate/collection/spi/MapSemantics.java,0.0,0.0,0.0,1.0,10.0,1.0,0.0,26.0,A,A
hibernate-core/src/main/java/org/hibernate/boot/model/source/spi/MapsIdSource.java,0.0,0.0,0.0,0.0,0.0,0.0,0.0,30.0,A,A
hibernate-testing/src/main/java/org/hibernate/testing/cache/MapStorageAccessImpl.java,17.0,8.0,0.0,2.0,10.0,2.0,0.0,89.0,A,A
hibernate-core/src/main/java/org/hibernate/type/MapType.java,13.0,5.0,0.0,1.0,0.0,1.0,0.0,98.0,A,A
hibernate-community-dialects/src/main/java/org/hibernate/community/dialect/MariaDB102Dialect.java,1.0,0.0,0.0,1.0,10.0,1.0,0.0,22.0,A,A
hibernate-community-dialects/src/main/java/org/hibernate/community/dialect/MariaDB103Dialect.java,4.0,2.0,0.0,1.0,10.0,1.0,0.0,41.0,A,A
hibernate-core/src/main/java/org/hibernate/dialect/MariaDB106Dialect.java,2.0,0.0,0.0,1.0,10.0,1.0,0.0,28.0,A,A
hibernate-community-dialects/src/main/java/org/hibernate/community/dialect/MariaDB10Dialect.java,1.0,0.0,0.0,1.0,10.0,1.0,0.0,22.0,A,A
hibernate-community-dialects/src/main/java/org/hibernate/community/dialect/MariaDB53Dialect.java,1.0,0.0,0.0,1.0,10.0,1.0,0.0,24.0,A,A
hibernate-testing/src/main/java/org/hibernate/testing/cleaner/MariaDBDatabaseCleaner.java,3.0,2.0,0.0,1.0,20.0,1.0,0.0,33.0,A,A
hibernate-core/src/main/java/org/hibernate/dialect/MariaDBDialect.java,38.0,9.0,0.0,4.0,20.0,4.0,0.0,267.0,A,A
hibernate-spatial/src/main/java/org/hibernate/spatial/dialect/mariadb/MariaDBDialectContributor.java,6.0,0.0,0.0,0.0,0.0,0.0,0.0,49.0,A,A
hibernate-community-dialects/src/main/java/org/hibernate/community/dialect/MariaDBLegacyDialect.java,40.0,14.0,0.0,4.0,20.0,4.0,0.0,262.0,A,A
hibernate-community-dialects/src/main/java/org/hibernate/community/dialect/MariaDBLegacySqlAstTranslator.java,46.0,24.0,0.0,0.0,0.0,0.0,0.0,263.0,A,A
hibernate-core/src/main/java/org/hibernate/dialect/sequence/MariaDBSequenceSupport.java,4.0,0.0,0.0,0.0,0.0,0.0,0.0,45.0,A,A
hibernate-core/src/main/java/org/hibernate/dialect/MariaDBSqlAstTranslator.java,43.0,23.0,0.0,1.0,5.0,1.0,0.0,253.0,A,A
hibernate-spatial/src/main/java/org/hibernate/spatial/dialect/mariadb/MariaDBSqmFunctionDescriptors.java,3.0,0.0,0.0,1.0,0.0,1.0,0.0,29.0,A,A
hibernate-core/src/main/java/org/hibernate/internal/util/MarkerObject.java,2.0,0.0,0.0,0.0,0.0,0.0,0.0,26.0,A,A
hibernate-core/src/main/java/org/hibernate/query/sqm/mutation/internal/inline/MatchingIdRestrictionProducer.java,0.0,0.0,0.0,0.0,0.0,0.0,0.0,43.0,A,A
hibernate-core/src/main/java/org/hibernate/query/sqm/mutation/internal/MatchingIdSelectionHelper.java,23.0,22.0,0.0,7.0,40.0,7.0,0.0,337.0,A,A
hibernate-envers/src/main/java/org/hibernate/envers/query/criteria/MatchMode.java,4.0,0.0,0.0,0.0,0.0,0.0,0.0,63.0,A,A
hibernate-core/src/main/java/org/hibernate/internal/util/MathHelper.java,3.0,0.0,0.0,0.0,0.0,0.0,0.0,36.0,A,A
tooling/hibernate-enhance-maven-plugin/src/main/java/org/hibernate/orm/tooling/maven/MavenEnhancePlugin.java,48.0,59.0,0.0,9.0,48.0,9.0,0.0,359.0,A,A
hibernate-community-dialects/src/main/java/org/hibernate/community/dialect/MaxDBDialect.java,44.0,6.0,0.0,2.0,10.0,2.0,0.0,336.0,A,A
hibernate-community-dialects/src/main/java/org/hibernate/community/dialect/sequence/MaxDBSequenceSupport.java,1.0,0.0,0.0,0.0,0.0,0.0,0.0,28.0,A,A
hibernate-community-dialects/src/main/java/org/hibernate/community/dialect/MaxDBSqlAstTranslator.java,14.0,5.0,0.0,0.0,0.0,0.0,0.0,106.0,A,A
hibernate-core/src/main/java/org/hibernate/metamodel/internal/MemberResolver.java,0.0,0.0,0.0,0.0,0.0,0.0,0.0,17.0,A,A
hibernate-core/src/main/java/org/hibernate/event/spi/MergeContext.java,35.0,22.0,0.0,5.0,23.0,5.0,0.0,375.0,A,A
hibernate-core/src/main/java/org/hibernate/persister/entity/mutation/MergeCoordinator.java,2.0,0.0,0.0,0.0,0.0,0.0,0.0,32.0,A,A
hibernate-core/src/main/java/org/hibernate/event/spi/MergeEvent.java,15.0,2.0,0.0,0.0,0.0,0.0,0.0,86.0,A,A
hibernate-core/src/main/java/org/hibernate/event/spi/MergeEventListener.java,0.0,0.0,0.0,0.0,0.0,0.0,0.0,33.0,A,A
hibernate-core/src/main/java/org/hibernate/sql/model/jdbc/MergeOperation.java,2.0,0.0,0.0,0.0,0.0,0.0,0.0,38.0,A,A
hibernate-core/src/main/java/org/hibernate/pretty/MessageHelper.java,38.0,63.0,0.0,5.0,34.0,5.0,0.0,401.0,A,A
hibernate-testing/src/main/java/org/hibernate/testing/orm/junit/MessageKeyInspection.java,0.0,0.0,0.0,0.0,0.0,0.0,0.0,42.0,A,A
hibernate-testing/src/main/java/org/hibernate/testing/orm/junit/MessageKeyInspectionExtension.java,11.0,5.0,0.0,0.0,0.0,0.0,0.0,98.0,A,A
hibernate-testing/src/main/java/org/hibernate/testing/orm/junit/MessageKeyWatcher.java,0.0,0.0,0.0,0.0,0.0,0.0,0.0,25.0,A,A
hibernate-testing/src/main/java/org/hibernate/testing/orm/junit/MessageKeyWatcherImpl.java,19.0,10.0,0.0,1.0,5.0,1.0,0.0,115.0,A,A
hibernate-testing/src/main/java/org/hibernate/testing/orm/junit/MessageKeyWatcherResolver.java,2.0,0.0,0.0,0.0,0.0,0.0,0.0,28.0,A,A
hibernate-core/src/main/java/org/hibernate/mapping/MetaAttributable.java,0.0,0.0,0.0,0.0,0.0,0.0,0.0,26.0,A,A
tooling/metamodel-generator/src/main/java/org/hibernate/jpamodelgen/model/MetaAttribute.java,0.0,0.0,0.0,0.0,0.0,0.0,0.0,31.0,A,A
hibernate-core/src/main/java/org/hibernate/mapping/MetaAttribute.java,8.0,1.0,0.0,0.0,0.0,0.0,0.0,53.0,A,A
tooling/metamodel-generator/src/main/java/org/hibernate/jpamodelgen/annotation/MetaAttributeGenerationVisitor.java,55.0,46.0,0.0,2.0,5.0,2.0,0.0,332.0,A,A
tooling/metamodel-generator/src/main/java/org/hibernate/jpamodelgen/model/MetaCollection.java,0.0,0.0,0.0,0.0,0.0,0.0,0.0,14.0,A,A
hibernate-core/src/main/java/org/hibernate/boot/Metadata.java,0.0,0.0,0.0,0.0,0.0,0.0,0.0,207.0,A,A
hibernate-core/src/main/java/org/hibernate/boot/MetadataBuilder.java,0.0,0.0,0.0,1.0,10.0,1.0,0.0,453.0,A,A
hibernate-core/src/main/java/org/hibernate/boot/spi/MetadataBuilderContributor.java,0.0,0.0,0.0,1.0,10.0,1.0,0.0,39.0,A,A
hibernate-core/src/main/java/org/hibernate/boot/spi/MetadataBuilderFactory.java,0.0,0.0,0.0,0.0,0.0,0.0,0.0,32.0,A,A
hibernate-core/src/main/java/org/hibernate/boot/internal/MetadataBuilderImpl.java,152.0,53.0,0.0,24.0,217.0,24.0,0.0,1048.0,A,A
hibernate-core/src/main/java/org/hibernate/boot/spi/MetadataBuilderImplementor.java,0.0,0.0,0.0,0.0,0.0,0.0,0.0,27.0,A,A
hibernate-core/src/main/java/org/hibernate/boot/spi/MetadataBuilderInitializer.java,0.0,0.0,0.0,0.0,0.0,0.0,0.0,28.0,A,A
hibernate-core/src/main/java/org/hibernate/boot/spi/MetadataBuildingContext.java,5.0,0.0,0.0,0.0,0.0,0.0,0.0,87.0,A,A
hibernate-core/src/main/java/org/hibernate/boot/internal/MetadataBuildingContextRootImpl.java,9.0,0.0,0.0,0.0,0.0,0.0,0.0,83.0,A,A
hibernate-testing/src/main/java/org/hibernate/testing/boot/MetadataBuildingContextTestingImpl.java,9.0,0.0,0.0,2.0,10.0,2.0,0.0,83.0,A,A
hibernate-core/src/main/java/org/hibernate/boot/spi/MetadataBuildingOptions.java,5.0,0.0,0.0,1.0,10.0,1.0,0.0,257.0,A,A
hibernate-core/src/main/java/org/hibernate/boot/model/process/spi/MetadataBuildingProcess.java,92.0,75.0,0.0,5.0,29.0,5.0,0.0,865.0,A,A
hibernate-core/src/main/java/org/hibernate/metamodel/internal/MetadataContext.java,131.0,198.0,0.0,18.0,243.0,18.0,0.0,881.0,A,A
hibernate-core/src/main/java/org/hibernate/boot/spi/MetadataContributor.java,0.0,0.0,0.0,1.0,10.0,1.0,0.0,34.0,A,A
hibernate-core/src/main/java/org/hibernate/boot/internal/MetadataImpl.java,119.0,115.0,0.0,6.0,94.0,6.0,0.0,665.0,A,A
hibernate-core/src/main/java/org/hibernate/boot/spi/MetadataImplementor.java,0.0,0.0,0.0,0.0,0.0,0.0,0.0,62.0,A,A
hibernate-core/src/main/java/org/hibernate/mapping/MetadataSource.java,0.0,0.0,0.0,0.0,0.0,0.0,0.0,20.0,A,A
hibernate-core/src/main/java/org/hibernate/boot/model/source/spi/MetadataSourceProcessor.java,0.0,0.0,0.0,1.0,0.0,1.0,0.0,95.0,A,A
hibernate-core/src/main/java/org/hibernate/boot/MetadataSources.java,72.0,39.0,0.0,1.0,5.0,1.0,0.0,588.0,A,A
hibernate-core/src/main/java/org/hibernate/boot/spi/MetadataSourcesContributor.java,0.0,0.0,0.0,0.0,0.0,0.0,0.0,28.0,A,A
hibernate-core/src/main/java/org/hibernate/cfg/MetadataSourceType.java,5.0,2.0,0.0,1.0,10.0,1.0,0.0,53.0,A,A
tooling/metamodel-generator/src/main/java/org/hibernate/jpamodelgen/model/Metamodel.java,0.0,0.0,0.0,0.0,0.0,0.0,0.0,42.0,A,A
hibernate-core/src/main/java/org/hibernate/Metamodel.java,0.0,0.0,0.0,1.0,10.0,1.0,0.0,33.0,A,A
tooling/metamodel-generator/src/main/java/org/hibernate/jpamodelgen/MetaModelGenerationException.java,2.0,0.0,0.0,0.0,0.0,0.0,0.0,23.0,A,A
hibernate-core/src/main/java/org/hibernate/metamodel/spi/MetamodelImplementor.java,3.0,0.0,0.0,8.0,80.0,8.0,0.0,138.0,A,A
tooling/metamodel-generator/src/main/java/org/hibernate/jpamodelgen/model/MetaSingleAttribute.java,0.0,0.0,0.0,0.0,0.0,0.0,0.0,14.0,A,A
hibernate-core/src/main/java/org/hibernate/type/MetaType.java,24.0,4.0,0.0,3.0,25.0,3.0,0.0,152.0,A,A
hibernate-envers/src/main/java/org/hibernate/envers/internal/entities/mapper/relation/MiddleComponentData.java,4.0,0.0,0.0,0.0,0.0,0.0,0.0,41.0,A,A
hibernate-envers/src/main/java/org/hibernate/envers/internal/entities/mapper/relation/component/MiddleComponentMapper.java,0.0,0.0,0.0,0.0,0.0,0.0,0.0,66.0,A,A
hibernate-envers/src/main/java/org/hibernate/envers/internal/entities/mapper/relation/component/MiddleDummyComponentMapper.java,3.0,0.0,0.0,2.0,10.0,2.0,0.0,42.0,A,A
hibernate-envers/src/main/java/org/hibernate/envers/internal/entities/mapper/relation/component/MiddleEmbeddableComponentMapper.java,14.0,8.0,0.0,0.0,0.0,0.0,0.0,149.0,A,A
hibernate-envers/src/main/java/org/hibernate/envers/internal/entities/mapper/relation/MiddleIdData.java,7.0,1.0,0.0,0.0,0.0,0.0,0.0,73.0,A,A
hibernate-envers/src/main/java/org/hibernate/envers/internal/entities/mapper/relation/component/MiddleMapElementNotKeyComponentMapper.java,4.0,0.0,0.0,0.0,0.0,0.0,0.0,67.0,A,A
hibernate-envers/src/main/java/org/hibernate/envers/internal/entities/mapper/relation/MiddleMapKeyEnumeratedComponentMapper.java,4.0,0.0,0.0,0.0,0.0,0.0,0.0,56.0,A,A
hibernate-envers/src/main/java/org/hibernate/envers/internal/entities/mapper/relation/component/MiddleMapKeyIdComponentMapper.java,4.0,0.0,0.0,0.0,0.0,0.0,0.0,60.0,A,A
hibernate-envers/src/main/java/org/hibernate/envers/internal/entities/mapper/relation/component/MiddleMapKeyPropertyComponentMapper.java,4.0,0.0,0.0,0.0,0.0,0.0,0.0,65.0,A,A
hibernate-envers/src/main/java/org/hibernate/envers/internal/entities/mapper/relation/component/MiddleRelatedComponentMapper.java,4.0,0.0,0.0,0.0,0.0,0.0,0.0,52.0,A,A
hibernate-envers/src/main/java/org/hibernate/envers/internal/entities/mapper/relation/component/MiddleSimpleComponentMapper.java,4.0,0.0,0.0,0.0,0.0,0.0,0.0,56.0,A,A
hibernate-envers/src/main/java/org/hibernate/envers/internal/entities/mapper/relation/component/MiddleStraightComponentMapper.java,4.0,0.0,0.0,0.0,0.0,0.0,0.0,55.0,A,A
hibernate-envers/src/main/java/org/hibernate/envers/configuration/internal/metadata/MiddleTableCollectionMetadataGenerator.java,26.0,23.0,0.0,0.0,0.0,0.0,0.0,309.0,A,A
hibernate-community-dialects/src/main/java/org/hibernate/community/dialect/sequence/MimerSequenceSupport.java,2.0,0.0,0.0,0.0,0.0,0.0,0.0,32.0,A,A
hibernate-community-dialects/src/main/java/org/hibernate/community/dialect/MimerSQLDialect.java,59.0,6.0,0.0,1.0,5.0,1.0,0.0,343.0,A,A
hibernate-community-dialects/src/main/java/org/hibernate/community/dialect/identity/MimerSQLIdentityColumnSupport.java,1.0,0.0,0.0,1.0,0.0,1.0,0.0,23.0,A,A
hibernate-community-dialects/src/main/java/org/hibernate/community/dialect/MimerSQLSqlAstTranslator.java,12.0,3.0,0.0,0.0,0.0,0.0,0.0,95.0,A,A
hibernate-core/src/main/java/org/hibernate/dialect/function/MinMaxCaseEveryAnyEmulation.java,6.0,5.0,0.0,0.0,0.0,0.0,0.0,89.0,A,A
hibernate-jcache/src/main/java/org/hibernate/cache/jcache/MissingCacheStrategy.java,8.0,6.0,0.0,0.0,0.0,0.0,0.0,67.0,A,A
hibernate-core/src/main/java/org/hibernate/query/results/MissingSqlSelectionException.java,2.0,0.0,0.0,0.0,0.0,0.0,0.0,28.0,A,A
tooling/metamodel-generator/src/main/java/org/hibernate/jpamodelgen/validation/MockCollectionPersister.java,34.0,9.0,0.0,5.0,32.0,5.0,0.0,212.0,A,A
tooling/metamodel-generator/src/main/java/org/hibernate/jpamodelgen/validation/MockEntityPersister.java,43.0,13.0,0.0,5.0,32.0,5.0,0.0,240.0,A,A
tooling/metamodel-generator/src/main/java/org/hibernate/jpamodelgen/validation/Mocker.java,7.0,7.0,0.0,7.0,112.0,7.0,0.0,91.0,A,A
tooling/metamodel-generator/src/main/java/org/hibernate/jpamodelgen/validation/MockJdbcServicesInitiator.java,8.0,0.0,0.0,0.0,0.0,0.0,0.0,77.0,A,A
tooling/metamodel-generator/src/main/java/org/hibernate/jpamodelgen/validation/MockSessionFactory.java,162.0,41.0,0.0,6.0,32.0,6.0,0.0,1074.0,A,A
hibernate-core/src/main/java/org/hibernate/boot/model/source/internal/hbm/ModelBinder.java,478.0,483.0,0.0,45.0,284.0,45.0,0.0,4231.0,A,A
hibernate-core/src/main/java/org/hibernate/engine/jdbc/mutation/internal/ModelMutationHelper.java,16.0,13.0,0.0,0.0,0.0,0.0,0.0,150.0,A,A
hibernate-core/src/main/java/org/hibernate/sql/model/ModelMutationLogging.java,0.0,0.0,0.0,1.0,5.0,1.0,0.0,28.0,A,A
hibernate-core/src/main/java/org/hibernate/metamodel/mapping/ModelPart.java,11.0,0.0,0.0,0.0,0.0,0.0,0.0,237.0,A,A
hibernate-core/src/main/java/org/hibernate/metamodel/mapping/ModelPartContainer.java,6.0,5.0,0.0,0.0,0.0,0.0,0.0,65.0,A,A
hibernate-core/src/main/java/org/hibernate/query/results/complete/ModelPartReference.java,0.0,0.0,0.0,0.0,0.0,0.0,0.0,28.0,A,A
hibernate-core/src/main/java/org/hibernate/query/results/complete/ModelPartReferenceBasic.java,0.0,0.0,0.0,0.0,0.0,0.0,0.0,18.0,A,A
hibernate-core/src/main/java/org/hibernate/query/results/complete/ModelPartReferenceCollection.java,0.0,0.0,0.0,0.0,0.0,0.0,0.0,18.0,A,A
hibernate-core/src/main/java/org/hibernate/query/results/complete/ModelPartReferenceEmbeddable.java,0.0,0.0,0.0,0.0,0.0,0.0,0.0,18.0,A,A
hibernate-core/src/main/java/org/hibernate/query/results/complete/ModelPartReferenceEntity.java,0.0,0.0,0.0,0.0,0.0,0.0,0.0,18.0,A,A
hibernate-core/src/main/java/org/hibernate/query/named/ModelPartReferenceMemento.java,0.0,0.0,0.0,0.0,0.0,0.0,0.0,24.0,A,A
hibernate-core/src/main/java/org/hibernate/query/named/ModelPartResultMemento.java,0.0,0.0,0.0,0.0,0.0,0.0,0.0,14.0,A,A
hibernate-core/src/main/java/org/hibernate/query/named/ModelPartResultMementoBasic.java,0.0,0.0,0.0,0.0,0.0,0.0,0.0,14.0,A,A
hibernate-core/src/main/java/org/hibernate/query/internal/ModelPartResultMementoBasicImpl.java,3.0,0.0,0.0,0.0,0.0,0.0,0.0,46.0,A,A
hibernate-core/src/main/java/org/hibernate/query/named/ModelPartResultMementoCollection.java,0.0,0.0,0.0,0.0,0.0,0.0,0.0,17.0,A,A
hibernate-core/src/main/java/org/hibernate/query/named/ModelPartResultMementoEntity.java,0.0,0.0,0.0,0.0,0.0,0.0,0.0,14.0,A,A
hibernate-core/src/main/java/org/hibernate/dialect/function/ModeStatsModeEmulation.java,7.0,7.0,0.0,0.0,0.0,0.0,0.0,75.0,A,A
hibernate-envers/src/main/java/org/hibernate/envers/boot/internal/ModifiedColumnNameResolver.java,2.0,0.0,0.0,0.0,0.0,0.0,0.0,20.0,A,A
hibernate-envers/src/main/java/org/hibernate/envers/boot/spi/ModifiedColumnNamingStrategy.java,0.0,0.0,0.0,0.0,0.0,0.0,0.0,37.0,A,A
hibernate-envers/src/main/java/org/hibernate/envers/boot/internal/ModifiedColumnNamingStrategyRegistrationProvider.java,1.0,0.0,0.0,0.0,0.0,0.0,0.0,46.0,A,A
hibernate-envers/src/main/java/org/hibernate/envers/ModifiedEntityNames.java,0.0,0.0,0.0,0.0,0.0,0.0,0.0,24.0,A,A
hibernate-envers/src/main/java/org/hibernate/envers/internal/revisioninfo/ModifiedEntityNamesReader.java,2.0,0.0,0.0,0.0,0.0,0.0,0.0,36.0,A,A
hibernate-envers/src/main/java/org/hibernate/envers/internal/entities/mapper/ModifiedFlagMapperSupport.java,0.0,0.0,0.0,0.0,0.0,0.0,0.0,24.0,A,A
hibernate-envers/src/main/java/org/hibernate/envers/query/internal/property/ModifiedFlagPropertyName.java,2.0,0.0,0.0,0.0,0.0,0.0,0.0,31.0,A,A
hibernate-core/src/main/java/org/hibernate/sql/ast/tree/expression/ModifiedSubQueryExpression.java,7.0,0.0,0.0,0.0,0.0,0.0,0.0,60.0,A,A
hibernate-envers/src/main/java/org/hibernate/envers/internal/synchronization/work/ModWorkUnit.java,10.0,0.0,0.0,0.0,0.0,0.0,0.0,108.0,A,A
hibernate-testing/src/main/java/org/hibernate/testing/orm/domain/MonetaryAmountConverter.java,4.0,2.0,0.0,0.0,0.0,0.0,0.0,38.0,A,A
hibernate-envers/src/main/java/org/hibernate/envers/internal/entities/mapper/MultiDynamicComponentMapper.java,22.0,20.0,0.0,1.0,5.0,1.0,0.0,136.0,A,A
hibernate-core/src/main/java/org/hibernate/MultiIdentifierLoadAccess.java,3.0,0.0,0.0,1.0,10.0,1.0,0.0,184.0,A,A
hibernate-core/src/main/java/org/hibernate/internal/MultiIdentifierLoadAccessImpl.java,28.0,12.0,0.0,2.0,5.0,2.0,0.0,180.0,A,A
hibernate-core/src/main/java/org/hibernate/loader/ast/spi/MultiIdEntityLoader.java,0.0,0.0,0.0,0.0,0.0,0.0,0.0,22.0,A,A
hibernate-core/src/main/java/org/hibernate/loader/ast/internal/MultiIdEntityLoaderArrayParam.java,45.0,64.0,0.0,4.0,88.0,4.0,0.0,399.0,A,A
hibernate-core/src/main/java/org/hibernate/loader/ast/internal/MultiIdEntityLoaderStandard.java,48.0,78.0,0.0,3.0,73.0,3.0,0.0,416.0,A,A
hibernate-core/src/main/java/org/hibernate/loader/ast/spi/MultiIdLoadOptions.java,0.0,0.0,0.0,0.0,0.0,0.0,0.0,29.0,A,A
hibernate-core/src/main/java/org/hibernate/loader/ast/internal/MultiKeyLoadChunker.java,8.0,8.0,0.0,1.0,5.0,1.0,0.0,164.0,A,A
hibernate-core/src/main/java/org/hibernate/loader/ast/spi/MultiKeyLoader.java,0.0,0.0,0.0,0.0,0.0,0.0,0.0,17.0,A,A
hibernate-core/src/main/java/org/hibernate/loader/ast/internal/MultiKeyLoadHelper.java,15.0,11.0,0.0,0.0,0.0,0.0,0.0,88.0,A,A
hibernate-core/src/main/java/org/hibernate/loader/ast/internal/MultiKeyLoadLogging.java,0.0,0.0,0.0,1.0,10.0,1.0,0.0,32.0,A,A
hibernate-core/src/main/java/org/hibernate/loader/ast/spi/MultiKeyLoadSizingStrategy.java,0.0,0.0,0.0,0.0,0.0,0.0,0.0,51.0,A,A
hibernate-core/src/main/java/org/hibernate/tool/schema/internal/script/MultiLineSqlScriptExtractor.java,7.0,5.0,0.0,1.0,0.0,1.0,0.0,106.0,A,A
hibernate-core/src/main/java/org/hibernate/loader/ast/spi/MultiLoadOptions.java,0.0,0.0,0.0,0.0,0.0,0.0,0.0,43.0,A,A
hibernate-core/src/main/java/org/hibernate/loader/ast/spi/MultiNaturalIdLoader.java,0.0,0.0,0.0,0.0,0.0,0.0,0.0,31.0,A,A
hibernate-core/src/main/java/org/hibernate/loader/ast/internal/MultiNaturalIdLoaderArrayParam.java,9.0,4.0,0.0,1.0,5.0,1.0,0.0,122.0,A,A
hibernate-core/src/main/java/org/hibernate/loader/ast/internal/MultiNaturalIdLoaderInPredicate.java,12.0,9.0,0.0,2.0,5.0,2.0,0.0,98.0,A,A
hibernate-core/src/main/java/org/hibernate/loader/ast/internal/MultiNaturalIdLoadingBatcher.java,9.0,10.0,0.0,1.0,5.0,1.0,0.0,168.0,A,A
hibernate-core/src/main/java/org/hibernate/loader/ast/spi/MultiNaturalIdLoadOptions.java,0.0,0.0,0.0,0.0,0.0,0.0,0.0,14.0,A,A
hibernate-core/src/main/java/org/hibernate/query/sqm/function/MultipatternSqmFunctionDescriptor.java,11.0,4.0,0.0,0.0,0.0,0.0,0.0,142.0,A,A
hibernate-core/src/main/java/org/hibernate/loader/MultipleBagFetchException.java,2.0,0.0,0.0,1.0,5.0,1.0,0.0,35.0,A,A
hibernate-envers/src/main/java/org/hibernate/envers/internal/entities/mapper/id/MultipleIdMapper.java,26.0,24.0,0.0,0.0,0.0,0.0,0.0,150.0,A,A
tooling/hibernate-ant/src/main/java/org/hibernate/tool/hbm2ddl/MultipleLinesSqlCommandExtractor.java,0.0,0.0,0.0,1.0,10.0,1.0,0.0,22.0,A,A
hibernate-envers/src/main/java/org/hibernate/envers/internal/entities/mapper/MultiPropertyMapper.java,40.0,46.0,0.0,3.0,32.0,3.0,0.0,284.0,A,A
hibernate-core/src/main/java/org/hibernate/query/sqm/internal/MultiTableDeleteQueryPlan.java,2.0,0.0,0.0,0.0,0.0,0.0,0.0,38.0,A,A
hibernate-core/src/main/java/org/hibernate/query/sqm/internal/MultiTableInsertQueryPlan.java,2.0,0.0,0.0,0.0,0.0,0.0,0.0,38.0,A,A
hibernate-core/src/main/java/org/hibernate/query/sqm/mutation/internal/MultiTableSqmMutationConverter.java,19.0,5.0,0.0,2.0,7.0,2.0,0.0,244.0,A,A
hibernate-core/src/main/java/org/hibernate/query/sqm/internal/MultiTableUpdateQueryPlan.java,2.0,0.0,0.0,0.0,0.0,0.0,0.0,39.0,A,A
hibernate-core/src/main/java/org/hibernate/cfg/MultiTenancySettings.java,0.0,0.0,0.0,1.0,10.0,1.0,0.0,48.0,A,A
hibernate-core/src/main/java/org/hibernate/boot/model/source/spi/MultiTenancySource.java,0.0,0.0,0.0,0.0,0.0,0.0,0.0,26.0,A,A
hibernate-core/src/main/java/org/hibernate/engine/jdbc/connections/spi/MultiTenantConnectionProvider.java,0.0,0.0,0.0,0.0,0.0,0.0,0.0,93.0,A,A
hibernate-core/src/main/java/org/hibernate/engine/jdbc/connections/internal/MultiTenantConnectionProviderInitiator.java,7.0,14.0,0.0,1.0,0.0,1.0,0.0,92.0,A,A
hibernate-core/src/main/java/org/hibernate/annotations/Mutability.java,0.0,0.0,0.0,0.0,0.0,0.0,0.0,116.0,A,A
hibernate-core/src/main/java/org/hibernate/type/descriptor/java/MutabilityPlan.java,0.0,0.0,0.0,0.0,0.0,0.0,0.0,92.0,A,A
hibernate-core/src/main/java/org/hibernate/type/descriptor/java/MutabilityPlanExposer.java,0.0,0.0,0.0,0.0,0.0,0.0,0.0,15.0,A,A
hibernate-core/src/main/java/org/hibernate/metamodel/mapping/internal/MutableAttributeMappingList.java,13.0,4.0,0.0,4.0,30.0,4.0,0.0,97.0,A,A
hibernate-core/src/main/java/org/hibernate/internal/util/MutableBoolean.java,4.0,0.0,0.0,0.0,0.0,0.0,0.0,33.0,A,A
hibernate-envers/src/main/java/org/hibernate/envers/internal/tools/MutableBoolean.java,5.0,0.0,0.0,0.0,0.0,0.0,0.0,35.0,A,A
hibernate-core/src/main/java/org/hibernate/cache/MutableCacheKeyBuilder.java,0.0,0.0,0.0,0.0,0.0,0.0,0.0,32.0,A,A
hibernate-core/src/main/java/org/hibernate/engine/internal/MutableEntityEntry.java,4.0,1.0,0.0,2.0,25.0,2.0,0.0,101.0,A,A
hibernate-core/src/main/java/org/hibernate/engine/internal/MutableEntityEntryFactory.java,2.0,0.0,0.0,1.0,0.0,1.0,0.0,59.0,A,A
hibernate-core/src/main/java/org/hibernate/internal/util/MutableInteger.java,14.0,0.0,0.0,0.0,0.0,0.0,0.0,78.0,A,A
hibernate-envers/src/main/java/org/hibernate/envers/internal/tools/MutableInteger.java,7.0,0.0,0.0,0.0,0.0,0.0,0.0,42.0,A,A
hibernate-core/src/main/java/org/hibernate/jpa/spi/MutableJpaCompliance.java,0.0,0.0,0.0,0.0,0.0,0.0,0.0,33.0,A,A
hibernate-core/src/main/java/org/hibernate/jpa/internal/MutableJpaComplianceImpl.java,21.0,0.0,0.0,0.0,0.0,0.0,0.0,196.0,A,A
hibernate-core/src/main/java/org/hibernate/internal/util/MutableLong.java,8.0,0.0,0.0,0.0,0.0,0.0,0.0,50.0,A,A
hibernate-core/src/main/java/org/hibernate/type/descriptor/java/MutableMutabilityPlan.java,6.0,1.0,0.0,0.0,0.0,0.0,0.0,50.0,A,A
hibernate-core/src/main/java/org/hibernate/internal/util/MutableObject.java,16.0,8.0,0.0,0.0,0.0,0.0,0.0,85.0,A,A
hibernate-core/src/main/java/org/hibernate/query/spi/MutableQueryOptions.java,2.0,1.0,0.0,0.0,0.0,0.0,0.0,102.0,A,A
hibernate-testing/src/main/java/org/hibernate/testing/orm/domain/gambit/MutableValue.java,4.0,0.0,0.0,0.0,0.0,0.0,0.0,34.0,A,A
hibernate-core/src/main/java/org/hibernate/sql/model/ast/MutatingTableReference.java,22.0,7.0,0.0,1.0,5.0,1.0,0.0,137.0,A,A
hibernate-core/src/main/java/org/hibernate/sql/ast/tree/from/MutatingTableReferenceGroupWrapper.java,19.0,1.0,0.0,2.0,10.0,2.0,0.0,126.0,A,A
hibernate-core/src/main/java/org/hibernate/engine/jdbc/mutation/MutationExecutor.java,0.0,0.0,0.0,0.0,0.0,0.0,0.0,54.0,A,A
hibernate-core/src/main/java/org/hibernate/engine/jdbc/mutation/internal/MutationExecutorPostInsert.java,21.0,15.0,0.0,2.0,5.0,2.0,0.0,242.0,A,A
hibernate-core/src/main/java/org/hibernate/engine/jdbc/mutation/internal/MutationExecutorPostInsertSingleTable.java,9.0,2.0,0.0,4.0,15.0,4.0,0.0,128.0,A,A
hibernate-core/src/main/java/org/hibernate/engine/jdbc/mutation/spi/MutationExecutorService.java,0.0,0.0,0.0,0.0,0.0,0.0,0.0,29.0,A,A
hibernate-core/src/main/java/org/hibernate/engine/jdbc/mutation/internal/MutationExecutorServiceInitiator.java,6.0,6.0,0.0,2.0,5.0,2.0,0.0,75.0,A,A
hibernate-core/src/main/java/org/hibernate/engine/jdbc/mutation/internal/MutationExecutorSingleBatched.java,7.0,1.0,0.0,0.0,0.0,0.0,0.0,68.0,A,A
hibernate-core/src/main/java/org/hibernate/engine/jdbc/mutation/internal/MutationExecutorSingleNonBatched.java,4.0,0.0,0.0,0.0,0.0,0.0,0.0,54.0,A,A
hibernate-core/src/main/java/org/hibernate/engine/jdbc/mutation/internal/MutationExecutorSingleSelfExecuting.java,7.0,1.0,0.0,1.0,0.0,1.0,0.0,67.0,A,A
hibernate-core/src/main/java/org/hibernate/engine/jdbc/mutation/internal/MutationExecutorStandard.java,34.0,40.0,0.0,3.0,24.0,3.0,0.0,257.0,A,A
hibernate-core/src/main/java/org/hibernate/sql/model/ast/MutationGroup.java,0.0,0.0,0.0,4.0,30.0,4.0,0.0,38.0,A,A
hibernate-core/src/main/java/org/hibernate/sql/model/ast/builder/MutationGroupBuilder.java,19.0,9.0,0.0,1.0,20.0,1.0,0.0,133.0,A,A
hibernate-core/src/main/java/org/hibernate/sql/model/internal/MutationGroupNone.java,9.0,0.0,0.0,1.0,5.0,1.0,0.0,77.0,A,A
hibernate-core/src/main/java/org/hibernate/sql/model/internal/MutationGroupSingle.java,9.0,0.0,0.0,1.0,5.0,1.0,0.0,85.0,A,A
hibernate-core/src/main/java/org/hibernate/sql/model/internal/MutationGroupStandard.java,12.0,7.0,0.0,1.0,5.0,1.0,0.0,84.0,A,A
hibernate-core/src/main/java/org/hibernate/sql/model/MutationOperation.java,2.0,1.0,0.0,0.0,0.0,0.0,0.0,100.0,A,A
hibernate-core/src/main/java/org/hibernate/sql/model/MutationOperationGroup.java,6.0,4.0,0.0,4.0,30.0,4.0,0.0,87.0,A,A
hibernate-core/src/main/java/org/hibernate/sql/model/internal/MutationOperationGroupFactory.java,8.0,6.0,0.0,1.0,5.0,1.0,0.0,75.0,A,A
hibernate-core/src/main/java/org/hibernate/sql/model/internal/MutationOperationGroupStandard.java,12.0,5.0,0.0,0.0,0.0,0.0,0.0,111.0,A,A
hibernate-core/src/main/java/org/hibernate/query/MutationQuery.java,0.0,0.0,0.0,0.0,0.0,0.0,0.0,213.0,A,A
hibernate-core/src/main/java/org/hibernate/query/sqm/mutation/internal/MutationQueryLogging.java,0.0,0.0,0.0,1.0,10.0,1.0,0.0,27.0,A,A
hibernate-core/src/main/java/org/hibernate/engine/jdbc/mutation/internal/MutationQueryOptions.java,22.0,0.0,0.0,8.0,75.0,8.0,0.0,141.0,A,A
hibernate-core/src/main/java/org/hibernate/sql/ast/tree/MutationStatement.java,0.0,0.0,0.0,0.0,0.0,0.0,0.0,23.0,A,A
hibernate-core/src/main/java/org/hibernate/engine/jdbc/spi/MutationStatementPreparer.java,0.0,0.0,0.0,0.0,0.0,0.0,0.0,62.0,A,A
hibernate-core/src/main/java/org/hibernate/engine/jdbc/internal/MutationStatementPreparerImpl.java,22.0,7.0,0.0,2.0,10.0,2.0,0.0,152.0,A,A
hibernate-core/src/main/java/org/hibernate/sql/model/MutationTarget.java,1.0,0.0,0.0,0.0,0.0,0.0,0.0,61.0,A,A
hibernate-core/src/main/java/org/hibernate/sql/model/MutationType.java,2.0,0.0,0.0,0.0,0.0,0.0,0.0,29.0,A,A
hibernate-core/src/main/java/org/hibernate/dialect/MyISAMStorageEngine.java,4.0,0.0,0.0,0.0,0.0,0.0,0.0,38.0,A,A
hibernate-community-dialects/src/main/java/org/hibernate/community/dialect/MySQL55Dialect.java,1.0,0.0,0.0,1.0,10.0,1.0,0.0,26.0,A,A
hibernate-spatial/src/main/java/org/hibernate/spatial/dialect/mysql/MySQL56InnoDBSpatialDialect.java,0.0,0.0,0.0,1.0,10.0,1.0,0.0,21.0,A,A
hibernate-spatial/src/main/java/org/hibernate/spatial/dialect/mysql/MySQL56SpatialDialect.java,1.0,0.0,0.0,1.0,10.0,1.0,0.0,35.0,A,A
hibernate-community-dialects/src/main/java/org/hibernate/community/dialect/MySQL57Dialect.java,1.0,0.0,0.0,1.0,10.0,1.0,0.0,25.0,A,A
hibernate-testing/src/main/java/org/hibernate/testing/cleaner/MySQL5DatabaseCleaner.java,3.0,2.0,0.0,1.0,20.0,1.0,0.0,34.0,A,A
hibernate-community-dialects/src/main/java/org/hibernate/community/dialect/MySQL5Dialect.java,1.0,0.0,0.0,1.0,10.0,1.0,0.0,26.0,A,A
hibernate-spatial/src/main/java/org/hibernate/spatial/dialect/mysql/MySQL5InnoDBSpatialDialect.java,0.0,0.0,0.0,1.0,10.0,1.0,0.0,18.0,A,A
hibernate-spatial/src/main/java/org/hibernate/spatial/dialect/mysql/MySQL5SpatialDialect.java,1.0,0.0,0.0,1.0,10.0,1.0,0.0,26.0,A,A
hibernate-testing/src/main/java/org/hibernate/testing/cleaner/MySQL8DatabaseCleaner.java,3.0,2.0,0.0,1.0,20.0,1.0,0.0,33.0,A,A
hibernate-core/src/main/java/org/hibernate/dialect/MySQL8Dialect.java,1.0,0.0,0.0,1.0,10.0,1.0,0.0,42.0,A,A
hibernate-core/src/main/java/org/hibernate/dialect/MySQLCastingJsonJdbcType.java,3.0,0.0,0.0,0.0,0.0,0.0,0.0,46.0,A,A
hibernate-core/src/main/java/org/hibernate/dialect/MySQLDialect.java,262.0,83.0,0.0,20.0,114.0,20.0,0.0,1517.0,A,A
hibernate-spatial/src/main/java/org/hibernate/spatial/dialect/mysql/MySQLDialectContributor.java,6.0,0.0,0.0,0.0,0.0,0.0,0.0,48.0,A,A
hibernate-core/src/main/java/org/hibernate/dialect/MySQLEnumJdbcType.java,10.0,0.0,0.0,0.0,0.0,0.0,0.0,91.0,A,A
hibernate-spatial/src/main/java/org/hibernate/spatial/dialect/mysql/MySQLGeometryJdbcType.java,14.0,5.0,0.0,2.0,1.0,2.0,0.0,119.0,A,A
hibernate-core/src/main/java/org/hibernate/dialect/identity/MySQLIdentityColumnSupport.java,3.0,0.0,0.0,1.0,0.0,1.0,0.0,32.0,A,A
hibernate-testing/src/main/java/org/hibernate/testing/jdbc/leak/MySQLIdleConnectionCounter.java,4.0,4.0,0.0,0.0,0.0,0.0,0.0,49.0,A,A
hibernate-community-dialects/src/main/java/org/hibernate/community/dialect/MySQLLegacyDialect.java,250.0,96.0,0.0,16.0,88.0,16.0,0.0,1399.0,A,A
hibernate-community-dialects/src/main/java/org/hibernate/community/dialect/MySQLLegacySqlAstTranslator.java,49.0,35.0,0.0,1.0,6.0,1.0,0.0,271.0,A,A
hibernate-core/src/main/java/org/hibernate/dialect/MySQLServerConfiguration.java,46.0,29.0,0.0,1.0,10.0,1.0,0.0,154.0,A,A
hibernate-spatial/src/main/java/org/hibernate/spatial/dialect/mysql/MySQLSpatialDialect.java,0.0,0.0,0.0,1.0,10.0,1.0,0.0,22.0,A,A
hibernate-core/src/main/java/org/hibernate/dialect/MySQLSqlAstTranslator.java,67.0,48.0,0.0,5.0,43.0,5.0,0.0,307.0,A,A
hibernate-spatial/src/main/java/org/hibernate/spatial/dialect/mysql/MySqlSqmFunctionDescriptors.java,3.0,0.0,0.0,0.0,0.0,0.0,0.0,36.0,A,A
hibernate-core/src/main/java/org/hibernate/dialect/MySQLStorageEngine.java,0.0,0.0,0.0,0.0,0.0,0.0,0.0,24.0,A,A
hibernate-testing/src/main/java/org/hibernate/testing/orm/domain/retail/Name.java,12.0,0.0,0.0,0.0,0.0,0.0,0.0,76.0,A,A
hibernate-testing/src/main/java/org/hibernate/testing/orm/domain/animal/Name.java,9.0,0.0,0.0,0.0,0.0,0.0,0.0,57.0,A,A
hibernate-core/src/main/java/org/hibernate/query/named/NameableQuery.java,0.0,0.0,0.0,0.0,0.0,0.0,0.0,24.0,A,A
hibernate-core/src/main/java/org/hibernate/boot/model/relational/NamedAuxiliaryDatabaseObject.java,5.0,0.0,0.0,0.0,0.0,0.0,0.0,72.0,A,A
hibernate-core/src/main/java/org/hibernate/type/internal/NamedBasicTypeImpl.java,2.0,0.0,0.0,0.0,0.0,0.0,0.0,30.0,A,A
hibernate-core/src/main/java/org/hibernate/boot/model/process/internal/NamedBasicTypeResolution.java,11.0,3.0,0.0,2.0,5.0,2.0,0.0,92.0,A,A
hibernate-core/src/main/java/org/hibernate/resource/beans/container/internal/NamedBeanQualifier.java,2.0,0.0,0.0,0.0,0.0,0.0,0.0,29.0,A,A
hibernate-core/src/main/java/org/hibernate/boot/query/NamedCallableQueryDefinition.java,0.0,0.0,0.0,0.0,0.0,0.0,0.0,27.0,A,A
hibernate-core/src/main/java/org/hibernate/procedure/spi/NamedCallableQueryMemento.java,2.0,0.0,0.0,0.0,0.0,0.0,0.0,94.0,A,A
hibernate-core/src/main/java/org/hibernate/procedure/internal/NamedCallableQueryMementoImpl.java,23.0,2.0,0.0,0.0,0.0,0.0,0.0,257.0,A,A
hibernate-core/src/main/java/org/hibernate/boot/model/process/internal/NamedConverterResolution.java,25.0,10.0,0.0,7.0,35.0,7.0,0.0,257.0,A,A
hibernate-core/src/main/java/org/hibernate/query/criteria/internal/NamedCriteriaQueryMementoImpl.java,12.0,0.0,0.0,1.0,5.0,1.0,0.0,135.0,A,A
hibernate-core/src/main/java/org/hibernate/boot/model/NamedEntityGraphDefinition.java,7.0,2.0,0.0,0.0,0.0,0.0,0.0,50.0,A,A
hibernate-core/src/main/java/org/hibernate/query/sqm/produce/function/NamedFunctionDescriptorBuilder.java,14.0,0.0,0.0,0.0,0.0,0.0,0.0,118.0,A,A
hibernate-core/src/main/java/org/hibernate/boot/query/NamedHqlQueryDefinition.java,9.0,1.0,0.0,0.0,0.0,0.0,0.0,97.0,A,A
hibernate-core/src/main/java/org/hibernate/boot/internal/NamedHqlQueryDefinitionImpl.java,3.0,0.0,0.0,0.0,0.0,0.0,0.0,91.0,A,A
hibernate-core/src/main/java/org/hibernate/query/hql/internal/NamedHqlQueryMementoImpl.java,12.0,0.0,0.0,1.0,5.0,1.0,0.0,157.0,A,A
hibernate-core/src/main/java/org/hibernate/type/descriptor/sql/internal/NamedNativeEnumDdlTypeImpl.java,7.0,0.0,0.0,0.0,0.0,0.0,0.0,66.0,A,A
hibernate-core/src/main/java/org/hibernate/annotations/NamedNativeQueries.java,0.0,0.0,0.0,0.0,0.0,0.0,0.0,29.0,A,A
hibernate-core/src/main/java/org/hibernate/annotations/NamedNativeQuery.java,0.0,0.0,0.0,3.0,20.0,3.0,0.0,183.0,A,A
hibernate-core/src/main/java/org/hibernate/boot/query/NamedNativeQueryDefinition.java,0.0,0.0,0.0,0.0,0.0,0.0,0.0,39.0,A,A
hibernate-core/src/main/java/org/hibernate/boot/query/NamedNativeQueryDefinitionBuilder.java,19.0,3.0,0.0,0.0,0.0,0.0,0.0,128.0,A,A
hibernate-core/src/main/java/org/hibernate/boot/internal/NamedNativeQueryDefinitionImpl.java,6.0,1.0,0.0,0.0,0.0,0.0,0.0,114.0,A,A
hibernate-core/src/main/java/org/hibernate/query/sql/spi/NamedNativeQueryMemento.java,11.0,0.0,0.0,0.0,0.0,0.0,0.0,160.0,A,A
hibernate-core/src/main/java/org/hibernate/query/sql/internal/NamedNativeQueryMementoImpl.java,17.0,2.0,0.0,3.0,30.0,3.0,0.0,165.0,A,A
hibernate-core/src/main/java/org/hibernate/query/named/NamedObjectRepository.java,0.0,0.0,0.0,1.0,0.0,1.0,0.0,103.0,A,A
hibernate-core/src/main/java/org/hibernate/query/internal/NamedObjectRepositoryImpl.java,34.0,17.0,0.0,2.0,5.0,2.0,0.0,316.0,A,A
hibernate-core/src/main/java/org/hibernate/engine/query/spi/NamedParameterDescriptor.java,7.0,3.0,0.0,0.0,0.0,0.0,0.0,57.0,A,A
hibernate-core/src/main/java/org/hibernate/procedure/NamedParametersNotSupportedException.java,1.0,0.0,0.0,0.0,0.0,0.0,0.0,22.0,A,A
hibernate-core/src/main/java/org/hibernate/boot/query/NamedProcedureCallDefinition.java,0.0,0.0,0.0,0.0,0.0,0.0,0.0,29.0,A,A
hibernate-core/src/main/java/org/hibernate/boot/internal/NamedProcedureCallDefinitionImpl.java,27.0,17.0,0.0,4.0,20.0,4.0,0.0,205.0,A,A
hibernate-core/src/main/java/org/hibernate/annotations/NamedQueries.java,0.0,0.0,0.0,0.0,0.0,0.0,0.0,30.0,A,A
hibernate-core/src/main/java/org/hibernate/annotations/NamedQuery.java,0.0,0.0,0.0,2.0,10.0,2.0,0.0,141.0,A,A
hibernate-core/src/main/java/org/hibernate/boot/jaxb/mapping/NamedQuery.java,0.0,0.0,0.0,0.0,0.0,0.0,0.0,35.0,A,A
hibernate-core/src/main/java/org/hibernate/boot/model/source/internal/hbm/NamedQueryBinder.java,27.0,30.0,0.0,1.0,5.0,1.0,0.0,263.0,A,A
hibernate-core/src/main/java/org/hibernate/boot/query/NamedQueryDefinition.java,0.0,0.0,0.0,0.0,0.0,0.0,0.0,30.0,A,A
hibernate-core/src/main/java/org/hibernate/query/internal/NamedQueryHelper.java,41.0,21.0,0.0,14.0,64.0,14.0,0.0,230.0,A,A
hibernate-core/src/main/java/org/hibernate/query/named/NamedQueryMemento.java,0.0,0.0,0.0,0.0,0.0,0.0,0.0,64.0,A,A
tooling/metamodel-generator/src/main/java/org/hibernate/jpamodelgen/annotation/NamedQueryMethod.java,39.0,29.0,0.0,0.0,0.0,0.0,0.0,230.0,A,A
hibernate-core/src/main/java/org/hibernate/query/NamedQueryValidationException.java,2.0,0.0,0.0,0.0,0.0,0.0,0.0,39.0,A,A
hibernate-core/src/main/java/org/hibernate/boot/query/NamedResultSetMappingDescriptor.java,0.0,0.0,0.0,0.0,0.0,0.0,0.0,38.0,A,A
hibernate-core/src/main/java/org/hibernate/query/named/NamedResultSetMappingMemento.java,0.0,0.0,0.0,0.0,0.0,0.0,0.0,46.0,A,A
hibernate-core/src/main/java/org/hibernate/query/internal/NamedResultSetMappingMementoImpl.java,4.0,0.0,0.0,0.0,0.0,0.0,0.0,47.0,A,A
hibernate-core/src/main/java/org/hibernate/query/sqm/function/NamedSqmFunctionDescriptor.java,31.0,30.0,0.0,1.0,19.0,1.0,0.0,252.0,A,A
hibernate-core/src/main/java/org/hibernate/query/sqm/spi/NamedSqmQueryMemento.java,0.0,0.0,0.0,0.0,0.0,0.0,0.0,45.0,A,A
hibernate-core/src/main/java/org/hibernate/sql/ast/tree/from/NamedTableReference.java,16.0,4.0,0.0,2.0,10.0,2.0,0.0,112.0,A,A
tooling/metamodel-generator/src/main/java/org/hibernate/jpamodelgen/annotation/NameMetaAttribute.java,11.0,1.0,0.0,0.0,0.0,0.0,0.0,83.0,A,A
hibernate-core/src/main/java/org/hibernate/engine/jdbc/env/spi/NameQualifierSupport.java,4.0,2.0,0.0,0.0,0.0,0.0,0.0,40.0,A,A
hibernate-core/src/main/java/org/hibernate/boot/model/relational/Namespace.java,54.0,40.0,0.0,2.0,10.0,2.0,0.0,347.0,A,A
hibernate-core/src/main/java/org/hibernate/tool/schema/extract/spi/NameSpaceTablesInformation.java,4.0,0.0,0.0,0.0,0.0,0.0,0.0,38.0,A,A
hibernate-core/src/main/java/org/hibernate/boot/model/naming/NamingHelper.java,16.0,8.0,0.0,2.0,10.0,2.0,0.0,177.0,A,A
hibernate-core/src/main/java/org/hibernate/cfg/NamingStrategy.java,0.0,0.0,0.0,1.0,10.0,1.0,0.0,110.0,A,A
hibernate-core/src/main/java/org/hibernate/boot/model/naming/NamingStrategyHelper.java,0.0,0.0,0.0,0.0,0.0,0.0,0.0,71.0,A,A
hibernate-core/src/main/java/org/hibernate/dialect/NationalizationSupport.java,6.0,0.0,0.0,0.0,0.0,0.0,0.0,75.0,A,A
hibernate-core/src/main/java/org/hibernate/annotations/Nationalized.java,0.0,0.0,0.0,0.0,0.0,0.0,0.0,46.0,A,A
hibernate-core/src/main/java/org/hibernate/type/descriptor/jdbc/NationalizedTypeMappings.java,7.0,3.0,0.0,0.0,0.0,0.0,0.0,43.0,A,A
hibernate-core/src/main/java/org/hibernate/type/descriptor/sql/internal/NativeEnumDdlTypeImpl.java,7.0,0.0,0.0,0.0,0.0,0.0,0.0,67.0,A,A
hibernate-core/src/main/java/org/hibernate/query/sql/spi/NativeNonSelectQueryDefinition.java,0.0,0.0,0.0,2.0,0.0,2.0,0.0,27.0,A,A
hibernate-core/src/main/java/org/hibernate/query/sql/spi/NativeNonSelectQueryPlan.java,0.0,0.0,0.0,0.0,0.0,0.0,0.0,19.0,A,A
hibernate-core/src/main/java/org/hibernate/query/sql/internal/NativeNonSelectQueryPlanImpl.java,6.0,3.0,0.0,1.0,5.0,1.0,0.0,88.0,A,A
hibernate-core/src/main/java/org/hibernate/query/NativeQuery.java,1.0,0.0,0.0,2.0,15.0,2.0,0.0,801.0,A,A
hibernate-core/src/main/java/org/hibernate/jpa/spi/NativeQueryConstructorTransformer.java,8.0,16.0,0.0,1.0,30.0,1.0,0.0,75.0,A,A
hibernate-core/src/main/java/org/hibernate/query/sql/internal/NativeQueryImpl.java,248.0,142.0,0.0,16.0,163.0,16.0,0.0,1572.0,A,A
hibernate-core/src/main/java/org/hibernate/query/sql/spi/NativeQueryImplementor.java,1.0,0.0,0.0,2.0,15.0,2.0,0.0,323.0,A,A
hibernate-core/src/main/java/org/hibernate/engine/query/spi/NativeQueryInterpreter.java,1.0,0.0,0.0,0.0,0.0,0.0,0.0,51.0,A,A
hibernate-core/src/main/java/org/hibernate/engine/query/spi/NativeQueryInterpreterInitiator.java,2.0,0.0,0.0,1.0,0.0,1.0,0.0,32.0,A,A
hibernate-core/src/main/java/org/hibernate/engine/query/internal/NativeQueryInterpreterStandardImpl.java,3.0,0.0,0.0,0.0,0.0,0.0,0.0,50.0,A,A
hibernate-core/src/main/java/org/hibernate/jpa/spi/NativeQueryListTransformer.java,1.0,0.0,0.0,1.0,0.0,1.0,0.0,27.0,A,A
hibernate-core/src/main/java/org/hibernate/query/sql/NativeQueryLogging.java,0.0,0.0,0.0,1.0,5.0,1.0,0.0,22.0,A,A
hibernate-core/src/main/java/org/hibernate/jpa/spi/NativeQueryMapTransformer.java,2.0,1.0,0.0,1.0,0.0,1.0,0.0,34.0,A,A
hibernate-core/src/main/java/org/hibernate/boot/jaxb/hbm/spi/NativeQueryNonScalarRootReturn.java,0.0,0.0,0.0,0.0,0.0,0.0,0.0,41.0,A,A
hibernate-core/src/main/java/org/hibernate/query/sql/spi/NativeQueryPlan.java,0.0,0.0,0.0,0.0,0.0,0.0,0.0,20.0,A,A
hibernate-core/src/main/java/org/hibernate/boot/jaxb/hbm/spi/NativeQueryReturn.java,0.0,0.0,0.0,0.0,0.0,0.0,0.0,16.0,A,A
hibernate-core/src/main/java/org/hibernate/jpa/spi/NativeQueryTupleTransformer.java,28.0,14.0,0.0,2.0,0.0,2.0,0.0,163.0,A,A
hibernate-core/src/main/java/org/hibernate/query/sql/spi/NativeSelectQueryDefinition.java,0.0,0.0,0.0,2.0,5.0,2.0,0.0,39.0,A,A
hibernate-core/src/main/java/org/hibernate/query/sql/spi/NativeSelectQueryPlan.java,0.0,0.0,0.0,0.0,0.0,0.0,0.0,19.0,A,A
hibernate-core/src/main/java/org/hibernate/query/sql/internal/NativeSelectQueryPlanImpl.java,16.0,14.0,0.0,0.0,0.0,0.0,0.0,190.0,A,A
hibernate-core/src/main/java/org/hibernate/annotations/NaturalId.java,0.0,0.0,0.0,0.0,0.0,0.0,0.0,101.0,A,A
hibernate-core/src/main/java/org/hibernate/boot/jaxb/mapping/NaturalId.java,0.0,0.0,0.0,0.0,0.0,0.0,0.0,26.0,A,A
hibernate-core/src/main/java/org/hibernate/annotations/NaturalIdCache.java,0.0,0.0,0.0,0.0,0.0,0.0,0.0,41.0,A,A
hibernate-core/src/main/java/org/hibernate/cache/internal/NaturalIdCacheKey.java,23.0,13.0,0.0,1.0,30.0,1.0,0.0,163.0,A,A
hibernate-core/src/main/java/org/hibernate/cache/spi/access/NaturalIdDataAccess.java,0.0,0.0,0.0,0.0,0.0,0.0,0.0,124.0,A,A
hibernate-core/src/main/java/org/hibernate/cache/cfg/spi/NaturalIdDataCachingConfig.java,0.0,0.0,0.0,0.0,0.0,0.0,0.0,17.0,A,A
hibernate-core/src/main/java/org/hibernate/cache/cfg/internal/NaturalIdDataCachingConfigImpl.java,8.0,4.0,0.0,0.0,0.0,0.0,0.0,61.0,A,A
tooling/metamodel-generator/src/main/java/org/hibernate/jpamodelgen/annotation/NaturalIdFinderMethod.java,16.0,18.0,0.0,0.0,0.0,0.0,0.0,128.0,A,A
hibernate-core/src/main/java/org/hibernate/generator/internal/NaturalIdHelper.java,4.0,3.0,0.0,1.0,5.0,1.0,0.0,34.0,A,A
hibernate-core/src/main/java/org/hibernate/NaturalIdLoadAccess.java,2.0,0.0,0.0,1.0,10.0,1.0,0.0,221.0,A,A
hibernate-core/src/main/java/org/hibernate/loader/internal/NaturalIdLoadAccessImpl.java,13.0,0.0,0.0,2.0,15.0,2.0,0.0,99.0,A,A
hibernate-core/src/main/java/org/hibernate/loader/ast/spi/NaturalIdLoader.java,0.0,0.0,0.0,0.0,0.0,0.0,0.0,43.0,A,A
hibernate-core/src/main/java/org/hibernate/loader/ast/spi/NaturalIdLoadOptions.java,2.0,0.0,0.0,0.0,0.0,0.0,0.0,41.0,A,A
hibernate-core/src/main/java/org/hibernate/metamodel/mapping/NaturalIdLogging.java,0.0,0.0,0.0,1.0,10.0,1.0,0.0,26.0,A,A
hibernate-core/src/main/java/org/hibernate/metamodel/mapping/NaturalIdMapping.java,1.0,0.0,0.0,0.0,0.0,0.0,0.0,127.0,A,A
hibernate-core/src/main/java/org/hibernate/NaturalIdMultiLoadAccess.java,4.0,0.0,0.0,3.0,40.0,3.0,0.0,190.0,A,A
hibernate-core/src/main/java/org/hibernate/internal/NaturalIdMultiLoadAccessStandard.java,20.0,11.0,0.0,2.0,5.0,2.0,0.0,162.0,A,A
hibernate-core/src/main/java/org/hibernate/boot/model/source/spi/NaturalIdMutability.java,0.0,0.0,0.0,0.0,0.0,0.0,0.0,29.0,A,A
hibernate-core/src/main/java/org/hibernate/cache/spi/support/NaturalIdNonStrictReadWriteAccess.java,7.0,0.0,0.0,0.0,0.0,0.0,0.0,62.0,A,A
hibernate-core/src/main/java/org/hibernate/cache/spi/support/NaturalIdReadOnlyAccess.java,4.0,1.0,0.0,0.0,0.0,0.0,0.0,50.0,A,A
hibernate-core/src/main/java/org/hibernate/cache/spi/support/NaturalIdReadWriteAccess.java,14.0,8.0,0.0,0.0,0.0,0.0,0.0,130.0,A,A
hibernate-core/src/main/java/org/hibernate/engine/spi/NaturalIdResolutions.java,0.0,0.0,0.0,1.0,20.0,1.0,0.0,120.0,A,A
hibernate-core/src/main/java/org/hibernate/engine/internal/NaturalIdResolutionsImpl.java,114.0,105.0,0.0,8.0,82.0,8.0,0.0,861.0,A,A
hibernate-core/src/main/java/org/hibernate/stat/NaturalIdStatistics.java,0.0,0.0,0.0,1.0,0.0,1.0,0.0,54.0,A,A
hibernate-core/src/main/java/org/hibernate/stat/internal/NaturalIdStatisticsImpl.java,14.0,7.0,0.0,4.0,70.0,4.0,0.0,124.0,A,A
hibernate-core/src/main/java/org/hibernate/cache/spi/support/NaturalIdTransactionalAccess.java,2.0,0.0,0.0,0.0,0.0,0.0,0.0,33.0,A,A
hibernate-core/src/main/java/org/hibernate/boot/spi/NaturalIdUniqueKeyBinder.java,0.0,0.0,0.0,0.0,0.0,0.0,0.0,24.0,A,A
hibernate-core/src/main/java/org/hibernate/spi/NavigablePath.java,71.0,45.0,1.0,4.0,20.0,5.0,0.0,363.0,B,A
hibernate-core/src/main/java/org/hibernate/sql/results/internal/NavigablePathMapToInitializer.java,11.0,10.0,0.0,0.0,0.0,0.0,0.0,91.0,A,A
hibernate-core/src/main/java/org/hibernate/metamodel/model/domain/NavigableRole.java,22.0,15.0,0.0,1.0,0.0,1.0,0.0,136.0,A,A
hibernate-core/src/main/java/org/hibernate/type/descriptor/jdbc/NCharJdbcType.java,7.0,6.0,0.0,2.0,10.0,2.0,0.0,56.0,A,A
hibernate-core/src/main/java/org/hibernate/engine/jdbc/NClobImplementer.java,0.0,0.0,0.0,0.0,0.0,0.0,0.0,18.0,A,A
hibernate-core/src/main/java/org/hibernate/type/descriptor/java/NClobJavaType.java,22.0,13.0,0.0,1.0,0.0,1.0,0.0,137.0,A,A
hibernate-core/src/main/java/org/hibernate/type/descriptor/jdbc/NClobJdbcType.java,35.0,0.0,0.0,2.0,2.0,2.0,0.0,234.0,A,A
hibernate-core/src/main/java/org/hibernate/engine/jdbc/NClobProxy.java,5.0,0.0,0.0,1.0,15.0,1.0,0.0,69.0,A,A
hibernate-core/src/main/java/org/hibernate/sql/ast/tree/predicate/NegatedPredicate.java,5.0,0.0,0.0,0.0,0.0,0.0,0.0,41.0,A,A
hibernate-envers/src/main/java/org/hibernate/envers/internal/entities/mapper/id/NestedEmbeddedIdMapper.java,1.0,0.0,0.0,0.0,0.0,0.0,0.0,23.0,A,A
hibernate-core/src/main/java/org/hibernate/sql/results/graph/embeddable/internal/NestedRowProcessingState.java,23.0,2.0,0.0,0.0,0.0,0.0,0.0,148.0,A,A
hibernate-core/src/main/java/org/hibernate/dialect/sequence/NextvalSequenceSupport.java,2.0,0.0,0.0,0.0,0.0,0.0,0.0,26.0,A,A
hibernate-core/src/main/java/org/hibernate/annotations/NoAttributeConverter.java,2.0,0.0,0.0,1.0,10.0,1.0,0.0,29.0,A,A
hibernate-core/src/main/java/org/hibernate/engine/jdbc/mutation/internal/NoBatchKeyAccess.java,1.0,0.0,0.0,1.0,0.0,1.0,0.0,29.0,A,A
hibernate-core/src/main/java/org/hibernate/cache/NoCacheRegionFactoryAvailableException.java,1.0,0.0,0.0,0.0,0.0,0.0,0.0,34.0,A,A
hibernate-core/src/main/java/org/hibernate/cache/internal/NoCachingRegionFactory.java,11.0,0.0,0.0,3.0,15.0,3.0,0.0,93.0,A,A
hibernate-core/src/main/java/org/hibernate/cache/internal/NoCachingTransactionSynchronizationImpl.java,5.0,0.0,0.0,4.0,15.0,4.0,0.0,41.0,A,A
hibernate-core/src/main/java/org/hibernate/loader/ast/internal/NoCallbackExecutionContext.java,2.0,0.0,0.0,1.0,5.0,1.0,0.0,26.0,A,A
hibernate-core/src/main/java/org/hibernate/metamodel/mapping/ordering/ast/Node.java,0.0,0.0,0.0,0.0,0.0,0.0,0.0,16.0,A,A
hibernate-core/src/main/java/org/hibernate/query/sqm/NodeBuilder.java,0.0,0.0,0.0,4.0,20.0,4.0,0.0,1041.0,A,A
hibernate-core/src/main/java/org/hibernate/engine/transaction/jta/platform/internal/NoJtaPlatform.java,6.0,0.0,0.0,2.0,5.0,2.0,0.0,57.0,A,A
hibernate-core/src/main/java/org/hibernate/sql/results/NoMoreOutputsException.java,2.0,0.0,0.0,0.0,0.0,0.0,0.0,23.0,A,A
hibernate-core/src/main/java/org/hibernate/result/NoMoreReturnsException.java,2.0,0.0,0.0,0.0,0.0,0.0,0.0,23.0,A,A
hibernate-core/src/main/java/org/hibernate/query/sqm/tree/domain/NonAggregatedCompositeSimplePath.java,5.0,1.0,0.0,1.0,5.0,1.0,0.0,68.0,A,A
hibernate-core/src/main/java/org/hibernate/metamodel/model/domain/internal/NonAggregatedCompositeSqmPathSource.java,4.0,0.0,0.0,0.0,0.0,0.0,0.0,48.0,A,A
hibernate-core/src/main/java/org/hibernate/query/sqm/sql/internal/NonAggregatedCompositeValuedPathInterpretation.java,5.0,0.0,0.0,0.0,0.0,0.0,0.0,75.0,A,A
hibernate-core/src/main/java/org/hibernate/metamodel/mapping/NonAggregatedIdentifierMapping.java,2.0,0.0,0.0,0.0,0.0,0.0,0.0,81.0,A,A
hibernate-core/src/main/java/org/hibernate/sql/results/graph/embeddable/internal/NonAggregatedIdentifierMappingFetch.java,3.0,0.0,0.0,0.0,0.0,0.0,0.0,42.0,A,A
hibernate-core/src/main/java/org/hibernate/sql/results/graph/embeddable/internal/NonAggregatedIdentifierMappingFetchInitializer.java,2.0,0.0,0.0,0.0,0.0,0.0,0.0,32.0,A,A
hibernate-core/src/main/java/org/hibernate/metamodel/mapping/internal/NonAggregatedIdentifierMappingImpl.java,46.0,50.0,0.0,2.0,23.0,2.0,0.0,396.0,A,A
hibernate-core/src/main/java/org/hibernate/sql/results/graph/embeddable/internal/NonAggregatedIdentifierMappingResult.java,3.0,0.0,0.0,0.0,0.0,0.0,0.0,46.0,A,A
hibernate-core/src/main/java/org/hibernate/sql/results/graph/embeddable/internal/NonAggregatedIdentifierMappingResultInitializer.java,3.0,0.0,0.0,0.0,0.0,0.0,0.0,34.0,A,A
hibernate-core/src/main/java/org/hibernate/boot/archive/scan/spi/NonClassFileArchiveEntryHandler.java,2.0,0.0,0.0,0.0,0.0,0.0,0.0,35.0,A,A
hibernate-core/src/main/java/org/hibernate/internal/NonContextualJdbcConnectionAccess.java,4.0,0.0,0.0,0.0,0.0,0.0,0.0,77.0,A,A
hibernate-core/src/main/java/org/hibernate/engine/jdbc/NonContextualLobCreator.java,7.0,0.0,0.0,1.0,0.0,1.0,0.0,61.0,A,A
hibernate-core/src/main/java/org/hibernate/engine/jdbc/spi/NonDurableConnectionObserver.java,0.0,0.0,0.0,0.0,0.0,0.0,0.0,17.0,A,A
hibernate-core/src/main/java/org/hibernate/bytecode/internal/none/NoneBasicProxyFactory.java,2.0,0.0,0.0,1.0,5.0,1.0,0.0,29.0,A,A
hibernate-core/src/main/java/org/hibernate/tuple/NonIdentifierAttribute.java,0.0,0.0,0.0,2.0,20.0,2.0,0.0,39.0,A,A
hibernate-core/src/main/java/org/hibernate/engine/internal/NonNullableTransientDependencies.java,15.0,12.0,0.0,1.0,10.0,1.0,0.0,105.0,A,A
hibernate-core/src/main/java/org/hibernate/query/sql/spi/NonSelectInterpretationsKey.java,11.0,6.0,0.0,0.0,0.0,0.0,0.0,67.0,A,A
hibernate-core/src/main/java/org/hibernate/query/spi/NonSelectQueryPlan.java,0.0,0.0,0.0,0.0,0.0,0.0,0.0,15.0,A,A
hibernate-core/src/main/java/org/hibernate/metamodel/mapping/NonTransientException.java,0.0,0.0,0.0,0.0,0.0,0.0,0.0,17.0,A,A
hibernate-core/src/main/java/org/hibernate/loader/NonUniqueDiscoveredSqlAliasException.java,1.0,0.0,0.0,0.0,0.0,0.0,0.0,24.0,A,A
hibernate-core/src/main/java/org/hibernate/NonUniqueObjectException.java,5.0,0.0,0.0,0.0,0.0,0.0,0.0,63.0,A,A
hibernate-core/src/main/java/org/hibernate/NonUniqueResultException.java,1.0,0.0,0.0,0.0,0.0,0.0,0.0,30.0,A,A
hibernate-core/src/main/java/org/hibernate/bytecode/enhance/internal/tracker/NoopCollectionTracker.java,2.0,0.0,0.0,1.0,5.0,1.0,0.0,30.0,A,A
hibernate-core/src/main/java/org/hibernate/boot/archive/scan/internal/NoopEntryHandler.java,2.0,0.0,0.0,1.0,5.0,1.0,0.0,25.0,A,A
hibernate-core/src/main/java/org/hibernate/dialect/pagination/NoopLimitHandler.java,9.0,7.0,0.0,1.0,0.0,1.0,0.0,56.0,A,A
hibernate-core/src/main/java/org/hibernate/boot/model/process/spi/NoOpMetadataSourceProcessorImpl.java,13.0,0.0,0.0,13.0,65.0,13.0,0.0,72.0,A,A
hibernate-core/src/main/java/org/hibernate/id/enhanced/NoopOptimizer.java,5.0,1.0,0.0,0.0,0.0,0.0,0.0,58.0,A,A
hibernate-core/src/main/java/org/hibernate/query/sqm/internal/NoParamSqmCopyContext.java,2.0,1.0,0.0,0.0,0.0,0.0,0.0,23.0,A,A
hibernate-core/src/main/java/org/hibernate/bytecode/internal/none/NoProxyFactoryFactory.java,2.0,0.0,0.0,0.0,0.0,0.0,0.0,29.0,A,A
hibernate-core/src/main/java/org/hibernate/engine/jdbc/env/internal/NormalizingIdentifierHelperImpl.java,35.0,28.0,0.0,0.0,0.0,0.0,0.0,209.0,A,A
hibernate-core/src/main/java/org/hibernate/dialect/sequence/NoSequenceSupport.java,10.0,0.0,0.0,1.0,18.0,1.0,0.0,71.0,A,A
hibernate-core/src/main/java/org/hibernate/resource/beans/container/internal/NoSuchBeanException.java,2.0,0.0,0.0,0.0,0.0,0.0,0.0,26.0,A,A
hibernate-core/src/main/java/org/hibernate/procedure/NoSuchParameterException.java,1.0,0.0,0.0,0.0,0.0,0.0,0.0,19.0,A,A
hibernate-envers/src/main/java/org/hibernate/envers/NotAudited.java,0.0,0.0,0.0,0.0,0.0,0.0,0.0,24.0,A,A
hibernate-envers/src/main/java/org/hibernate/envers/exception/NotAuditedException.java,2.0,0.0,0.0,0.0,0.0,0.0,0.0,27.0,A,A
hibernate-envers/src/main/java/org/hibernate/envers/query/criteria/internal/NotAuditExpression.java,2.0,0.0,0.0,0.0,0.0,0.0,0.0,46.0,A,A
hibernate-core/src/main/java/org/hibernate/annotations/NotFound.java,0.0,0.0,0.0,0.0,0.0,0.0,0.0,55.0,A,A
hibernate-core/src/main/java/org/hibernate/annotations/NotFoundAction.java,0.0,0.0,0.0,0.0,0.0,0.0,0.0,37.0,A,A
hibernate-testing/src/main/java/org/hibernate/testing/orm/junit/NotImplementedYet.java,0.0,0.0,0.0,0.0,0.0,0.0,0.0,41.0,A,A
hibernate-testing/src/main/java/org/hibernate/testing/orm/junit/NotImplementedYetException.java,0.0,0.0,0.0,1.0,10.0,1.0,0.0,20.0,A,A
hibernate-testing/src/main/java/org/hibernate/testing/orm/junit/NotImplementedYetExtension.java,12.0,9.0,0.0,2.0,25.0,2.0,0.0,152.0,A,A
hibernate-core/src/main/java/org/hibernate/query/NotIndexedCollectionException.java,1.0,0.0,0.0,0.0,0.0,0.0,0.0,19.0,A,A
hibernate-core/src/main/java/org/hibernate/bytecode/spi/NotInstrumentedException.java,1.0,0.0,0.0,0.0,0.0,0.0,0.0,27.0,A,A
hibernate-envers/src/main/java/org/hibernate/envers/query/criteria/internal/NotNullAuditExpression.java,4.0,3.0,0.0,0.0,0.0,0.0,0.0,67.0,A,A
hibernate-core/src/main/java/org/hibernate/resource/beans/container/internal/NotYetReadyException.java,1.0,0.0,0.0,0.0,0.0,0.0,0.0,21.0,A,A
hibernate-core/src/main/java/org/hibernate/boot/model/internal/Nullability.java,0.0,0.0,0.0,0.0,0.0,0.0,0.0,20.0,A,A
hibernate-core/src/main/java/org/hibernate/engine/internal/Nullability.java,31.0,46.0,0.0,1.0,10.0,1.0,0.0,229.0,A,A
hibernate-core/src/main/java/org/hibernate/boot/model/internal/NullableDiscriminatorColumnSecondPass.java,9.0,10.0,0.0,0.0,0.0,0.0,0.0,49.0,A,A
hibernate-envers/src/main/java/org/hibernate/envers/query/criteria/internal/NullAuditExpression.java,4.0,3.0,0.0,0.0,0.0,0.0,0.0,67.0,A,A
hibernate-core/src/main/java/org/hibernate/type/descriptor/jdbc/NullJdbcType.java,10.0,0.0,0.0,1.0,0.0,1.0,0.0,83.0,A,A
hibernate-core/src/main/java/org/hibernate/internal/util/NullnessHelper.java,29.0,32.0,0.0,3.0,12.0,3.0,0.0,142.0,A,A
hibernate-core/src/main/java/org/hibernate/sql/ast/tree/predicate/NullnessPredicate.java,5.0,0.0,0.0,0.0,0.0,0.0,0.0,41.0,A,A
hibernate-core/src/main/java/org/hibernate/sql/NullnessRestriction.java,4.0,2.0,0.0,0.0,0.0,0.0,0.0,41.0,A,A
tooling/metamodel-generator/src/main/java/org/hibernate/jpamodelgen/util/NullnessUtil.java,21.0,9.0,0.0,2.0,10.0,2.0,0.0,362.0,A,A
hibernate-core/src/main/java/org/hibernate/internal/util/NullnessUtil.java,21.0,9.0,0.0,2.0,10.0,2.0,0.0,362.0,A,A
hibernate-core/src/main/java/org/hibernate/dialect/NullOrdering.java,0.0,0.0,0.0,0.0,0.0,0.0,0.0,35.0,A,A
hibernate-core/src/main/java/org/hibernate/query/NullPrecedence.java,17.0,9.0,0.0,0.0,0.0,0.0,0.0,100.0,A,A
hibernate-envers/src/main/java/org/hibernate/envers/query/order/NullPrecedence.java,0.0,0.0,0.0,0.0,0.0,0.0,0.0,25.0,A,A
hibernate-core/src/main/java/org/hibernate/service/NullServiceException.java,2.0,0.0,0.0,1.0,5.0,1.0,0.0,26.0,A,A
hibernate-core/src/main/java/org/hibernate/query/sqm/tree/expression/NullSqmExpressible.java,3.0,0.0,0.0,1.0,0.0,1.0,0.0,37.0,A,A
hibernate-core/src/main/java/org/hibernate/resource/transaction/NullSynchronizationException.java,2.0,0.0,0.0,0.0,0.0,0.0,0.0,25.0,A,A
hibernate-core/src/main/java/org/hibernate/type/NullType.java,4.0,0.0,0.0,0.0,0.0,0.0,0.0,41.0,A,A
hibernate-core/src/main/java/org/hibernate/sql/results/internal/NullValueAssembler.java,3.0,0.0,0.0,0.0,0.0,0.0,0.0,34.0,A,A
hibernate-core/src/main/java/org/hibernate/type/NumericBooleanConverter.java,11.0,5.0,0.0,1.0,0.0,1.0,0.0,73.0,A,A
hibernate-core/src/main/java/org/hibernate/type/descriptor/jdbc/NumericJdbcType.java,3.0,0.0,0.0,1.0,5.0,1.0,0.0,32.0,A,A
hibernate-core/src/main/java/org/hibernate/query/sqm/tree/expression/NumericTypeCategory.java,7.0,1.0,0.0,0.0,0.0,0.0,0.0,63.0,A,A
hibernate-core/src/main/java/org/hibernate/type/descriptor/jdbc/NVarcharJdbcType.java,25.0,13.0,0.0,2.0,10.0,2.0,0.0,143.0,A,A
hibernate-core/src/main/java/org/hibernate/dialect/function/NvlCoalesceEmulation.java,3.0,1.0,0.0,0.0,0.0,0.0,0.0,74.0,A,A
hibernate-core/src/main/java/org/hibernate/type/descriptor/java/ObjectArrayJavaType.java,18.0,14.0,0.0,1.0,30.0,1.0,0.0,90.0,A,A
hibernate-core/src/main/java/org/hibernate/ObjectDeletedException.java,1.0,0.0,0.0,0.0,0.0,0.0,0.0,27.0,A,A
hibernate-core/src/main/java/org/hibernate/type/descriptor/java/ObjectJavaType.java,3.0,0.0,0.0,0.0,0.0,0.0,0.0,36.0,A,A
hibernate-core/src/main/java/org/hibernate/type/descriptor/jdbc/ObjectJdbcType.java,12.0,2.0,0.0,0.0,0.0,0.0,0.0,99.0,A,A
hibernate-core/src/main/java/org/hibernate/boot/model/naming/ObjectNameNormalizer.java,10.0,4.0,0.0,0.0,0.0,0.0,0.0,121.0,A,A
hibernate-core/src/main/java/org/hibernate/boot/model/internal/ObjectNameSource.java,0.0,0.0,0.0,0.0,0.0,0.0,0.0,30.0,A,A
hibernate-core/src/main/java/org/hibernate/ObjectNotFoundException.java,2.0,0.0,0.0,0.0,0.0,0.0,0.0,38.0,A,A
hibernate-core/src/main/java/org/hibernate/type/descriptor/jdbc/ObjectNullAsBinaryTypeJdbcType.java,7.0,1.0,0.0,0.0,0.0,0.0,0.0,68.0,A,A
hibernate-core/src/main/java/org/hibernate/type/descriptor/jdbc/ObjectNullAsNullTypeJdbcType.java,7.0,1.0,0.0,0.0,0.0,0.0,0.0,68.0,A,A
hibernate-core/src/main/java/org/hibernate/type/descriptor/jdbc/ObjectNullResolvingJdbcType.java,7.0,1.0,0.0,0.0,0.0,0.0,0.0,68.0,A,A
hibernate-core/src/main/java/org/hibernate/engine/transaction/jta/platform/internal/OC4JJtaPlatform.java,2.0,0.0,0.0,0.0,0.0,0.0,0.0,32.0,A,A
hibernate-core/src/main/java/org/hibernate/usertype/internal/OffsetDateTimeCompositeUserType.java,8.0,3.0,0.0,3.0,15.0,3.0,0.0,58.0,A,A
hibernate-core/src/main/java/org/hibernate/type/descriptor/java/OffsetDateTimeJavaType.java,33.0,26.0,0.0,3.0,25.0,3.0,0.0,250.0,A,A
hibernate-core/src/main/java/org/hibernate/dialect/pagination/OffsetFetchLimitHandler.java,16.0,15.0,0.0,1.0,5.0,1.0,0.0,99.0,A,A
hibernate-core/src/main/java/org/hibernate/usertype/internal/OffsetTimeCompositeUserType.java,8.0,3.0,0.0,2.0,10.0,2.0,0.0,63.0,A,A
hibernate-core/src/main/java/org/hibernate/type/descriptor/java/OffsetTimeJavaType.java,32.0,24.0,0.0,0.0,0.0,0.0,0.0,246.0,A,A
hibernate-core/src/main/java/org/hibernate/annotations/OnDelete.java,0.0,0.0,0.0,0.0,0.0,0.0,0.0,38.0,A,A
hibernate-core/src/main/java/org/hibernate/annotations/OnDeleteAction.java,7.0,6.0,0.0,0.0,0.0,0.0,0.0,90.0,A,A
hibernate-core/src/main/java/org/hibernate/boot/jaxb/mapping/marshall/OnDeleteActionMarshalling.java,4.0,2.0,0.0,1.0,5.0,1.0,0.0,23.0,A,A
hibernate-envers/src/main/java/org/hibernate/envers/internal/entities/mapper/relation/query/OneAuditEntityQueryGenerator.java,8.0,4.0,0.0,0.0,0.0,0.0,0.0,148.0,A,A
hibernate-envers/src/main/java/org/hibernate/envers/internal/entities/mapper/relation/query/OneEntityQueryGenerator.java,4.0,0.0,0.0,0.0,0.0,0.0,0.0,131.0,A,A
hibernate-core/src/main/java/org/hibernate/mapping/OneToMany.java,46.0,7.0,0.0,4.0,10.0,4.0,0.0,231.0,A,A
hibernate-core/src/main/java/org/hibernate/metamodel/mapping/internal/OneToManyCollectionPart.java,24.0,8.0,0.0,0.0,0.0,0.0,0.0,259.0,A,A
hibernate-core/src/main/java/org/hibernate/persister/collection/OneToManyPersister.java,103.0,70.0,0.0,3.0,20.0,3.0,0.0,788.0,A,A
hibernate-core/src/main/java/org/hibernate/sql/ast/tree/from/OneToManyTableGroup.java,33.0,6.0,0.0,0.0,0.0,0.0,0.0,189.0,A,A
hibernate-core/src/main/java/org/hibernate/mapping/OneToOne.java,36.0,10.0,0.0,1.0,10.0,1.0,0.0,207.0,A,A
hibernate-envers/src/main/java/org/hibernate/envers/internal/entities/mapper/relation/OneToOneNotOwningMapper.java,2.0,0.0,0.0,0.0,0.0,0.0,0.0,51.0,A,A
hibernate-envers/src/main/java/org/hibernate/envers/internal/entities/mapper/relation/OneToOnePrimaryKeyJoinColumnMapper.java,5.0,4.0,0.0,0.0,0.0,0.0,0.0,75.0,A,A
hibernate-core/src/main/java/org/hibernate/boot/model/internal/OneToOneSecondPass.java,26.0,25.0,0.0,4.0,23.0,4.0,0.0,291.0,A,A
hibernate-core/src/main/java/org/hibernate/type/OneToOneType.java,20.0,2.0,0.0,1.0,0.0,1.0,0.0,167.0,A,A
hibernate-core/src/main/java/org/hibernate/generator/OnExecutionGenerator.java,5.0,3.0,0.0,0.0,0.0,0.0,0.0,150.0,A,A
hibernate-testing/src/main/java/org/hibernate/testing/OnExpectedFailure.java,0.0,0.0,0.0,1.0,10.0,1.0,0.0,25.0,A,A
hibernate-testing/src/main/java/org/hibernate/testing/OnFailure.java,0.0,0.0,0.0,1.0,10.0,1.0,0.0,25.0,A,A
hibernate-core/src/main/java/org/hibernate/event/internal/OnLockVisitor.java,7.0,14.0,0.0,1.0,0.0,1.0,0.0,75.0,A,A
hibernate-core/src/main/java/org/hibernate/event/internal/OnReplicateVisitor.java,6.0,6.0,0.0,1.0,5.0,1.0,0.0,72.0,A,A
hibernate-core/src/main/java/org/hibernate/event/internal/OnUpdateVisitor.java,6.0,9.0,0.0,0.0,0.0,0.0,0.0,75.0,A,A
hibernate-core/src/main/java/org/hibernate/persister/collection/mutation/OperationProducer.java,0.0,0.0,0.0,0.0,0.0,0.0,0.0,26.0,A,A
hibernate-core/src/main/java/org/hibernate/engine/jdbc/mutation/OperationResultChecker.java,0.0,0.0,0.0,0.0,0.0,0.0,0.0,33.0,A,A
hibernate-core/src/main/java/org/hibernate/dialect/lock/OptimisticEntityLockException.java,2.0,0.0,0.0,0.0,0.0,0.0,0.0,36.0,A,A
hibernate-core/src/main/java/org/hibernate/dialect/lock/OptimisticForceIncrementLockingStrategy.java,5.0,2.0,0.0,2.0,6.0,2.0,0.0,58.0,A,A
hibernate-core/src/main/java/org/hibernate/annotations/OptimisticLock.java,0.0,0.0,0.0,0.0,0.0,0.0,0.0,35.0,A,A
hibernate-core/src/main/java/org/hibernate/annotations/OptimisticLocking.java,0.0,0.0,0.0,0.0,0.0,0.0,0.0,59.0,A,A
hibernate-core/src/main/java/org/hibernate/dialect/lock/OptimisticLockingStrategy.java,5.0,2.0,0.0,0.0,0.0,0.0,0.0,55.0,A,A
hibernate-core/src/main/java/org/hibernate/engine/OptimisticLockStyle.java,16.0,3.0,0.0,2.0,20.0,2.0,0.0,107.0,A,A
hibernate-core/src/main/java/org/hibernate/boot/jaxb/hbm/internal/OptimisticLockStyleConverter.java,4.0,2.0,0.0,1.0,5.0,1.0,0.0,28.0,A,A
hibernate-core/src/main/java/org/hibernate/boot/jaxb/mapping/marshall/OptimisticLockStyleMarshalling.java,4.0,2.0,0.0,1.0,5.0,1.0,0.0,27.0,A,A
hibernate-core/src/main/java/org/hibernate/annotations/OptimisticLockType.java,0.0,0.0,0.0,0.0,0.0,0.0,0.0,53.0,A,A
hibernate-core/src/main/java/org/hibernate/id/OptimizableGenerator.java,0.0,0.0,0.0,0.0,0.0,0.0,0.0,51.0,A,A
hibernate-core/src/main/java/org/hibernate/id/enhanced/Optimizer.java,0.0,0.0,0.0,0.0,0.0,0.0,0.0,65.0,A,A
hibernate-core/src/main/java/org/hibernate/id/enhanced/OptimizerDescriptor.java,0.0,0.0,0.0,0.0,0.0,0.0,0.0,18.0,A,A
hibernate-core/src/main/java/org/hibernate/id/enhanced/OptimizerFactory.java,9.0,8.0,0.0,1.0,10.0,1.0,0.0,113.0,A,A
hibernate-core/src/main/java/org/hibernate/boot/model/internal/OptionalDeterminationSecondPass.java,0.0,0.0,0.0,0.0,0.0,0.0,0.0,14.0,A,A
hibernate-core/src/main/java/org/hibernate/sql/model/internal/OptionalTableUpdate.java,20.0,4.0,0.0,0.0,0.0,0.0,0.0,164.0,A,A
hibernate-core/src/main/java/org/hibernate/sql/model/jdbc/OptionalTableUpdateOperation.java,40.0,47.0,0.0,3.0,52.0,3.0,0.0,466.0,A,A
hibernate-community-dialects/src/main/java/org/hibernate/community/dialect/Oracle10gDialect.java,1.0,0.0,0.0,1.0,10.0,1.0,0.0,29.0,A,A
hibernate-community-dialects/src/main/java/org/hibernate/community/dialect/Oracle12cDialect.java,1.0,0.0,0.0,1.0,10.0,1.0,0.0,26.0,A,A
hibernate-core/src/main/java/org/hibernate/dialect/identity/Oracle12cGetGeneratedKeysDelegate.java,1.0,0.0,0.0,1.0,10.0,1.0,0.0,25.0,A,A
hibernate-core/src/main/java/org/hibernate/dialect/identity/Oracle12cIdentityColumnSupport.java,4.0,0.0,0.0,1.0,0.0,1.0,0.0,41.0,A,A
hibernate-core/src/main/java/org/hibernate/dialect/pagination/Oracle12LimitHandler.java,32.0,21.0,0.0,4.0,35.0,4.0,0.0,200.0,A,A
hibernate-community-dialects/src/main/java/org/hibernate/community/dialect/Oracle8iDialect.java,1.0,0.0,0.0,1.0,10.0,1.0,0.0,25.0,A,A
hibernate-community-dialects/src/main/java/org/hibernate/community/dialect/Oracle9iDialect.java,1.0,0.0,0.0,1.0,10.0,1.0,0.0,29.0,A,A
hibernate-core/src/main/java/org/hibernate/dialect/aggregate/OracleAggregateSupport.java,81.0,44.0,0.0,12.0,77.0,12.0,0.0,470.0,A,A
hibernate-core/src/main/java/org/hibernate/dialect/function/array/OracleArrayAggEmulation.java,28.0,20.0,0.0,0.0,0.0,0.0,0.0,344.0,A,A
hibernate-core/src/main/java/org/hibernate/dialect/function/array/OracleArrayConcatElementFunction.java,5.0,5.0,0.0,0.0,0.0,0.0,0.0,63.0,A,A
hibernate-core/src/main/java/org/hibernate/dialect/function/array/OracleArrayConcatFunction.java,2.0,0.0,0.0,0.0,0.0,0.0,0.0,41.0,A,A
hibernate-core/src/main/java/org/hibernate/dialect/function/array/OracleArrayConstructorFunction.java,6.0,6.0,0.0,0.0,0.0,0.0,0.0,64.0,A,A
hibernate-core/src/main/java/org/hibernate/dialect/function/array/OracleArrayContainsFunction.java,6.0,6.0,0.0,0.0,0.0,0.0,0.0,60.0,A,A
hibernate-core/src/main/java/org/hibernate/dialect/function/array/OracleArrayFillFunction.java,2.0,0.0,0.0,0.0,0.0,0.0,0.0,44.0,A,A
hibernate-core/src/main/java/org/hibernate/dialect/function/array/OracleArrayGetFunction.java,2.0,0.0,0.0,1.0,5.0,1.0,0.0,43.0,A,A
hibernate-core/src/main/java/org/hibernate/dialect/OracleArrayJdbcType.java,30.0,14.0,0.0,23.0,319.0,23.0,0.0,624.0,A,A
hibernate-core/src/main/java/org/hibernate/dialect/OracleArrayJdbcTypeConstructor.java,10.0,8.0,0.0,1.0,5.0,1.0,0.0,71.0,A,A
hibernate-core/src/main/java/org/hibernate/dialect/function/array/OracleArrayLengthFunction.java,3.0,0.0,0.0,0.0,0.0,0.0,0.0,57.0,A,A
hibernate-core/src/main/java/org/hibernate/dialect/function/array/OracleArrayOverlapsFunction.java,3.0,1.0,0.0,0.0,0.0,0.0,0.0,46.0,A,A
hibernate-core/src/main/java/org/hibernate/dialect/function/array/OracleArrayPositionFunction.java,3.0,1.0,0.0,0.0,0.0,0.0,0.0,47.0,A,A
hibernate-core/src/main/java/org/hibernate/dialect/function/array/OracleArrayPositionsFunction.java,2.0,0.0,0.0,0.0,0.0,0.0,0.0,43.0,A,A
hibernate-core/src/main/java/org/hibernate/dialect/function/array/OracleArrayRemoveFunction.java,2.0,0.0,0.0,1.0,5.0,1.0,0.0,43.0,A,A
hibernate-core/src/main/java/org/hibernate/dialect/function/array/OracleArrayRemoveIndexFunction.java,2.0,0.0,0.0,0.0,0.0,0.0,0.0,44.0,A,A
hibernate-core/src/main/java/org/hibernate/dialect/function/array/OracleArrayReplaceFunction.java,1.0,0.0,0.0,0.0,0.0,0.0,0.0,42.0,A,A
hibernate-core/src/main/java/org/hibernate/dialect/function/array/OracleArraySetFunction.java,2.0,0.0,0.0,1.0,5.0,1.0,0.0,45.0,A,A
hibernate-core/src/main/java/org/hibernate/dialect/function/array/OracleArraySliceFunction.java,2.0,0.0,0.0,0.0,0.0,0.0,0.0,46.0,A,A
hibernate-core/src/main/java/org/hibernate/dialect/function/array/OracleArrayToStringFunction.java,2.0,0.0,0.0,0.0,0.0,0.0,0.0,52.0,A,A
hibernate-core/src/main/java/org/hibernate/dialect/function/array/OracleArrayTrimFunction.java,1.0,0.0,0.0,0.0,0.0,0.0,0.0,40.0,A,A
hibernate-core/src/main/java/org/hibernate/dialect/OracleBooleanJdbcType.java,1.0,0.0,0.0,1.0,0.0,1.0,0.0,22.0,A,A
hibernate-testing/src/main/java/org/hibernate/testing/cleaner/OracleDatabaseCleaner.java,21.0,30.0,0.0,13.0,191.0,13.0,0.0,273.0,A,A
hibernate-core/src/main/java/org/hibernate/dialect/OracleDialect.java,272.0,114.0,0.0,12.0,99.0,12.0,0.0,1564.0,A,A
hibernate-spatial/src/main/java/org/hibernate/spatial/dialect/oracle/OracleDialectContributor.java,7.0,2.0,0.0,0.0,0.0,0.0,0.0,89.0,A,A
hibernate-testing/src/main/java/org/hibernate/testing/jdbc/leak/OracleIdleConnectionCounter.java,3.0,2.0,0.0,0.0,0.0,0.0,0.0,47.0,A,A
hibernate-core/src/main/java/org/hibernate/dialect/OracleJdbcHelper.java,5.0,3.0,0.0,1.0,5.0,1.0,0.0,62.0,A,A
hibernate-core/src/main/java/org/hibernate/type/descriptor/jdbc/OracleJsonBlobJdbcType.java,23.0,4.0,0.0,2.0,2.0,2.0,0.0,179.0,A,A
hibernate-core/src/main/java/org/hibernate/dialect/OracleJsonJdbcType.java,4.0,0.0,0.0,0.0,0.0,0.0,0.0,50.0,A,A
hibernate-community-dialects/src/main/java/org/hibernate/community/dialect/OracleLegacyDialect.java,280.0,131.0,0.0,9.0,69.0,9.0,0.0,1519.0,A,A
hibernate-community-dialects/src/main/java/org/hibernate/community/dialect/OracleLegacySqlAstTranslator.java,146.0,119.0,0.0,5.0,39.0,5.0,0.0,661.0,A,A
hibernate-core/src/main/java/org/hibernate/dialect/OracleNestedTableJdbcType.java,26.0,7.0,0.0,6.0,10.0,6.0,0.0,246.0,A,A
hibernate-core/src/main/java/org/hibernate/dialect/OracleNestedTableJdbcTypeConstructor.java,10.0,8.0,0.0,0.0,0.0,0.0,0.0,65.0,A,A
hibernate-core/src/main/java/org/hibernate/dialect/OracleReflectionStructJdbcType.java,8.0,3.0,1.0,1.0,20.0,2.0,0.0,92.0,C,A
hibernate-spatial/src/main/java/org/hibernate/spatial/dialect/oracle/OracleSDOFunctionDescriptors.java,3.0,0.0,0.0,1.0,8.0,1.0,0.0,255.0,A,A
hibernate-core/src/main/java/org/hibernate/dialect/sequence/OracleSequenceSupport.java,2.0,0.0,0.0,0.0,0.0,0.0,0.0,28.0,A,A
hibernate-core/src/main/java/org/hibernate/dialect/OracleServerConfiguration.java,11.0,9.0,0.0,0.0,0.0,0.0,0.0,97.0,A,A
hibernate-spatial/src/main/java/org/hibernate/spatial/dialect/oracle/OracleSpatial10gDialect.java,1.0,0.0,0.0,1.0,10.0,1.0,0.0,29.0,A,A
hibernate-spatial/src/main/java/org/hibernate/spatial/dialect/oracle/OracleSpatialFunction.java,2.0,0.0,0.0,0.0,0.0,0.0,0.0,35.0,A,A
hibernate-spatial/src/main/java/org/hibernate/spatial/dialect/oracle/OracleSpatialSDO10gDialect.java,1.0,0.0,0.0,1.0,10.0,1.0,0.0,25.0,A,A
hibernate-spatial/src/main/java/org/hibernate/spatial/dialect/oracle/OracleSpatialSQLMMFunction.java,6.0,5.0,0.0,0.0,0.0,0.0,0.0,91.0,A,A
hibernate-core/src/main/java/org/hibernate/dialect/OracleSqlAstTranslator.java,137.0,91.0,0.0,4.0,20.0,4.0,0.0,639.0,A,A
hibernate-spatial/src/main/java/org/hibernate/spatial/dialect/oracle/OracleSQLMMFunctionDescriptors.java,8.0,0.0,0.0,0.0,0.0,0.0,0.0,107.0,A,A
hibernate-core/src/main/java/org/hibernate/dialect/OracleStructJdbcType.java,6.0,4.0,0.0,0.0,0.0,0.0,0.0,73.0,A,A
hibernate-core/src/main/java/org/hibernate/dialect/function/OracleTruncFunction.java,11.0,5.0,0.0,0.0,0.0,0.0,0.0,112.0,A,A
hibernate-core/src/main/java/org/hibernate/dialect/OracleTypes.java,0.0,0.0,0.0,1.0,5.0,1.0,0.0,16.0,A,A
hibernate-core/src/main/java/org/hibernate/dialect/OracleXmlJdbcType.java,5.0,0.0,0.0,0.0,0.0,0.0,0.0,59.0,A,A
hibernate-core/src/main/java/org/hibernate/query/Order.java,29.0,3.0,0.0,1.0,10.0,1.0,0.0,168.0,A,A
hibernate-testing/src/main/java/org/hibernate/testing/orm/domain/userguide/tooling/Order.java,2.0,0.0,0.0,0.0,0.0,0.0,0.0,51.0,A,A
hibernate-testing/src/main/java/org/hibernate/testing/orm/domain/retail/Order.java,11.0,0.0,0.0,0.0,0.0,0.0,0.0,80.0,A,A
hibernate-core/src/main/java/org/hibernate/boot/model/source/spi/Orderable.java,0.0,0.0,0.0,0.0,0.0,0.0,0.0,35.0,A,A
hibernate-core/src/main/java/org/hibernate/annotations/OrderBy.java,0.0,0.0,0.0,1.0,10.0,1.0,0.0,68.0,A,A
hibernate-core/src/main/java/org/hibernate/metamodel/mapping/ordering/ast/OrderByComplianceViolation.java,2.0,0.0,0.0,0.0,0.0,0.0,0.0,25.0,A,A
hibernate-core/src/main/java/org/hibernate/metamodel/mapping/ordering/OrderByFragment.java,0.0,0.0,0.0,0.0,0.0,0.0,0.0,30.0,A,A
hibernate-envers/src/main/java/org/hibernate/envers/function/OrderByFragmentFunction.java,20.0,10.0,0.0,1.0,20.0,1.0,0.0,235.0,A,A
hibernate-core/src/main/java/org/hibernate/metamodel/mapping/ordering/OrderByFragmentImpl.java,4.0,1.0,0.0,0.0,0.0,0.0,0.0,47.0,A,A
hibernate-core/src/main/java/org/hibernate/metamodel/mapping/ordering/OrderByFragmentTranslator.java,3.0,2.0,0.0,2.0,10.0,2.0,0.0,92.0,A,A
hibernate-core/src/main/java/org/hibernate/type/OrderedMapType.java,4.0,1.0,0.0,0.0,0.0,0.0,0.0,34.0,A,A
hibernate-envers/src/main/java/org/hibernate/envers/enhanced/OrderedSequenceGenerator.java,3.0,2.0,0.0,0.0,0.0,0.0,0.0,48.0,A,A
hibernate-envers/src/main/java/org/hibernate/envers/enhanced/OrderedSequenceStructure.java,12.0,7.0,0.0,0.0,0.0,0.0,0.0,105.0,A,A
hibernate-core/src/main/java/org/hibernate/sql/ast/tree/expression/OrderedSetAggregateFunctionExpression.java,0.0,0.0,0.0,0.0,0.0,0.0,0.0,22.0,A,A
hibernate-core/src/main/java/org/hibernate/type/OrderedSetType.java,4.0,1.0,0.0,0.0,0.0,0.0,0.0,34.0,A,A
hibernate-core/src/main/java/org/hibernate/metamodel/mapping/ordering/ast/OrderingExpression.java,4.0,5.0,0.0,0.0,0.0,0.0,0.0,77.0,A,A
hibernate-core/src/main/java/org/hibernate/metamodel/mapping/ordering/ast/OrderingSpecification.java,10.0,0.0,0.0,0.0,0.0,0.0,0.0,66.0,A,A
hibernate-core/src/main/java/org/hibernate/engine/query/spi/OrdinalParameterDescriptor.java,3.0,0.0,0.0,0.0,0.0,0.0,0.0,46.0,A,A
hibernate-core/src/main/java/org/hibernate/boot/jaxb/Origin.java,11.0,5.0,0.0,0.0,0.0,0.0,0.0,76.0,A,A
hibernate-envers/src/main/java/org/hibernate/envers/query/internal/property/OriginalIdPropertyName.java,2.0,0.0,0.0,0.0,0.0,0.0,0.0,29.0,A,A
hibernate-core/src/main/java/org/hibernate/engine/transaction/jta/platform/internal/OrionJtaPlatform.java,2.0,0.0,0.0,0.0,0.0,0.0,0.0,32.0,A,A
hibernate-core/src/main/java/org/hibernate/action/internal/OrphanRemovalAction.java,1.0,0.0,0.0,0.0,0.0,0.0,0.0,20.0,A,A
hibernate-core/src/main/java/org/hibernate/persister/entity/OuterJoinLoadable.java,1.0,0.0,0.0,1.0,10.0,1.0,0.0,107.0,A,A
hibernate-core/src/main/java/org/hibernate/result/Output.java,0.0,0.0,0.0,0.0,0.0,0.0,0.0,25.0,A,A
hibernate-core/src/main/java/org/hibernate/query/OutputableType.java,0.0,0.0,0.0,0.0,0.0,0.0,0.0,66.0,A,A
hibernate-core/src/main/java/org/hibernate/result/Outputs.java,0.0,0.0,0.0,0.0,0.0,0.0,0.0,39.0,A,A
hibernate-core/src/main/java/org/hibernate/result/internal/OutputsExecutionContext.java,3.0,0.0,0.0,0.0,0.0,0.0,0.0,34.0,A,A
hibernate-core/src/main/java/org/hibernate/result/internal/OutputsImpl.java,50.0,27.0,0.0,1.0,5.0,1.0,0.0,351.0,A,A
hibernate-core/src/main/java/org/hibernate/sql/ast/tree/expression/Over.java,16.0,0.0,0.0,0.0,0.0,0.0,0.0,146.0,A,A
hibernate-core/src/main/java/org/hibernate/sql/ast/tree/expression/Overflow.java,8.0,0.0,0.0,0.0,0.0,0.0,0.0,63.0,A,A
hibernate-core/src/main/java/org/hibernate/boot/model/source/internal/OverriddenMappingDefaults.java,42.0,10.0,0.0,0.0,0.0,0.0,0.0,283.0,A,A
hibernate-core/src/main/java/org/hibernate/metamodel/mapping/OwnedValuedModelPart.java,0.0,0.0,0.0,0.0,0.0,0.0,0.0,15.0,A,A
tooling/metamodel-generator/src/main/java/org/hibernate/jpamodelgen/model/package-info.java,0.0,0.0,0.0,0.0,0.0,0.0,0.0,8.0,A,A
tooling/metamodel-generator/src/main/java/org/hibernate/jpamodelgen/util/xml/package-info.java,0.0,0.0,0.0,0.0,0.0,0.0,0.0,11.0,A,A
tooling/metamodel-generator/src/main/java/org/hibernate/jpamodelgen/util/package-info.java,0.0,0.0,0.0,0.0,0.0,0.0,0.0,11.0,A,A
tooling/metamodel-generator/src/main/java/org/hibernate/jpamodelgen/xml/package-info.java,0.0,0.0,0.0,0.0,0.0,0.0,0.0,11.0,A,A
tooling/metamodel-generator/src/main/java/org/hibernate/jpamodelgen/annotation/package-info.java,0.0,0.0,0.0,0.0,0.0,0.0,0.0,11.0,A,A
tooling/metamodel-generator/src/main/java/org/hibernate/jpamodelgen/validation/package-info.java,0.0,0.0,0.0,0.0,0.0,0.0,0.0,13.0,A,A
tooling/metamodel-generator/src/main/java/org/hibernate/jpamodelgen/package-info.java,0.0,0.0,0.0,0.0,0.0,0.0,0.0,11.0,A,A
hibernate-core/src/main/java/org/hibernate/jpa/spi/package-info.java,0.0,0.0,0.0,0.0,0.0,0.0,0.0,17.0,A,A
hibernate-core/src/main/java/org/hibernate/jpa/internal/package-info.java,0.0,0.0,0.0,0.0,0.0,0.0,0.0,12.0,A,A
hibernate-core/src/main/java/org/hibernate/jpa/event/package-info.java,0.0,0.0,0.0,0.0,0.0,0.0,0.0,23.0,A,A
hibernate-core/src/main/java/org/hibernate/jpa/event/spi/package-info.java,0.0,0.0,0.0,0.0,0.0,0.0,0.0,12.0,A,A
hibernate-core/src/main/java/org/hibernate/jpa/event/internal/package-info.java,0.0,0.0,0.0,0.0,0.0,0.0,0.0,12.0,A,A
hibernate-core/src/main/java/org/hibernate/jpa/boot/spi/package-info.java,0.0,0.0,0.0,0.0,0.0,0.0,0.0,17.0,A,A
hibernate-core/src/main/java/org/hibernate/jpa/boot/package-info.java,0.0,0.0,0.0,0.0,0.0,0.0,0.0,15.0,A,A
hibernate-core/src/main/java/org/hibernate/jpa/package-info.java,0.0,0.0,0.0,0.0,0.0,0.0,0.0,55.0,A,A
hibernate-core/src/main/java/org/hibernate/dialect/function/package-info.java,0.0,0.0,0.0,0.0,0.0,0.0,0.0,13.0,A,A
hibernate-core/src/main/java/org/hibernate/dialect/hint/package-info.java,0.0,0.0,0.0,0.0,0.0,0.0,0.0,14.0,A,A
hibernate-core/src/main/java/org/hibernate/dialect/package-info.java,0.0,0.0,0.0,0.0,0.0,0.0,0.0,29.0,A,A
hibernate-core/src/main/java/org/hibernate/dialect/unique/package-info.java,0.0,0.0,0.0,0.0,0.0,0.0,0.0,14.0,A,A
hibernate-core/src/main/java/org/hibernate/dialect/pagination/package-info.java,0.0,0.0,0.0,0.0,0.0,0.0,0.0,14.0,A,A
hibernate-core/src/main/java/org/hibernate/dialect/sequence/package-info.java,0.0,0.0,0.0,0.0,0.0,0.0,0.0,14.0,A,A
hibernate-core/src/main/java/org/hibernate/dialect/temptable/package-info.java,0.0,0.0,0.0,0.0,0.0,0.0,0.0,14.0,A,A
hibernate-core/src/main/java/org/hibernate/dialect/lock/package-info.java,0.0,0.0,0.0,0.0,0.0,0.0,0.0,14.0,A,A
hibernate-core/src/main/java/org/hibernate/dialect/identity/package-info.java,0.0,0.0,0.0,0.0,0.0,0.0,0.0,14.0,A,A
hibernate-core/src/main/java/org/hibernate/dialect/aggregate/package-info.java,0.0,0.0,0.0,0.0,0.0,0.0,0.0,15.0,A,A
hibernate-core/src/main/java/org/hibernate/metamodel/mapping/ordering/package-info.java,0.0,0.0,0.0,0.0,0.0,0.0,0.0,15.0,A,A
hibernate-core/src/main/java/org/hibernate/metamodel/mapping/package-info.java,0.0,0.0,0.0,0.0,0.0,0.0,0.0,21.0,A,A
hibernate-core/src/main/java/org/hibernate/metamodel/model/domain/internal/package-info.java,0.0,0.0,0.0,0.0,0.0,0.0,0.0,12.0,A,A
hibernate-core/src/main/java/org/hibernate/metamodel/model/domain/spi/package-info.java,0.0,0.0,0.0,0.0,0.0,0.0,0.0,14.0,A,A
hibernate-core/src/main/java/org/hibernate/metamodel/model/domain/package-info.java,0.0,0.0,0.0,0.0,0.0,0.0,0.0,23.0,A,A
hibernate-core/src/main/java/org/hibernate/metamodel/spi/package-info.java,0.0,0.0,0.0,0.0,0.0,0.0,0.0,17.0,A,A
hibernate-core/src/main/java/org/hibernate/metamodel/package-info.java,0.0,0.0,0.0,0.0,0.0,0.0,0.0,28.0,A,A
hibernate-core/src/main/java/org/hibernate/resource/transaction/internal/package-info.java,0.0,0.0,0.0,0.0,0.0,0.0,0.0,12.0,A,A
hibernate-core/src/main/java/org/hibernate/resource/transaction/package-info.java,0.0,0.0,0.0,0.0,0.0,0.0,0.0,51.0,A,A
hibernate-core/src/main/java/org/hibernate/resource/transaction/backend/jta/internal/synchronization/package-info.java,0.0,0.0,0.0,0.0,0.0,0.0,0.0,13.0,A,A
hibernate-core/src/main/java/org/hibernate/resource/transaction/backend/jdbc/internal/package-info.java,0.0,0.0,0.0,0.0,0.0,0.0,0.0,13.0,A,A
hibernate-core/src/main/java/org/hibernate/resource/transaction/backend/jdbc/spi/package-info.java,0.0,0.0,0.0,0.0,0.0,0.0,0.0,16.0,A,A
hibernate-core/src/main/java/org/hibernate/resource/transaction/backend/jdbc/package-info.java,0.0,0.0,0.0,0.0,0.0,0.0,0.0,24.0,A,A
hibernate-core/src/main/java/org/hibernate/resource/transaction/spi/package-info.java,0.0,0.0,0.0,0.0,0.0,0.0,0.0,12.0,A,A
hibernate-core/src/main/java/org/hibernate/resource/beans/container/internal/package-info.java,0.0,0.0,0.0,0.0,0.0,0.0,0.0,12.0,A,A
hibernate-core/src/main/java/org/hibernate/resource/beans/container/spi/package-info.java,0.0,0.0,0.0,0.0,0.0,0.0,0.0,12.0,A,A
hibernate-core/src/main/java/org/hibernate/resource/beans/container/package-info.java,0.0,0.0,0.0,0.0,0.0,0.0,0.0,13.0,A,A
hibernate-core/src/main/java/org/hibernate/resource/beans/spi/package-info.java,0.0,0.0,0.0,0.0,0.0,0.0,0.0,20.0,A,A
hibernate-core/src/main/java/org/hibernate/resource/beans/package-info.java,0.0,0.0,0.0,0.0,0.0,0.0,0.0,17.0,A,A
hibernate-core/src/main/java/org/hibernate/resource/jdbc/spi/package-info.java,0.0,0.0,0.0,0.0,0.0,0.0,0.0,16.0,A,A
hibernate-core/src/main/java/org/hibernate/resource/jdbc/internal/package-info.java,0.0,0.0,0.0,0.0,0.0,0.0,0.0,12.0,A,A
hibernate-core/src/main/java/org/hibernate/resource/jdbc/package-info.java,0.0,0.0,0.0,0.0,0.0,0.0,0.0,15.0,A,A
hibernate-core/src/main/java/org/hibernate/query/named/package-info.java,0.0,0.0,0.0,0.0,0.0,0.0,0.0,16.0,A,A
hibernate-core/src/main/java/org/hibernate/query/sql/internal/package-info.java,0.0,0.0,0.0,0.0,0.0,0.0,0.0,12.0,A,A
hibernate-core/src/main/java/org/hibernate/query/sql/spi/package-info.java,0.0,0.0,0.0,0.0,0.0,0.0,0.0,12.0,A,A
hibernate-core/src/main/java/org/hibernate/query/sql/package-info.java,0.0,0.0,0.0,0.0,0.0,0.0,0.0,16.0,A,A
hibernate-core/src/main/java/org/hibernate/query/criteria/spi/package-info.java,0.0,0.0,0.0,0.0,0.0,0.0,0.0,16.0,A,A
hibernate-core/src/main/java/org/hibernate/query/criteria/package-info.java,0.0,0.0,0.0,0.0,0.0,0.0,0.0,55.0,A,A
hibernate-core/src/main/java/org/hibernate/query/sqm/tree/predicate/package-info.java,0.0,0.0,0.0,0.0,0.0,0.0,0.0,12.0,A,A
hibernate-core/src/main/java/org/hibernate/query/sqm/tree/expression/package-info.java,0.0,0.0,0.0,0.0,0.0,0.0,0.0,12.0,A,A
hibernate-core/src/main/java/org/hibernate/query/sqm/tree/insert/package-info.java,0.0,0.0,0.0,0.0,0.0,0.0,0.0,12.0,A,A
hibernate-core/src/main/java/org/hibernate/query/sqm/tree/from/package-info.java,0.0,0.0,0.0,0.0,0.0,0.0,0.0,12.0,A,A
hibernate-core/src/main/java/org/hibernate/query/sqm/tree/delete/package-info.java,0.0,0.0,0.0,0.0,0.0,0.0,0.0,12.0,A,A
hibernate-core/src/main/java/org/hibernate/query/sqm/tree/domain/package-info.java,0.0,0.0,0.0,0.0,0.0,0.0,0.0,12.0,A,A
hibernate-core/src/main/java/org/hibernate/query/sqm/tree/cte/package-info.java,0.0,0.0,0.0,0.0,0.0,0.0,0.0,12.0,A,A
hibernate-core/src/main/java/org/hibernate/query/sqm/tree/select/package-info.java,0.0,0.0,0.0,0.0,0.0,0.0,0.0,12.0,A,A
hibernate-core/src/main/java/org/hibernate/query/sqm/tree/package-info.java,0.0,0.0,0.0,0.0,0.0,0.0,0.0,20.0,A,A
hibernate-core/src/main/java/org/hibernate/query/sqm/tree/update/package-info.java,0.0,0.0,0.0,0.0,0.0,0.0,0.0,12.0,A,A
hibernate-core/src/main/java/org/hibernate/query/sqm/spi/package-info.java,0.0,0.0,0.0,0.0,0.0,0.0,0.0,12.0,A,A
hibernate-core/src/main/java/org/hibernate/query/sqm/internal/package-info.java,0.0,0.0,0.0,0.0,0.0,0.0,0.0,12.0,A,A
hibernate-core/src/main/java/org/hibernate/query/sqm/sql/package-info.java,0.0,0.0,0.0,0.0,0.0,0.0,0.0,16.0,A,A
hibernate-core/src/main/java/org/hibernate/query/sqm/function/package-info.java,0.0,0.0,0.0,0.0,0.0,0.0,0.0,39.0,A,A
hibernate-core/src/main/java/org/hibernate/query/sqm/mutation/spi/package-info.java,0.0,0.0,0.0,0.0,0.0,0.0,0.0,12.0,A,A
hibernate-core/src/main/java/org/hibernate/query/sqm/mutation/internal/temptable/package-info.java,0.0,0.0,0.0,0.0,0.0,0.0,0.0,22.0,A,A
hibernate-core/src/main/java/org/hibernate/query/sqm/mutation/package-info.java,0.0,0.0,0.0,0.0,0.0,0.0,0.0,12.0,A,A
hibernate-core/src/main/java/org/hibernate/query/sqm/produce/function/package-info.java,0.0,0.0,0.0,0.0,0.0,0.0,0.0,17.0,A,A
hibernate-core/src/main/java/org/hibernate/query/sqm/produce/package-info.java,0.0,0.0,0.0,0.0,0.0,0.0,0.0,45.0,A,A
hibernate-core/src/main/java/org/hibernate/query/sqm/package-info.java,0.0,0.0,0.0,0.0,0.0,0.0,0.0,51.0,A,A
hibernate-core/src/main/java/org/hibernate/query/results/implicit/package-info.java,0.0,0.0,0.0,0.0,0.0,0.0,0.0,16.0,A,A
hibernate-core/src/main/java/org/hibernate/query/results/dynamic/package-info.java,0.0,0.0,0.0,0.0,0.0,0.0,0.0,19.0,A,A
hibernate-core/src/main/java/org/hibernate/query/results/complete/package-info.java,0.0,0.0,0.0,0.0,0.0,0.0,0.0,18.0,A,A
hibernate-core/src/main/java/org/hibernate/query/results/package-info.java,0.0,0.0,0.0,0.0,0.0,0.0,0.0,29.0,A,A
hibernate-core/src/main/java/org/hibernate/query/procedure/package-info.java,0.0,0.0,0.0,0.0,0.0,0.0,0.0,17.0,A,A
hibernate-core/src/main/java/org/hibernate/query/spi/package-info.java,0.0,0.0,0.0,0.0,0.0,0.0,0.0,13.0,A,A
hibernate-core/src/main/java/org/hibernate/query/hql/spi/package-info.java,0.0,0.0,0.0,0.0,0.0,0.0,0.0,12.0,A,A
hibernate-core/src/main/java/org/hibernate/query/hql/internal/package-info.java,0.0,0.0,0.0,0.0,0.0,0.0,0.0,12.0,A,A
hibernate-core/src/main/java/org/hibernate/query/hql/package-info.java,0.0,0.0,0.0,0.0,0.0,0.0,0.0,39.0,A,A
hibernate-core/src/main/java/org/hibernate/query/package-info.java,0.0,0.0,0.0,0.0,0.0,0.0,0.0,27.0,A,A
hibernate-core/src/main/java/org/hibernate/mapping/package-info.java,0.0,0.0,0.0,0.0,0.0,0.0,0.0,56.0,A,A
hibernate-core/src/main/java/org/hibernate/bytecode/enhance/spi/interceptor/package-info.java,0.0,0.0,0.0,0.0,0.0,0.0,0.0,12.0,A,A
hibernate-core/src/main/java/org/hibernate/bytecode/enhance/spi/package-info.java,0.0,0.0,0.0,0.0,0.0,0.0,0.0,12.0,A,A
hibernate-core/src/main/java/org/hibernate/bytecode/enhance/internal/package-info.java,0.0,0.0,0.0,0.0,0.0,0.0,0.0,12.0,A,A
hibernate-core/src/main/java/org/hibernate/bytecode/enhance/internal/tracker/package-info.java,0.0,0.0,0.0,0.0,0.0,0.0,0.0,12.0,A,A
hibernate-core/src/main/java/org/hibernate/bytecode/enhance/internal/bytebuddy/package-info.java,0.0,0.0,0.0,0.0,0.0,0.0,0.0,12.0,A,A
hibernate-core/src/main/java/org/hibernate/bytecode/internal/bytebuddy/package-info.java,0.0,0.0,0.0,0.0,0.0,0.0,0.0,12.0,A,A
hibernate-core/src/main/java/org/hibernate/bytecode/spi/package-info.java,0.0,0.0,0.0,0.0,0.0,0.0,0.0,12.0,A,A
hibernate-core/src/main/java/org/hibernate/bytecode/package-info.java,0.0,0.0,0.0,0.0,0.0,0.0,0.0,28.0,A,A
hibernate-core/src/main/java/org/hibernate/sql/model/ast/builder/package-info.java,0.0,0.0,0.0,0.0,0.0,0.0,0.0,18.0,A,A
hibernate-core/src/main/java/org/hibernate/sql/model/ast/package-info.java,0.0,0.0,0.0,0.0,0.0,0.0,0.0,14.0,A,A
hibernate-core/src/main/java/org/hibernate/sql/model/internal/package-info.java,0.0,0.0,0.0,0.0,0.0,0.0,0.0,20.0,A,A
hibernate-core/src/main/java/org/hibernate/sql/model/jdbc/package-info.java,0.0,0.0,0.0,0.0,0.0,0.0,0.0,14.0,A,A
hibernate-core/src/main/java/org/hibernate/sql/model/package-info.java,0.0,0.0,0.0,0.0,0.0,0.0,0.0,19.0,A,A
hibernate-core/src/main/java/org/hibernate/sql/exec/spi/package-info.java,0.0,0.0,0.0,0.0,0.0,0.0,0.0,21.0,A,A
hibernate-core/src/main/java/org/hibernate/sql/exec/internal/package-info.java,0.0,0.0,0.0,0.0,0.0,0.0,0.0,12.0,A,A
hibernate-core/src/main/java/org/hibernate/sql/exec/package-info.java,0.0,0.0,0.0,0.0,0.0,0.0,0.0,15.0,A,A
hibernate-core/src/main/java/org/hibernate/sql/ast/spi/package-info.java,0.0,0.0,0.0,0.0,0.0,0.0,0.0,12.0,A,A
hibernate-core/src/main/java/org/hibernate/sql/ast/tree/expression/package-info.java,0.0,0.0,0.0,0.0,0.0,0.0,0.0,12.0,A,A
hibernate-core/src/main/java/org/hibernate/sql/ast/tree/insert/package-info.java,0.0,0.0,0.0,0.0,0.0,0.0,0.0,12.0,A,A
hibernate-core/src/main/java/org/hibernate/sql/ast/tree/predicate/package-info.java,0.0,0.0,0.0,0.0,0.0,0.0,0.0,12.0,A,A
hibernate-core/src/main/java/org/hibernate/sql/ast/tree/from/package-info.java,0.0,0.0,0.0,0.0,0.0,0.0,0.0,12.0,A,A
hibernate-core/src/main/java/org/hibernate/sql/ast/tree/cte/package-info.java,0.0,0.0,0.0,2.0,0.0,2.0,0.0,42.0,A,A
hibernate-core/src/main/java/org/hibernate/sql/ast/tree/update/package-info.java,0.0,0.0,0.0,0.0,0.0,0.0,0.0,12.0,A,A
hibernate-core/src/main/java/org/hibernate/sql/ast/tree/delete/package-info.java,0.0,0.0,0.0,0.0,0.0,0.0,0.0,12.0,A,A
hibernate-core/src/main/java/org/hibernate/sql/ast/tree/select/package-info.java,0.0,0.0,0.0,0.0,0.0,0.0,0.0,12.0,A,A
hibernate-core/src/main/java/org/hibernate/sql/ast/tree/package-info.java,0.0,0.0,0.0,0.0,0.0,0.0,0.0,14.0,A,A
hibernate-core/src/main/java/org/hibernate/sql/ast/package-info.java,0.0,0.0,0.0,0.0,0.0,0.0,0.0,18.0,A,A
hibernate-core/src/main/java/org/hibernate/sql/results/graph/package-info.java,0.0,0.0,0.0,0.0,0.0,0.0,0.0,18.0,A,A
hibernate-core/src/main/java/org/hibernate/sql/results/caching/package-info.java,0.0,0.0,0.0,0.0,0.0,0.0,0.0,12.0,A,A
hibernate-core/src/main/java/org/hibernate/sql/results/package-info.java,0.0,0.0,0.0,0.0,0.0,0.0,0.0,18.0,A,A
hibernate-core/src/main/java/org/hibernate/sql/package-info.java,0.0,0.0,0.0,0.0,0.0,0.0,0.0,25.0,A,A
hibernate-core/src/main/java/org/hibernate/annotations/processing/package-info.java,0.0,0.0,0.0,0.0,0.0,0.0,0.0,24.0,A,A
hibernate-core/src/main/java/org/hibernate/annotations/package-info.java,0.0,0.0,0.0,0.0,0.0,0.0,0.0,345.0,A,A
hibernate-core/src/main/java/org/hibernate/type/descriptor/converter/spi/package-info.java,0.0,0.0,0.0,0.0,0.0,0.0,0.0,25.0,A,A
hibernate-core/src/main/java/org/hibernate/type/descriptor/converter/internal/package-info.java,0.0,0.0,0.0,0.0,0.0,0.0,0.0,17.0,A,A
hibernate-core/src/main/java/org/hibernate/type/descriptor/converter/package-info.java,0.0,0.0,0.0,0.0,0.0,0.0,0.0,24.0,A,A
hibernate-core/src/main/java/org/hibernate/type/descriptor/jdbc/package-info.java,0.0,0.0,0.0,0.0,0.0,0.0,0.0,39.0,A,A
hibernate-core/src/main/java/org/hibernate/type/descriptor/java/package-info.java,0.0,0.0,0.0,0.0,0.0,0.0,0.0,28.0,A,A
hibernate-core/src/main/java/org/hibernate/type/descriptor/sql/spi/package-info.java,0.0,0.0,0.0,0.0,0.0,0.0,0.0,14.0,A,A
hibernate-core/src/main/java/org/hibernate/type/descriptor/sql/internal/package-info.java,0.0,0.0,0.0,0.0,0.0,0.0,0.0,12.0,A,A
hibernate-core/src/main/java/org/hibernate/type/descriptor/sql/package-info.java,0.0,0.0,0.0,0.0,0.0,0.0,0.0,15.0,A,A
hibernate-core/src/main/java/org/hibernate/type/descriptor/package-info.java,0.0,0.0,0.0,0.0,0.0,0.0,0.0,17.0,A,A
hibernate-core/src/main/java/org/hibernate/type/format/jackson/package-info.java,0.0,0.0,0.0,0.0,0.0,0.0,0.0,12.0,A,A
hibernate-core/src/main/java/org/hibernate/type/format/jaxb/package-info.java,0.0,0.0,0.0,0.0,0.0,0.0,0.0,12.0,A,A
hibernate-core/src/main/java/org/hibernate/type/format/jakartajson/package-info.java,0.0,0.0,0.0,0.0,0.0,0.0,0.0,12.0,A,A
hibernate-core/src/main/java/org/hibernate/type/format/package-info.java,0.0,0.0,0.0,0.0,0.0,0.0,0.0,19.0,A,A
hibernate-core/src/main/java/org/hibernate/type/spi/package-info.java,0.0,0.0,0.0,0.0,0.0,0.0,0.0,14.0,A,A
hibernate-core/src/main/java/org/hibernate/type/package-info.java,0.0,0.0,0.0,0.0,0.0,0.0,0.0,97.0,A,A
hibernate-core/src/main/java/org/hibernate/cfg/package-info.java,0.0,0.0,0.0,0.0,0.0,0.0,0.0,131.0,A,A
hibernate-core/src/main/java/org/hibernate/boot/model/naming/package-info.java,0.0,0.0,0.0,0.0,0.0,0.0,0.0,34.0,A,A
hibernate-core/src/main/java/org/hibernate/boot/model/convert/spi/package-info.java,0.0,0.0,0.0,0.0,0.0,0.0,0.0,14.0,A,A
hibernate-core/src/main/java/org/hibernate/boot/model/convert/package-info.java,0.0,0.0,0.0,0.0,0.0,0.0,0.0,30.0,A,A
hibernate-core/src/main/java/org/hibernate/boot/model/process/spi/package-info.java,0.0,0.0,0.0,0.0,0.0,0.0,0.0,14.0,A,A
hibernate-core/src/main/java/org/hibernate/boot/model/process/package-info.java,0.0,0.0,0.0,0.0,0.0,0.0,0.0,17.0,A,A
hibernate-core/src/main/java/org/hibernate/boot/model/relational/package-info.java,0.0,0.0,0.0,0.0,0.0,0.0,0.0,15.0,A,A
hibernate-core/src/main/java/org/hibernate/boot/model/package-info.java,0.0,0.0,0.0,0.0,0.0,0.0,0.0,27.0,A,A
hibernate-core/src/main/java/org/hibernate/boot/registry/selector/spi/package-info.java,0.0,0.0,0.0,0.0,0.0,0.0,0.0,15.0,A,A
hibernate-core/src/main/java/org/hibernate/boot/registry/selector/internal/package-info.java,0.0,0.0,0.0,0.0,0.0,0.0,0.0,12.0,A,A
hibernate-core/src/main/java/org/hibernate/boot/registry/selector/package-info.java,0.0,0.0,0.0,0.0,0.0,0.0,0.0,13.0,A,A
hibernate-core/src/main/java/org/hibernate/boot/registry/internal/package-info.java,0.0,0.0,0.0,0.0,0.0,0.0,0.0,12.0,A,A
hibernate-core/src/main/java/org/hibernate/boot/registry/classloading/internal/package-info.java,0.0,0.0,0.0,0.0,0.0,0.0,0.0,12.0,A,A
hibernate-core/src/main/java/org/hibernate/boot/registry/classloading/spi/package-info.java,0.0,0.0,0.0,0.0,0.0,0.0,0.0,12.0,A,A
hibernate-core/src/main/java/org/hibernate/boot/registry/package-info.java,0.0,0.0,0.0,0.0,0.0,0.0,0.0,30.0,A,A
hibernate-core/src/main/java/org/hibernate/boot/archive/package-info.java,0.0,0.0,0.0,0.0,0.0,0.0,0.0,14.0,A,A
hibernate-core/src/main/java/org/hibernate/boot/archive/spi/package-info.java,0.0,0.0,0.0,0.0,0.0,0.0,0.0,14.0,A,A
hibernate-core/src/main/java/org/hibernate/boot/archive/scan/spi/package-info.java,0.0,0.0,0.0,0.0,0.0,0.0,0.0,17.0,A,A
hibernate-core/src/main/java/org/hibernate/boot/archive/scan/package-info.java,0.0,0.0,0.0,0.0,0.0,0.0,0.0,17.0,A,A
hibernate-core/src/main/java/org/hibernate/boot/archive/internal/package-info.java,0.0,0.0,0.0,0.0,0.0,0.0,0.0,12.0,A,A
hibernate-core/src/main/java/org/hibernate/boot/jaxb/hbm/internal/package-info.java,0.0,0.0,0.0,0.0,0.0,0.0,0.0,12.0,A,A
hibernate-core/src/main/java/org/hibernate/boot/jaxb/internal/stax/package-info.java,0.0,0.0,0.0,0.0,0.0,0.0,0.0,12.0,A,A
hibernate-core/src/main/java/org/hibernate/boot/jaxb/package-info.java,0.0,0.0,0.0,0.0,0.0,0.0,0.0,14.0,A,A
hibernate-core/src/main/java/org/hibernate/boot/xsd/package-info.java,0.0,0.0,0.0,0.0,0.0,0.0,0.0,12.0,A,A
hibernate-core/src/main/java/org/hibernate/boot/spi/package-info.java,0.0,0.0,0.0,0.0,0.0,0.0,0.0,12.0,A,A
hibernate-core/src/main/java/org/hibernate/boot/query/package-info.java,0.0,0.0,0.0,0.0,0.0,0.0,0.0,14.0,A,A
hibernate-core/src/main/java/org/hibernate/boot/beanvalidation/package-info.java,0.0,0.0,0.0,0.0,0.0,0.0,0.0,14.0,A,A
hibernate-core/src/main/java/org/hibernate/boot/package-info.java,0.0,0.0,0.0,0.0,0.0,0.0,0.0,94.0,A,A
hibernate-core/src/main/java/org/hibernate/boot/cfgxml/internal/package-info.java,0.0,0.0,0.0,0.0,0.0,0.0,0.0,14.0,A,A
hibernate-core/src/main/java/org/hibernate/boot/cfgxml/package-info.java,0.0,0.0,0.0,0.0,0.0,0.0,0.0,16.0,A,A
hibernate-core/src/main/java/org/hibernate/boot/cfgxml/spi/package-info.java,0.0,0.0,0.0,0.0,0.0,0.0,0.0,16.0,A,A
hibernate-core/src/main/java/org/hibernate/engine/query/spi/package-info.java,0.0,0.0,0.0,0.0,0.0,0.0,0.0,14.0,A,A
hibernate-core/src/main/java/org/hibernate/engine/query/package-info.java,0.0,0.0,0.0,0.0,0.0,0.0,0.0,12.0,A,A
hibernate-core/src/main/java/org/hibernate/engine/spi/package-info.java,0.0,0.0,0.0,0.0,0.0,0.0,0.0,13.0,A,A
hibernate-core/src/main/java/org/hibernate/engine/jdbc/spi/package-info.java,0.0,0.0,0.0,0.0,0.0,0.0,0.0,12.0,A,A
hibernate-core/src/main/java/org/hibernate/engine/jdbc/dialect/spi/package-info.java,0.0,0.0,0.0,0.0,0.0,0.0,0.0,12.0,A,A
hibernate-core/src/main/java/org/hibernate/engine/jdbc/dialect/internal/package-info.java,0.0,0.0,0.0,0.0,0.0,0.0,0.0,12.0,A,A
hibernate-core/src/main/java/org/hibernate/engine/jdbc/mutation/package-info.java,0.0,0.0,0.0,0.0,0.0,0.0,0.0,25.0,A,A
hibernate-core/src/main/java/org/hibernate/engine/jdbc/batch/spi/package-info.java,0.0,0.0,0.0,0.0,0.0,0.0,0.0,12.0,A,A
hibernate-core/src/main/java/org/hibernate/engine/jdbc/batch/internal/package-info.java,0.0,0.0,0.0,0.0,0.0,0.0,0.0,12.0,A,A
hibernate-core/src/main/java/org/hibernate/engine/jdbc/batch/package-info.java,0.0,0.0,0.0,0.0,0.0,0.0,0.0,12.0,A,A
hibernate-core/src/main/java/org/hibernate/engine/jdbc/cursor/internal/package-info.java,0.0,0.0,0.0,0.0,0.0,0.0,0.0,12.0,A,A
hibernate-core/src/main/java/org/hibernate/engine/jdbc/cursor/spi/package-info.java,0.0,0.0,0.0,0.0,0.0,0.0,0.0,12.0,A,A
hibernate-core/src/main/java/org/hibernate/engine/jdbc/package-info.java,0.0,0.0,0.0,0.0,0.0,0.0,0.0,12.0,A,A
hibernate-core/src/main/java/org/hibernate/engine/jdbc/internal/package-info.java,0.0,0.0,0.0,0.0,0.0,0.0,0.0,12.0,A,A
hibernate-core/src/main/java/org/hibernate/engine/jdbc/connections/internal/package-info.java,0.0,0.0,0.0,0.0,0.0,0.0,0.0,12.0,A,A
hibernate-core/src/main/java/org/hibernate/engine/jdbc/connections/spi/package-info.java,0.0,0.0,0.0,0.0,0.0,0.0,0.0,27.0,A,A
hibernate-core/src/main/java/org/hibernate/engine/transaction/jta/platform/internal/package-info.java,0.0,0.0,0.0,0.0,0.0,0.0,0.0,13.0,A,A
hibernate-core/src/main/java/org/hibernate/engine/transaction/jta/platform/spi/package-info.java,0.0,0.0,0.0,0.0,0.0,0.0,0.0,14.0,A,A
hibernate-core/src/main/java/org/hibernate/engine/transaction/jta/platform/package-info.java,0.0,0.0,0.0,0.0,0.0,0.0,0.0,12.0,A,A
hibernate-core/src/main/java/org/hibernate/engine/transaction/spi/package-info.java,0.0,0.0,0.0,0.0,0.0,0.0,0.0,14.0,A,A
hibernate-core/src/main/java/org/hibernate/engine/internal/package-info.java,0.0,0.0,0.0,0.0,0.0,0.0,0.0,14.0,A,A
hibernate-core/src/main/java/org/hibernate/engine/profile/package-info.java,0.0,0.0,0.0,0.0,0.0,0.0,0.0,12.0,A,A
hibernate-core/src/main/java/org/hibernate/engine/config/spi/package-info.java,0.0,0.0,0.0,0.0,0.0,0.0,0.0,14.0,A,A
hibernate-core/src/main/java/org/hibernate/engine/config/internal/package-info.java,0.0,0.0,0.0,0.0,0.0,0.0,0.0,12.0,A,A
hibernate-core/src/main/java/org/hibernate/engine/config/package-info.java,0.0,0.0,0.0,0.0,0.0,0.0,0.0,13.0,A,A
hibernate-core/src/main/java/org/hibernate/engine/jndi/internal/package-info.java,0.0,0.0,0.0,0.0,0.0,0.0,0.0,12.0,A,A
hibernate-core/src/main/java/org/hibernate/engine/jndi/spi/package-info.java,0.0,0.0,0.0,0.0,0.0,0.0,0.0,12.0,A,A
hibernate-core/src/main/java/org/hibernate/engine/jndi/package-info.java,0.0,0.0,0.0,0.0,0.0,0.0,0.0,12.0,A,A
hibernate-core/src/main/java/org/hibernate/engine/package-info.java,0.0,0.0,0.0,0.0,0.0,0.0,0.0,13.0,A,A
hibernate-core/src/main/java/org/hibernate/result/package-info.java,0.0,0.0,0.0,0.0,0.0,0.0,0.0,34.0,A,A
hibernate-core/src/main/java/org/hibernate/cache/spi/support/package-info.java,0.0,0.0,0.0,0.0,0.0,0.0,0.0,31.0,A,A
hibernate-core/src/main/java/org/hibernate/cache/spi/entry/package-info.java,0.0,0.0,0.0,0.0,0.0,0.0,0.0,12.0,A,A
hibernate-core/src/main/java/org/hibernate/cache/spi/access/package-info.java,0.0,0.0,0.0,0.0,0.0,0.0,0.0,52.0,A,A
hibernate-core/src/main/java/org/hibernate/cache/spi/package-info.java,0.0,0.0,0.0,0.0,0.0,0.0,0.0,38.0,A,A
hibernate-core/src/main/java/org/hibernate/cache/internal/package-info.java,0.0,0.0,0.0,0.0,0.0,0.0,0.0,12.0,A,A
hibernate-core/src/main/java/org/hibernate/cache/cfg/spi/package-info.java,0.0,0.0,0.0,0.0,0.0,0.0,0.0,12.0,A,A
hibernate-core/src/main/java/org/hibernate/cache/cfg/internal/package-info.java,0.0,0.0,0.0,0.0,0.0,0.0,0.0,12.0,A,A
hibernate-core/src/main/java/org/hibernate/cache/cfg/package-info.java,0.0,0.0,0.0,0.0,0.0,0.0,0.0,12.0,A,A
hibernate-core/src/main/java/org/hibernate/cache/package-info.java,0.0,0.0,0.0,0.0,0.0,0.0,0.0,15.0,A,A
hibernate-core/src/main/java/org/hibernate/persister/package-info.java,0.0,0.0,0.0,0.0,0.0,0.0,0.0,28.0,A,A
hibernate-core/src/main/java/org/hibernate/persister/collection/mutation/package-info.java,0.0,0.0,0.0,0.0,0.0,0.0,0.0,22.0,A,A
hibernate-core/src/main/java/org/hibernate/persister/collection/package-info.java,0.0,0.0,0.0,0.0,0.0,0.0,0.0,12.0,A,A
hibernate-core/src/main/java/org/hibernate/persister/entity/mutation/package-info.java,0.0,0.0,0.0,0.0,0.0,0.0,0.0,18.0,A,A
hibernate-core/src/main/java/org/hibernate/persister/entity/package-info.java,0.0,0.0,0.0,0.0,0.0,0.0,0.0,12.0,A,A
hibernate-core/src/main/java/org/hibernate/persister/walking/package-info.java,0.0,0.0,0.0,0.0,0.0,0.0,0.0,12.0,A,A
hibernate-core/src/main/java/org/hibernate/persister/walking/spi/package-info.java,0.0,0.0,0.0,0.0,0.0,0.0,0.0,14.0,A,A
hibernate-core/src/main/java/org/hibernate/persister/spi/package-info.java,0.0,0.0,0.0,0.0,0.0,0.0,0.0,15.0,A,A
hibernate-core/src/main/java/org/hibernate/persister/internal/package-info.java,0.0,0.0,0.0,0.0,0.0,0.0,0.0,12.0,A,A
hibernate-core/src/main/java/org/hibernate/event/spi/package-info.java,0.0,0.0,0.0,0.0,0.0,0.0,0.0,32.0,A,A
hibernate-core/src/main/java/org/hibernate/event/internal/package-info.java,0.0,0.0,0.0,0.0,0.0,0.0,0.0,13.0,A,A
hibernate-core/src/main/java/org/hibernate/event/service/spi/package-info.java,0.0,0.0,0.0,0.0,0.0,0.0,0.0,14.0,A,A
hibernate-core/src/main/java/org/hibernate/event/service/internal/package-info.java,0.0,0.0,0.0,0.0,0.0,0.0,0.0,12.0,A,A
hibernate-core/src/main/java/org/hibernate/event/service/package-info.java,0.0,0.0,0.0,0.0,0.0,0.0,0.0,12.0,A,A
hibernate-core/src/main/java/org/hibernate/event/package-info.java,0.0,0.0,0.0,0.0,0.0,0.0,0.0,20.0,A,A
hibernate-core/src/main/java/org/hibernate/id/insert/package-info.java,0.0,0.0,0.0,0.0,0.0,0.0,0.0,14.0,A,A
hibernate-core/src/main/java/org/hibernate/id/enhanced/package-info.java,0.0,0.0,0.0,0.0,0.0,0.0,0.0,13.0,A,A
hibernate-core/src/main/java/org/hibernate/id/factory/package-info.java,0.0,0.0,0.0,0.0,0.0,0.0,0.0,19.0,A,A
hibernate-core/src/main/java/org/hibernate/id/factory/internal/package-info.java,0.0,0.0,0.0,0.0,0.0,0.0,0.0,12.0,A,A
hibernate-core/src/main/java/org/hibernate/id/factory/spi/package-info.java,0.0,0.0,0.0,0.0,0.0,0.0,0.0,12.0,A,A
hibernate-core/src/main/java/org/hibernate/id/uuid/package-info.java,0.0,0.0,0.0,0.0,0.0,0.0,0.0,12.0,A,A
hibernate-core/src/main/java/org/hibernate/id/package-info.java,0.0,0.0,0.0,0.0,0.0,0.0,0.0,28.0,A,A
hibernate-core/src/main/java/org/hibernate/tool/schema/internal/exec/package-info.java,0.0,0.0,0.0,0.0,0.0,0.0,0.0,12.0,A,A
hibernate-core/src/main/java/org/hibernate/tool/schema/internal/script/package-info.java,0.0,0.0,0.0,0.0,0.0,0.0,0.0,12.0,A,A
hibernate-core/src/main/java/org/hibernate/tool/schema/internal/package-info.java,0.0,0.0,0.0,0.0,0.0,0.0,0.0,12.0,A,A
hibernate-core/src/main/java/org/hibernate/tool/schema/spi/package-info.java,0.0,0.0,0.0,0.0,0.0,0.0,0.0,17.0,A,A
hibernate-core/src/main/java/org/hibernate/tool/schema/extract/internal/package-info.java,0.0,0.0,0.0,0.0,0.0,0.0,0.0,12.0,A,A
hibernate-core/src/main/java/org/hibernate/tool/schema/extract/spi/package-info.java,0.0,0.0,0.0,0.0,0.0,0.0,0.0,12.0,A,A
hibernate-core/src/main/java/org/hibernate/tool/schema/extract/package-info.java,0.0,0.0,0.0,0.0,0.0,0.0,0.0,12.0,A,A
hibernate-core/src/main/java/org/hibernate/tool/schema/package-info.java,0.0,0.0,0.0,0.0,0.0,0.0,0.0,12.0,A,A
hibernate-core/src/main/java/org/hibernate/internal/util/package-info.java,0.0,0.0,0.0,0.0,0.0,0.0,0.0,12.0,A,A
hibernate-core/src/main/java/org/hibernate/internal/package-info.java,0.0,0.0,0.0,0.0,0.0,0.0,0.0,13.0,A,A
hibernate-core/src/main/java/org/hibernate/service/spi/package-info.java,0.0,0.0,0.0,0.0,0.0,0.0,0.0,12.0,A,A
hibernate-core/src/main/java/org/hibernate/service/internal/package-info.java,0.0,0.0,0.0,0.0,0.0,0.0,0.0,12.0,A,A
hibernate-core/src/main/java/org/hibernate/service/package-info.java,0.0,0.0,0.0,0.0,0.0,0.0,0.0,27.0,A,A
hibernate-core/src/main/java/org/hibernate/collection/spi/package-info.java,0.0,0.0,0.0,0.0,0.0,0.0,0.0,21.0,A,A
hibernate-core/src/main/java/org/hibernate/collection/internal/package-info.java,0.0,0.0,0.0,0.0,0.0,0.0,0.0,12.0,A,A
hibernate-core/src/main/java/org/hibernate/collection/package-info.java,0.0,0.0,0.0,0.0,0.0,0.0,0.0,20.0,A,A
hibernate-core/src/main/java/org/hibernate/action/spi/package-info.java,0.0,0.0,0.0,0.0,0.0,0.0,0.0,23.0,A,A
hibernate-core/src/main/java/org/hibernate/action/internal/package-info.java,0.0,0.0,0.0,0.0,0.0,0.0,0.0,15.0,A,A
hibernate-core/src/main/java/org/hibernate/action/package-info.java,0.0,0.0,0.0,0.0,0.0,0.0,0.0,19.0,A,A
hibernate-core/src/main/java/org/hibernate/stat/internal/package-info.java,0.0,0.0,0.0,0.0,0.0,0.0,0.0,12.0,A,A
hibernate-core/src/main/java/org/hibernate/stat/spi/package-info.java,0.0,0.0,0.0,0.0,0.0,0.0,0.0,14.0,A,A
hibernate-core/src/main/java/org/hibernate/stat/package-info.java,0.0,0.0,0.0,0.0,0.0,0.0,0.0,14.0,A,A
hibernate-core/src/main/java/org/hibernate/property/access/internal/package-info.java,0.0,0.0,0.0,0.0,0.0,0.0,0.0,13.0,A,A
hibernate-core/src/main/java/org/hibernate/property/access/spi/package-info.java,0.0,0.0,0.0,0.0,0.0,0.0,0.0,15.0,A,A
hibernate-core/src/main/java/org/hibernate/property/access/package-info.java,0.0,0.0,0.0,0.0,0.0,0.0,0.0,32.0,A,A
hibernate-core/src/main/java/org/hibernate/graph/spi/package-info.java,0.0,0.0,0.0,0.0,0.0,0.0,0.0,16.0,A,A
hibernate-core/src/main/java/org/hibernate/graph/package-info.java,0.0,0.0,0.0,0.0,0.0,0.0,0.0,17.0,A,A
hibernate-core/src/main/java/org/hibernate/loader/ast/package-info.java,0.0,0.0,0.0,1.0,0.0,1.0,0.0,14.0,A,A
hibernate-core/src/main/java/org/hibernate/loader/package-info.java,0.0,0.0,0.0,0.0,0.0,0.0,0.0,18.0,A,A
hibernate-core/src/main/java/org/hibernate/usertype/package-info.java,0.0,0.0,0.0,0.0,0.0,0.0,0.0,30.0,A,A
hibernate-core/src/main/java/org/hibernate/proxy/map/package-info.java,0.0,0.0,0.0,0.0,0.0,0.0,0.0,12.0,A,A
hibernate-core/src/main/java/org/hibernate/proxy/pojo/package-info.java,0.0,0.0,0.0,0.0,0.0,0.0,0.0,12.0,A,A
hibernate-core/src/main/java/org/hibernate/proxy/package-info.java,0.0,0.0,0.0,0.0,0.0,0.0,0.0,18.0,A,A
hibernate-core/src/main/java/org/hibernate/generator/package-info.java,0.0,0.0,0.0,0.0,0.0,0.0,0.0,15.0,A,A
hibernate-core/src/main/java/org/hibernate/jdbc/package-info.java,0.0,0.0,0.0,0.0,0.0,0.0,0.0,31.0,A,A
hibernate-core/src/main/java/org/hibernate/spi/package-info.java,0.0,0.0,0.0,0.0,0.0,0.0,0.0,12.0,A,A
hibernate-core/src/main/java/org/hibernate/exception/spi/package-info.java,0.0,0.0,0.0,0.0,0.0,0.0,0.0,13.0,A,A
hibernate-core/src/main/java/org/hibernate/exception/package-info.java,0.0,0.0,0.0,0.0,0.0,0.0,0.0,14.0,A,A
hibernate-core/src/main/java/org/hibernate/procedure/spi/package-info.java,0.0,0.0,0.0,0.0,0.0,0.0,0.0,12.0,A,A
hibernate-core/src/main/java/org/hibernate/procedure/internal/package-info.java,0.0,0.0,0.0,0.0,0.0,0.0,0.0,12.0,A,A
hibernate-core/src/main/java/org/hibernate/procedure/package-info.java,0.0,0.0,0.0,0.0,0.0,0.0,0.0,50.0,A,A
hibernate-core/src/main/java/org/hibernate/tuple/package-info.java,0.0,0.0,0.0,0.0,0.0,0.0,0.0,19.0,A,A
hibernate-core/src/main/java/org/hibernate/context/package-info.java,0.0,0.0,0.0,0.0,0.0,0.0,0.0,18.0,A,A
hibernate-core/src/main/java/org/hibernate/context/spi/package-info.java,0.0,0.0,0.0,0.0,0.0,0.0,0.0,12.0,A,A
hibernate-core/src/main/java/org/hibernate/context/internal/package-info.java,0.0,0.0,0.0,0.0,0.0,0.0,0.0,12.0,A,A
hibernate-core/src/main/java/org/hibernate/metadata/package-info.java,0.0,0.0,0.0,0.0,0.0,0.0,0.0,14.0,A,A
hibernate-core/src/main/java/org/hibernate/pretty/package-info.java,0.0,0.0,0.0,0.0,0.0,0.0,0.0,12.0,A,A
hibernate-core/src/main/java/org/hibernate/binder/internal/package-info.java,0.0,0.0,0.0,0.0,0.0,0.0,0.0,16.0,A,A
hibernate-core/src/main/java/org/hibernate/binder/package-info.java,0.0,0.0,0.0,0.0,0.0,0.0,0.0,30.0,A,A
hibernate-core/src/main/java/org/hibernate/relational/package-info.java,0.0,0.0,0.0,0.0,0.0,0.0,0.0,12.0,A,A
hibernate-core/src/main/java/org/hibernate/package-info.java,0.0,0.0,0.0,0.0,0.0,0.0,0.0,25.0,A,A
hibernate-core/src/main/java/org/hibernate/transform/package-info.java,0.0,0.0,0.0,0.0,0.0,0.0,0.0,17.0,A,A
hibernate-core/src/main/java/org/hibernate/integrator/spi/package-info.java,0.0,0.0,0.0,0.0,0.0,0.0,0.0,17.0,A,A
hibernate-core/src/main/java/org/hibernate/integrator/package-info.java,0.0,0.0,0.0,0.0,0.0,0.0,0.0,13.0,A,A
hibernate-core/src/main/java/org/hibernate/integrator/internal/package-info.java,0.0,0.0,0.0,0.0,0.0,0.0,0.0,13.0,A,A
hibernate-core/src/main/java/org/hibernate/classic/package-info.java,0.0,0.0,0.0,0.0,0.0,0.0,0.0,13.0,A,A
hibernate-testing/src/main/java/org/hibernate/testing/orm/domain/animal/package-info.java,0.0,0.0,0.0,0.0,0.0,0.0,0.0,12.0,A,A
hibernate-spatial/src/main/java/org/hibernate/spatial/dialect/cockroachdb/package-info.java,0.0,0.0,0.0,0.0,0.0,0.0,0.0,14.0,A,A
local-build-plugins/src/main/java/org/hibernate/orm/post/package-info.java,0.0,0.0,0.0,0.0,0.0,0.0,0.0,14.0,A,A
local-build-plugins/src/main/java/org/hibernate/orm/properties/package-info.java,0.0,0.0,0.0,0.0,0.0,0.0,0.0,17.0,A,A
hibernate-agroal/src/main/java/org/hibernate/agroal/internal/package-info.java,0.0,0.0,0.0,0.0,0.0,0.0,0.0,12.0,A,A
hibernate-jcache/src/main/java/org/hibernate/cache/jcache/package-info.java,0.0,0.0,0.0,0.0,0.0,0.0,0.0,12.0,A,A
hibernate-proxool/src/main/java/org/hibernate/proxool/internal/package-info.java,0.0,0.0,0.0,0.0,0.0,0.0,0.0,12.0,A,A
hibernate-hikaricp/src/main/java/org/hibernate/hikaricp/internal/package-info.java,0.0,0.0,0.0,0.0,0.0,0.0,0.0,12.0,A,A
hibernate-c3p0/src/main/java/org/hibernate/c3p0/internal/package-info.java,0.0,0.0,0.0,0.0,0.0,0.0,0.0,12.0,A,A
hibernate-vibur/src/main/java/org/hibernate/vibur/internal/package-info.java,0.0,0.0,0.0,0.0,0.0,0.0,0.0,12.0,A,A
hibernate-core/src/main/java/org/hibernate/boot/archive/scan/spi/PackageDescriptor.java,0.0,0.0,0.0,0.0,0.0,0.0,0.0,31.0,A,A
hibernate-core/src/main/java/org/hibernate/boot/archive/scan/internal/PackageDescriptorImpl.java,8.0,3.0,0.0,0.0,0.0,0.0,0.0,54.0,A,A
hibernate-testing/src/main/java/org/hibernate/testing/bytecode/enhancement/PackageEnhancementSelector.java,0.0,0.0,0.0,0.0,0.0,0.0,0.0,28.0,A,A
hibernate-testing/src/main/java/org/hibernate/testing/bytecode/enhancement/PackageEnhancementSelectors.java,0.0,0.0,0.0,0.0,0.0,0.0,0.0,24.0,A,A
hibernate-core/src/main/java/org/hibernate/boot/archive/scan/spi/PackageInfoArchiveEntryHandler.java,4.0,1.0,0.0,0.0,0.0,0.0,0.0,45.0,A,A
hibernate-testing/src/main/java/org/hibernate/testing/bytecode/enhancement/PackageSelector.java,2.0,0.0,0.0,0.0,0.0,0.0,0.0,26.0,A,A
hibernate-core/src/main/java/org/hibernate/query/Page.java,14.0,3.0,0.0,1.0,15.0,1.0,0.0,87.0,A,A
hibernate-envers/src/main/java/org/hibernate/envers/tools/Pair.java,14.0,8.0,0.0,2.0,7.0,2.0,0.0,67.0,A,A
hibernate-core/src/main/java/org/hibernate/annotations/ParamDef.java,0.0,0.0,0.0,0.0,0.0,0.0,0.0,56.0,A,A
hibernate-core/src/main/java/org/hibernate/annotations/Parameter.java,0.0,0.0,0.0,0.0,0.0,0.0,0.0,31.0,A,A
hibernate-core/src/main/java/org/hibernate/query/sqm/tree/jpa/ParameterCollector.java,50.0,25.0,0.0,2.0,5.0,2.0,0.0,333.0,A,A
hibernate-core/src/main/java/org/hibernate/query/sqm/internal/ParameterCollector.java,0.0,0.0,0.0,1.0,0.0,1.0,0.0,18.0,A,A
hibernate-core/src/main/java/org/hibernate/query/sqm/spi/ParameterDeclarationContext.java,0.0,0.0,0.0,0.0,0.0,0.0,0.0,25.0,A,A
hibernate-core/src/main/java/org/hibernate/query/sql/spi/ParameterInterpretation.java,0.0,0.0,0.0,0.0,0.0,0.0,0.0,32.0,A,A
hibernate-core/src/main/java/org/hibernate/usertype/ParameterizedType.java,0.0,0.0,0.0,0.0,0.0,0.0,0.0,26.0,A,A
hibernate-core/src/main/java/org/hibernate/type/internal/ParameterizedTypeImpl.java,15.0,11.0,0.0,0.0,0.0,0.0,0.0,98.0,A,A
hibernate-core/src/main/java/org/hibernate/query/ParameterLabelException.java,1.0,0.0,0.0,0.0,0.0,0.0,0.0,21.0,A,A
hibernate-core/src/main/java/org/hibernate/sql/ast/spi/ParameterMarkerStrategy.java,0.0,0.0,0.0,0.0,0.0,0.0,0.0,34.0,A,A
hibernate-core/src/main/java/org/hibernate/sql/ast/internal/ParameterMarkerStrategyInitiator.java,4.0,3.0,0.0,1.0,0.0,1.0,0.0,52.0,A,A
hibernate-core/src/main/java/org/hibernate/sql/ast/internal/ParameterMarkerStrategyStandard.java,3.0,1.0,0.0,1.0,0.0,1.0,0.0,32.0,A,A
hibernate-core/src/main/java/org/hibernate/query/ParameterMetadata.java,1.0,0.0,0.0,0.0,0.0,0.0,0.0,123.0,A,A
hibernate-core/src/main/java/org/hibernate/query/internal/ParameterMetadataImpl.java,54.0,61.0,0.0,3.0,18.0,3.0,0.0,312.0,A,A
hibernate-core/src/main/java/org/hibernate/query/spi/ParameterMetadataImplementor.java,2.0,0.0,0.0,0.0,0.0,0.0,0.0,49.0,A,A
hibernate-core/src/main/java/org/hibernate/procedure/ParameterMisuseException.java,1.0,0.0,0.0,0.0,0.0,0.0,0.0,21.0,A,A
hibernate-core/src/main/java/org/hibernate/boot/jaxb/mapping/marshall/ParameterModeMarshalling.java,4.0,2.0,0.0,1.0,5.0,1.0,0.0,25.0,A,A
hibernate-core/src/main/java/org/hibernate/query/sql/spi/ParameterOccurrence.java,3.0,0.0,0.0,0.0,0.0,0.0,0.0,32.0,A,A
hibernate-core/src/main/java/org/hibernate/query/sql/internal/ParameterParser.java,46.0,82.0,0.0,10.0,182.0,10.0,0.0,222.0,A,A
hibernate-core/src/main/java/org/hibernate/engine/query/ParameterRecognitionException.java,2.0,0.0,0.0,0.0,0.0,0.0,0.0,26.0,A,A
hibernate-core/src/main/java/org/hibernate/query/sql/spi/ParameterRecognizer.java,1.0,0.0,0.0,0.0,0.0,0.0,0.0,53.0,A,A
hibernate-core/src/main/java/org/hibernate/query/sql/internal/ParameterRecognizerImpl.java,30.0,30.0,0.0,1.0,8.0,1.0,0.0,201.0,A,A
hibernate-envers/src/main/java/org/hibernate/envers/internal/tools/query/Parameters.java,53.0,27.0,0.0,3.0,6.0,3.0,0.0,530.0,A,A
hibernate-core/src/main/java/org/hibernate/procedure/spi/ParameterStrategy.java,0.0,0.0,0.0,0.0,0.0,0.0,0.0,26.0,A,A
hibernate-core/src/main/java/org/hibernate/procedure/ParameterStrategyException.java,1.0,0.0,0.0,0.0,0.0,0.0,0.0,19.0,A,A
hibernate-core/src/main/java/org/hibernate/procedure/ParameterTypeException.java,1.0,0.0,0.0,0.0,0.0,0.0,0.0,21.0,A,A
hibernate-core/src/main/java/org/hibernate/engine/jdbc/mutation/ParameterUsage.java,0.0,0.0,0.0,0.0,0.0,0.0,0.0,25.0,A,A
hibernate-core/src/main/java/org/hibernate/engine/query/spi/ParamLocationRecognizer.java,36.0,26.0,0.0,5.0,46.0,5.0,0.0,246.0,A,A
hibernate-core/src/main/java/org/hibernate/annotations/Parent.java,0.0,0.0,0.0,0.0,0.0,0.0,0.0,24.0,A,A
hibernate-core/src/main/java/org/hibernate/jpa/boot/internal/ParsedPersistenceXmlDescriptor.java,33.0,0.0,0.0,1.0,0.0,1.0,0.0,201.0,A,A
hibernate-core/src/main/java/org/hibernate/metamodel/mapping/ordering/ast/ParseTreeVisitor.java,33.0,29.0,0.0,3.0,21.0,3.0,0.0,236.0,A,A
hibernate-core/src/main/java/org/hibernate/query/sqm/ParsingException.java,1.0,0.0,0.0,0.0,0.0,0.0,0.0,34.0,A,A
hibernate-jfr/src/main/java/org/hibernate/event/jfr/internal/PartialFlushEvent.java,1.0,0.0,0.0,1.0,10.0,1.0,0.0,51.0,A,A
hibernate-core/src/main/java/org/hibernate/annotations/PartitionKey.java,0.0,0.0,0.0,0.0,0.0,0.0,0.0,26.0,A,A
hibernate-testing/src/main/java/org/hibernate/testing/orm/domain/userguide/Partner.java,4.0,0.0,0.0,0.0,0.0,0.0,0.0,50.0,A,A
hibernate-core/src/main/java/org/hibernate/bytecode/internal/bytebuddy/PassThroughInterceptor.java,19.0,15.0,0.0,1.0,0.0,1.0,0.0,69.0,A,A
hibernate-core/src/main/java/org/hibernate/metamodel/mapping/ordering/ast/PathConsumer.java,6.0,2.0,0.0,0.0,0.0,0.0,0.0,74.0,A,A
hibernate-core/src/main/java/org/hibernate/query/sqm/PathElementException.java,1.0,0.0,0.0,0.0,0.0,0.0,0.0,26.0,A,A
hibernate-core/src/main/java/org/hibernate/query/PathException.java,3.0,0.0,0.0,0.0,0.0,0.0,0.0,29.0,A,A
hibernate-core/src/main/java/org/hibernate/metamodel/model/domain/internal/PathHelper.java,2.0,1.0,0.0,1.0,5.0,1.0,0.0,20.0,A,A
hibernate-core/src/main/java/org/hibernate/graph/internal/parse/PathQualifierType.java,7.0,2.0,0.0,0.0,0.0,0.0,0.0,68.0,A,A
hibernate-core/src/main/java/org/hibernate/metamodel/mapping/ordering/ast/PathResolutionException.java,2.0,0.0,0.0,0.0,0.0,0.0,0.0,25.0,A,A
hibernate-core/src/main/java/org/hibernate/query/sqm/function/PatternBasedSqmFunctionDescriptor.java,9.0,4.0,0.0,1.0,5.0,1.0,0.0,123.0,A,A
hibernate-core/src/main/java/org/hibernate/query/sqm/produce/function/PatternFunctionDescriptorBuilder.java,12.0,0.0,0.0,0.0,0.0,0.0,0.0,103.0,A,A
hibernate-core/src/main/java/org/hibernate/query/sqm/produce/function/internal/PatternRenderer.java,45.0,75.0,0.0,5.0,85.0,5.0,0.0,271.0,A,A
hibernate-testing/src/main/java/org/hibernate/testing/orm/domain/userguide/Payment.java,10.0,0.0,0.0,0.0,0.0,0.0,0.0,86.0,A,A
hibernate-testing/src/main/java/org/hibernate/testing/orm/domain/retail/Payment.java,6.0,0.0,0.0,2.0,4.0,2.0,0.0,51.0,A,A
hibernate-core/src/main/java/org/hibernate/event/spi/PersistContext.java,3.0,0.0,0.0,0.0,0.0,0.0,0.0,39.0,A,A
hibernate-core/src/main/java/org/hibernate/engine/spi/PersistenceContext.java,1.0,0.0,0.0,11.0,95.0,11.0,0.0,862.0,A,A
hibernate-core/src/main/java/org/hibernate/cfg/PersistenceSettings.java,0.0,0.0,0.0,3.0,30.0,3.0,0.0,186.0,A,A
hibernate-core/src/main/java/org/hibernate/cfg/PersistenceStandardNamingStrategy.java,17.0,9.0,0.0,1.0,10.0,1.0,0.0,91.0,A,A
hibernate-core/src/main/java/org/hibernate/jpa/boot/spi/PersistenceUnitDescriptor.java,0.0,0.0,0.0,0.0,0.0,0.0,0.0,93.0,A,A
hibernate-testing/src/main/java/org/hibernate/testing/orm/jpa/PersistenceUnitDescriptorAdapter.java,19.0,1.0,0.0,1.0,5.0,1.0,0.0,123.0,A,A
hibernate-testing/src/main/java/org/hibernate/testing/orm/jpa/PersistenceUnitInfoAdapter.java,18.0,1.0,0.0,1.0,5.0,1.0,0.0,105.0,A,A
hibernate-testing/src/main/java/org/hibernate/testing/util/jpa/PersistenceUnitInfoAdapter.java,19.0,0.0,0.0,1.0,5.0,1.0,0.0,117.0,A,A
hibernate-core/src/main/java/org/hibernate/jpa/boot/internal/PersistenceUnitInfoDescriptor.java,21.0,2.0,0.0,1.0,5.0,1.0,0.0,135.0,A,A
hibernate-testing/src/main/java/org/hibernate/testing/orm/jpa/PersistenceUnitInfoImpl.java,28.0,4.0,0.0,1.0,5.0,1.0,0.0,163.0,A,A
hibernate-testing/src/main/java/org/hibernate/testing/util/jpa/PersistenceUnitInfoPropertiesWrapper.java,20.0,1.0,0.0,2.0,5.0,2.0,0.0,131.0,A,A
hibernate-core/src/main/java/org/hibernate/jpa/internal/util/PersistenceUnitTransactionTypeHelper.java,7.0,6.0,0.0,0.0,0.0,0.0,0.0,43.0,A,A
hibernate-core/src/main/java/org/hibernate/jpa/internal/PersistenceUnitUtilImpl.java,12.0,10.0,0.0,0.0,0.0,0.0,0.0,113.0,A,A
hibernate-core/src/main/java/org/hibernate/jpa/internal/util/PersistenceUtilHelper.java,53.0,62.0,0.0,4.0,70.0,4.0,0.0,441.0,A,A
hibernate-core/src/main/java/org/hibernate/jpa/boot/internal/PersistenceXmlParser.java,80.0,101.0,0.0,19.0,172.0,20.0,1.0,578.0,A,E
hibernate-core/src/main/java/org/hibernate/collection/spi/PersistentArrayHolder.java,45.0,26.0,0.0,6.0,30.0,6.0,0.0,277.0,A,A
hibernate-core/src/main/java/org/hibernate/metamodel/model/domain/PersistentAttribute.java,0.0,0.0,0.0,0.0,0.0,0.0,0.0,33.0,A,A
hibernate-core/src/main/java/org/hibernate/boot/jaxb/mapping/PersistentAttribute.java,0.0,0.0,0.0,0.0,0.0,0.0,0.0,36.0,A,A
hibernate-core/src/main/java/org/hibernate/boot/model/internal/PersistentAttributeFilter.java,2.0,0.0,0.0,1.0,0.0,1.0,0.0,31.0,A,A
hibernate-core/src/main/java/org/hibernate/engine/spi/PersistentAttributeInterceptable.java,1.0,0.0,0.0,0.0,0.0,0.0,0.0,27.0,A,A
hibernate-core/src/main/java/org/hibernate/engine/spi/PersistentAttributeInterceptor.java,3.0,0.0,0.0,3.0,30.0,3.0,0.0,97.0,A,A
hibernate-core/src/main/java/org/hibernate/bytecode/enhance/internal/bytebuddy/PersistentAttributeTransformer.java,70.0,62.0,0.0,5.0,20.0,5.0,0.0,432.0,A,A
hibernate-core/src/main/java/org/hibernate/collection/spi/PersistentBag.java,115.0,88.0,0.0,3.0,15.0,3.0,0.0,662.0,A,A
hibernate-core/src/main/java/org/hibernate/mapping/PersistentClass.java,246.0,158.0,0.0,19.0,174.0,19.0,0.0,1265.0,A,A
hibernate-envers/src/main/java/org/hibernate/envers/configuration/internal/PersistentClassGraphDefiner.java,7.0,1.0,0.0,0.0,0.0,0.0,0.0,61.0,A,A
hibernate-core/src/main/java/org/hibernate/mapping/PersistentClassVisitor.java,0.0,0.0,0.0,0.0,0.0,0.0,0.0,19.0,A,A
hibernate-core/src/main/java/org/hibernate/collection/spi/PersistentCollection.java,9.0,2.0,0.0,5.0,25.0,5.0,0.0,531.0,A,A
hibernate-envers/src/main/java/org/hibernate/envers/internal/entities/mapper/PersistentCollectionChangeData.java,9.0,4.0,0.0,0.0,0.0,0.0,0.0,71.0,A,A
hibernate-envers/src/main/java/org/hibernate/envers/internal/synchronization/work/PersistentCollectionChangeWorkUnit.java,35.0,26.0,0.0,3.0,52.0,3.0,0.0,245.0,A,A
hibernate-envers/src/main/java/org/hibernate/envers/boot/model/PersistentEntity.java,4.0,0.0,0.0,1.0,2.0,1.0,0.0,42.0,A,A
hibernate-envers/src/main/java/org/hibernate/envers/configuration/internal/metadata/PersistentEntityInstantiator.java,15.0,3.0,0.0,0.0,0.0,0.0,0.0,121.0,A,A
hibernate-core/src/main/java/org/hibernate/collection/spi/PersistentIdentifierBag.java,86.0,53.0,0.0,2.0,0.0,2.0,0.0,510.0,A,A
hibernate-core/src/main/java/org/hibernate/id/PersistentIdentifierGenerator.java,0.0,0.0,0.0,0.0,0.0,0.0,0.0,59.0,A,A
hibernate-core/src/main/java/org/hibernate/collection/spi/PersistentList.java,107.0,65.0,0.0,4.0,25.0,4.0,0.0,575.0,A,A
hibernate-core/src/main/java/org/hibernate/collection/spi/PersistentMap.java,98.0,37.0,0.0,3.0,10.0,3.0,0.0,560.0,A,A
hibernate-core/src/main/java/org/hibernate/PersistentObjectException.java,1.0,0.0,0.0,0.0,0.0,0.0,0.0,25.0,A,A
hibernate-envers/src/main/java/org/hibernate/envers/configuration/internal/metadata/reader/PersistentPropertiesSource.java,14.0,1.0,0.0,0.0,0.0,0.0,0.0,133.0,A,A
hibernate-core/src/main/java/org/hibernate/collection/spi/PersistentSet.java,79.0,57.0,0.0,1.0,5.0,1.0,0.0,467.0,A,A
hibernate-core/src/main/java/org/hibernate/collection/spi/PersistentSortedMap.java,31.0,1.0,0.0,1.0,5.0,1.0,0.0,221.0,A,A
hibernate-core/src/main/java/org/hibernate/collection/spi/PersistentSortedSet.java,19.0,1.0,0.0,0.0,0.0,0.0,0.0,154.0,A,A
hibernate-core/src/main/java/org/hibernate/query/sqm/mutation/internal/temptable/PersistentTableInsertStrategy.java,3.0,0.0,0.0,0.0,0.0,0.0,0.0,46.0,A,A
hibernate-core/src/main/java/org/hibernate/query/sqm/mutation/internal/temptable/PersistentTableMutationStrategy.java,5.0,0.0,0.0,0.0,0.0,0.0,0.0,62.0,A,A
hibernate-core/src/main/java/org/hibernate/query/sqm/mutation/internal/temptable/PersistentTableStrategy.java,10.0,10.0,0.0,4.0,17.0,4.0,0.0,174.0,A,A
hibernate-core/src/main/java/org/hibernate/annotations/Persister.java,0.0,0.0,0.0,1.0,10.0,1.0,0.0,33.0,A,A
hibernate-core/src/main/java/org/hibernate/persister/spi/PersisterClassResolver.java,0.0,0.0,0.0,0.0,0.0,0.0,0.0,48.0,A,A
hibernate-core/src/main/java/org/hibernate/persister/internal/PersisterClassResolverInitiator.java,6.0,4.0,0.0,2.0,15.0,2.0,0.0,56.0,A,A
hibernate-core/src/main/java/org/hibernate/persister/spi/PersisterCreationContext.java,2.0,0.0,0.0,1.0,10.0,1.0,0.0,40.0,A,A
hibernate-core/src/main/java/org/hibernate/persister/spi/PersisterFactory.java,2.0,0.0,0.0,2.0,20.0,2.0,0.0,99.0,A,A
hibernate-core/src/main/java/org/hibernate/persister/internal/PersisterFactoryImpl.java,13.0,20.0,0.0,6.0,80.0,6.0,0.0,283.0,A,A
hibernate-core/src/main/java/org/hibernate/persister/internal/PersisterFactoryInitiator.java,6.0,4.0,0.0,2.0,15.0,2.0,0.0,57.0,A,A
hibernate-core/src/main/java/org/hibernate/event/spi/PersistEvent.java,7.0,1.0,0.0,0.0,0.0,0.0,0.0,51.0,A,A
hibernate-core/src/main/java/org/hibernate/event/spi/PersistEventListener.java,0.0,0.0,0.0,0.0,0.0,0.0,0.0,33.0,A,A
hibernate-testing/src/main/java/org/hibernate/testing/orm/domain/userguide/Person.java,13.0,0.0,0.0,0.0,0.0,0.0,0.0,270.0,A,A
hibernate-testing/src/main/java/org/hibernate/testing/orm/domain/userguide/PersonNames.java,3.0,0.0,0.0,0.0,0.0,0.0,0.0,33.0,A,A
hibernate-testing/src/main/java/org/hibernate/testing/orm/domain/userguide/PersonPhoneCount.java,3.0,0.0,0.0,0.0,0.0,0.0,0.0,31.0,A,A
hibernate-core/src/main/java/org/hibernate/dialect/lock/PessimisticEntityLockException.java,1.0,0.0,0.0,0.0,0.0,0.0,0.0,28.0,A,A
hibernate-core/src/main/java/org/hibernate/dialect/lock/PessimisticForceIncrementLockingStrategy.java,5.0,2.0,0.0,0.0,0.0,0.0,0.0,64.0,A,A
hibernate-core/src/main/java/org/hibernate/PessimisticLockException.java,1.0,0.0,0.0,0.0,0.0,0.0,0.0,28.0,A,A
hibernate-core/src/main/java/org/hibernate/jpa/internal/util/PessimisticNumberParser.java,10.0,11.0,0.0,0.0,0.0,0.0,0.0,59.0,A,A
hibernate-core/src/main/java/org/hibernate/dialect/lock/PessimisticReadSelectLockingStrategy.java,8.0,8.0,0.0,1.0,20.0,1.0,0.0,121.0,A,A
hibernate-core/src/main/java/org/hibernate/dialect/lock/PessimisticReadUpdateLockingStrategy.java,11.0,11.0,0.0,2.0,20.0,2.0,0.0,140.0,A,A
hibernate-core/src/main/java/org/hibernate/dialect/lock/PessimisticWriteSelectLockingStrategy.java,8.0,8.0,0.0,1.0,20.0,1.0,0.0,124.0,A,A
hibernate-core/src/main/java/org/hibernate/dialect/lock/PessimisticWriteUpdateLockingStrategy.java,11.0,11.0,0.0,2.0,20.0,2.0,0.0,138.0,A,A
hibernate-testing/src/main/java/org/hibernate/testing/orm/domain/animal/PettingZoo.java,0.0,0.0,0.0,0.0,0.0,0.0,0.0,17.0,A,A
hibernate-spatial/src/main/java/org/hibernate/spatial/dialect/postgis/PGCastingGeographyJdbcType.java,3.0,0.0,0.0,0.0,0.0,0.0,0.0,39.0,A,A
hibernate-spatial/src/main/java/org/hibernate/spatial/dialect/postgis/PGCastingGeometryJdbcType.java,3.0,0.0,0.0,0.0,0.0,0.0,0.0,39.0,A,A
hibernate-spatial/src/main/java/org/hibernate/spatial/dialect/postgis/PGGeographyJdbcType.java,4.0,0.0,0.0,0.0,0.0,0.0,0.0,43.0,A,A
hibernate-spatial/src/main/java/org/hibernate/spatial/dialect/postgis/PGGeometryJdbcType.java,4.0,0.0,0.0,0.0,0.0,0.0,0.0,44.0,A,A
hibernate-core/src/main/java/org/hibernate/dialect/PgJdbcHelper.java,7.0,3.0,0.0,1.0,5.0,1.0,0.0,72.0,A,A
hibernate-vector/src/main/java/org/hibernate/vector/PGVectorFunctionContributor.java,3.0,1.0,0.0,0.0,0.0,0.0,0.0,99.0,A,A
hibernate-vector/src/main/java/org/hibernate/vector/PGVectorTypeContributor.java,5.0,6.0,0.0,0.0,0.0,0.0,0.0,72.0,A,A
hibernate-testing/src/main/java/org/hibernate/testing/orm/domain/userguide/Phone.java,13.0,0.0,0.0,0.0,0.0,0.0,0.0,154.0,A,A
hibernate-testing/src/main/java/org/hibernate/testing/orm/domain/contacts/PhoneNumber.java,10.0,0.0,0.0,0.0,0.0,0.0,0.0,73.0,A,A
hibernate-testing/src/main/java/org/hibernate/testing/orm/domain/userguide/PhoneType.java,0.0,0.0,0.0,0.0,0.0,0.0,0.0,18.0,A,A
hibernate-core/src/main/java/org/hibernate/resource/jdbc/spi/PhysicalConnectionHandlingMode.java,14.0,10.0,0.0,0.0,0.0,0.0,0.0,124.0,A,A
hibernate-core/src/main/java/org/hibernate/resource/jdbc/spi/PhysicalJdbcTransaction.java,0.0,0.0,0.0,0.0,0.0,0.0,0.0,18.0,A,A
hibernate-core/src/main/java/org/hibernate/boot/model/naming/PhysicalNamingStrategy.java,1.0,0.0,0.0,0.0,0.0,0.0,0.0,77.0,A,A
hibernate-core/src/main/java/org/hibernate/boot/model/naming/PhysicalNamingStrategyStandardImpl.java,5.0,0.0,0.0,1.0,0.0,1.0,0.0,50.0,A,A
hibernate-core/src/main/java/org/hibernate/boot/model/internal/PkDrivenByDefaultMapsIdSecondPass.java,5.0,1.0,0.0,1.0,0.0,1.0,0.0,56.0,A,A
hibernate-envers/src/main/java/org/hibernate/envers/boot/model/PluralAttribute.java,0.0,0.0,0.0,0.0,0.0,0.0,0.0,17.0,A,A
hibernate-core/src/main/java/org/hibernate/metamodel/model/domain/internal/PluralAttributeBuilder.java,24.0,12.0,0.0,1.0,20.0,1.0,0.0,179.0,A,A
hibernate-core/src/main/java/org/hibernate/boot/model/source/spi/PluralAttributeElementNature.java,4.0,0.0,0.0,0.0,0.0,0.0,0.0,57.0,A,A
hibernate-core/src/main/java/org/hibernate/boot/model/source/spi/PluralAttributeElementSource.java,0.0,0.0,0.0,0.0,0.0,0.0,0.0,16.0,A,A
hibernate-core/src/main/java/org/hibernate/boot/model/source/spi/PluralAttributeElementSourceAssociation.java,0.0,0.0,0.0,0.0,0.0,0.0,0.0,15.0,A,A
hibernate-core/src/main/java/org/hibernate/boot/model/source/spi/PluralAttributeElementSourceBasic.java,0.0,0.0,0.0,0.0,0.0,0.0,0.0,23.0,A,A
hibernate-core/src/main/java/org/hibernate/boot/model/source/internal/hbm/PluralAttributeElementSourceBasicImpl.java,18.0,0.0,0.0,0.0,0.0,0.0,0.0,136.0,A,A
hibernate-core/src/main/java/org/hibernate/boot/model/source/spi/PluralAttributeElementSourceEmbedded.java,0.0,0.0,0.0,0.0,0.0,0.0,0.0,19.0,A,A
hibernate-core/src/main/java/org/hibernate/boot/model/source/internal/hbm/PluralAttributeElementSourceEmbeddedImpl.java,11.0,2.0,0.0,0.0,0.0,0.0,0.0,104.0,A,A
hibernate-core/src/main/java/org/hibernate/boot/model/source/spi/PluralAttributeElementSourceManyToAny.java,0.0,0.0,0.0,0.0,0.0,0.0,0.0,18.0,A,A
hibernate-core/src/main/java/org/hibernate/boot/model/source/internal/hbm/PluralAttributeElementSourceManyToAnyImpl.java,18.0,4.0,0.0,2.0,35.0,2.0,0.0,159.0,A,A
hibernate-core/src/main/java/org/hibernate/boot/model/source/spi/PluralAttributeElementSourceManyToMany.java,0.0,0.0,0.0,0.0,0.0,0.0,0.0,34.0,A,A
hibernate-core/src/main/java/org/hibernate/boot/model/source/internal/hbm/PluralAttributeElementSourceManyToManyImpl.java,29.0,4.0,0.0,1.0,0.0,1.0,0.0,194.0,A,A
hibernate-core/src/main/java/org/hibernate/boot/model/source/spi/PluralAttributeElementSourceOneToMany.java,0.0,0.0,0.0,0.0,0.0,0.0,0.0,22.0,A,A
hibernate-core/src/main/java/org/hibernate/boot/model/source/internal/hbm/PluralAttributeElementSourceOneToManyImpl.java,7.0,2.0,0.0,1.0,5.0,1.0,0.0,59.0,A,A
hibernate-core/src/main/java/org/hibernate/boot/model/source/spi/PluralAttributeIndexNature.java,0.0,0.0,0.0,0.0,0.0,0.0,0.0,36.0,A,A
hibernate-core/src/main/java/org/hibernate/boot/model/source/spi/PluralAttributeIndexSource.java,0.0,0.0,0.0,0.0,0.0,0.0,0.0,30.0,A,A
hibernate-core/src/main/java/org/hibernate/boot/jaxb/hbm/spi/PluralAttributeInfo.java,0.0,0.0,0.0,2.0,5.0,2.0,0.0,75.0,A,A
hibernate-core/src/main/java/org/hibernate/boot/jaxb/hbm/spi/PluralAttributeInfoIdBagAdapter.java,2.0,0.0,0.0,0.0,0.0,0.0,0.0,29.0,A,A
hibernate-core/src/main/java/org/hibernate/boot/jaxb/hbm/spi/PluralAttributeInfoPrimitiveArrayAdapter.java,8.0,0.0,0.0,0.0,0.0,0.0,0.0,57.0,A,A
hibernate-core/src/main/java/org/hibernate/boot/model/source/spi/PluralAttributeKeySource.java,0.0,0.0,0.0,0.0,0.0,0.0,0.0,20.0,A,A
hibernate-core/src/main/java/org/hibernate/boot/model/source/internal/hbm/PluralAttributeKeySourceImpl.java,26.0,11.0,0.0,3.0,8.0,3.0,0.0,172.0,A,A
hibernate-core/src/main/java/org/hibernate/boot/model/source/spi/PluralAttributeMapKeyManyToAnySource.java,0.0,0.0,0.0,0.0,0.0,0.0,0.0,15.0,A,A
hibernate-core/src/main/java/org/hibernate/boot/model/source/internal/hbm/PluralAttributeMapKeyManyToAnySourceImpl.java,24.0,1.0,0.0,2.0,35.0,2.0,0.0,194.0,A,A
hibernate-core/src/main/java/org/hibernate/boot/model/source/spi/PluralAttributeMapKeyManyToManySource.java,0.0,0.0,0.0,0.0,0.0,0.0,0.0,21.0,A,A
hibernate-core/src/main/java/org/hibernate/boot/model/source/internal/hbm/PluralAttributeMapKeyManyToManySourceImpl.java,24.0,2.0,0.0,0.0,0.0,0.0,0.0,171.0,A,A
hibernate-core/src/main/java/org/hibernate/boot/model/source/spi/PluralAttributeMapKeySource.java,0.0,0.0,0.0,0.0,0.0,0.0,0.0,49.0,A,A
hibernate-core/src/main/java/org/hibernate/boot/model/source/spi/PluralAttributeMapKeySourceBasic.java,0.0,0.0,0.0,0.0,0.0,0.0,0.0,14.0,A,A
hibernate-core/src/main/java/org/hibernate/boot/model/source/internal/hbm/PluralAttributeMapKeySourceBasicImpl.java,20.0,0.0,0.0,0.0,0.0,0.0,0.0,151.0,A,A
hibernate-core/src/main/java/org/hibernate/boot/model/source/spi/PluralAttributeMapKeySourceEmbedded.java,0.0,0.0,0.0,0.0,0.0,0.0,0.0,15.0,A,A
hibernate-core/src/main/java/org/hibernate/boot/model/source/internal/hbm/PluralAttributeMapKeySourceEmbeddedImpl.java,16.0,0.0,0.0,1.0,5.0,1.0,0.0,142.0,A,A
hibernate-core/src/main/java/org/hibernate/metamodel/mapping/PluralAttributeMapping.java,25.0,6.0,0.0,0.0,0.0,0.0,0.0,209.0,A,A
hibernate-core/src/main/java/org/hibernate/metamodel/mapping/internal/PluralAttributeMappingImpl.java,141.0,94.0,0.0,9.0,75.0,9.0,0.0,1216.0,A,A
hibernate-core/src/main/java/org/hibernate/metamodel/internal/PluralAttributeMetadata.java,0.0,0.0,0.0,1.0,5.0,1.0,0.0,40.0,A,A
hibernate-core/src/main/java/org/hibernate/metamodel/internal/PluralAttributeMetadataImpl.java,41.0,33.0,0.0,1.0,6.0,1.0,0.0,228.0,A,A
hibernate-core/src/main/java/org/hibernate/boot/model/source/spi/PluralAttributeNature.java,3.0,0.0,0.0,0.0,0.0,0.0,0.0,43.0,A,A
hibernate-core/src/main/java/org/hibernate/metamodel/mapping/ordering/ast/PluralAttributePath.java,13.0,13.0,0.0,0.0,0.0,0.0,0.0,121.0,A,A
hibernate-core/src/main/java/org/hibernate/boot/model/source/spi/PluralAttributeSequentialIndexSource.java,0.0,0.0,0.0,0.0,0.0,0.0,0.0,24.0,A,A
hibernate-core/src/main/java/org/hibernate/boot/model/source/internal/hbm/PluralAttributeSequentialIndexSourceImpl.java,21.0,4.0,0.0,0.0,0.0,0.0,0.0,159.0,A,A
hibernate-core/src/main/java/org/hibernate/boot/model/source/spi/PluralAttributeSource.java,0.0,0.0,0.0,0.0,0.0,0.0,0.0,70.0,A,A
hibernate-core/src/main/java/org/hibernate/boot/model/source/spi/PluralAttributeSourceArray.java,0.0,0.0,0.0,0.0,0.0,0.0,0.0,17.0,A,A
hibernate-core/src/main/java/org/hibernate/boot/model/source/internal/hbm/PluralAttributeSourceArrayImpl.java,7.0,2.0,0.0,0.0,0.0,0.0,0.0,65.0,A,A
hibernate-core/src/main/java/org/hibernate/boot/model/source/internal/hbm/PluralAttributeSourceBagImpl.java,6.0,0.0,0.0,0.0,0.0,0.0,0.0,54.0,A,A
hibernate-core/src/main/java/org/hibernate/boot/model/source/internal/hbm/PluralAttributeSourceIdBagImpl.java,19.0,3.0,0.0,0.0,0.0,0.0,0.0,169.0,A,A
hibernate-core/src/main/java/org/hibernate/boot/model/source/internal/hbm/PluralAttributeSourceListImpl.java,6.0,2.0,0.0,0.0,0.0,0.0,0.0,53.0,A,A
hibernate-core/src/main/java/org/hibernate/boot/model/source/internal/hbm/PluralAttributeSourceMapImpl.java,17.0,10.0,0.0,0.0,0.0,0.0,0.0,122.0,A,A
hibernate-core/src/main/java/org/hibernate/boot/model/source/internal/hbm/PluralAttributeSourcePrimitiveArrayImpl.java,7.0,2.0,0.0,0.0,0.0,0.0,0.0,64.0,A,A
hibernate-core/src/main/java/org/hibernate/boot/model/source/internal/hbm/PluralAttributeSourceSetImpl.java,9.0,1.0,0.0,0.0,0.0,0.0,0.0,67.0,A,A
hibernate-core/src/main/java/org/hibernate/metamodel/model/domain/PluralPersistentAttribute.java,2.0,0.0,0.0,0.0,0.0,0.0,0.0,48.0,A,A
hibernate-core/src/main/java/org/hibernate/sql/ast/tree/from/PluralTableGroup.java,3.0,1.0,0.0,1.0,5.0,1.0,0.0,34.0,A,A
hibernate-core/src/main/java/org/hibernate/query/sqm/sql/internal/PluralValuedSimplePathInterpretation.java,5.0,0.0,0.0,0.0,0.0,0.0,0.0,75.0,A,A
hibernate-core/src/main/java/org/hibernate/tuple/PojoInstantiator.java,14.0,10.0,0.0,4.0,40.0,4.0,0.0,126.0,A,A
hibernate-core/src/main/java/org/hibernate/metamodel/internal/PojoInstantiatorImpl.java,4.0,2.0,0.0,3.0,30.0,3.0,0.0,49.0,A,A
hibernate-core/src/main/java/org/hibernate/annotations/Polymorphism.java,0.0,0.0,0.0,1.0,10.0,1.0,0.0,65.0,A,A
hibernate-core/src/main/java/org/hibernate/annotations/PolymorphismType.java,6.0,8.0,0.0,1.0,10.0,1.0,0.0,56.0,A,A
hibernate-core/src/main/java/org/hibernate/boot/jaxb/mapping/marshall/PolymorphismTypeMarshalling.java,4.0,2.0,0.0,1.0,5.0,1.0,0.0,23.0,A,A
hibernate-core/src/main/java/org/hibernate/id/enhanced/PooledLoOptimizer.java,15.0,16.0,0.0,1.0,10.0,1.0,0.0,129.0,A,A
hibernate-core/src/main/java/org/hibernate/id/enhanced/PooledLoThreadLocalOptimizer.java,14.0,10.0,0.0,1.0,10.0,1.0,0.0,116.0,A,A
hibernate-core/src/main/java/org/hibernate/id/enhanced/PooledOptimizer.java,21.0,22.0,0.0,1.0,10.0,1.0,0.0,171.0,A,A
hibernate-core/src/main/java/org/hibernate/query/results/PositionalSelectionsNotAllowedException.java,1.0,0.0,0.0,0.0,0.0,0.0,0.0,19.0,A,A
hibernate-core/src/main/java/org/hibernate/event/spi/PostActionEventListener.java,0.0,0.0,0.0,0.0,0.0,0.0,0.0,25.0,A,A
hibernate-core/src/main/java/org/hibernate/event/spi/PostCollectionRecreateEvent.java,1.0,0.0,0.0,0.0,0.0,0.0,0.0,32.0,A,A
hibernate-core/src/main/java/org/hibernate/event/spi/PostCollectionRecreateEventListener.java,0.0,0.0,0.0,0.0,0.0,0.0,0.0,17.0,A,A
hibernate-core/src/main/java/org/hibernate/event/spi/PostCollectionRemoveEvent.java,1.0,0.0,0.0,0.0,0.0,0.0,0.0,26.0,A,A
hibernate-core/src/main/java/org/hibernate/event/spi/PostCollectionRemoveEventListener.java,0.0,0.0,0.0,0.0,0.0,0.0,0.0,17.0,A,A
hibernate-core/src/main/java/org/hibernate/event/spi/PostCollectionUpdateEvent.java,1.0,0.0,0.0,0.0,0.0,0.0,0.0,31.0,A,A
hibernate-core/src/main/java/org/hibernate/event/spi/PostCollectionUpdateEventListener.java,0.0,0.0,0.0,0.0,0.0,0.0,0.0,17.0,A,A
hibernate-core/src/main/java/org/hibernate/event/spi/PostCommitDeleteEventListener.java,0.0,0.0,0.0,0.0,0.0,0.0,0.0,22.0,A,A
hibernate-core/src/main/java/org/hibernate/event/service/internal/PostCommitEventListenerGroupImpl.java,8.0,5.0,0.0,1.0,5.0,1.0,0.0,76.0,A,A
hibernate-core/src/main/java/org/hibernate/event/spi/PostCommitInsertEventListener.java,0.0,0.0,0.0,0.0,0.0,0.0,0.0,22.0,A,A
hibernate-core/src/main/java/org/hibernate/event/spi/PostCommitUpdateEventListener.java,0.0,0.0,0.0,0.0,0.0,0.0,0.0,22.0,A,A
hibernate-core/src/main/java/org/hibernate/event/spi/PostDeleteEvent.java,5.0,0.0,0.0,0.0,0.0,0.0,0.0,51.0,A,A
hibernate-core/src/main/java/org/hibernate/event/spi/PostDeleteEventListener.java,0.0,0.0,0.0,0.0,0.0,0.0,0.0,17.0,A,A
hibernate-core/src/main/java/org/hibernate/event/internal/PostDeleteEventListenerStandardImpl.java,3.0,0.0,0.0,0.0,0.0,0.0,0.0,41.0,A,A
hibernate-spatial/src/main/java/org/hibernate/spatial/dialect/postgis/PostgisDialectContributor.java,7.0,2.0,0.0,0.0,0.0,0.0,0.0,56.0,A,A
hibernate-spatial/src/main/java/org/hibernate/spatial/dialect/postgis/PostgisPG10Dialect.java,2.0,0.0,0.0,2.0,15.0,2.0,0.0,31.0,A,A
hibernate-spatial/src/main/java/org/hibernate/spatial/dialect/postgis/PostgisPG93Dialect.java,2.0,0.0,0.0,1.0,10.0,1.0,0.0,30.0,A,A
hibernate-spatial/src/main/java/org/hibernate/spatial/dialect/postgis/PostgisPG94Dialect.java,2.0,0.0,0.0,1.0,10.0,1.0,0.0,30.0,A,A
hibernate-spatial/src/main/java/org/hibernate/spatial/dialect/postgis/PostgisPG95Dialect.java,2.0,0.0,0.0,1.0,10.0,1.0,0.0,28.0,A,A
hibernate-spatial/src/main/java/org/hibernate/spatial/dialect/postgis/PostgisSqmFunctionDescriptors.java,4.0,0.0,0.0,2.0,7.0,2.0,0.0,89.0,A,A
hibernate-core/src/main/java/org/hibernate/dialect/PostgresPlusDialect.java,19.0,5.0,0.0,1.0,5.0,1.0,0.0,125.0,A,A
hibernate-community-dialects/src/main/java/org/hibernate/community/dialect/PostgresPlusLegacyDialect.java,18.0,5.0,0.0,1.0,5.0,1.0,0.0,112.0,A,A
hibernate-community-dialects/src/main/java/org/hibernate/community/dialect/PostgreSQL10Dialect.java,1.0,0.0,0.0,1.0,10.0,1.0,0.0,26.0,A,A
hibernate-community-dialects/src/main/java/org/hibernate/community/dialect/PostgreSQL81Dialect.java,1.0,0.0,0.0,1.0,10.0,1.0,0.0,23.0,A,A
hibernate-community-dialects/src/main/java/org/hibernate/community/dialect/PostgreSQL82Dialect.java,1.0,0.0,0.0,1.0,10.0,1.0,0.0,26.0,A,A
hibernate-community-dialects/src/main/java/org/hibernate/community/dialect/PostgreSQL91Dialect.java,1.0,0.0,0.0,1.0,10.0,1.0,0.0,27.0,A,A
hibernate-community-dialects/src/main/java/org/hibernate/community/dialect/PostgreSQL92Dialect.java,1.0,0.0,0.0,1.0,10.0,1.0,0.0,28.0,A,A
hibernate-community-dialects/src/main/java/org/hibernate/community/dialect/PostgreSQL93Dialect.java,1.0,0.0,0.0,1.0,10.0,1.0,0.0,27.0,A,A
hibernate-community-dialects/src/main/java/org/hibernate/community/dialect/PostgreSQL94Dialect.java,1.0,0.0,0.0,1.0,10.0,1.0,0.0,25.0,A,A
hibernate-community-dialects/src/main/java/org/hibernate/community/dialect/PostgreSQL95Dialect.java,1.0,0.0,0.0,1.0,10.0,1.0,0.0,25.0,A,A
hibernate-community-dialects/src/main/java/org/hibernate/community/dialect/PostgreSQL9Dialect.java,1.0,0.0,0.0,1.0,10.0,1.0,0.0,27.0,A,A
hibernate-core/src/main/java/org/hibernate/dialect/aggregate/PostgreSQLAggregateSupport.java,36.0,21.0,0.0,9.0,48.0,9.0,0.0,270.0,A,A
hibernate-core/src/main/java/org/hibernate/dialect/function/array/PostgreSQLArrayConcatElementFunction.java,12.0,14.0,0.0,0.0,0.0,0.0,0.0,99.0,A,A
hibernate-core/src/main/java/org/hibernate/dialect/function/array/PostgreSQLArrayConcatFunction.java,3.0,1.0,0.0,0.0,0.0,0.0,0.0,45.0,A,A
hibernate-core/src/main/java/org/hibernate/dialect/function/array/PostgreSQLArrayConstructorFunction.java,7.0,7.0,0.0,0.0,0.0,0.0,0.0,63.0,A,A
hibernate-core/src/main/java/org/hibernate/dialect/function/array/PostgreSQLArrayFillFunction.java,7.0,5.0,0.0,0.0,0.0,0.0,0.0,65.0,A,A
hibernate-core/src/main/java/org/hibernate/dialect/function/array/PostgreSQLArrayPositionFunction.java,3.0,1.0,0.0,0.0,0.0,0.0,0.0,49.0,A,A
hibernate-core/src/main/java/org/hibernate/dialect/function/array/PostgreSQLArrayPositionsFunction.java,2.0,0.0,0.0,0.0,0.0,0.0,0.0,43.0,A,A
hibernate-core/src/main/java/org/hibernate/dialect/function/array/PostgreSQLArrayTrimEmulation.java,6.0,8.0,0.0,0.0,0.0,0.0,0.0,67.0,A,A
hibernate-core/src/main/java/org/hibernate/procedure/internal/PostgreSQLCallableStatementSupport.java,22.0,41.0,0.0,2.0,36.0,2.0,0.0,208.0,A,A
hibernate-core/src/main/java/org/hibernate/dialect/PostgreSQLCastingInetJdbcType.java,15.0,2.0,0.0,1.0,0.0,1.0,0.0,112.0,A,A
hibernate-core/src/main/java/org/hibernate/dialect/PostgreSQLCastingIntervalSecondJdbcType.java,21.0,5.0,0.0,1.0,0.0,1.0,0.0,163.0,A,A
hibernate-core/src/main/java/org/hibernate/dialect/PostgreSQLCastingJsonJdbcType.java,5.0,2.0,0.0,0.0,0.0,0.0,0.0,60.0,A,A
hibernate-testing/src/main/java/org/hibernate/testing/cleaner/PostgreSQLDatabaseCleaner.java,23.0,29.0,0.0,8.0,160.0,8.0,0.0,231.0,A,A
hibernate-core/src/main/java/org/hibernate/dialect/PostgreSQLDialect.java,269.0,85.0,0.0,18.0,86.0,18.0,0.0,1549.0,A,A
hibernate-core/src/main/java/org/hibernate/dialect/PostgreSQLDriverKind.java,3.0,2.0,0.0,2.0,10.0,2.0,0.0,33.0,A,A
hibernate-core/src/main/java/org/hibernate/dialect/PostgreSQLEnumJdbcType.java,17.0,2.0,0.0,0.0,0.0,0.0,0.0,141.0,A,A
hibernate-core/src/main/java/org/hibernate/dialect/identity/PostgreSQLIdentityColumnSupport.java,6.0,1.0,0.0,1.0,0.0,1.0,0.0,48.0,A,A
hibernate-testing/src/main/java/org/hibernate/testing/jdbc/leak/PostgreSQLIdleConnectionCounter.java,3.0,2.0,0.0,0.0,0.0,0.0,0.0,47.0,A,A
hibernate-core/src/main/java/org/hibernate/dialect/PostgreSQLInetJdbcType.java,16.0,7.0,0.0,4.0,4.0,4.0,0.0,123.0,A,A
hibernate-core/src/main/java/org/hibernate/dialect/PostgreSQLIntervalSecondJdbcType.java,18.0,5.0,0.0,13.0,13.0,13.0,0.0,160.0,A,A
hibernate-core/src/main/java/org/hibernate/dialect/PostgreSQLJsonPGObjectJsonbType.java,3.0,0.0,0.0,0.0,0.0,0.0,0.0,33.0,A,A
hibernate-core/src/main/java/org/hibernate/dialect/PostgreSQLJsonPGObjectJsonType.java,3.0,0.0,0.0,0.0,0.0,0.0,0.0,32.0,A,A
hibernate-community-dialects/src/main/java/org/hibernate/community/dialect/PostgreSQLLegacyDialect.java,268.0,128.0,0.0,15.0,106.0,15.0,0.0,1467.0,A,A
hibernate-community-dialects/src/main/java/org/hibernate/community/dialect/sequence/PostgreSQLLegacySequenceSupport.java,5.0,0.0,0.0,0.0,0.0,0.0,0.0,49.0,A,A
hibernate-community-dialects/src/main/java/org/hibernate/community/dialect/PostgreSQLLegacySqlAstTranslator.java,53.0,41.0,0.0,0.0,0.0,0.0,0.0,284.0,A,A
hibernate-core/src/main/java/org/hibernate/dialect/function/PostgreSQLMinMaxFunction.java,10.0,8.0,0.0,0.0,0.0,0.0,0.0,117.0,A,A
hibernate-core/src/main/java/org/hibernate/dialect/sequence/PostgreSQLSequenceSupport.java,4.0,0.0,0.0,0.0,0.0,0.0,0.0,41.0,A,A
hibernate-core/src/main/java/org/hibernate/dialect/PostgreSQLSqlAstTranslator.java,51.0,32.0,0.0,0.0,0.0,0.0,0.0,280.0,A,A
hibernate-core/src/main/java/org/hibernate/dialect/PostgreSQLStructCastingJdbcType.java,7.0,0.0,0.0,2.0,2.0,2.0,0.0,95.0,A,A
hibernate-core/src/main/java/org/hibernate/dialect/PostgreSQLStructPGObjectJdbcType.java,8.0,1.0,0.0,4.0,4.0,4.0,0.0,103.0,A,A
hibernate-core/src/main/java/org/hibernate/dialect/function/PostgreSQLTruncFunction.java,4.0,2.0,0.0,0.0,0.0,0.0,0.0,65.0,A,A
hibernate-core/src/main/java/org/hibernate/dialect/function/PostgreSQLTruncRoundFunction.java,9.0,9.0,0.0,0.0,0.0,0.0,0.0,127.0,A,A
hibernate-core/src/main/java/org/hibernate/dialect/PostgreSQLUUIDJdbcType.java,5.0,0.0,0.0,1.0,0.0,1.0,0.0,58.0,A,A
hibernate-core/src/main/java/org/hibernate/event/spi/PostInsertEvent.java,5.0,0.0,0.0,0.0,0.0,0.0,0.0,50.0,A,A
hibernate-core/src/main/java/org/hibernate/event/spi/PostInsertEventListener.java,0.0,0.0,0.0,0.0,0.0,0.0,0.0,18.0,A,A
hibernate-core/src/main/java/org/hibernate/event/internal/PostInsertEventListenerStandardImpl.java,3.0,0.0,0.0,0.0,0.0,0.0,0.0,39.0,A,A
hibernate-core/src/main/java/org/hibernate/id/PostInsertIdentifierGenerator.java,3.0,0.0,0.0,0.0,0.0,0.0,0.0,55.0,A,A
hibernate-core/src/main/java/org/hibernate/id/PostInsertIdentityPersister.java,2.0,1.0,0.0,0.0,0.0,0.0,0.0,62.0,A,A
hibernate-core/src/main/java/org/hibernate/event/spi/PostLoadEvent.java,8.0,0.0,0.0,0.0,0.0,0.0,0.0,59.0,A,A
hibernate-core/src/main/java/org/hibernate/event/spi/PostLoadEventListener.java,0.0,0.0,0.0,0.0,0.0,0.0,0.0,17.0,A,A
hibernate-core/src/main/java/org/hibernate/event/spi/PostUpdateEvent.java,7.0,0.0,0.0,0.0,0.0,0.0,0.0,67.0,A,A
hibernate-core/src/main/java/org/hibernate/event/spi/PostUpdateEventListener.java,0.0,0.0,0.0,0.0,0.0,0.0,0.0,17.0,A,A
hibernate-core/src/main/java/org/hibernate/event/internal/PostUpdateEventListenerStandardImpl.java,5.0,1.0,0.0,0.0,0.0,0.0,0.0,48.0,A,A
hibernate-core/src/main/java/org/hibernate/event/spi/PreCollectionRecreateEvent.java,1.0,0.0,0.0,0.0,0.0,0.0,0.0,32.0,A,A
hibernate-core/src/main/java/org/hibernate/event/spi/PreCollectionRecreateEventListener.java,0.0,0.0,0.0,0.0,0.0,0.0,0.0,17.0,A,A
hibernate-core/src/main/java/org/hibernate/event/spi/PreCollectionRemoveEvent.java,1.0,0.0,0.0,0.0,0.0,0.0,0.0,33.0,A,A
hibernate-core/src/main/java/org/hibernate/event/spi/PreCollectionRemoveEventListener.java,0.0,0.0,0.0,0.0,0.0,0.0,0.0,17.0,A,A
hibernate-core/src/main/java/org/hibernate/event/spi/PreCollectionUpdateEvent.java,1.0,0.0,0.0,0.0,0.0,0.0,0.0,32.0,A,A
hibernate-core/src/main/java/org/hibernate/event/spi/PreCollectionUpdateEventListener.java,0.0,0.0,0.0,0.0,0.0,0.0,0.0,17.0,A,A
hibernate-core/src/main/java/org/hibernate/event/spi/PreDeleteEvent.java,2.0,0.0,0.0,0.0,0.0,0.0,0.0,52.0,A,A
hibernate-core/src/main/java/org/hibernate/event/spi/PreDeleteEventListener.java,0.0,0.0,0.0,0.0,0.0,0.0,0.0,20.0,A,A
hibernate-core/src/main/java/org/hibernate/sql/ast/tree/predicate/Predicate.java,3.0,0.0,0.0,0.0,0.0,0.0,0.0,64.0,A,A
hibernate-core/src/main/java/org/hibernate/sql/ast/tree/predicate/PredicateCollector.java,4.0,0.0,0.0,0.0,0.0,0.0,0.0,27.0,A,A
hibernate-core/src/main/java/org/hibernate/sql/ast/tree/predicate/PredicateContainer.java,0.0,0.0,0.0,0.0,0.0,0.0,0.0,20.0,A,A
hibernate-core/src/main/java/org/hibernate/event/spi/PreInsertEvent.java,2.0,0.0,0.0,0.0,0.0,0.0,0.0,48.0,A,A
hibernate-core/src/main/java/org/hibernate/event/spi/PreInsertEventListener.java,0.0,0.0,0.0,0.0,0.0,0.0,0.0,20.0,A,A
hibernate-core/src/main/java/org/hibernate/event/spi/PreLoadEvent.java,10.0,0.0,0.0,0.0,0.0,0.0,0.0,69.0,A,A
hibernate-core/src/main/java/org/hibernate/event/spi/PreLoadEventListener.java,0.0,0.0,0.0,0.0,0.0,0.0,0.0,18.0,A,A
hibernate-core/src/main/java/org/hibernate/sql/model/PreparableMutationOperation.java,9.0,9.0,0.0,1.0,5.0,1.0,0.0,78.0,A,A
hibernate-core/src/main/java/org/hibernate/engine/jdbc/mutation/group/PreparedStatementDetails.java,1.0,0.0,0.0,0.0,0.0,0.0,0.0,62.0,A,A
hibernate-core/src/main/java/org/hibernate/engine/jdbc/mutation/internal/PreparedStatementDetailsStandard.java,11.0,4.0,0.0,0.0,0.0,0.0,0.0,112.0,A,A
hibernate-core/src/main/java/org/hibernate/engine/jdbc/mutation/group/PreparedStatementGroup.java,0.0,0.0,0.0,0.0,0.0,0.0,0.0,62.0,A,A
hibernate-core/src/main/java/org/hibernate/engine/jdbc/mutation/internal/PreparedStatementGroupNone.java,8.0,0.0,0.0,3.0,10.0,3.0,0.0,62.0,A,A
hibernate-core/src/main/java/org/hibernate/engine/jdbc/mutation/internal/PreparedStatementGroupSingleTable.java,13.0,3.0,0.0,2.0,10.0,2.0,0.0,90.0,A,A
hibernate-core/src/main/java/org/hibernate/engine/jdbc/mutation/internal/PreparedStatementGroupStandard.java,31.0,21.0,0.0,2.0,4.0,2.0,0.0,206.0,A,A
hibernate-testing/src/main/java/org/hibernate/testing/orm/jdbc/PreparedStatementSpyConnectionProvider.java,27.0,2.0,0.0,0.0,0.0,0.0,0.0,204.0,A,A
hibernate-testing/src/main/java/org/hibernate/testing/orm/jdbc/PreparedStatementSpyConnectionProviderSettingProvider.java,1.0,0.0,0.0,0.0,0.0,0.0,0.0,20.0,A,A
hibernate-core/src/main/java/org/hibernate/event/spi/PreUpdateEvent.java,3.0,0.0,0.0,0.0,0.0,0.0,0.0,63.0,A,A
hibernate-core/src/main/java/org/hibernate/event/spi/PreUpdateEventListener.java,0.0,0.0,0.0,0.0,0.0,0.0,0.0,20.0,A,A
hibernate-core/src/main/java/org/hibernate/mapping/PrimaryKey.java,29.0,26.0,0.0,4.0,25.0,4.0,0.0,152.0,A,A
hibernate-core/src/main/java/org/hibernate/tool/schema/extract/spi/PrimaryKeyInformation.java,0.0,0.0,0.0,0.0,0.0,0.0,0.0,31.0,A,A
hibernate-core/src/main/java/org/hibernate/tool/schema/extract/internal/PrimaryKeyInformationImpl.java,3.0,0.0,0.0,0.0,0.0,0.0,0.0,35.0,A,A
hibernate-core/src/main/java/org/hibernate/engine/spi/PrimeAmongSecondarySupertypes.java,10.0,0.0,0.0,0.0,0.0,0.0,0.0,71.0,A,A
hibernate-core/src/main/java/org/hibernate/mapping/PrimitiveArray.java,6.0,0.0,0.0,0.0,0.0,0.0,0.0,44.0,A,A
hibernate-core/src/main/java/org/hibernate/boot/model/internal/PrimitiveArrayBinder.java,2.0,0.0,0.0,0.0,0.0,0.0,0.0,34.0,A,A
hibernate-core/src/main/java/org/hibernate/metamodel/model/domain/internal/PrimitiveBasicTypeImpl.java,2.0,0.0,0.0,1.0,5.0,1.0,0.0,26.0,A,A
hibernate-core/src/main/java/org/hibernate/type/descriptor/java/PrimitiveByteArrayJavaType.java,35.0,26.0,0.0,1.0,30.0,1.0,0.0,166.0,A,A
hibernate-core/src/main/java/org/hibernate/type/descriptor/java/PrimitiveCharacterArrayJavaType.java,24.0,15.0,0.0,1.0,30.0,1.0,0.0,105.0,A,A
hibernate-core/src/main/java/org/hibernate/type/descriptor/java/spi/PrimitiveJavaType.java,0.0,0.0,0.0,0.0,0.0,0.0,0.0,37.0,A,A
hibernate-core/src/main/java/org/hibernate/internal/util/type/PrimitiveWrapperHelper.java,50.0,22.0,0.0,10.0,10.0,10.0,0.0,269.0,A,A
hibernate-core/src/main/java/org/hibernate/bytecode/internal/bytebuddy/PrivateAccessorException.java,1.0,0.0,0.0,0.0,0.0,0.0,0.0,15.0,A,A
hibernate-core/src/main/java/org/hibernate/procedure/ProcedureCall.java,1.0,0.0,0.0,0.0,0.0,0.0,0.0,293.0,A,A
hibernate-core/src/main/java/org/hibernate/procedure/internal/ProcedureCallImpl.java,141.0,90.0,0.0,13.0,32.0,13.0,0.0,1236.0,A,A
hibernate-core/src/main/java/org/hibernate/procedure/spi/ProcedureCallImplementor.java,1.0,0.0,0.0,0.0,0.0,0.0,0.0,88.0,A,A
hibernate-core/src/main/java/org/hibernate/procedure/ProcedureOutputs.java,0.0,0.0,0.0,0.0,0.0,0.0,0.0,61.0,A,A
hibernate-core/src/main/java/org/hibernate/procedure/internal/ProcedureOutputsImpl.java,18.0,6.0,0.0,0.0,0.0,0.0,0.0,156.0,A,A
hibernate-core/src/main/java/org/hibernate/procedure/internal/ProcedureParamBindings.java,20.0,16.0,0.0,1.0,5.0,1.0,0.0,138.0,A,A
hibernate-core/src/main/java/org/hibernate/query/procedure/ProcedureParameter.java,0.0,0.0,0.0,0.0,0.0,0.0,0.0,30.0,A,A
hibernate-core/src/main/java/org/hibernate/query/procedure/ProcedureParameterBinding.java,0.0,0.0,0.0,0.0,0.0,0.0,0.0,18.0,A,A
hibernate-core/src/main/java/org/hibernate/procedure/internal/ProcedureParameterBindingImpl.java,1.0,0.0,0.0,0.0,0.0,0.0,0.0,29.0,A,A
hibernate-core/src/main/java/org/hibernate/procedure/spi/ProcedureParameterBindingImplementor.java,0.0,0.0,0.0,0.0,0.0,0.0,0.0,16.0,A,A
hibernate-core/src/main/java/org/hibernate/type/ProcedureParameterExtractionAware.java,0.0,0.0,0.0,0.0,0.0,0.0,0.0,19.0,A,A
hibernate-core/src/main/java/org/hibernate/procedure/internal/ProcedureParameterImpl.java,42.0,29.0,0.0,0.0,0.0,0.0,0.0,286.0,A,A
hibernate-core/src/main/java/org/hibernate/procedure/spi/ProcedureParameterImplementor.java,0.0,0.0,0.0,0.0,0.0,0.0,0.0,25.0,A,A
hibernate-core/src/main/java/org/hibernate/procedure/internal/ProcedureParameterMetadataImpl.java,50.0,39.0,0.0,0.0,0.0,0.0,0.0,229.0,A,A
hibernate-core/src/main/java/org/hibernate/query/spi/ProcedureParameterMetadataImplementor.java,0.0,0.0,0.0,0.0,0.0,0.0,0.0,17.0,A,A
hibernate-core/src/main/java/org/hibernate/type/ProcedureParameterNamedBinder.java,0.0,0.0,0.0,0.0,0.0,0.0,0.0,45.0,A,A
tooling/metamodel-generator/src/main/java/org/hibernate/jpamodelgen/ProcessLaterException.java,0.0,0.0,0.0,0.0,0.0,0.0,0.0,11.0,A,A
tooling/metamodel-generator/src/main/java/org/hibernate/jpamodelgen/validation/ProcessorSessionFactory.java,219.0,231.0,7.0,21.0,195.0,28.0,0.0,944.0,C,A
hibernate-testing/src/main/java/org/hibernate/testing/orm/domain/retail/Product.java,11.0,0.0,0.0,0.0,0.0,0.0,0.0,93.0,A,A
local-build-plugins/src/main/java/org/hibernate/orm/docs/ProjectDocumentationDescriptor.java,11.0,0.0,0.0,0.0,0.0,0.0,0.0,85.0,A,A
hibernate-core/src/main/java/org/hibernate/internal/util/PropertiesHelper.java,1.0,0.0,0.0,1.0,5.0,1.0,0.0,25.0,A,A
hibernate-core/src/main/java/org/hibernate/mapping/Property.java,107.0,43.0,0.0,8.0,55.0,8.0,0.0,540.0,A,A
hibernate-core/src/main/java/org/hibernate/property/access/spi/PropertyAccess.java,0.0,0.0,0.0,0.0,0.0,0.0,0.0,46.0,A,A
hibernate-core/src/main/java/org/hibernate/property/access/internal/PropertyAccessBasicImpl.java,6.0,3.0,0.0,1.0,5.0,1.0,0.0,74.0,A,A
hibernate-core/src/main/java/org/hibernate/property/access/spi/PropertyAccessBuildingException.java,2.0,0.0,0.0,0.0,0.0,0.0,0.0,25.0,A,A
hibernate-core/src/main/java/org/hibernate/property/access/internal/PropertyAccessCompositeUserTypeImpl.java,11.0,0.0,0.0,0.0,0.0,0.0,0.0,91.0,A,A
hibernate-core/src/main/java/org/hibernate/property/access/internal/PropertyAccessEmbeddedImpl.java,15.0,0.0,0.0,2.0,15.0,2.0,0.0,126.0,A,A
hibernate-core/src/main/java/org/hibernate/property/access/internal/PropertyAccessEnhancedImpl.java,10.0,6.0,0.0,0.0,0.0,0.0,0.0,107.0,A,A
hibernate-core/src/main/java/org/hibernate/property/access/spi/PropertyAccessException.java,2.0,0.0,0.0,0.0,0.0,0.0,0.0,25.0,A,A
hibernate-core/src/main/java/org/hibernate/PropertyAccessException.java,6.0,1.0,0.0,0.0,0.0,0.0,0.0,73.0,A,A
hibernate-core/src/main/java/org/hibernate/property/access/internal/PropertyAccessFieldImpl.java,4.0,0.0,0.0,0.0,0.0,0.0,0.0,55.0,A,A
hibernate-core/src/main/java/org/hibernate/property/access/internal/PropertyAccessMapImpl.java,16.0,0.0,0.0,0.0,0.0,0.0,0.0,124.0,A,A
hibernate-core/src/main/java/org/hibernate/property/access/internal/PropertyAccessMixedImpl.java,13.0,6.0,0.0,0.0,0.0,0.0,0.0,109.0,A,A
hibernate-core/src/main/java/org/hibernate/property/access/spi/PropertyAccessSerializationException.java,2.0,0.0,0.0,0.0,0.0,0.0,0.0,23.0,A,A
hibernate-core/src/main/java/org/hibernate/property/access/spi/PropertyAccessStrategy.java,0.0,0.0,0.0,0.0,0.0,0.0,0.0,27.0,A,A
hibernate-core/src/main/java/org/hibernate/property/access/internal/PropertyAccessStrategyBackRefImpl.java,19.0,0.0,1.0,1.0,0.0,2.0,0.0,150.0,B,A
hibernate-core/src/main/java/org/hibernate/property/access/internal/PropertyAccessStrategyBasicImpl.java,1.0,0.0,0.0,1.0,0.0,1.0,0.0,30.0,A,A
hibernate-core/src/main/java/org/hibernate/property/access/internal/PropertyAccessStrategyChainedImpl.java,3.0,3.0,0.0,0.0,0.0,0.0,0.0,38.0,A,A
hibernate-core/src/main/java/org/hibernate/property/access/internal/PropertyAccessStrategyCompositeUserTypeImpl.java,2.0,0.0,0.0,0.0,0.0,0.0,0.0,42.0,A,A
hibernate-core/src/main/java/org/hibernate/property/access/internal/PropertyAccessStrategyEmbeddedImpl.java,1.0,0.0,0.0,1.0,0.0,1.0,0.0,29.0,A,A
hibernate-core/src/main/java/org/hibernate/property/access/internal/PropertyAccessStrategyEnhancedImpl.java,4.0,1.0,0.0,6.0,64.0,6.0,0.0,44.0,A,A
hibernate-core/src/main/java/org/hibernate/property/access/internal/PropertyAccessStrategyFieldImpl.java,1.0,0.0,0.0,1.0,0.0,1.0,0.0,29.0,A,A
hibernate-core/src/main/java/org/hibernate/property/access/internal/PropertyAccessStrategyIndexBackRefImpl.java,17.0,0.0,0.0,1.0,0.0,1.0,0.0,133.0,A,A
hibernate-core/src/main/java/org/hibernate/property/access/internal/PropertyAccessStrategyMapImpl.java,3.0,2.0,0.0,1.0,0.0,1.0,0.0,44.0,A,A
hibernate-core/src/main/java/org/hibernate/property/access/internal/PropertyAccessStrategyMixedImpl.java,1.0,0.0,0.0,1.0,0.0,1.0,0.0,28.0,A,A
hibernate-core/src/main/java/org/hibernate/property/access/internal/PropertyAccessStrategyNoopImpl.java,14.0,0.0,0.0,5.0,5.0,5.0,0.0,124.0,A,A
hibernate-core/src/main/java/org/hibernate/property/access/spi/PropertyAccessStrategyResolver.java,0.0,0.0,0.0,1.0,0.0,1.0,0.0,34.0,A,A
hibernate-core/src/main/java/org/hibernate/property/access/internal/PropertyAccessStrategyResolverInitiator.java,2.0,0.0,0.0,1.0,0.0,1.0,0.0,34.0,A,A
hibernate-core/src/main/java/org/hibernate/property/access/internal/PropertyAccessStrategyResolverStandardImpl.java,14.0,14.0,0.0,1.0,5.0,1.0,0.0,89.0,A,A
hibernate-envers/src/main/java/org/hibernate/envers/query/criteria/internal/PropertyAuditExpression.java,5.0,3.0,0.0,0.0,0.0,0.0,0.0,87.0,A,A
hibernate-envers/src/main/java/org/hibernate/envers/configuration/internal/metadata/reader/PropertyAuditingData.java,61.0,14.0,0.0,1.0,20.0,1.0,0.0,390.0,A,A
hibernate-envers/src/main/java/org/hibernate/envers/query/order/internal/PropertyAuditOrder.java,3.0,0.0,0.0,0.0,0.0,0.0,0.0,41.0,A,A
hibernate-envers/src/main/java/org/hibernate/envers/query/projection/internal/PropertyAuditProjection.java,5.0,1.0,0.0,0.0,0.0,0.0,0.0,81.0,A,A
hibernate-core/src/main/java/org/hibernate/metamodel/mapping/PropertyBasedMapping.java,0.0,0.0,0.0,0.0,0.0,0.0,0.0,20.0,A,A
hibernate-core/src/main/java/org/hibernate/boot/model/internal/PropertyBinder.java,210.0,219.0,0.0,22.0,171.0,22.0,0.0,1353.0,A,A
hibernate-core/src/main/java/org/hibernate/boot/model/internal/PropertyContainer.java,64.0,72.0,0.0,6.0,48.0,6.0,0.0,455.0,A,A
hibernate-core/src/main/java/org/hibernate/boot/spi/PropertyData.java,0.0,0.0,0.0,0.0,0.0,0.0,0.0,62.0,A,A
hibernate-envers/src/main/java/org/hibernate/envers/internal/entities/PropertyData.java,30.0,9.0,0.0,2.0,40.0,2.0,0.0,189.0,A,A
hibernate-core/src/main/java/org/hibernate/tuple/PropertyFactory.java,22.0,17.0,0.0,1.0,10.0,1.0,0.0,242.0,A,A
hibernate-envers/src/main/java/org/hibernate/envers/query/criteria/internal/PropertyFunctionAuditExpression.java,4.0,2.0,0.0,0.0,0.0,0.0,0.0,79.0,A,A
hibernate-core/src/main/java/org/hibernate/mapping/PropertyGeneration.java,7.0,3.0,0.0,2.0,15.0,2.0,0.0,67.0,A,A
hibernate-core/src/main/java/org/hibernate/boot/model/internal/PropertyHolder.java,1.0,0.0,0.0,1.0,0.0,1.0,0.0,115.0,A,A
hibernate-core/src/main/java/org/hibernate/boot/model/internal/PropertyHolderBuilder.java,5.0,0.0,0.0,0.0,0.0,0.0,0.0,93.0,A,A
hibernate-core/src/main/java/org/hibernate/boot/model/internal/PropertyInferredData.java,14.0,6.0,0.0,0.0,0.0,0.0,0.0,109.0,A,A
hibernate-envers/src/main/java/org/hibernate/envers/internal/entities/mapper/PropertyMapper.java,0.0,0.0,0.0,0.0,0.0,0.0,0.0,85.0,A,A
hibernate-core/src/main/java/org/hibernate/persister/entity/PropertyMapping.java,0.0,0.0,0.0,7.0,20.0,7.0,0.0,67.0,A,A
hibernate-core/src/main/java/org/hibernate/boot/model/internal/PropertyMappingElementCollector.java,37.0,12.0,0.0,1.0,2.0,1.0,0.0,226.0,A,A
hibernate-envers/src/main/java/org/hibernate/envers/query/internal/property/PropertyNameGetter.java,0.0,0.0,0.0,0.0,0.0,0.0,0.0,24.0,A,A
hibernate-core/src/main/java/org/hibernate/PropertyNotFoundException.java,1.0,0.0,0.0,0.0,0.0,0.0,0.0,25.0,A,A
hibernate-core/src/main/java/org/hibernate/loader/PropertyPath.java,15.0,12.0,0.0,2.0,25.0,2.0,0.0,95.0,A,A
hibernate-core/src/main/java/org/hibernate/boot/model/internal/PropertyPreloadedData.java,10.0,1.0,0.0,0.0,0.0,0.0,0.0,70.0,A,A
hibernate-core/src/main/java/org/hibernate/PropertySetterAccessException.java,5.0,2.0,0.0,0.0,0.0,0.0,0.0,65.0,A,A
hibernate-core/src/main/java/org/hibernate/boot/model/source/internal/hbm/PropertySource.java,0.0,0.0,0.0,0.0,0.0,0.0,0.0,36.0,A,A
hibernate-core/src/main/java/org/hibernate/PropertyValueException.java,4.0,0.0,0.0,0.0,0.0,0.0,0.0,53.0,A,A
hibernate-core/src/main/java/org/hibernate/resource/beans/spi/ProvidedInstanceManagedBeanImpl.java,4.0,1.0,0.0,0.0,0.0,0.0,0.0,37.0,A,A
hibernate-core/src/main/java/org/hibernate/service/internal/ProvidedService.java,3.0,0.0,0.0,0.0,0.0,0.0,0.0,31.0,A,A
hibernate-core/src/main/java/org/hibernate/jpa/boot/spi/ProviderChecker.java,15.0,9.0,0.0,3.0,15.0,3.0,0.0,125.0,A,A
hibernate-proxool/src/main/java/org/hibernate/proxool/internal/ProxoolConnectionProvider.java,24.0,24.0,1.0,1.0,10.0,2.0,0.0,255.0,E,A
hibernate-proxool/src/main/java/org/hibernate/proxool/internal/ProxoolMessageLogger.java,0.0,0.0,0.0,0.0,0.0,0.0,0.0,131.0,A,A
hibernate-core/src/main/java/org/hibernate/cfg/ProxoolSettings.java,0.0,0.0,0.0,1.0,10.0,1.0,0.0,43.0,A,A
hibernate-core/src/main/java/org/hibernate/annotations/Proxy.java,0.0,0.0,0.0,1.0,10.0,1.0,0.0,36.0,A,A
hibernate-core/src/main/java/org/hibernate/proxy/ProxyConfiguration.java,4.0,5.0,0.0,2.0,25.0,2.0,0.0,107.0,A,A
hibernate-core/src/main/java/org/hibernate/proxy/ProxyFactory.java,0.0,0.0,0.0,0.0,0.0,0.0,0.0,67.0,A,A
hibernate-core/src/main/java/org/hibernate/bytecode/spi/ProxyFactoryFactory.java,0.0,0.0,0.0,0.0,0.0,0.0,0.0,47.0,A,A
hibernate-core/src/main/java/org/hibernate/bytecode/internal/bytebuddy/ProxyFactoryFactoryImpl.java,4.0,2.0,0.0,0.0,0.0,0.0,0.0,42.0,A,A
hibernate-core/src/main/java/org/hibernate/bytecode/internal/ProxyFactoryFactoryInitiator.java,2.0,0.0,0.0,0.0,0.0,0.0,0.0,40.0,A,A
hibernate-core/src/main/java/org/hibernate/proxy/pojo/ProxyFactoryHelper.java,23.0,21.0,0.0,0.0,0.0,0.0,0.0,106.0,A,A
hibernate-core/src/main/java/org/hibernate/event/internal/ProxyVisitor.java,12.0,7.0,0.0,1.0,2.0,1.0,0.0,85.0,A,A
local-build-plugins/src/main/java/org/hibernate/orm/docs/PublishDescriptorTask.java,6.0,0.0,0.0,1.0,2.0,1.0,0.0,60.0,A,A
local-build-plugins/src/main/java/org/hibernate/orm/docs/PublishMigrationGuide.java,8.0,1.0,0.0,1.0,2.0,1.0,0.0,72.0,A,A
local-build-plugins/src/main/java/org/hibernate/orm/docs/PublishTask.java,9.0,3.0,0.0,3.0,24.0,3.0,0.0,72.0,A,A
hibernate-core/src/main/java/org/hibernate/query/hql/internal/QualifiedJoinPathConsumer.java,45.0,38.0,0.0,3.0,45.0,3.0,0.0,364.0,A,A
hibernate-core/src/main/java/org/hibernate/query/hql/internal/QualifiedJoinPredicatePathConsumer.java,15.0,29.0,0.0,1.0,19.0,1.0,0.0,124.0,A,A
hibernate-core/src/main/java/org/hibernate/boot/model/relational/QualifiedName.java,0.0,0.0,0.0,0.0,0.0,0.0,0.0,41.0,A,A
hibernate-core/src/main/java/org/hibernate/boot/model/relational/QualifiedNameImpl.java,2.0,0.0,0.0,0.0,0.0,0.0,0.0,27.0,A,A
hibernate-core/src/main/java/org/hibernate/boot/model/relational/QualifiedNameParser.java,39.0,29.0,0.0,2.0,10.0,2.0,0.0,205.0,A,A
hibernate-core/src/main/java/org/hibernate/engine/jdbc/env/spi/QualifiedObjectNameFormatter.java,0.0,0.0,0.0,0.0,0.0,0.0,0.0,50.0,A,A
hibernate-core/src/main/java/org/hibernate/engine/jdbc/env/internal/QualifiedObjectNameFormatterStandardImpl.java,31.0,13.0,0.0,2.0,0.0,2.0,0.0,240.0,A,A
hibernate-core/src/main/java/org/hibernate/boot/model/relational/QualifiedSequenceName.java,3.0,0.0,0.0,0.0,0.0,0.0,0.0,27.0,A,A
hibernate-core/src/main/java/org/hibernate/boot/model/relational/QualifiedTableName.java,7.0,3.0,0.0,0.0,0.0,0.0,0.0,43.0,A,A
hibernate-core/src/main/java/org/hibernate/boot/model/relational/QualifiedTypeName.java,7.0,3.0,0.0,0.0,0.0,0.0,0.0,43.0,A,A
hibernate-core/src/main/java/org/hibernate/dialect/function/QuantifiedLeastGreatestEmulation.java,8.0,9.0,0.0,0.0,0.0,0.0,0.0,81.0,A,A
hibernate-core/src/main/java/org/hibernate/query/Query.java,7.0,0.0,0.0,2.0,15.0,2.0,0.0,942.0,A,A
hibernate-core/src/main/java/org/hibernate/persister/entity/Queryable.java,3.0,0.0,0.0,2.0,20.0,2.0,0.0,164.0,A,A
hibernate-core/src/main/java/org/hibernate/persister/collection/QueryableCollection.java,0.0,0.0,0.0,1.0,10.0,1.0,0.0,86.0,A,A
hibernate-core/src/main/java/org/hibernate/query/QueryArgumentException.java,3.0,0.0,0.0,1.0,30.0,1.0,0.0,36.0,A,A
hibernate-core/src/main/java/org/hibernate/boot/model/internal/QueryBinder.java,106.0,86.0,0.0,8.0,50.0,8.0,0.0,639.0,A,A
hibernate-envers/src/main/java/org/hibernate/envers/internal/tools/query/QueryBuilder.java,62.0,55.0,0.0,7.0,54.0,7.0,0.0,526.0,A,A
hibernate-core/src/main/java/org/hibernate/sql/results/caching/QueryCachePutManager.java,0.0,0.0,0.0,0.0,0.0,0.0,0.0,19.0,A,A
hibernate-core/src/main/java/org/hibernate/sql/results/caching/internal/QueryCachePutManagerDisabledImpl.java,3.0,0.0,0.0,3.0,10.0,3.0,0.0,36.0,A,A
hibernate-core/src/main/java/org/hibernate/sql/results/caching/internal/QueryCachePutManagerEnabledImpl.java,7.0,5.0,0.0,2.0,5.0,2.0,0.0,72.0,A,A
hibernate-envers/src/main/java/org/hibernate/envers/internal/entities/mapper/relation/query/QueryConstants.java,1.0,0.0,0.0,0.0,0.0,0.0,0.0,30.0,A,A
hibernate-core/src/main/java/org/hibernate/query/spi/QueryEngine.java,0.0,0.0,0.0,0.0,0.0,0.0,0.0,54.0,A,A
hibernate-core/src/main/java/org/hibernate/query/internal/QueryEngineImpl.java,38.0,18.0,0.0,2.0,20.0,2.0,0.0,304.0,A,A
hibernate-core/src/main/java/org/hibernate/query/spi/QueryEngineOptions.java,0.0,0.0,0.0,0.0,0.0,0.0,0.0,76.0,A,A
hibernate-core/src/main/java/org/hibernate/QueryException.java,12.0,2.0,0.0,4.0,40.0,4.0,0.0,154.0,A,A
hibernate-envers/src/main/java/org/hibernate/envers/configuration/internal/metadata/QueryGeneratorBuilder.java,10.0,10.0,0.0,0.0,0.0,0.0,0.0,121.0,A,A
hibernate-core/src/main/java/org/hibernate/sql/ast/tree/select/QueryGroup.java,11.0,4.0,0.0,0.0,0.0,0.0,0.0,71.0,A,A
hibernate-core/src/main/java/org/hibernate/query/internal/QueryHelper.java,16.0,13.0,0.0,0.0,0.0,0.0,0.0,74.0,A,A
hibernate-core/src/main/java/org/hibernate/boot/model/internal/QueryHintDefinition.java,24.0,18.0,0.0,2.0,13.0,2.0,0.0,180.0,A,A
hibernate-core/src/main/java/org/hibernate/dialect/hint/QueryHintHandler.java,0.0,0.0,0.0,0.0,0.0,0.0,0.0,25.0,A,A
hibernate-core/src/main/java/org/hibernate/jpa/QueryHints.java,2.0,0.0,0.0,1.0,10.0,1.0,0.0,127.0,A,A
hibernate-core/src/main/java/org/hibernate/annotations/QueryHints.java,1.0,0.0,0.0,2.0,20.0,2.0,0.0,110.0,A,A
hibernate-core/src/main/java/org/hibernate/query/spi/QueryImplementor.java,1.0,0.0,0.0,2.0,15.0,2.0,0.0,179.0,A,A
hibernate-core/src/main/java/org/hibernate/query/spi/QueryInterpretationCache.java,3.0,0.0,0.0,3.0,30.0,3.0,0.0,68.0,A,A
hibernate-core/src/main/java/org/hibernate/query/internal/QueryInterpretationCacheDisabledImpl.java,17.0,5.0,0.0,2.0,10.0,2.0,0.0,121.0,A,A
hibernate-core/src/main/java/org/hibernate/query/internal/QueryInterpretationCacheStandardImpl.java,31.0,21.0,1.0,1.0,0.0,2.0,0.0,244.0,C,A
hibernate-core/src/main/java/org/hibernate/cache/spi/QueryKey.java,12.0,7.0,2.0,6.0,7.0,8.0,0.0,152.0,C,A
hibernate-core/src/main/java/org/hibernate/sql/ast/tree/expression/QueryLiteral.java,9.0,1.0,0.0,1.0,5.0,1.0,0.0,109.0,A,A
hibernate-core/src/main/java/org/hibernate/query/internal/QueryLiteralHelper.java,5.0,3.0,0.0,0.0,0.0,0.0,0.0,36.0,A,A
hibernate-core/src/main/java/org/hibernate/query/QueryLogging.java,3.0,0.0,0.0,0.0,0.0,0.0,0.0,67.0,A,A
tooling/metamodel-generator/src/main/java/org/hibernate/jpamodelgen/annotation/QueryMethod.java,53.0,41.0,0.0,0.0,0.0,0.0,0.0,268.0,A,A
hibernate-core/src/main/java/org/hibernate/query/spi/QueryOptions.java,11.0,3.0,0.0,0.0,0.0,0.0,0.0,218.0,A,A
hibernate-core/src/main/java/org/hibernate/query/spi/QueryOptionsAdapter.java,19.0,0.0,0.0,3.0,60.0,3.0,0.0,120.0,A,A
hibernate-core/src/main/java/org/hibernate/query/internal/QueryOptionsImpl.java,44.0,6.0,0.0,1.0,5.0,1.0,0.0,261.0,A,A
hibernate-core/src/main/java/org/hibernate/query/QueryParameter.java,0.0,0.0,0.0,0.0,0.0,0.0,0.0,37.0,A,A
hibernate-core/src/main/java/org/hibernate/query/spi/QueryParameterBinding.java,1.0,0.0,0.0,1.0,20.0,1.0,0.0,128.0,A,A
hibernate-core/src/main/java/org/hibernate/query/internal/QueryParameterBindingImpl.java,69.0,60.0,0.0,2.0,0.0,2.0,0.0,378.0,A,A
hibernate-core/src/main/java/org/hibernate/query/spi/QueryParameterBindings.java,9.0,0.0,0.0,2.0,10.0,2.0,0.0,131.0,A,A
hibernate-core/src/main/java/org/hibernate/query/internal/QueryParameterBindingsImpl.java,51.0,43.0,0.0,3.0,17.0,3.0,0.0,323.0,A,A
hibernate-core/src/main/java/org/hibernate/query/spi/QueryParameterBindingTypeResolver.java,0.0,0.0,0.0,0.0,0.0,0.0,0.0,31.0,A,A
hibernate-core/src/main/java/org/hibernate/internal/QueryParameterBindingTypeResolverImpl.java,9.0,8.0,0.0,1.0,5.0,1.0,0.0,74.0,A,A
hibernate-core/src/main/java/org/hibernate/query/spi/QueryParameterBindingValidator.java,45.0,47.0,0.0,2.0,6.0,2.0,0.0,250.0,A,A
hibernate-envers/src/main/java/org/hibernate/envers/internal/entities/mapper/id/QueryParameterData.java,11.0,5.0,0.0,0.0,0.0,0.0,0.0,64.0,A,A
hibernate-core/src/main/java/org/hibernate/QueryParameterException.java,4.0,0.0,0.0,0.0,0.0,0.0,0.0,50.0,A,A
hibernate-core/src/main/java/org/hibernate/query/spi/QueryParameterImplementor.java,0.0,0.0,0.0,0.0,0.0,0.0,0.0,23.0,A,A
hibernate-core/src/main/java/org/hibernate/type/QueryParameterJavaObjectType.java,2.0,0.0,0.0,0.0,0.0,0.0,0.0,22.0,A,A
hibernate-core/src/main/java/org/hibernate/query/spi/QueryParameterListBinding.java,0.0,0.0,0.0,0.0,0.0,0.0,0.0,63.0,A,A
hibernate-core/src/main/java/org/hibernate/query/internal/QueryParameterNamedImpl.java,11.0,3.0,0.0,2.0,10.0,2.0,0.0,86.0,A,A
hibernate-core/src/main/java/org/hibernate/query/internal/QueryParameterPositionalImpl.java,11.0,3.0,0.0,2.0,10.0,2.0,0.0,87.0,A,A
hibernate-core/src/main/java/org/hibernate/sql/ast/tree/select/QueryPart.java,22.0,11.0,0.0,2.0,7.0,2.0,0.0,127.0,A,A
hibernate-core/src/main/java/org/hibernate/sql/ast/tree/from/QueryPartTableGroup.java,12.0,7.0,0.0,0.0,0.0,0.0,0.0,126.0,A,A
hibernate-core/src/main/java/org/hibernate/sql/ast/tree/from/QueryPartTableReference.java,7.0,0.0,0.0,0.0,0.0,0.0,0.0,58.0,A,A
hibernate-core/src/main/java/org/hibernate/query/spi/QueryPlan.java,0.0,0.0,0.0,0.0,0.0,0.0,0.0,19.0,A,A
hibernate-core/src/main/java/org/hibernate/query/QueryProducer.java,0.0,0.0,0.0,11.0,110.0,11.0,0.0,451.0,A,A
hibernate-core/src/main/java/org/hibernate/query/spi/QueryProducerImplementor.java,0.0,0.0,0.0,16.0,120.0,16.0,0.0,92.0,A,A
hibernate-core/src/main/java/org/hibernate/cache/spi/QueryResultsCache.java,2.0,0.0,0.0,2.0,40.0,2.0,0.0,117.0,A,A
hibernate-core/src/main/java/org/hibernate/cache/internal/QueryResultsCacheImpl.java,22.0,17.0,0.0,1.0,30.0,1.0,0.0,189.0,A,A
hibernate-core/src/main/java/org/hibernate/cache/spi/QueryResultsRegion.java,0.0,0.0,0.0,0.0,0.0,0.0,0.0,16.0,A,A
hibernate-core/src/main/java/org/hibernate/cache/spi/support/QueryResultsRegionTemplate.java,1.0,0.0,0.0,0.0,0.0,0.0,0.0,30.0,A,A
hibernate-core/src/main/java/org/hibernate/boot/model/internal/QuerySecondPass.java,0.0,0.0,0.0,0.0,0.0,0.0,0.0,19.0,A,A
hibernate-core/src/main/java/org/hibernate/cfg/QuerySettings.java,0.0,0.0,0.0,2.0,20.0,2.0,0.0,237.0,A,A
hibernate-core/src/main/java/org/hibernate/cache/spi/QuerySpacesHelper.java,4.0,0.0,0.0,3.0,15.0,3.0,0.0,47.0,A,A
hibernate-core/src/main/java/org/hibernate/sql/ast/tree/select/QuerySpec.java,21.0,3.0,0.0,0.0,0.0,0.0,0.0,123.0,A,A
hibernate-core/src/main/java/org/hibernate/query/hql/internal/QuerySplitter.java,13.0,9.0,0.0,3.0,15.0,3.0,0.0,131.0,A,A
hibernate-core/src/main/java/org/hibernate/query/sqm/internal/QuerySqmImpl.java,226.0,141.0,0.0,8.0,32.0,8.0,0.0,1491.0,A,A
hibernate-core/src/main/java/org/hibernate/stat/QueryStatistics.java,3.0,0.0,0.0,0.0,0.0,0.0,0.0,109.0,A,A
hibernate-core/src/main/java/org/hibernate/stat/internal/QueryStatisticsImpl.java,27.0,5.0,0.0,2.0,10.0,2.0,0.0,226.0,A,A
hibernate-core/src/main/java/org/hibernate/QueryTimeoutException.java,1.0,0.0,0.0,0.0,0.0,0.0,0.0,28.0,A,A
hibernate-core/src/main/java/org/hibernate/sql/ast/tree/expression/QueryTransformer.java,0.0,0.0,0.0,0.0,0.0,0.0,0.0,25.0,A,A
hibernate-core/src/main/java/org/hibernate/query/QueryTypeMismatchException.java,2.0,0.0,0.0,0.0,0.0,0.0,0.0,25.0,A,A
hibernate-core/src/main/java/org/hibernate/action/internal/QueuedOperationCollectionAction.java,5.0,2.0,0.0,2.0,5.0,2.0,0.0,62.0,A,A
hibernate-core/src/main/java/org/hibernate/internal/util/QuotingHelper.java,38.0,29.0,0.0,12.0,90.0,12.0,0.0,156.0,A,A
hibernate-community-dialects/src/main/java/org/hibernate/community/dialect/RDMSOS2200Dialect.java,60.0,8.0,0.0,2.0,10.0,2.0,0.0,438.0,A,A
hibernate-community-dialects/src/main/java/org/hibernate/community/dialect/RDMSOS2200SqlAstTranslator.java,21.0,8.0,0.0,0.0,0.0,0.0,0.0,138.0,A,A
hibernate-community-dialects/src/main/java/org/hibernate/community/dialect/sequence/RDMSSequenceSupport.java,5.0,0.0,0.0,0.0,0.0,0.0,0.0,55.0,A,A
hibernate-core/src/main/java/org/hibernate/engine/jdbc/ReaderInputStream.java,2.0,0.0,0.0,1.0,30.0,1.0,0.0,35.0,A,A
hibernate-core/src/main/java/org/hibernate/internal/util/collections/ReadOnlyMap.java,0.0,0.0,0.0,1.0,5.0,1.0,0.0,29.0,A,A
hibernate-core/src/main/java/org/hibernate/type/descriptor/jdbc/RealJdbcType.java,6.0,0.0,0.0,2.0,15.0,2.0,0.0,59.0,A,A
hibernate-core/src/main/java/org/hibernate/event/internal/ReattachVisitor.java,9.0,4.0,0.0,1.0,2.0,1.0,0.0,109.0,A,A
hibernate-core/src/main/java/org/hibernate/cfg/RecoverableException.java,2.0,0.0,0.0,1.0,10.0,1.0,0.0,39.0,A,A
hibernate-core/src/main/java/org/hibernate/engine/jdbc/cursor/spi/RefCursorSupport.java,0.0,0.0,0.0,0.0,0.0,0.0,0.0,61.0,A,A
hibernate-core/src/main/java/org/hibernate/engine/jdbc/cursor/internal/RefCursorSupportInitiator.java,5.0,3.0,0.0,1.0,0.0,1.0,0.0,53.0,A,A
hibernate-core/src/main/java/org/hibernate/cache/spi/entry/ReferenceCacheEntryImpl.java,7.0,0.0,0.0,0.0,0.0,0.0,0.0,69.0,A,A
hibernate-core/src/main/java/org/hibernate/internal/util/ReflectHelper.java,145.0,169.0,0.0,67.0,507.0,67.0,0.0,907.0,A,A
hibernate-core/src/main/java/org/hibernate/bytecode/spi/ReflectionOptimizer.java,0.0,0.0,0.0,0.0,0.0,0.0,0.0,53.0,A,A
hibernate-core/src/main/java/org/hibernate/bytecode/internal/bytebuddy/ReflectionOptimizerImpl.java,3.0,0.0,0.0,0.0,0.0,0.0,0.0,35.0,A,A
hibernate-envers/src/main/java/org/hibernate/envers/internal/tools/ReflectionTools.java,23.0,20.0,0.0,12.0,60.0,12.0,0.0,190.0,A,A
hibernate-testing/src/main/java/org/hibernate/testing/util/ReflectionUtil.java,12.0,13.0,0.0,14.0,261.0,14.0,0.0,222.0,A,A
hibernate-core/src/main/java/org/hibernate/event/spi/RefreshContext.java,5.0,0.0,0.0,0.0,0.0,0.0,0.0,48.0,A,A
hibernate-core/src/main/java/org/hibernate/event/spi/RefreshEvent.java,15.0,3.0,0.0,1.0,30.0,1.0,0.0,85.0,A,A
hibernate-core/src/main/java/org/hibernate/event/spi/RefreshEventListener.java,0.0,0.0,0.0,0.0,0.0,0.0,0.0,30.0,A,A
hibernate-core/src/main/java/org/hibernate/cache/spi/Region.java,0.0,0.0,0.0,0.0,0.0,0.0,0.0,58.0,A,A
hibernate-core/src/main/java/org/hibernate/cache/spi/RegionFactory.java,2.0,0.0,0.0,0.0,0.0,0.0,0.0,127.0,A,A
hibernate-core/src/main/java/org/hibernate/cache/RegionFactory.java,0.0,0.0,0.0,2.0,15.0,2.0,0.0,19.0,A,A
hibernate-core/src/main/java/org/hibernate/cache/internal/RegionFactoryInitiator.java,16.0,17.0,0.0,3.0,10.0,3.0,0.0,136.0,A,A
hibernate-core/src/main/java/org/hibernate/cache/spi/support/RegionFactoryTemplate.java,5.0,0.0,0.0,0.0,0.0,0.0,0.0,78.0,A,A
hibernate-core/src/main/java/org/hibernate/cache/spi/support/RegionNameQualifier.java,8.0,3.0,0.0,1.0,0.0,1.0,0.0,49.0,A,A
hibernate-core/src/main/java/org/hibernate/boot/model/convert/spi/RegisteredConversion.java,21.0,7.0,0.0,2.0,10.0,2.0,0.0,174.0,A,A
hibernate-core/src/main/java/org/hibernate/resource/transaction/backend/jta/internal/synchronization/RegisteredSynchronization.java,3.0,0.0,0.0,0.0,0.0,0.0,0.0,47.0,A,A
hibernate-core/src/main/java/org/hibernate/type/descriptor/java/spi/RegistryHelper.java,15.0,9.0,0.0,2.0,2.0,2.0,0.0,101.0,A,A
hibernate-envers/src/main/java/org/hibernate/envers/query/criteria/internal/RelatedAuditEqualityExpression.java,4.0,2.0,0.0,0.0,0.0,0.0,0.0,75.0,A,A
hibernate-envers/src/main/java/org/hibernate/envers/query/criteria/internal/RelatedAuditInExpression.java,5.0,3.0,0.0,1.0,0.0,1.0,0.0,82.0,A,A
hibernate-core/src/main/java/org/hibernate/boot/model/source/internal/hbm/RelationalObjectBinder.java,23.0,24.0,0.0,1.0,5.0,1.0,0.0,202.0,A,A
hibernate-core/src/main/java/org/hibernate/boot/model/source/spi/RelationalValueSource.java,2.0,0.0,0.0,0.0,0.0,0.0,0.0,45.0,A,A
hibernate-core/src/main/java/org/hibernate/boot/model/source/spi/RelationalValueSourceContainer.java,0.0,0.0,0.0,0.0,0.0,0.0,0.0,37.0,A,A
hibernate-core/src/main/java/org/hibernate/boot/model/source/internal/hbm/RelationalValueSourceHelper.java,50.0,60.0,0.0,3.0,30.0,3.0,0.0,496.0,A,A
hibernate-envers/src/main/java/org/hibernate/envers/internal/entities/RelationDescription.java,18.0,0.0,0.0,3.0,60.0,3.0,0.0,162.0,A,A
hibernate-envers/src/main/java/org/hibernate/envers/internal/entities/mapper/relation/query/RelationQueryGenerator.java,0.0,0.0,0.0,0.0,0.0,0.0,0.0,32.0,A,A
hibernate-envers/src/main/java/org/hibernate/envers/RelationTargetAuditMode.java,0.0,0.0,0.0,0.0,0.0,0.0,0.0,17.0,A,A
hibernate-envers/src/main/java/org/hibernate/envers/RelationTargetNotFoundAction.java,0.0,0.0,0.0,0.0,0.0,0.0,0.0,35.0,A,A
hibernate-envers/src/main/java/org/hibernate/envers/internal/entities/RelationType.java,0.0,0.0,0.0,0.0,0.0,0.0,0.0,40.0,A,A
local-build-plugins/src/main/java/org/hibernate/orm/docs/ReleaseFamilyDocumentation.java,8.0,1.0,0.0,1.0,5.0,1.0,0.0,66.0,A,A
local-build-plugins/src/main/java/org/hibernate/orm/ReleaseFamilyIdentifier.java,15.0,7.0,0.0,2.0,20.0,2.0,0.0,97.0,A,A
local-build-plugins/src/main/java/org/hibernate/orm/docs/ReleaseFamilyIdentifierMarshalling.java,2.0,0.0,0.0,1.0,5.0,1.0,0.0,32.0,A,A
hibernate-core/src/main/java/org/hibernate/Remove.java,0.0,0.0,0.0,0.0,0.0,0.0,0.0,40.0,A,A
hibernate-core/src/main/java/org/hibernate/persister/collection/mutation/RemoveCoordinator.java,0.0,0.0,0.0,0.0,0.0,0.0,0.0,38.0,A,A
hibernate-core/src/main/java/org/hibernate/persister/collection/mutation/RemoveCoordinatorNoOp.java,5.0,0.0,0.0,0.0,0.0,0.0,0.0,41.0,A,A
hibernate-core/src/main/java/org/hibernate/persister/collection/mutation/RemoveCoordinatorStandard.java,11.0,4.0,0.0,0.0,0.0,0.0,0.0,139.0,A,A
hibernate-core/src/main/java/org/hibernate/persister/collection/mutation/RemoveCoordinatorTablePerSubclass.java,13.0,5.0,0.0,2.0,10.0,2.0,0.0,157.0,A,A
hibernate-core/src/main/java/org/hibernate/dialect/Replacer.java,20.0,29.0,0.0,4.0,37.0,4.0,0.0,102.0,A,A
hibernate-core/src/main/java/org/hibernate/event/spi/ReplicateEvent.java,10.0,2.0,0.0,0.0,0.0,0.0,0.0,67.0,A,A
hibernate-core/src/main/java/org/hibernate/event/spi/ReplicateEventListener.java,0.0,0.0,0.0,1.0,10.0,1.0,0.0,29.0,A,A
hibernate-core/src/main/java/org/hibernate/ReplicationMode.java,5.0,0.0,0.0,1.0,10.0,1.0,0.0,91.0,A,A
local-build-plugins/src/main/java/org/hibernate/orm/post/ReportGenerationPlugin.java,7.0,0.0,0.0,6.0,12.0,6.0,0.0,87.0,A,A
hibernate-core/src/main/java/org/hibernate/metamodel/RepresentationMode.java,8.0,3.0,0.0,0.0,0.0,0.0,0.0,49.0,A,A
hibernate-core/src/main/java/org/hibernate/boot/jaxb/hbm/internal/RepresentationModeConverter.java,3.0,1.0,0.0,1.0,5.0,1.0,0.0,23.0,A,A
hibernate-testing/src/main/java/org/hibernate/testing/orm/domain/animal/Reptile.java,2.0,0.0,0.0,0.0,0.0,0.0,0.0,23.0,A,A
hibernate-testing/src/main/java/org/hibernate/testing/orm/junit/RequiresDialect.java,0.0,0.0,0.0,0.0,0.0,0.0,0.0,56.0,A,A
hibernate-testing/src/main/java/org/hibernate/testing/RequiresDialect.java,0.0,0.0,0.0,1.0,10.0,1.0,0.0,60.0,A,A
hibernate-testing/src/main/java/org/hibernate/testing/orm/junit/RequiresDialectFeature.java,0.0,0.0,0.0,0.0,0.0,0.0,0.0,55.0,A,A
hibernate-testing/src/main/java/org/hibernate/testing/RequiresDialectFeature.java,0.0,0.0,0.0,1.0,10.0,1.0,0.0,44.0,A,A
hibernate-testing/src/main/java/org/hibernate/testing/orm/junit/RequiresDialectFeatureGroup.java,0.0,0.0,0.0,0.0,0.0,0.0,0.0,38.0,A,A
hibernate-testing/src/main/java/org/hibernate/testing/orm/junit/RequiresDialects.java,0.0,0.0,0.0,0.0,0.0,0.0,0.0,29.0,A,A
hibernate-testing/src/main/java/org/hibernate/testing/RequiresDialects.java,0.0,0.0,0.0,1.0,10.0,1.0,0.0,27.0,A,A
hibernate-core/src/main/java/org/hibernate/engine/transaction/jta/platform/internal/ResinJtaPlatform.java,2.0,0.0,0.0,0.0,0.0,0.0,0.0,32.0,A,A
hibernate-core/src/main/java/org/hibernate/engine/spi/Resolution.java,0.0,0.0,0.0,0.0,0.0,0.0,0.0,17.0,A,A
hibernate-core/src/main/java/org/hibernate/mapping/Resolvable.java,0.0,0.0,0.0,0.0,0.0,0.0,0.0,21.0,A,A
hibernate-core/src/main/java/org/hibernate/sql/results/internal/ResolvedSqlSelection.java,5.0,0.0,0.0,0.0,0.0,0.0,0.0,57.0,A,A
hibernate-core/src/main/java/org/hibernate/event/spi/ResolveNaturalIdEvent.java,18.0,10.0,0.0,0.0,0.0,0.0,0.0,120.0,A,A
hibernate-core/src/main/java/org/hibernate/event/spi/ResolveNaturalIdEventListener.java,0.0,0.0,0.0,0.0,0.0,0.0,0.0,29.0,A,A
hibernate-core/src/main/java/org/hibernate/ResourceClosedException.java,1.0,0.0,0.0,0.0,0.0,0.0,0.0,25.0,A,A
hibernate-core/src/main/java/org/hibernate/boot/ResourceLocator.java,0.0,0.0,0.0,0.0,0.0,0.0,0.0,30.0,A,A
hibernate-core/src/main/java/org/hibernate/resource/jdbc/ResourceRegistry.java,0.0,0.0,0.0,0.0,0.0,0.0,0.0,78.0,A,A
hibernate-core/src/main/java/org/hibernate/resource/jdbc/internal/ResourceRegistryStandardImpl.java,65.0,75.0,0.0,9.0,57.0,9.0,0.0,386.0,A,A
hibernate-core/src/main/java/org/hibernate/boot/ResourceStreamLocator.java,0.0,0.0,0.0,0.0,0.0,0.0,0.0,30.0,A,A
hibernate-core/src/main/java/org/hibernate/metamodel/mapping/Restrictable.java,0.0,0.0,0.0,0.0,0.0,0.0,0.0,36.0,A,A
hibernate-core/src/main/java/org/hibernate/query/sqm/mutation/internal/temptable/RestrictedDeleteExecutionDelegate.java,41.0,34.0,0.0,5.0,21.0,5.0,0.0,609.0,A,A
hibernate-core/src/main/java/org/hibernate/sql/model/ast/RestrictedTableMutation.java,3.0,1.0,0.0,0.0,0.0,0.0,0.0,64.0,A,A
hibernate-core/src/main/java/org/hibernate/sql/model/ast/builder/RestrictedTableMutationBuilder.java,11.0,5.0,0.0,0.0,0.0,0.0,0.0,113.0,A,A
hibernate-core/src/main/java/org/hibernate/sql/Restriction.java,0.0,0.0,0.0,0.0,0.0,0.0,0.0,23.0,A,A
hibernate-core/src/main/java/org/hibernate/sql/RestrictionRenderingContext.java,0.0,0.0,0.0,0.0,0.0,0.0,0.0,18.0,A,A
hibernate-core/src/main/java/org/hibernate/query/results/ResultBuilder.java,1.0,0.0,0.0,0.0,0.0,0.0,0.0,39.0,A,A
hibernate-core/src/main/java/org/hibernate/query/results/ResultBuilderBasicValued.java,0.0,0.0,0.0,0.0,0.0,0.0,0.0,29.0,A,A
hibernate-core/src/main/java/org/hibernate/query/results/ResultBuilderEmbeddable.java,0.0,0.0,0.0,0.0,0.0,0.0,0.0,28.0,A,A
hibernate-core/src/main/java/org/hibernate/query/results/ResultBuilderEntityValued.java,0.0,0.0,0.0,0.0,0.0,0.0,0.0,29.0,A,A
hibernate-core/src/main/java/org/hibernate/query/results/ResultBuilderInstantiationValued.java,0.0,0.0,0.0,0.0,0.0,0.0,0.0,16.0,A,A
hibernate-core/src/main/java/org/hibernate/annotations/ResultCheckStyle.java,0.0,0.0,0.0,0.0,0.0,0.0,0.0,48.0,A,A
hibernate-core/src/main/java/org/hibernate/boot/jaxb/mapping/marshall/ResultCheckStyleMarshalling.java,4.0,2.0,0.0,1.0,5.0,1.0,0.0,25.0,A,A
hibernate-core/src/main/java/org/hibernate/dialect/ResultColumnReferenceStrategy.java,3.0,3.0,0.0,0.0,0.0,0.0,0.0,60.0,A,A
hibernate-core/src/main/java/org/hibernate/result/spi/ResultContext.java,0.0,0.0,0.0,0.0,0.0,0.0,0.0,24.0,A,A
hibernate-core/src/main/java/org/hibernate/boot/query/ResultDescriptor.java,0.0,0.0,0.0,0.0,0.0,0.0,0.0,25.0,A,A
hibernate-core/src/main/java/org/hibernate/query/ResultListTransformer.java,0.0,0.0,0.0,0.0,0.0,0.0,0.0,41.0,A,A
hibernate-core/src/main/java/org/hibernate/query/named/ResultMappingMementoNode.java,0.0,0.0,0.0,0.0,0.0,0.0,0.0,16.0,A,A
hibernate-core/src/main/java/org/hibernate/query/named/ResultMemento.java,0.0,0.0,0.0,0.0,0.0,0.0,0.0,24.0,A,A
hibernate-core/src/main/java/org/hibernate/query/named/ResultMementoBasic.java,0.0,0.0,0.0,0.0,0.0,0.0,0.0,23.0,A,A
hibernate-core/src/main/java/org/hibernate/query/internal/ResultMementoBasicStandard.java,11.0,12.0,0.0,1.0,0.0,1.0,0.0,179.0,A,A
hibernate-core/src/main/java/org/hibernate/query/internal/ResultMementoCollectionStandard.java,4.0,0.0,0.0,0.0,0.0,0.0,0.0,55.0,A,A
hibernate-core/src/main/java/org/hibernate/query/named/ResultMementoEntity.java,0.0,0.0,0.0,0.0,0.0,0.0,0.0,23.0,A,A
hibernate-core/src/main/java/org/hibernate/query/internal/ResultMementoEntityJpa.java,11.0,10.0,0.0,0.0,0.0,0.0,0.0,115.0,A,A
hibernate-core/src/main/java/org/hibernate/query/internal/ResultMementoEntityStandard.java,5.0,1.0,0.0,0.0,0.0,0.0,0.0,88.0,A,A
hibernate-core/src/main/java/org/hibernate/query/named/ResultMementoInstantiation.java,2.0,0.0,0.0,1.0,10.0,1.0,0.0,30.0,A,A
hibernate-core/src/main/java/org/hibernate/query/internal/ResultMementoInstantiationStandard.java,3.0,0.0,0.0,0.0,0.0,0.0,0.0,48.0,A,A
hibernate-core/src/main/java/org/hibernate/sql/results/spi/ResultsConsumer.java,0.0,0.0,0.0,0.0,0.0,0.0,0.0,32.0,A,A
hibernate-core/src/main/java/org/hibernate/sql/results/jdbc/internal/ResultSetAccess.java,12.0,9.0,0.0,0.0,0.0,0.0,0.0,158.0,A,A
hibernate-core/src/main/java/org/hibernate/id/ResultSetIdentifierConsumer.java,0.0,0.0,0.0,1.0,10.0,1.0,0.0,33.0,A,A
hibernate-core/src/main/java/org/hibernate/query/results/ResultSetMapping.java,2.0,0.0,0.0,0.0,0.0,0.0,0.0,103.0,A,A
hibernate-core/src/main/java/org/hibernate/boot/jaxb/hbm/spi/ResultSetMappingBindingDefinition.java,0.0,0.0,0.0,1.0,5.0,1.0,0.0,35.0,A,A
hibernate-core/src/main/java/org/hibernate/boot/jaxb/hbm/spi/ResultSetMappingContainer.java,0.0,0.0,0.0,0.0,0.0,0.0,0.0,17.0,A,A
hibernate-core/src/main/java/org/hibernate/query/results/ResultSetMappingImpl.java,77.0,87.0,0.0,5.0,45.0,5.0,0.0,379.0,A,A
hibernate-core/src/main/java/org/hibernate/query/sql/internal/ResultSetMappingProcessor.java,86.0,82.0,0.0,12.0,96.0,12.0,0.0,644.0,A,A
hibernate-core/src/main/java/org/hibernate/query/internal/ResultSetMappingResolutionContext.java,0.0,0.0,0.0,0.0,0.0,0.0,0.0,20.0,A,A
hibernate-core/src/main/java/org/hibernate/boot/model/internal/ResultSetMappingSecondPass.java,4.0,3.0,0.0,5.0,15.0,5.0,0.0,266.0,A,A
hibernate-core/src/main/java/org/hibernate/query/results/ResultSetMappingSqlSelection.java,11.0,0.0,0.0,0.0,0.0,0.0,0.0,94.0,A,A
hibernate-core/src/main/java/org/hibernate/result/ResultSetOutput.java,0.0,0.0,0.0,0.0,0.0,0.0,0.0,32.0,A,A
hibernate-core/src/main/java/org/hibernate/result/internal/ResultSetOutputImpl.java,8.0,3.0,0.0,0.0,0.0,0.0,0.0,51.0,A,A
hibernate-core/src/main/java/org/hibernate/engine/jdbc/spi/ResultSetReturn.java,0.0,0.0,0.0,0.0,0.0,0.0,0.0,91.0,A,A
hibernate-core/src/main/java/org/hibernate/engine/jdbc/internal/ResultSetReturnImpl.java,24.0,21.0,0.0,2.0,15.0,2.0,0.0,236.0,A,A
hibernate-testing/src/main/java/org/hibernate/testing/jdbc/ResultSetUtil.java,3.0,3.0,0.0,4.0,27.0,4.0,0.0,37.0,A,A
hibernate-core/src/main/java/org/hibernate/query/results/ResultsHelper.java,19.0,12.0,0.0,6.0,22.0,6.0,0.0,135.0,A,A
hibernate-core/src/main/java/org/hibernate/sql/results/internal/ResultsHelper.java,37.0,42.0,0.0,7.0,35.0,7.0,0.0,328.0,A,A
hibernate-core/src/main/java/org/hibernate/sql/results/ResultsLogger.java,2.0,0.0,0.0,1.0,0.0,1.0,0.0,50.0,A,A
hibernate-core/src/main/java/org/hibernate/transform/ResultTransformer.java,1.0,0.0,0.0,1.0,10.0,1.0,0.0,34.0,A,A
hibernate-testing/src/main/java/org/hibernate/testing/orm/domain/retail/RetailDomainModel.java,3.0,0.0,0.0,0.0,0.0,0.0,0.0,62.0,A,A
hibernate-core/src/main/java/org/hibernate/query/ReturnableType.java,0.0,0.0,0.0,0.0,0.0,0.0,0.0,20.0,A,A
hibernate-core/src/main/java/org/hibernate/jdbc/ReturningWork.java,0.0,0.0,0.0,0.0,0.0,0.0,0.0,35.0,A,A
hibernate-envers/src/main/java/org/hibernate/envers/exception/RevisionDoesNotExistException.java,8.0,0.0,0.0,1.0,8.0,1.0,0.0,74.0,A,A
hibernate-envers/src/main/java/org/hibernate/envers/RevisionEntity.java,0.0,0.0,0.0,0.0,0.0,0.0,0.0,32.0,A,A
hibernate-envers/src/main/java/org/hibernate/envers/configuration/internal/RevisionInfoConfiguration.java,72.0,71.0,0.0,6.0,61.0,6.0,0.0,570.0,A,A
hibernate-envers/src/main/java/org/hibernate/envers/internal/revisioninfo/RevisionInfoGenerator.java,0.0,0.0,0.0,1.0,5.0,1.0,0.0,32.0,A,A
hibernate-envers/src/main/java/org/hibernate/envers/configuration/internal/metadata/RevisionInfoHelper.java,4.0,4.0,0.0,0.0,0.0,0.0,0.0,33.0,A,A
hibernate-envers/src/main/java/org/hibernate/envers/internal/revisioninfo/RevisionInfoNumberReader.java,2.0,0.0,0.0,0.0,0.0,0.0,0.0,31.0,A,A
hibernate-envers/src/main/java/org/hibernate/envers/internal/revisioninfo/RevisionInfoQueryCreator.java,6.0,0.0,0.0,0.0,0.0,0.0,0.0,98.0,A,A
hibernate-envers/src/main/java/org/hibernate/envers/RevisionListener.java,0.0,0.0,0.0,0.0,0.0,0.0,0.0,25.0,A,A
hibernate-envers/src/main/java/org/hibernate/envers/RevisionNumber.java,0.0,0.0,0.0,0.0,0.0,0.0,0.0,27.0,A,A
hibernate-envers/src/main/java/org/hibernate/envers/query/internal/property/RevisionNumberPropertyName.java,1.0,0.0,0.0,0.0,0.0,0.0,0.0,23.0,A,A
hibernate-envers/src/main/java/org/hibernate/envers/query/internal/property/RevisionPropertyPropertyName.java,2.0,0.0,0.0,0.0,0.0,0.0,0.0,29.0,A,A
hibernate-envers/src/main/java/org/hibernate/envers/query/internal/impl/RevisionsOfEntityAssociationQuery.java,2.0,0.0,0.0,0.0,0.0,0.0,0.0,77.0,A,A
hibernate-envers/src/main/java/org/hibernate/envers/query/internal/impl/RevisionsOfEntityQuery.java,36.0,41.0,0.0,9.0,40.0,9.0,0.0,266.0,A,A
hibernate-envers/src/main/java/org/hibernate/envers/RevisionTimestamp.java,0.0,0.0,0.0,0.0,0.0,0.0,0.0,25.0,A,A
hibernate-envers/src/main/java/org/hibernate/envers/internal/entities/RevisionTimestampData.java,15.0,6.0,0.0,0.0,0.0,0.0,0.0,68.0,A,A
hibernate-envers/src/main/java/org/hibernate/envers/internal/revisioninfo/RevisionTimestampValueResolver.java,21.0,22.0,0.0,0.0,0.0,0.0,0.0,109.0,A,A
hibernate-envers/src/main/java/org/hibernate/envers/RevisionType.java,8.0,2.0,0.0,0.0,0.0,0.0,0.0,63.0,A,A
hibernate-envers/src/main/java/org/hibernate/envers/query/criteria/internal/RevisionTypeAuditExpression.java,2.0,0.0,0.0,0.0,0.0,0.0,0.0,40.0,A,A
hibernate-envers/src/main/java/org/hibernate/envers/query/internal/property/RevisionTypePropertyName.java,1.0,0.0,0.0,0.0,0.0,0.0,0.0,23.0,A,A
hibernate-envers/src/main/java/org/hibernate/envers/internal/entities/RevisionTypeType.java,13.0,3.0,0.0,0.0,0.0,0.0,0.0,94.0,A,A
hibernate-core/src/main/java/org/hibernate/mapping/RootClass.java,76.0,36.0,0.0,6.0,41.0,6.0,0.0,421.0,A,A
hibernate-core/src/main/java/org/hibernate/boot/model/source/internal/hbm/RootEntitySourceImpl.java,8.0,3.0,0.0,0.0,0.0,0.0,0.0,77.0,A,A
hibernate-core/src/main/java/org/hibernate/graph/RootGraph.java,15.0,6.0,0.0,0.0,0.0,0.0,0.0,100.0,A,A
hibernate-core/src/main/java/org/hibernate/graph/internal/RootGraphImpl.java,11.0,2.0,0.0,0.0,0.0,0.0,0.0,69.0,A,A
hibernate-core/src/main/java/org/hibernate/graph/spi/RootGraphImplementor.java,1.0,0.0,0.0,0.0,0.0,0.0,0.0,40.0,A,A
hibernate-envers/src/main/java/org/hibernate/envers/boot/model/RootPersistentEntity.java,30.0,17.0,0.0,1.0,7.0,1.0,0.0,177.0,A,A
hibernate-core/src/main/java/org/hibernate/metamodel/mapping/ordering/ast/RootSequencePart.java,4.0,2.0,0.0,0.0,0.0,0.0,0.0,61.0,A,A
hibernate-core/src/main/java/org/hibernate/sql/ast/tree/from/RootTableGroupProducer.java,0.0,0.0,0.0,0.0,0.0,0.0,0.0,43.0,A,A
hibernate-core/src/main/java/org/hibernate/annotations/RowId.java,0.0,0.0,0.0,0.0,0.0,0.0,0.0,48.0,A,A
hibernate-core/src/main/java/org/hibernate/type/descriptor/jdbc/RowIdJdbcType.java,9.0,0.0,0.0,1.0,0.0,1.0,0.0,77.0,A,A
hibernate-core/src/main/java/org/hibernate/dialect/RowLockStrategy.java,0.0,0.0,0.0,0.0,0.0,0.0,0.0,28.0,A,A
hibernate-core/src/main/java/org/hibernate/persister/collection/mutation/RowMutationOperations.java,24.0,8.0,0.0,6.0,45.0,6.0,0.0,206.0,A,A
hibernate-core/src/main/java/org/hibernate/sql/results/jdbc/spi/RowProcessingState.java,1.0,0.0,0.0,1.0,0.0,1.0,0.0,68.0,A,A
hibernate-core/src/main/java/org/hibernate/sql/results/internal/RowProcessingStateStandardImpl.java,35.0,0.0,0.0,1.0,5.0,1.0,0.0,210.0,A,A
hibernate-core/src/main/java/org/hibernate/sql/results/spi/RowReader.java,0.0,0.0,0.0,2.0,20.0,2.0,0.0,84.0,A,A
hibernate-core/src/main/java/org/hibernate/query/named/RowReaderMemento.java,0.0,0.0,0.0,0.0,0.0,0.0,0.0,17.0,A,A
hibernate-community-dialects/src/main/java/org/hibernate/community/dialect/pagination/RowsLimitHandler.java,7.0,1.0,0.0,1.0,0.0,1.0,0.0,62.0,A,A
hibernate-core/src/main/java/org/hibernate/sql/results/spi/RowTransformer.java,1.0,0.0,0.0,0.0,0.0,0.0,0.0,34.0,A,A
hibernate-core/src/main/java/org/hibernate/sql/results/internal/RowTransformerArrayImpl.java,2.0,0.0,0.0,2.0,10.0,2.0,0.0,31.0,A,A
hibernate-core/src/main/java/org/hibernate/sql/results/internal/RowTransformerConstructorImpl.java,4.0,3.0,0.0,2.0,35.0,2.0,0.0,59.0,A,A
hibernate-core/src/main/java/org/hibernate/sql/results/internal/RowTransformerDatabaseSnapshotImpl.java,3.0,0.0,0.0,3.0,20.0,3.0,0.0,34.0,A,A
hibernate-core/src/main/java/org/hibernate/sql/results/internal/RowTransformerJpaTupleImpl.java,3.0,0.0,0.0,0.0,0.0,0.0,0.0,36.0,A,A
hibernate-core/src/main/java/org/hibernate/sql/results/internal/RowTransformerListImpl.java,2.0,0.0,0.0,5.0,30.0,5.0,0.0,33.0,A,A
hibernate-core/src/main/java/org/hibernate/sql/results/internal/RowTransformerMapImpl.java,5.0,3.0,0.0,0.0,0.0,0.0,0.0,48.0,A,A
hibernate-core/src/main/java/org/hibernate/sql/results/internal/RowTransformerSingularReturnImpl.java,3.0,0.0,0.0,3.0,20.0,3.0,0.0,37.0,A,A
hibernate-core/src/main/java/org/hibernate/sql/results/internal/RowTransformerStandardImpl.java,4.0,1.0,0.0,1.0,10.0,1.0,0.0,42.0,A,A
hibernate-core/src/main/java/org/hibernate/sql/results/internal/RowTransformerTupleTransformerAdapter.java,3.0,1.0,0.0,1.0,5.0,1.0,0.0,33.0,A,A
hibernate-core/src/main/java/org/hibernate/internal/util/compare/RowVersionComparator.java,4.0,3.0,0.0,1.0,0.0,1.0,0.0,39.0,A,A
hibernate-core/src/main/java/org/hibernate/type/descriptor/java/RowVersionJavaType.java,30.0,22.0,0.0,3.0,70.0,3.0,0.0,149.0,A,A
local-build-plugins/src/main/java/org/hibernate/orm/docs/RsyncHelper.java,2.0,0.0,0.0,2.0,7.0,2.0,0.0,23.0,A,A
hibernate-core/src/main/java/org/hibernate/metamodel/RuntimeMetamodels.java,4.0,0.0,0.0,2.0,15.0,2.0,0.0,66.0,A,A
hibernate-core/src/main/java/org/hibernate/metamodel/internal/RuntimeMetamodelsImpl.java,7.0,0.0,0.0,1.0,5.0,1.0,0.0,53.0,A,A
hibernate-core/src/main/java/org/hibernate/metamodel/spi/RuntimeMetamodelsImplementor.java,0.0,0.0,0.0,0.0,0.0,0.0,0.0,24.0,A,A
hibernate-core/src/main/java/org/hibernate/metamodel/spi/RuntimeModelCreationContext.java,3.0,0.0,0.0,0.0,0.0,0.0,0.0,66.0,A,A
hibernate-testing/src/main/java/org/hibernate/testing/util/uuid/SafeRandomUUIDGenerator.java,5.0,2.0,0.0,2.0,25.0,2.0,0.0,45.0,A,A
hibernate-testing/src/main/java/org/hibernate/testing/orm/domain/retail/SalesAssociate.java,6.0,0.0,0.0,0.0,0.0,0.0,0.0,48.0,A,A
hibernate-community-dialects/src/main/java/org/hibernate/community/dialect/SAPDBDialect.java,0.0,0.0,0.0,1.0,10.0,1.0,0.0,14.0,A,A
hibernate-core/src/main/java/org/hibernate/engine/transaction/jta/platform/internal/SapNetWeaverJtaPlatform.java,2.0,0.0,0.0,0.0,0.0,0.0,0.0,31.0,A,A
hibernate-core/src/main/java/org/hibernate/event/spi/SaveOrUpdateEvent.java,17.0,2.0,0.0,0.0,0.0,0.0,0.0,98.0,A,A
hibernate-core/src/main/java/org/hibernate/event/spi/SaveOrUpdateEventListener.java,0.0,0.0,0.0,1.0,10.0,1.0,0.0,29.0,A,A
hibernate-core/src/main/java/org/hibernate/procedure/internal/ScalarDomainResultBuilder.java,10.0,3.0,0.0,0.0,0.0,0.0,0.0,100.0,A,A
hibernate-core/src/main/java/org/hibernate/type/descriptor/sql/internal/Scale6IntervalSecondDdlType.java,5.0,2.0,0.0,0.0,0.0,0.0,0.0,31.0,A,A
hibernate-core/src/main/java/org/hibernate/boot/archive/scan/spi/ScanEnvironment.java,0.0,0.0,0.0,0.0,0.0,0.0,0.0,65.0,A,A
hibernate-core/src/main/java/org/hibernate/boot/archive/scan/spi/Scanner.java,0.0,0.0,0.0,0.0,0.0,0.0,0.0,35.0,A,A
hibernate-core/src/main/java/org/hibernate/boot/model/process/internal/ScanningCoordinator.java,25.0,61.0,0.0,8.0,148.0,8.0,0.0,293.0,A,A
hibernate-core/src/main/java/org/hibernate/boot/archive/scan/spi/ScanOptions.java,0.0,0.0,0.0,1.0,10.0,1.0,0.0,43.0,A,A
hibernate-core/src/main/java/org/hibernate/boot/archive/scan/spi/ScanParameters.java,0.0,0.0,0.0,0.0,0.0,0.0,0.0,17.0,A,A
hibernate-core/src/main/java/org/hibernate/boot/archive/scan/spi/ScanResult.java,0.0,0.0,0.0,0.0,0.0,0.0,0.0,38.0,A,A
hibernate-core/src/main/java/org/hibernate/boot/archive/scan/internal/ScanResultCollector.java,18.0,13.0,0.0,1.0,5.0,1.0,0.0,120.0,A,A
hibernate-core/src/main/java/org/hibernate/boot/archive/scan/internal/ScanResultImpl.java,4.0,0.0,0.0,0.0,0.0,0.0,0.0,50.0,A,A
hibernate-core/src/main/java/org/hibernate/boot/SchemaAutoTooling.java,7.0,9.0,0.0,0.0,0.0,0.0,0.0,76.0,A,A
hibernate-core/src/main/java/org/hibernate/boot/jaxb/mapping/SchemaAware.java,0.0,0.0,0.0,0.0,0.0,0.0,0.0,22.0,A,A
hibernate-testing/src/main/java/org/hibernate/testing/schema/SchemaCreateHelper.java,6.0,0.0,0.0,6.0,35.0,6.0,0.0,91.0,A,A
hibernate-core/src/main/java/org/hibernate/tool/schema/spi/SchemaCreator.java,0.0,0.0,0.0,0.0,0.0,0.0,0.0,37.0,A,A
hibernate-core/src/main/java/org/hibernate/tool/schema/internal/SchemaCreatorImpl.java,114.0,103.0,0.0,13.0,128.0,13.0,0.0,841.0,A,A
hibernate-testing/src/main/java/org/hibernate/testing/schema/SchemaDropHelper.java,3.0,0.0,0.0,3.0,15.0,3.0,0.0,60.0,A,A
hibernate-core/src/main/java/org/hibernate/tool/schema/spi/SchemaDropper.java,0.0,0.0,0.0,0.0,0.0,0.0,0.0,50.0,A,A
hibernate-core/src/main/java/org/hibernate/tool/schema/internal/SchemaDropperImpl.java,98.0,84.0,0.0,7.0,70.0,7.0,0.0,683.0,A,A
tooling/hibernate-ant/src/main/java/org/hibernate/tool/hbm2ddl/SchemaExport.java,83.0,63.0,0.0,10.0,107.0,10.0,0.0,638.0,A,A
tooling/hibernate-ant/src/main/java/org/hibernate/tool/hbm2ddl/SchemaExportTask.java,40.0,31.0,0.0,5.0,37.0,5.0,0.0,335.0,A,A
hibernate-core/src/main/java/org/hibernate/tool/schema/extract/spi/SchemaExtractionException.java,2.0,0.0,0.0,0.0,0.0,0.0,0.0,23.0,A,A
hibernate-core/src/main/java/org/hibernate/tool/schema/spi/SchemaFilter.java,3.0,0.0,0.0,0.0,0.0,0.0,0.0,75.0,A,A
hibernate-core/src/main/java/org/hibernate/tool/schema/spi/SchemaFilterProvider.java,0.0,0.0,0.0,0.0,0.0,0.0,0.0,55.0,A,A
hibernate-core/src/main/java/org/hibernate/tool/schema/spi/SchemaManagementException.java,2.0,0.0,0.0,0.0,0.0,0.0,0.0,28.0,A,A
hibernate-core/src/main/java/org/hibernate/tool/schema/spi/SchemaManagementTool.java,2.0,0.0,0.0,0.0,0.0,0.0,0.0,54.0,A,A
hibernate-core/src/main/java/org/hibernate/tool/schema/spi/SchemaManagementToolCoordinator.java,116.0,71.0,0.0,14.0,31.0,14.0,0.0,792.0,A,A
hibernate-core/src/main/java/org/hibernate/tool/schema/internal/SchemaManagementToolInitiator.java,3.0,1.0,0.0,1.0,0.0,1.0,0.0,41.0,A,A
hibernate-core/src/main/java/org/hibernate/relational/SchemaManager.java,0.0,0.0,0.0,0.0,0.0,0.0,0.0,64.0,A,A
hibernate-core/src/main/java/org/hibernate/relational/internal/SchemaManagerImpl.java,9.0,0.0,0.0,0.0,0.0,0.0,0.0,92.0,A,A
hibernate-core/src/main/java/org/hibernate/tool/schema/spi/SchemaMigrator.java,0.0,0.0,0.0,0.0,0.0,0.0,0.0,33.0,A,A
hibernate-core/src/main/java/org/hibernate/engine/jdbc/spi/SchemaNameResolver.java,0.0,0.0,0.0,0.0,0.0,0.0,0.0,26.0,A,A
hibernate-core/src/main/java/org/hibernate/engine/jdbc/env/spi/SchemaNameResolver.java,0.0,0.0,0.0,0.0,0.0,0.0,0.0,30.0,A,A
hibernate-core/src/main/java/org/hibernate/cfg/SchemaToolingSettings.java,0.0,0.0,0.0,18.0,180.0,18.0,0.0,484.0,A,A
hibernate-core/src/main/java/org/hibernate/tool/schema/spi/SchemaTruncator.java,0.0,0.0,0.0,0.0,0.0,0.0,0.0,35.0,A,A
hibernate-core/src/main/java/org/hibernate/tool/schema/internal/SchemaTruncatorImpl.java,39.0,54.0,0.0,7.0,135.0,7.0,0.0,347.0,A,A
tooling/hibernate-ant/src/main/java/org/hibernate/tool/hbm2ddl/SchemaUpdate.java,38.0,35.0,0.0,3.0,35.0,3.0,0.0,324.0,A,A
tooling/hibernate-ant/src/main/java/org/hibernate/tool/hbm2ddl/SchemaUpdateCommand.java,3.0,0.0,0.0,1.0,10.0,1.0,0.0,37.0,A,A
hibernate-testing/src/main/java/org/hibernate/testing/schema/SchemaUpdateHelper.java,4.0,0.0,0.0,4.0,25.0,4.0,0.0,61.0,A,A
tooling/hibernate-ant/src/main/java/org/hibernate/tool/hbm2ddl/SchemaUpdateTask.java,29.0,25.0,0.0,0.0,0.0,0.0,0.0,288.0,A,A
hibernate-testing/src/main/java/org/hibernate/testing/schema/SchemaValidateHelper.java,2.0,0.0,0.0,2.0,10.0,2.0,0.0,25.0,A,A
tooling/hibernate-ant/src/main/java/org/hibernate/tool/hbm2ddl/SchemaValidator.java,21.0,22.0,0.0,0.0,0.0,0.0,0.0,200.0,A,A
hibernate-core/src/main/java/org/hibernate/tool/schema/spi/SchemaValidator.java,0.0,0.0,0.0,0.0,0.0,0.0,0.0,26.0,A,A
tooling/hibernate-ant/src/main/java/org/hibernate/tool/hbm2ddl/SchemaValidatorTask.java,22.0,22.0,0.0,0.0,0.0,0.0,0.0,210.0,A,A
tooling/hibernate-ant/src/main/java/org/hibernate/tool/hbm2ddl/ScriptExporter.java,3.0,0.0,0.0,3.0,25.0,3.0,0.0,34.0,A,A
hibernate-core/src/main/java/org/hibernate/tool/schema/spi/ScriptSourceInput.java,3.0,0.0,0.0,0.0,0.0,0.0,0.0,40.0,A,A
hibernate-core/src/main/java/org/hibernate/tool/schema/internal/exec/ScriptSourceInputAggregate.java,9.0,7.0,0.0,0.0,0.0,0.0,0.0,83.0,A,A
hibernate-core/src/main/java/org/hibernate/tool/schema/internal/exec/ScriptSourceInputFromFile.java,11.0,4.0,0.0,1.0,5.0,1.0,0.0,100.0,A,A
hibernate-core/src/main/java/org/hibernate/tool/schema/internal/exec/ScriptSourceInputFromReader.java,6.0,0.0,0.0,0.0,0.0,0.0,0.0,54.0,A,A
hibernate-core/src/main/java/org/hibernate/tool/schema/internal/exec/ScriptSourceInputFromUrl.java,7.0,3.0,1.0,1.0,20.0,2.0,0.0,80.0,C,A
hibernate-core/src/main/java/org/hibernate/tool/schema/internal/exec/ScriptSourceInputNonExistentImpl.java,6.0,0.0,0.0,2.0,5.0,2.0,0.0,58.0,A,A
hibernate-core/src/main/java/org/hibernate/tool/schema/spi/ScriptTargetOutput.java,0.0,0.0,0.0,0.0,0.0,0.0,0.0,33.0,A,A
hibernate-core/src/main/java/org/hibernate/tool/schema/internal/exec/ScriptTargetOutputToFile.java,11.0,10.0,1.0,0.0,0.0,1.0,0.0,120.0,B,A
hibernate-core/src/main/java/org/hibernate/tool/schema/internal/exec/ScriptTargetOutputToStdout.java,6.0,4.0,0.0,1.0,10.0,1.0,0.0,57.0,A,A
hibernate-core/src/main/java/org/hibernate/tool/schema/internal/exec/ScriptTargetOutputToUrl.java,7.0,3.0,0.0,0.0,0.0,0.0,0.0,102.0,A,A
hibernate-core/src/main/java/org/hibernate/tool/schema/internal/exec/ScriptTargetOutputToWriter.java,3.0,1.0,0.0,0.0,0.0,0.0,0.0,41.0,A,A
hibernate-core/src/main/java/org/hibernate/ScrollableResults.java,0.0,0.0,0.0,0.0,0.0,0.0,0.0,151.0,A,A
hibernate-core/src/main/java/org/hibernate/sql/results/spi/ScrollableResultsConsumer.java,8.0,6.0,0.0,3.0,20.0,3.0,0.0,82.0,A,A
hibernate-core/src/main/java/org/hibernate/internal/ScrollableResultsImpl.java,16.0,1.0,0.0,0.0,0.0,0.0,0.0,147.0,A,A
hibernate-core/src/main/java/org/hibernate/query/spi/ScrollableResultsImplementor.java,0.0,0.0,0.0,0.0,0.0,0.0,0.0,21.0,A,A
hibernate-core/src/main/java/org/hibernate/query/internal/ScrollableResultsIterator.java,5.0,1.0,0.0,0.0,0.0,0.0,0.0,41.0,A,A
hibernate-core/src/main/java/org/hibernate/ScrollMode.java,3.0,0.0,0.0,0.0,0.0,0.0,0.0,72.0,A,A
hibernate-spatial/src/main/java/org/hibernate/spatial/dialect/oracle/SDOGeometryType.java,7.0,0.0,0.0,1.0,5.0,1.0,0.0,78.0,A,A
hibernate-spatial/src/main/java/org/hibernate/spatial/dialect/oracle/SDOGeometryValueBinder.java,7.0,7.0,0.0,0.0,0.0,0.0,0.0,93.0,A,A
hibernate-spatial/src/main/java/org/hibernate/spatial/dialect/oracle/SDOGeometryValueExtractor.java,7.0,1.0,0.0,1.0,0.0,1.0,0.0,83.0,A,A
hibernate-spatial/src/main/java/org/hibernate/spatial/dialect/oracle/SDOGetGeometryType.java,2.0,0.0,0.0,0.0,0.0,0.0,0.0,49.0,A,A
hibernate-spatial/src/main/java/org/hibernate/spatial/dialect/oracle/SDOLIteralFormatter.java,2.0,0.0,0.0,0.0,0.0,0.0,0.0,39.0,A,A
hibernate-spatial/src/main/java/org/hibernate/spatial/dialect/oracle/SDOMethodDescriptor.java,5.0,2.0,0.0,0.0,0.0,0.0,0.0,51.0,A,A
hibernate-spatial/src/main/java/org/hibernate/spatial/dialect/oracle/SDORelateFunction.java,2.0,0.0,0.0,1.0,2.0,1.0,0.0,64.0,A,A
hibernate-core/src/main/java/org/hibernate/sql/ast/tree/cte/SearchClauseSpecification.java,4.0,0.0,0.0,0.0,0.0,0.0,0.0,38.0,A,A
hibernate-envers/src/main/java/org/hibernate/envers/SecondaryAuditTable.java,0.0,0.0,0.0,0.0,0.0,0.0,0.0,26.0,A,A
hibernate-envers/src/main/java/org/hibernate/envers/SecondaryAuditTables.java,0.0,0.0,0.0,0.0,0.0,0.0,0.0,22.0,A,A
hibernate-core/src/main/java/org/hibernate/annotations/SecondaryRow.java,0.0,0.0,0.0,0.0,0.0,0.0,0.0,50.0,A,A
hibernate-core/src/main/java/org/hibernate/annotations/SecondaryRows.java,0.0,0.0,0.0,0.0,0.0,0.0,0.0,26.0,A,A
hibernate-core/src/main/java/org/hibernate/boot/jaxb/hbm/spi/SecondaryTableContainer.java,0.0,0.0,0.0,0.0,0.0,0.0,0.0,19.0,A,A
hibernate-core/src/main/java/org/hibernate/boot/model/internal/SecondaryTableFromAnnotationSecondPass.java,2.0,0.0,0.0,1.0,5.0,1.0,0.0,32.0,A,A
hibernate-core/src/main/java/org/hibernate/boot/model/internal/SecondaryTableSecondPass.java,2.0,0.0,0.0,1.0,5.0,1.0,0.0,35.0,A,A
hibernate-core/src/main/java/org/hibernate/boot/model/source/spi/SecondaryTableSource.java,0.0,0.0,0.0,0.0,0.0,0.0,0.0,67.0,A,A
hibernate-core/src/main/java/org/hibernate/boot/model/source/internal/hbm/SecondaryTableSourceImpl.java,23.0,5.0,0.0,2.0,5.0,2.0,0.0,167.0,A,A
hibernate-core/src/main/java/org/hibernate/cache/spi/SecondLevelCacheLogger.java,0.0,0.0,0.0,0.0,0.0,0.0,0.0,106.0,A,A
hibernate-core/src/main/java/org/hibernate/cfg/SecondPass.java,0.0,0.0,0.0,2.0,15.0,2.0,0.0,21.0,A,A
hibernate-core/src/main/java/org/hibernate/boot/spi/SecondPass.java,0.0,0.0,0.0,0.0,0.0,0.0,0.0,30.0,A,A
hibernate-core/src/main/java/org/hibernate/mapping/Selectable.java,4.0,2.0,0.0,2.0,20.0,2.0,0.0,83.0,A,A
hibernate-core/src/main/java/org/hibernate/metamodel/mapping/SelectableConsumer.java,34.0,2.0,0.0,2.0,10.0,2.0,0.0,246.0,A,A
hibernate-core/src/main/java/org/hibernate/metamodel/mapping/SelectableMapping.java,4.0,1.0,0.0,0.0,0.0,0.0,0.0,71.0,A,A
hibernate-core/src/main/java/org/hibernate/query/sqm/mutation/internal/SelectableMappingExpressionConverter.java,3.0,0.0,0.0,0.0,0.0,0.0,0.0,59.0,A,A
hibernate-core/src/main/java/org/hibernate/metamodel/mapping/internal/SelectableMappingImpl.java,28.0,11.0,0.0,7.0,105.0,7.0,0.0,293.0,A,A
hibernate-core/src/main/java/org/hibernate/metamodel/mapping/SelectableMappings.java,1.0,0.0,0.0,0.0,0.0,0.0,0.0,46.0,A,A
hibernate-core/src/main/java/org/hibernate/metamodel/mapping/internal/SelectableMappingsImpl.java,17.0,10.0,0.0,2.0,40.0,2.0,0.0,171.0,A,A
hibernate-core/src/main/java/org/hibernate/metamodel/mapping/SelectablePath.java,29.0,14.0,0.0,2.0,20.0,2.0,0.0,147.0,A,A
hibernate-core/src/main/java/org/hibernate/annotations/SelectBeforeUpdate.java,0.0,0.0,0.0,2.0,20.0,2.0,0.0,34.0,A,A
hibernate-core/src/main/java/org/hibernate/sql/ast/tree/select/SelectClause.java,7.0,0.0,0.0,0.0,0.0,0.0,0.0,57.0,A,A
hibernate-core/src/main/java/org/hibernate/sql/results/graph/collection/internal/SelectEagerCollectionAssembler.java,3.0,0.0,0.0,0.0,0.0,0.0,0.0,42.0,A,A
hibernate-core/src/main/java/org/hibernate/sql/results/graph/collection/internal/SelectEagerCollectionFetch.java,6.0,1.0,0.0,0.0,0.0,0.0,0.0,62.0,A,A
hibernate-core/src/main/java/org/hibernate/sql/results/graph/collection/internal/SelectEagerCollectionInitializer.java,5.0,0.0,0.0,1.0,5.0,1.0,0.0,49.0,A,A
hibernate-core/src/main/java/org/hibernate/id/SelectGenerator.java,5.0,1.0,0.0,0.0,0.0,0.0,0.0,112.0,A,A
hibernate-core/src/main/java/org/hibernate/query/sql/spi/SelectInterpretationsKey.java,14.0,4.0,0.0,0.0,0.0,0.0,0.0,101.0,A,A
hibernate-envers/src/main/java/org/hibernate/envers/boot/model/Selection.java,2.0,0.0,0.0,1.0,2.0,1.0,0.0,32.0,A,A
hibernate-core/src/main/java/org/hibernate/query/SelectionQuery.java,3.0,0.0,0.0,2.0,15.0,2.0,0.0,683.0,A,A
hibernate-core/src/main/java/org/hibernate/dialect/SelectItemReferenceStrategy.java,0.0,0.0,0.0,0.0,0.0,0.0,0.0,28.0,A,A
hibernate-core/src/main/java/org/hibernate/dialect/lock/SelectLockingStrategy.java,8.0,7.0,0.0,0.0,0.0,0.0,0.0,119.0,A,A
hibernate-core/src/main/java/org/hibernate/query/spi/SelectQueryPlan.java,0.0,0.0,0.0,2.0,0.0,2.0,0.0,53.0,A,A
hibernate-core/src/main/java/org/hibernate/sql/ast/tree/select/SelectStatement.java,15.0,4.0,0.0,2.0,5.0,2.0,0.0,136.0,A,A
hibernate-core/src/main/java/org/hibernate/engine/spi/SelfDirtinessTracker.java,1.0,0.0,0.0,0.0,0.0,0.0,0.0,68.0,A,A
hibernate-core/src/main/java/org/hibernate/sql/model/SelfExecutingUpdateOperation.java,0.0,0.0,0.0,0.0,0.0,0.0,0.0,25.0,A,A
hibernate-core/src/main/java/org/hibernate/query/sqm/function/SelfRenderingAggregateFunctionSqlAstExpression.java,4.0,0.0,0.0,1.0,10.0,1.0,0.0,70.0,A,A
hibernate-core/src/main/java/org/hibernate/sql/ast/tree/cte/SelfRenderingCteObject.java,0.0,0.0,0.0,0.0,0.0,0.0,0.0,23.0,A,A
hibernate-core/src/main/java/org/hibernate/sql/ast/tree/expression/SelfRenderingExpression.java,1.0,0.0,0.0,0.0,0.0,0.0,0.0,25.0,A,A
hibernate-core/src/main/java/org/hibernate/query/sqm/function/SelfRenderingFunctionSqlAstExpression.java,30.0,9.0,0.0,2.0,20.0,2.0,0.0,261.0,A,A
hibernate-core/src/main/java/org/hibernate/query/sqm/function/SelfRenderingOrderedSetAggregateFunctionSqlAstExpression.java,4.0,0.0,0.0,1.0,10.0,1.0,0.0,73.0,A,A
hibernate-core/src/main/java/org/hibernate/metamodel/mapping/ordering/ast/SelfRenderingOrderingExpression.java,7.0,6.0,0.0,0.0,0.0,0.0,0.0,74.0,A,A
hibernate-core/src/main/java/org/hibernate/sql/ast/tree/predicate/SelfRenderingPredicate.java,5.0,0.0,0.0,0.0,0.0,0.0,0.0,43.0,A,A
hibernate-core/src/main/java/org/hibernate/sql/ast/tree/expression/SelfRenderingSqlFragmentExpression.java,4.0,0.0,0.0,0.0,0.0,0.0,0.0,43.0,A,A
hibernate-core/src/main/java/org/hibernate/query/sqm/function/SelfRenderingSqmAggregateFunction.java,15.0,10.0,0.0,1.0,10.0,1.0,0.0,144.0,A,A
hibernate-core/src/main/java/org/hibernate/query/sqm/function/SelfRenderingSqmFunction.java,33.0,20.0,0.0,3.0,25.0,3.0,0.0,282.0,A,A
hibernate-core/src/main/java/org/hibernate/query/sqm/function/SelfRenderingSqmOrderedSetAggregateFunction.java,21.0,21.0,0.0,2.0,15.0,2.0,0.0,204.0,A,A
hibernate-core/src/main/java/org/hibernate/query/sqm/function/SelfRenderingSqmWindowFunction.java,21.0,18.0,0.0,3.0,20.0,3.0,0.0,184.0,A,A
hibernate-core/src/main/java/org/hibernate/query/sqm/function/SelfRenderingWindowFunctionSqlAstExpression.java,6.0,0.0,0.0,1.0,10.0,1.0,0.0,90.0,A,A
hibernate-core/src/main/java/org/hibernate/query/SemanticException.java,4.0,0.0,0.0,2.0,20.0,2.0,0.0,46.0,A,A
hibernate-core/src/main/java/org/hibernate/query/hql/spi/SemanticPathPart.java,0.0,0.0,0.0,0.0,0.0,0.0,0.0,37.0,A,A
hibernate-core/src/main/java/org/hibernate/query/hql/internal/SemanticQueryBuilder.java,848.0,819.0,1.0,33.0,303.0,34.0,0.0,5403.0,B,A
hibernate-core/src/main/java/org/hibernate/query/sqm/SemanticQueryWalker.java,15.0,0.0,0.0,0.0,0.0,0.0,0.0,413.0,A,A
hibernate-core/src/main/java/org/hibernate/mapping/SemanticsResolver.java,0.0,0.0,0.0,1.0,10.0,1.0,0.0,22.0,A,A
hibernate-core/src/main/java/org/hibernate/boot/model/relational/Sequence.java,11.0,2.0,0.0,0.0,0.0,0.0,0.0,107.0,A,A
hibernate-core/src/main/java/org/hibernate/id/factory/internal/SequenceGenerationTypeStrategy.java,1.0,0.0,0.0,1.0,0.0,1.0,0.0,36.0,A,A
hibernate-envers/src/main/java/org/hibernate/envers/enhanced/SequenceIdRevisionEntity.java,11.0,3.0,0.0,0.0,0.0,0.0,0.0,98.0,A,A
hibernate-envers/src/main/java/org/hibernate/envers/enhanced/SequenceIdTrackingModifiedEntitiesRevisionEntity.java,10.0,6.0,0.0,0.0,0.0,0.0,0.0,83.0,A,A
hibernate-core/src/main/java/org/hibernate/tool/schema/extract/spi/SequenceInformation.java,0.0,0.0,0.0,0.0,0.0,0.0,0.0,53.0,A,A
hibernate-core/src/main/java/org/hibernate/tool/schema/extract/spi/SequenceInformationExtractor.java,0.0,0.0,0.0,0.0,0.0,0.0,0.0,30.0,A,A
hibernate-community-dialects/src/main/java/org/hibernate/community/dialect/sequence/SequenceInformationExtractorAltibaseDatabaseImpl.java,7.0,0.0,0.0,1.0,0.0,1.0,0.0,59.0,A,A
hibernate-community-dialects/src/main/java/org/hibernate/community/dialect/sequence/SequenceInformationExtractorCUBRIDDatabaseImpl.java,7.0,0.0,0.0,1.0,0.0,1.0,0.0,55.0,A,A
hibernate-core/src/main/java/org/hibernate/tool/schema/extract/internal/SequenceInformationExtractorDB2DatabaseImpl.java,6.0,0.0,0.0,1.0,0.0,1.0,0.0,48.0,A,A
hibernate-core/src/main/java/org/hibernate/tool/schema/extract/internal/SequenceInformationExtractorDerbyDatabaseImpl.java,5.0,0.0,0.0,1.0,0.0,1.0,0.0,43.0,A,A
hibernate-community-dialects/src/main/java/org/hibernate/community/dialect/sequence/SequenceInformationExtractorFirebirdDatabaseImpl.java,7.0,0.0,0.0,1.0,0.0,1.0,0.0,55.0,A,A
hibernate-core/src/main/java/org/hibernate/tool/schema/extract/internal/SequenceInformationExtractorH2DatabaseImpl.java,3.0,0.0,0.0,1.0,0.0,1.0,0.0,33.0,A,A
hibernate-core/src/main/java/org/hibernate/tool/schema/extract/internal/SequenceInformationExtractorHANADatabaseImpl.java,6.0,0.0,0.0,1.0,0.0,1.0,0.0,48.0,A,A
hibernate-core/src/main/java/org/hibernate/tool/schema/extract/internal/SequenceInformationExtractorHSQLDBDatabaseImpl.java,1.0,0.0,0.0,1.0,0.0,1.0,0.0,24.0,A,A
hibernate-community-dialects/src/main/java/org/hibernate/community/dialect/sequence/SequenceInformationExtractorInformixDatabaseImpl.java,6.0,0.0,0.0,1.0,0.0,1.0,0.0,50.0,A,A
hibernate-community-dialects/src/main/java/org/hibernate/community/dialect/sequence/SequenceInformationExtractorIngresDatabaseImpl.java,7.0,0.0,0.0,1.0,0.0,1.0,0.0,55.0,A,A
hibernate-core/src/main/java/org/hibernate/tool/schema/extract/internal/SequenceInformationExtractorLegacyImpl.java,24.0,9.0,0.0,1.0,0.0,1.0,0.0,128.0,A,A
hibernate-core/src/main/java/org/hibernate/tool/schema/extract/internal/SequenceInformationExtractorMariaDBDatabaseImpl.java,12.0,12.0,0.0,1.0,0.0,1.0,0.0,106.0,A,A
hibernate-community-dialects/src/main/java/org/hibernate/community/dialect/sequence/SequenceInformationExtractorMimerSQLDatabaseImpl.java,2.0,0.0,0.0,1.0,0.0,1.0,0.0,30.0,A,A
hibernate-core/src/main/java/org/hibernate/tool/schema/extract/internal/SequenceInformationExtractorNoOpImpl.java,1.0,0.0,0.0,1.0,0.0,1.0,0.0,31.0,A,A
hibernate-core/src/main/java/org/hibernate/tool/schema/extract/internal/SequenceInformationExtractorOracleDatabaseImpl.java,9.0,0.0,0.0,1.0,0.0,1.0,0.0,67.0,A,A
hibernate-community-dialects/src/main/java/org/hibernate/community/dialect/sequence/SequenceInformationExtractorSAPDBDatabaseImpl.java,6.0,0.0,0.0,1.0,0.0,1.0,0.0,50.0,A,A
hibernate-core/src/main/java/org/hibernate/tool/schema/extract/internal/SequenceInformationExtractorTiDBDatabaseImpl.java,12.0,11.0,0.0,1.0,0.0,1.0,0.0,118.0,A,A
hibernate-community-dialects/src/main/java/org/hibernate/community/dialect/sequence/SequenceInformationExtractorTimesTenDatabaseImpl.java,6.0,0.0,0.0,1.0,0.0,1.0,0.0,50.0,A,A
hibernate-core/src/main/java/org/hibernate/tool/schema/extract/internal/SequenceInformationImpl.java,6.0,0.0,0.0,0.0,0.0,0.0,0.0,61.0,A,A
hibernate-core/src/main/java/org/hibernate/id/SequenceMismatchStrategy.java,6.0,8.0,0.0,0.0,0.0,0.0,0.0,79.0,A,A
hibernate-core/src/main/java/org/hibernate/tool/schema/extract/internal/SequenceNameExtractorImpl.java,7.0,0.0,0.0,1.0,0.0,1.0,0.0,55.0,A,A
hibernate-core/src/main/java/org/hibernate/metamodel/mapping/ordering/ast/SequencePart.java,0.0,0.0,0.0,0.0,0.0,0.0,0.0,23.0,A,A
hibernate-core/src/main/java/org/hibernate/id/enhanced/SequenceStructure.java,21.0,10.0,0.0,3.0,27.0,3.0,0.0,199.0,A,A
hibernate-core/src/main/java/org/hibernate/id/enhanced/SequenceStyleGenerator.java,52.0,32.0,0.0,2.0,10.0,2.0,0.0,599.0,A,A
hibernate-core/src/main/java/org/hibernate/dialect/sequence/SequenceSupport.java,20.0,8.0,0.0,0.0,0.0,0.0,0.0,235.0,A,A
hibernate-core/src/main/java/org/hibernate/engine/jdbc/SerializableBlobProxy.java,7.0,5.0,0.0,0.0,0.0,0.0,0.0,91.0,A,A
hibernate-core/src/main/java/org/hibernate/engine/jdbc/SerializableClobProxy.java,7.0,5.0,0.0,0.0,0.0,0.0,0.0,90.0,A,A
hibernate-core/src/main/java/org/hibernate/type/descriptor/java/SerializableJavaType.java,32.0,20.0,0.0,0.0,0.0,0.0,0.0,155.0,A,A
hibernate-core/src/main/java/org/hibernate/proxy/map/SerializableMapProxy.java,2.0,0.0,0.0,0.0,0.0,0.0,0.0,29.0,A,A
hibernate-core/src/main/java/org/hibernate/engine/jdbc/SerializableNClobProxy.java,3.0,0.0,0.0,0.0,0.0,0.0,0.0,52.0,A,A
hibernate-core/src/main/java/org/hibernate/proxy/pojo/bytebuddy/SerializableProxy.java,21.0,8.0,0.0,0.0,0.0,0.0,0.0,156.0,A,A
hibernate-core/src/main/java/org/hibernate/type/SerializableToBlobType.java,63.0,15.0,0.0,3.0,20.0,3.0,0.0,386.0,A,A
hibernate-core/src/main/java/org/hibernate/type/SerializableType.java,4.0,1.0,0.0,0.0,0.0,0.0,0.0,50.0,A,A
hibernate-core/src/main/java/org/hibernate/type/SerializationException.java,1.0,0.0,0.0,0.0,0.0,0.0,0.0,21.0,A,A
hibernate-core/src/main/java/org/hibernate/internal/util/SerializationHelper.java,26.0,24.0,0.0,8.0,96.0,8.0,0.0,357.0,A,A
hibernate-core/src/main/java/org/hibernate/service/Service.java,0.0,0.0,0.0,0.0,0.0,0.0,0.0,34.0,A,A
hibernate-core/src/main/java/org/hibernate/service/spi/ServiceBinding.java,9.0,3.0,1.0,1.0,5.0,2.0,0.0,76.0,B,A
hibernate-core/src/main/java/org/hibernate/service/spi/ServiceContributor.java,0.0,0.0,0.0,0.0,0.0,0.0,0.0,29.0,A,A
hibernate-core/src/main/java/org/hibernate/service/internal/ServiceDependencyException.java,2.0,0.0,0.0,0.0,0.0,0.0,0.0,24.0,A,A
hibernate-core/src/main/java/org/hibernate/service/spi/ServiceException.java,2.0,0.0,0.0,0.0,0.0,0.0,0.0,24.0,A,A
hibernate-core/src/main/java/org/hibernate/service/spi/ServiceInitiator.java,0.0,0.0,0.0,0.0,0.0,0.0,0.0,24.0,A,A
hibernate-core/src/main/java/org/hibernate/service/internal/ServiceProxyGenerationException.java,2.0,0.0,0.0,0.0,0.0,0.0,0.0,25.0,A,A
hibernate-core/src/main/java/org/hibernate/service/ServiceRegistry.java,2.0,1.0,0.0,0.0,0.0,0.0,0.0,74.0,A,A
hibernate-testing/src/main/java/org/hibernate/testing/orm/junit/ServiceRegistry.java,0.0,0.0,0.0,0.0,0.0,0.0,0.0,99.0,A,A
hibernate-core/src/main/java/org/hibernate/service/spi/ServiceRegistryAwareService.java,0.0,0.0,0.0,0.0,0.0,0.0,0.0,22.0,A,A
hibernate-testing/src/main/java/org/hibernate/testing/ServiceRegistryBuilder.java,5.0,0.0,0.0,0.0,0.0,0.0,0.0,47.0,A,A
hibernate-testing/src/main/java/org/hibernate/testing/orm/junit/ServiceRegistryExtension.java,44.0,37.0,0.0,10.0,115.0,10.0,0.0,404.0,A,A
hibernate-testing/src/main/java/org/hibernate/testing/orm/junit/ServiceRegistryFunctionalTesting.java,0.0,0.0,0.0,0.0,0.0,0.0,0.0,35.0,A,A
hibernate-core/src/main/java/org/hibernate/service/spi/ServiceRegistryImplementor.java,1.0,0.0,0.0,0.0,0.0,0.0,0.0,54.0,A,A
hibernate-testing/src/main/java/org/hibernate/testing/orm/junit/ServiceRegistryParameterResolver.java,4.0,2.0,0.0,0.0,0.0,0.0,0.0,53.0,A,A
hibernate-testing/src/main/java/org/hibernate/testing/orm/junit/ServiceRegistryProducer.java,0.0,0.0,0.0,0.0,0.0,0.0,0.0,21.0,A,A
hibernate-testing/src/main/java/org/hibernate/testing/orm/junit/ServiceRegistryScope.java,6.0,2.0,0.0,2.0,10.0,2.0,0.0,56.0,A,A
hibernate-testing/src/main/java/org/hibernate/testing/orm/junit/ServiceRegistryScopeAware.java,0.0,0.0,0.0,0.0,0.0,0.0,0.0,15.0,A,A
hibernate-testing/src/main/java/org/hibernate/testing/boot/ServiceRegistryTestingImpl.java,6.0,0.0,0.0,0.0,0.0,0.0,0.0,94.0,A,A
hibernate-testing/src/main/java/org/hibernate/testing/util/ServiceRegistryUtil.java,9.0,3.0,0.0,1.0,5.0,1.0,0.0,61.0,A,A
hibernate-core/src/main/java/org/hibernate/Session.java,3.0,1.0,0.0,30.0,290.0,30.0,0.0,1574.0,A,A
hibernate-core/src/main/java/org/hibernate/bytecode/enhance/spi/interceptor/SessionAssociableInterceptor.java,0.0,0.0,0.0,0.0,0.0,0.0,0.0,26.0,A,A
hibernate-core/src/main/java/org/hibernate/SessionBuilder.java,0.0,0.0,0.0,1.0,10.0,1.0,0.0,161.0,A,A
hibernate-core/src/main/java/org/hibernate/engine/spi/SessionBuilderImplementor.java,0.0,0.0,0.0,0.0,0.0,0.0,0.0,21.0,A,A
hibernate-envers/src/main/java/org/hibernate/envers/internal/synchronization/SessionCacheCleaner.java,3.0,5.0,0.0,1.0,5.0,1.0,0.0,45.0,A,A
hibernate-jfr/src/main/java/org/hibernate/event/jfr/internal/SessionClosedEvent.java,1.0,0.0,0.0,0.0,0.0,0.0,0.0,39.0,A,A
hibernate-core/src/main/java/org/hibernate/internal/SessionCreationOptions.java,0.0,0.0,0.0,1.0,0.0,1.0,0.0,64.0,A,A
hibernate-core/src/main/java/org/hibernate/engine/spi/SessionDelegatorBaseImpl.java,231.0,0.0,0.0,2.0,15.0,2.0,0.0,1262.0,A,A
hibernate-core/src/main/java/org/hibernate/SessionEventListener.java,22.0,0.0,0.0,0.0,0.0,0.0,0.0,64.0,A,A
hibernate-core/src/main/java/org/hibernate/engine/spi/SessionEventListenerManager.java,0.0,0.0,0.0,0.0,0.0,0.0,0.0,17.0,A,A
hibernate-core/src/main/java/org/hibernate/engine/internal/SessionEventListenerManagerImpl.java,69.0,46.0,0.0,0.0,0.0,0.0,0.0,287.0,A,A
hibernate-core/src/main/java/org/hibernate/cfg/SessionEventSettings.java,0.0,0.0,0.0,1.0,10.0,1.0,0.0,81.0,A,A
hibernate-core/src/main/java/org/hibernate/SessionException.java,2.0,0.0,0.0,0.0,0.0,0.0,0.0,36.0,A,A
hibernate-core/src/main/java/org/hibernate/SessionFactory.java,13.0,0.0,0.0,2.0,20.0,2.0,0.0,418.0,A,A
hibernate-testing/src/main/java/org/hibernate/testing/orm/junit/SessionFactory.java,0.0,0.0,0.0,0.0,0.0,0.0,0.0,60.0,A,A
hibernate-core/src/main/java/org/hibernate/persister/entity/SessionFactoryBasedWrapperOptions.java,7.0,0.0,0.0,0.0,0.0,0.0,0.0,60.0,A,A
hibernate-core/src/main/java/org/hibernate/boot/SessionFactoryBuilder.java,0.0,0.0,0.0,2.0,20.0,2.0,0.0,743.0,A,A
hibernate-core/src/main/java/org/hibernate/boot/spi/SessionFactoryBuilderFactory.java,0.0,0.0,0.0,0.0,0.0,0.0,0.0,35.0,A,A
hibernate-core/src/main/java/org/hibernate/boot/internal/SessionFactoryBuilderImpl.java,68.0,3.0,0.0,1.0,10.0,1.0,0.0,458.0,A,A
hibernate-core/src/main/java/org/hibernate/boot/spi/SessionFactoryBuilderImplementor.java,1.0,0.0,0.0,0.0,0.0,0.0,0.0,38.0,A,A
hibernate-core/src/main/java/org/hibernate/boot/spi/SessionFactoryBuilderService.java,0.0,0.0,0.0,0.0,0.0,0.0,0.0,20.0,A,A
hibernate-core/src/main/java/org/hibernate/engine/spi/SessionFactoryDelegatingImpl.java,63.0,0.0,0.0,12.0,90.0,12.0,0.0,378.0,A,A
hibernate-testing/src/main/java/org/hibernate/testing/orm/junit/SessionFactoryExtension.java,50.0,48.0,0.0,7.0,90.0,7.0,0.0,418.0,A,A
hibernate-testing/src/main/java/org/hibernate/testing/orm/junit/SessionFactoryFunctionalTesting.java,0.0,0.0,0.0,0.0,0.0,0.0,0.0,47.0,A,A
hibernate-core/src/main/java/org/hibernate/internal/SessionFactoryImpl.java,257.0,132.0,0.0,23.0,152.0,23.0,0.0,1742.0,A,A
hibernate-core/src/main/java/org/hibernate/engine/spi/SessionFactoryImplementor.java,2.0,0.0,0.0,8.0,60.0,8.0,0.0,237.0,A,A
hibernate-core/src/main/java/org/hibernate/SessionFactoryObserver.java,3.0,0.0,0.0,0.0,0.0,0.0,0.0,58.0,A,A
hibernate-core/src/main/java/org/hibernate/internal/SessionFactoryObserverChain.java,11.0,7.0,0.0,0.0,0.0,0.0,0.0,65.0,A,A
hibernate-core/src/main/java/org/hibernate/bytecode/internal/SessionFactoryObserverForBytecodeEnhancer.java,4.0,0.0,0.0,0.0,0.0,0.0,0.0,36.0,A,A
hibernate-core/src/main/java/org/hibernate/boot/internal/SessionFactoryObserverForNamedQueryValidation.java,3.0,1.0,0.0,0.0,0.0,0.0,0.0,43.0,A,A
hibernate-core/src/main/java/org/hibernate/boot/internal/SessionFactoryObserverForRegistration.java,2.0,0.0,0.0,0.0,0.0,0.0,0.0,55.0,A,A
hibernate-core/src/main/java/org/hibernate/boot/internal/SessionFactoryObserverForSchemaExport.java,6.0,1.0,0.0,0.0,0.0,0.0,0.0,56.0,A,A
hibernate-core/src/main/java/org/hibernate/boot/spi/SessionFactoryOptions.java,13.0,0.0,0.0,1.0,10.0,1.0,0.0,357.0,A,A
hibernate-core/src/main/java/org/hibernate/boot/internal/SessionFactoryOptionsBuilder.java,212.0,63.0,0.0,8.0,46.0,8.0,0.0,1555.0,A,A
hibernate-testing/src/main/java/org/hibernate/testing/orm/junit/SessionFactoryParameterResolver.java,2.0,0.0,0.0,0.0,0.0,0.0,0.0,34.0,A,A
hibernate-testing/src/main/java/org/hibernate/testing/orm/junit/SessionFactoryProducer.java,0.0,0.0,0.0,0.0,0.0,0.0,0.0,31.0,A,A
hibernate-core/src/main/java/org/hibernate/internal/SessionFactoryRegistry.java,28.0,25.0,0.0,3.0,25.0,3.0,0.0,247.0,A,A
hibernate-testing/src/main/java/org/hibernate/testing/orm/junit/SessionFactoryScope.java,1.0,0.0,0.0,0.0,0.0,0.0,0.0,46.0,A,A
hibernate-testing/src/main/java/org/hibernate/testing/orm/junit/SessionFactoryScopeAware.java,0.0,0.0,0.0,0.0,0.0,0.0,0.0,18.0,A,A
hibernate-testing/src/main/java/org/hibernate/testing/orm/junit/SessionFactoryScopeParameterResolver.java,2.0,0.0,0.0,0.0,0.0,0.0,0.0,34.0,A,A
hibernate-core/src/main/java/org/hibernate/service/spi/SessionFactoryServiceContributor.java,0.0,0.0,0.0,0.0,0.0,0.0,0.0,23.0,A,A
hibernate-core/src/main/java/org/hibernate/service/spi/SessionFactoryServiceInitiator.java,0.0,0.0,0.0,0.0,0.0,0.0,0.0,29.0,A,A
hibernate-core/src/main/java/org/hibernate/service/spi/SessionFactoryServiceInitiatorContext.java,0.0,0.0,0.0,0.0,0.0,0.0,0.0,20.0,A,A
hibernate-core/src/main/java/org/hibernate/service/spi/SessionFactoryServiceRegistry.java,0.0,0.0,0.0,0.0,0.0,0.0,0.0,18.0,A,A
hibernate-core/src/main/java/org/hibernate/service/spi/SessionFactoryServiceRegistryBuilder.java,0.0,0.0,0.0,0.0,0.0,0.0,0.0,19.0,A,A
hibernate-core/src/main/java/org/hibernate/service/internal/SessionFactoryServiceRegistryBuilderImpl.java,4.0,0.0,0.0,0.0,0.0,0.0,0.0,72.0,A,A
hibernate-core/src/main/java/org/hibernate/service/spi/SessionFactoryServiceRegistryFactory.java,0.0,0.0,0.0,0.0,0.0,0.0,0.0,36.0,A,A
hibernate-core/src/main/java/org/hibernate/service/internal/SessionFactoryServiceRegistryFactoryImpl.java,3.0,1.0,0.0,0.0,0.0,0.0,0.0,45.0,A,A
hibernate-core/src/main/java/org/hibernate/service/internal/SessionFactoryServiceRegistryFactoryInitiator.java,2.0,0.0,0.0,1.0,0.0,1.0,0.0,31.0,A,A
hibernate-core/src/main/java/org/hibernate/service/internal/SessionFactoryServiceRegistryImpl.java,13.0,4.0,0.0,0.0,0.0,0.0,0.0,117.0,A,A
hibernate-core/src/main/java/org/hibernate/internal/SessionImpl.java,445.0,301.0,0.0,88.0,644.0,88.0,0.0,2920.0,A,A
hibernate-core/src/main/java/org/hibernate/engine/spi/SessionImplementor.java,3.0,0.0,0.0,6.0,60.0,6.0,0.0,147.0,A,A
hibernate-core/src/main/java/org/hibernate/engine/spi/SessionLazyDelegator.java,162.0,1.0,0.0,58.0,435.0,58.0,0.0,917.0,A,A
hibernate-jfr/src/main/java/org/hibernate/event/jfr/internal/SessionOpenEvent.java,1.0,0.0,0.0,0.0,0.0,0.0,0.0,39.0,A,A
hibernate-core/src/main/java/org/hibernate/internal/SessionOwnerBehavior.java,0.0,0.0,0.0,1.0,0.0,1.0,0.0,17.0,A,A
hibernate-core/src/main/java/org/hibernate/stat/SessionStatistics.java,0.0,0.0,0.0,2.0,40.0,2.0,0.0,39.0,A,A
hibernate-core/src/main/java/org/hibernate/stat/internal/SessionStatisticsImpl.java,6.0,0.0,0.0,0.0,0.0,0.0,0.0,50.0,A,A
hibernate-core/src/main/java/org/hibernate/mapping/Set.java,17.0,17.0,0.0,4.0,15.0,4.0,0.0,118.0,A,A
hibernate-envers/src/main/java/org/hibernate/envers/boot/model/SetAttribute.java,13.0,0.0,0.0,2.0,8.0,2.0,0.0,126.0,A,A
hibernate-core/src/main/java/org/hibernate/metamodel/model/domain/internal/SetAttributeImpl.java,3.0,0.0,0.0,0.0,0.0,0.0,0.0,46.0,A,A
hibernate-core/src/main/java/org/hibernate/boot/model/internal/SetBasicValueTypeSecondPass.java,2.0,0.0,0.0,0.0,0.0,0.0,0.0,30.0,A,A
hibernate-core/src/main/java/org/hibernate/boot/model/internal/SetBinder.java,4.0,1.0,0.0,0.0,0.0,0.0,0.0,46.0,A,A
hibernate-core/src/main/java/org/hibernate/sql/results/graph/collection/internal/SetInitializer.java,6.0,1.0,0.0,0.0,0.0,0.0,0.0,69.0,A,A
hibernate-core/src/main/java/org/hibernate/sql/results/graph/collection/internal/SetInitializerProducer.java,2.0,0.0,0.0,0.0,0.0,0.0,0.0,55.0,A,A
hibernate-core/src/main/java/org/hibernate/query/sqm/SetOperator.java,2.0,0.0,0.0,0.0,0.0,0.0,0.0,50.0,A,A
hibernate-core/src/main/java/org/hibernate/metamodel/model/domain/SetPersistentAttribute.java,0.0,0.0,0.0,0.0,0.0,0.0,0.0,19.0,A,A
hibernate-envers/src/main/java/org/hibernate/envers/internal/entities/mapper/relation/lazy/proxy/SetProxy.java,2.0,0.0,0.0,0.0,0.0,0.0,0.0,24.0,A,A
hibernate-core/src/main/java/org/hibernate/property/access/spi/Setter.java,0.0,0.0,0.0,0.0,0.0,0.0,0.0,34.0,A,A
hibernate-core/src/main/java/org/hibernate/property/access/spi/SetterFieldImpl.java,15.0,11.0,0.0,1.0,30.0,1.0,0.0,132.0,A,A
hibernate-core/src/main/java/org/hibernate/property/access/spi/SetterMethodImpl.java,14.0,17.0,0.0,1.0,7.0,1.0,0.0,147.0,A,A
hibernate-testing/src/main/java/org/hibernate/testing/orm/junit/Setting.java,0.0,0.0,0.0,0.0,0.0,0.0,0.0,23.0,A,A
local-build-plugins/src/main/java/org/hibernate/orm/properties/SettingDescriptor.java,21.0,1.0,0.0,2.0,40.0,2.0,0.0,160.0,A,A
local-build-plugins/src/main/java/org/hibernate/orm/properties/SettingDescriptorComparator.java,8.0,10.0,0.0,2.0,5.0,2.0,0.0,57.0,A,A
hibernate-testing/src/main/java/org/hibernate/testing/orm/junit/SettingProvider.java,0.0,0.0,0.0,1.0,20.0,1.0,0.0,36.0,A,A
local-build-plugins/src/main/java/org/hibernate/orm/properties/jdk11/SettingsCollector.java,48.0,44.0,0.0,9.0,87.0,9.0,0.0,360.0,A,A
local-build-plugins/src/main/java/org/hibernate/orm/properties/jdk17/SettingsCollector.java,33.0,30.0,0.0,11.0,107.0,11.0,0.0,271.0,A,A
local-build-plugins/src/main/java/org/hibernate/orm/properties/SettingsDocExtension.java,9.0,0.0,0.0,0.0,0.0,0.0,0.0,103.0,A,A
local-build-plugins/src/main/java/org/hibernate/orm/properties/SettingsDocGenerationTask.java,7.0,0.0,0.0,0.0,0.0,0.0,0.0,112.0,A,A
local-build-plugins/src/main/java/org/hibernate/orm/properties/SettingsDocSection.java,16.0,1.0,0.0,2.0,5.0,2.0,0.0,118.0,A,A
local-build-plugins/src/main/java/org/hibernate/orm/properties/SettingsDocumentationPlugin.java,1.0,0.0,0.0,0.0,0.0,0.0,0.0,41.0,A,A
local-build-plugins/src/main/java/org/hibernate/orm/properties/SettingWorkingDetails.java,24.0,6.0,0.0,0.0,0.0,0.0,0.0,141.0,A,A
hibernate-core/src/main/java/org/hibernate/type/SetType.java,7.0,1.0,0.0,0.0,0.0,0.0,0.0,50.0,A,A
hibernate-testing/src/main/java/org/hibernate/testing/jdbc/SharedDriverManagerConnectionProviderImpl.java,25.0,12.0,0.0,2.0,5.0,2.0,0.0,140.0,A,A
hibernate-testing/src/main/java/org/hibernate/testing/jdbc/SharedDriverManagerTypeCacheClearingIntegrator.java,2.0,0.0,0.0,1.0,5.0,1.0,0.0,27.0,A,A
hibernate-core/src/main/java/org/hibernate/SharedSessionBuilder.java,0.0,0.0,0.0,1.0,10.0,1.0,0.0,88.0,A,A
hibernate-core/src/main/java/org/hibernate/SharedSessionContract.java,2.0,0.0,0.0,0.0,0.0,0.0,0.0,320.0,A,A
hibernate-core/src/main/java/org/hibernate/engine/spi/SharedSessionContractImplementor.java,19.0,2.0,0.0,7.0,60.0,7.0,0.0,602.0,A,A
hibernate-core/src/main/java/org/hibernate/internal/SharedSessionCreationOptions.java,0.0,0.0,0.0,0.0,0.0,0.0,0.0,29.0,A,A
hibernate-core/src/main/java/org/hibernate/engine/spi/SharedSessionDelegatorBaseImpl.java,116.0,0.0,0.0,0.0,0.0,0.0,0.0,648.0,A,A
hibernate-testing/src/main/java/org/hibernate/testing/orm/domain/gambit/Shirt.java,16.0,7.0,1.0,2.0,10.0,3.0,0.0,110.0,B,A
hibernate-core/src/main/java/org/hibernate/type/descriptor/java/ShortJavaType.java,42.0,24.0,0.0,0.0,0.0,0.0,0.0,209.0,A,A
hibernate-core/src/main/java/org/hibernate/type/descriptor/java/ShortPrimitiveArrayJavaType.java,39.0,32.0,0.0,2.0,60.0,2.0,0.0,203.0,A,A
hibernate-core/src/main/java/org/hibernate/metamodel/mapping/internal/SimpleAttributeMetadata.java,12.0,0.0,0.0,3.0,15.0,3.0,0.0,131.0,A,A
hibernate-envers/src/main/java/org/hibernate/envers/query/criteria/internal/SimpleAuditExpression.java,14.0,20.0,0.0,1.0,7.0,1.0,0.0,140.0,A,A
hibernate-core/src/main/java/org/hibernate/boot/model/relational/SimpleAuxiliaryDatabaseObject.java,19.0,7.0,0.0,0.0,0.0,0.0,0.0,156.0,A,A
hibernate-testing/src/main/java/org/hibernate/testing/orm/domain/gambit/SimpleBasicSortComparator.java,1.0,0.0,0.0,0.0,0.0,0.0,0.0,21.0,A,A
hibernate-core/src/main/java/org/hibernate/cache/internal/SimpleCacheKeysFactory.java,6.0,0.0,0.0,3.0,32.0,3.0,0.0,63.0,A,A
hibernate-core/src/main/java/org/hibernate/bytecode/enhance/internal/tracker/SimpleCollectionTracker.java,7.0,6.0,0.0,0.0,0.0,0.0,0.0,54.0,A,A
hibernate-testing/src/main/java/org/hibernate/testing/orm/domain/gambit/SimpleComponent.java,6.0,0.0,0.0,0.0,0.0,0.0,0.0,43.0,A,A
hibernate-core/src/main/java/org/hibernate/dialect/SimpleDatabaseVersion.java,21.0,14.0,0.0,3.0,45.0,3.0,0.0,105.0,A,A
hibernate-core/src/main/java/org/hibernate/query/sqm/internal/SimpleDeleteQueryPlan.java,17.0,10.0,0.0,1.0,5.0,1.0,0.0,246.0,A,A
hibernate-core/src/main/java/org/hibernate/metamodel/model/domain/SimpleDomainType.java,1.0,0.0,0.0,0.0,0.0,0.0,0.0,20.0,A,A
hibernate-testing/src/main/java/org/hibernate/testing/orm/domain/gambit/SimpleEntity.java,17.0,0.0,0.0,0.0,0.0,0.0,0.0,130.0,A,A
hibernate-core/src/main/java/org/hibernate/bytecode/enhance/internal/tracker/SimpleFieldTracker.java,12.0,6.0,0.0,0.0,0.0,0.0,0.0,74.0,A,A
hibernate-core/src/main/java/org/hibernate/metamodel/mapping/internal/SimpleForeignKeyDescriptor.java,87.0,23.0,0.0,5.0,25.0,5.0,0.0,707.0,A,A
hibernate-core/src/main/java/org/hibernate/metamodel/mapping/internal/SimpleForeignKeyDescriptorSide.java,3.0,0.0,0.0,0.0,0.0,0.0,0.0,37.0,A,A
hibernate-core/src/main/java/org/hibernate/sql/ast/spi/SimpleFromClauseAccessImpl.java,21.0,25.0,0.0,1.0,9.0,1.0,0.0,116.0,A,A
hibernate-envers/src/main/java/org/hibernate/envers/query/criteria/internal/SimpleFunctionAuditExpression.java,2.0,0.0,0.0,0.0,0.0,0.0,0.0,55.0,A,A
hibernate-core/src/main/java/org/hibernate/query/spi/SimpleHqlInterpretationImpl.java,4.0,0.0,0.0,0.0,0.0,0.0,0.0,44.0,A,A
hibernate-envers/src/main/java/org/hibernate/envers/boot/model/SimpleIdentifier.java,9.0,2.0,0.0,0.0,0.0,0.0,0.0,83.0,A,A
hibernate-envers/src/main/java/org/hibernate/envers/internal/entities/mapper/id/SimpleIdMapperBuilder.java,0.0,0.0,0.0,0.0,0.0,0.0,0.0,27.0,A,A
hibernate-core/src/main/java/org/hibernate/query/sqm/internal/SimpleInsertQueryPlan.java,10.0,4.0,0.0,0.0,0.0,0.0,0.0,131.0,A,A
hibernate-envers/src/main/java/org/hibernate/envers/internal/entities/mapper/SimpleMapperBuilder.java,0.0,0.0,0.0,0.0,0.0,0.0,0.0,17.0,A,A
hibernate-core/src/main/java/org/hibernate/SimpleNaturalIdLoadAccess.java,2.0,0.0,0.0,0.0,0.0,0.0,0.0,149.0,A,A
hibernate-core/src/main/java/org/hibernate/loader/internal/SimpleNaturalIdLoadAccessImpl.java,18.0,5.0,0.0,1.0,5.0,1.0,0.0,137.0,A,A
hibernate-core/src/main/java/org/hibernate/loader/ast/internal/SimpleNaturalIdLoader.java,7.0,6.0,0.0,0.0,0.0,0.0,0.0,95.0,A,A
hibernate-core/src/main/java/org/hibernate/metamodel/mapping/internal/SimpleNaturalIdMapping.java,48.0,18.0,0.0,0.0,0.0,0.0,0.0,333.0,A,A
hibernate-core/src/main/java/org/hibernate/query/internal/SimpleQueryOptions.java,3.0,0.0,0.0,0.0,0.0,0.0,0.0,35.0,A,A
hibernate-core/src/main/java/org/hibernate/boot/internal/SimpleResourceLocator.java,1.0,0.0,0.0,1.0,0.0,1.0,0.0,29.0,A,A
hibernate-core/src/main/java/org/hibernate/sql/SimpleSelect.java,37.0,26.0,0.0,0.0,0.0,0.0,0.0,236.0,A,A
hibernate-core/src/main/java/org/hibernate/query/sqm/internal/SimpleSqmCopyContext.java,3.0,1.0,0.0,0.0,0.0,0.0,0.0,34.0,A,A
hibernate-core/src/main/java/org/hibernate/boot/registry/selector/SimpleStrategyRegistrationImpl.java,5.0,0.0,0.0,0.0,0.0,0.0,0.0,68.0,A,A
hibernate-core/src/main/java/org/hibernate/cache/spi/support/SimpleTimestamper.java,6.0,6.0,0.0,0.0,0.0,0.0,0.0,48.0,A,A
hibernate-core/src/main/java/org/hibernate/boot/model/internal/SimpleToOneFkSecondPass.java,4.0,0.0,0.0,0.0,0.0,0.0,0.0,39.0,A,A
hibernate-core/src/main/java/org/hibernate/query/sqm/internal/SimpleUpdateQueryPlan.java,10.0,4.0,0.0,0.0,0.0,0.0,0.0,129.0,A,A
hibernate-core/src/main/java/org/hibernate/mapping/SimpleValue.java,174.0,74.0,0.0,29.0,143.0,29.0,0.0,1126.0,A,A
hibernate-core/src/main/java/org/hibernate/boot/jaxb/hbm/spi/SimpleValueTypeInfo.java,0.0,0.0,0.0,0.0,0.0,0.0,0.0,16.0,A,A
hibernate-core/src/main/java/org/hibernate/metamodel/mapping/internal/SingleAttributeIdentifierMapping.java,12.0,0.0,0.0,0.0,0.0,0.0,0.0,91.0,A,A
hibernate-core/src/main/java/org/hibernate/loader/ast/spi/SingleEntityLoader.java,0.0,0.0,0.0,0.0,0.0,0.0,0.0,27.0,A,A
hibernate-core/src/main/java/org/hibernate/loader/ast/internal/SingleEntityLoadPlan.java,0.0,0.0,0.0,0.0,0.0,0.0,0.0,16.0,A,A
hibernate-core/src/main/java/org/hibernate/loader/ast/internal/SingleIdArrayLoadPlan.java,2.0,0.0,0.0,0.0,0.0,0.0,0.0,44.0,A,A
hibernate-core/src/main/java/org/hibernate/loader/ast/spi/SingleIdEntityLoader.java,1.0,0.0,0.0,0.0,0.0,0.0,0.0,41.0,A,A
hibernate-core/src/main/java/org/hibernate/loader/ast/internal/SingleIdEntityLoaderProvidedQueryImpl.java,6.0,1.0,0.0,0.0,0.0,0.0,0.0,75.0,A,A
hibernate-core/src/main/java/org/hibernate/loader/ast/internal/SingleIdEntityLoaderStandardImpl.java,20.0,15.0,0.0,3.0,10.0,3.0,0.0,204.0,A,A
hibernate-core/src/main/java/org/hibernate/loader/ast/internal/SingleIdEntityLoaderSupport.java,4.0,1.0,0.0,1.0,2.0,1.0,0.0,42.0,A,A
hibernate-core/src/main/java/org/hibernate/loader/ast/internal/SingleIdExecutionContext.java,8.0,0.0,0.0,0.0,0.0,0.0,0.0,82.0,A,A
hibernate-core/src/main/java/org/hibernate/loader/ast/internal/SingleIdLoadPlan.java,21.0,3.0,0.0,2.0,5.0,2.0,0.0,217.0,A,A
hibernate-envers/src/main/java/org/hibernate/envers/internal/entities/mapper/id/SingleIdMapper.java,24.0,16.0,0.0,0.0,0.0,0.0,0.0,139.0,A,A
tooling/hibernate-ant/src/main/java/org/hibernate/tool/hbm2ddl/SingleLineSqlCommandExtractor.java,0.0,0.0,0.0,1.0,10.0,1.0,0.0,24.0,A,A
hibernate-core/src/main/java/org/hibernate/tool/schema/internal/script/SingleLineSqlScriptExtractor.java,8.0,9.0,0.0,0.0,0.0,0.0,0.0,66.0,A,A
hibernate-core/src/main/java/org/hibernate/id/enhanced/SingleNamingStrategy.java,2.0,0.0,0.0,0.0,0.0,0.0,0.0,61.0,A,A
hibernate-envers/src/main/java/org/hibernate/envers/internal/entities/mapper/SinglePropertyMapper.java,33.0,25.0,0.0,3.0,5.0,3.0,0.0,189.0,A,A
hibernate-core/src/main/java/org/hibernate/persister/entity/SingleTableEntityPersister.java,103.0,60.0,0.0,30.0,221.0,30.0,0.0,744.0,A,A
hibernate-core/src/main/java/org/hibernate/mapping/SingleTableSubclass.java,5.0,1.0,0.0,0.0,0.0,0.0,0.0,47.0,A,A
hibernate-core/src/main/java/org/hibernate/loader/ast/spi/SingleUniqueKeyEntityLoader.java,0.0,0.0,0.0,0.0,0.0,0.0,0.0,29.0,A,A
hibernate-core/src/main/java/org/hibernate/loader/ast/internal/SingleUniqueKeyEntityLoaderStandard.java,14.0,6.0,0.0,6.0,25.0,6.0,0.0,192.0,A,A
hibernate-envers/src/main/java/org/hibernate/envers/boot/model/SingularAttribute.java,0.0,0.0,0.0,0.0,0.0,0.0,0.0,17.0,A,A
hibernate-core/src/main/java/org/hibernate/metamodel/model/domain/internal/SingularAttributeImpl.java,36.0,13.0,0.0,0.0,0.0,0.0,0.0,305.0,A,A
hibernate-core/src/main/java/org/hibernate/boot/jaxb/hbm/spi/SingularAttributeInfo.java,0.0,0.0,0.0,0.0,0.0,0.0,0.0,14.0,A,A
hibernate-core/src/main/java/org/hibernate/metamodel/mapping/SingularAttributeMapping.java,0.0,0.0,0.0,0.0,0.0,0.0,0.0,16.0,A,A
hibernate-core/src/main/java/org/hibernate/metamodel/internal/SingularAttributeMetadata.java,0.0,0.0,0.0,0.0,0.0,0.0,0.0,23.0,A,A
hibernate-core/src/main/java/org/hibernate/metamodel/internal/SingularAttributeMetadataImpl.java,8.0,2.0,0.0,0.0,0.0,0.0,0.0,69.0,A,A
hibernate-core/src/main/java/org/hibernate/boot/model/source/spi/SingularAttributeNature.java,0.0,0.0,0.0,1.0,0.0,1.0,0.0,24.0,A,A
hibernate-core/src/main/java/org/hibernate/boot/model/source/spi/SingularAttributeSource.java,0.0,0.0,0.0,0.0,0.0,0.0,0.0,68.0,A,A
hibernate-core/src/main/java/org/hibernate/boot/model/source/spi/SingularAttributeSourceAny.java,0.0,0.0,0.0,0.0,0.0,0.0,0.0,16.0,A,A
hibernate-core/src/main/java/org/hibernate/boot/model/source/internal/hbm/SingularAttributeSourceAnyImpl.java,36.0,4.0,0.0,1.0,30.0,1.0,0.0,277.0,A,A
hibernate-core/src/main/java/org/hibernate/boot/model/source/spi/SingularAttributeSourceBasic.java,0.0,0.0,0.0,0.0,0.0,0.0,0.0,17.0,A,A
hibernate-core/src/main/java/org/hibernate/boot/model/source/internal/hbm/SingularAttributeSourceBasicImpl.java,26.0,2.0,0.0,0.0,0.0,0.0,0.0,190.0,A,A
hibernate-core/src/main/java/org/hibernate/boot/model/source/spi/SingularAttributeSourceEmbedded.java,0.0,0.0,0.0,0.0,0.0,0.0,0.0,17.0,A,A
hibernate-core/src/main/java/org/hibernate/boot/model/source/internal/hbm/SingularAttributeSourceEmbeddedImpl.java,38.0,6.0,0.0,0.0,0.0,0.0,0.0,283.0,A,A
hibernate-core/src/main/java/org/hibernate/boot/model/source/spi/SingularAttributeSourceManyToOne.java,0.0,0.0,0.0,0.0,0.0,0.0,0.0,15.0,A,A
hibernate-core/src/main/java/org/hibernate/boot/model/source/internal/hbm/SingularAttributeSourceManyToOneImpl.java,32.0,3.0,0.0,0.0,0.0,0.0,0.0,228.0,A,A
hibernate-core/src/main/java/org/hibernate/boot/model/source/spi/SingularAttributeSourceOneToOne.java,0.0,0.0,0.0,0.0,0.0,0.0,0.0,19.0,A,A
hibernate-core/src/main/java/org/hibernate/boot/model/source/internal/hbm/SingularAttributeSourceOneToOneImpl.java,32.0,7.0,0.0,0.0,0.0,0.0,0.0,230.0,A,A
hibernate-core/src/main/java/org/hibernate/boot/model/source/spi/SingularAttributeSourceToOne.java,0.0,0.0,0.0,0.0,0.0,0.0,0.0,34.0,A,A
hibernate-core/src/main/java/org/hibernate/boot/model/source/internal/hbm/SingularIdentifierAttributeSourceImpl.java,29.0,2.0,0.0,0.0,0.0,0.0,0.0,220.0,A,A
hibernate-core/src/main/java/org/hibernate/metamodel/model/domain/SingularPersistentAttribute.java,2.0,0.0,0.0,0.0,0.0,0.0,0.0,46.0,A,A
hibernate-core/src/main/java/org/hibernate/engine/jdbc/Size.java,22.0,1.0,0.0,0.0,0.0,0.0,0.0,149.0,A,A
hibernate-core/src/main/java/org/hibernate/boot/model/source/spi/SizeSource.java,0.0,0.0,0.0,0.0,0.0,0.0,0.0,34.0,A,A
hibernate-core/src/main/java/org/hibernate/boot/model/source/internal/hbm/SizeSourceImpl.java,4.0,0.0,0.0,0.0,0.0,0.0,0.0,43.0,A,A
hibernate-testing/src/main/java/org/hibernate/testing/Skip.java,2.0,0.0,0.0,1.0,10.0,1.0,0.0,67.0,A,A
hibernate-community-dialects/src/main/java/org/hibernate/community/dialect/pagination/SkipFirstLimitHandler.java,13.0,12.0,0.0,0.0,0.0,0.0,0.0,81.0,A,A
hibernate-testing/src/main/java/org/hibernate/testing/orm/junit/SkipForDialect.java,0.0,0.0,0.0,0.0,0.0,0.0,0.0,47.0,A,A
hibernate-testing/src/main/java/org/hibernate/testing/SkipForDialect.java,0.0,0.0,0.0,1.0,10.0,1.0,0.0,58.0,A,A
hibernate-testing/src/main/java/org/hibernate/testing/orm/junit/SkipForDialectGroup.java,0.0,0.0,0.0,0.0,0.0,0.0,0.0,30.0,A,A
hibernate-testing/src/main/java/org/hibernate/testing/SkipForDialects.java,0.0,0.0,0.0,1.0,10.0,1.0,0.0,27.0,A,A
hibernate-testing/src/main/java/org/hibernate/testing/SkipLog.java,3.0,0.0,0.0,0.0,0.0,0.0,0.0,30.0,A,A
hibernate-core/src/main/java/org/hibernate/dialect/unique/SkipNullableUniqueDelegate.java,9.0,4.0,0.0,0.0,0.0,0.0,0.0,56.0,A,A
hibernate-core/src/main/java/org/hibernate/type/descriptor/jdbc/SmallIntJdbcType.java,14.0,0.0,0.0,1.0,5.0,1.0,0.0,102.0,A,A
hibernate-core/src/main/java/org/hibernate/mapping/SoftDeletable.java,0.0,0.0,0.0,0.0,0.0,0.0,0.0,16.0,A,A
hibernate-core/src/main/java/org/hibernate/metamodel/mapping/SoftDeletableModelPart.java,0.0,0.0,0.0,0.0,0.0,0.0,0.0,22.0,A,A
hibernate-core/src/main/java/org/hibernate/annotations/SoftDelete.java,0.0,0.0,0.0,0.0,0.0,0.0,0.0,104.0,A,A
hibernate-core/src/main/java/org/hibernate/query/sqm/mutation/internal/temptable/SoftDeleteExecutionDelegate.java,26.0,14.0,0.0,5.0,52.0,5.0,0.0,434.0,A,A
hibernate-core/src/main/java/org/hibernate/boot/model/internal/SoftDeleteHelper.java,12.0,3.0,0.0,3.0,12.0,3.0,0.0,228.0,A,A
hibernate-core/src/main/java/org/hibernate/metamodel/mapping/SoftDeleteMapping.java,15.0,0.0,0.0,0.0,0.0,0.0,0.0,130.0,A,A
hibernate-core/src/main/java/org/hibernate/metamodel/mapping/internal/SoftDeleteMappingImpl.java,24.0,0.0,0.0,2.0,7.0,2.0,0.0,228.0,A,A
hibernate-core/src/main/java/org/hibernate/annotations/SoftDeleteType.java,2.0,0.0,0.0,0.0,0.0,0.0,0.0,49.0,A,A
hibernate-core/src/main/java/org/hibernate/cache/spi/access/SoftLock.java,0.0,0.0,0.0,0.0,0.0,0.0,0.0,16.0,A,A
hibernate-core/src/main/java/org/hibernate/boot/model/source/spi/Sortable.java,0.0,0.0,0.0,0.0,0.0,0.0,0.0,30.0,A,A
hibernate-core/src/main/java/org/hibernate/mapping/SortableValue.java,0.0,0.0,0.0,0.0,0.0,0.0,0.0,15.0,A,A
hibernate-core/src/main/java/org/hibernate/annotations/SortComparator.java,0.0,0.0,0.0,1.0,20.0,1.0,0.0,44.0,A,A
hibernate-core/src/main/java/org/hibernate/query/SortDirection.java,9.0,3.0,0.0,0.0,0.0,0.0,0.0,50.0,A,A
hibernate-core/src/main/java/org/hibernate/bytecode/enhance/internal/tracker/SortedFieldTracker.java,15.0,12.0,0.0,4.0,40.0,4.0,0.0,100.0,A,A
hibernate-envers/src/main/java/org/hibernate/envers/internal/entities/mapper/relation/lazy/initializor/SortedMapCollectionInitializor.java,4.0,9.0,0.0,5.0,25.0,5.0,0.0,74.0,A,A
hibernate-envers/src/main/java/org/hibernate/envers/internal/entities/mapper/relation/SortedMapCollectionMapper.java,2.0,0.0,0.0,2.0,10.0,2.0,0.0,68.0,A,A
hibernate-envers/src/main/java/org/hibernate/envers/internal/entities/mapper/relation/lazy/proxy/SortedMapProxy.java,26.0,1.0,0.0,1.0,30.0,1.0,0.0,172.0,A,A
hibernate-core/src/main/java/org/hibernate/type/SortedMapType.java,6.0,0.0,0.0,0.0,0.0,0.0,0.0,51.0,A,A
hibernate-envers/src/main/java/org/hibernate/envers/internal/entities/mapper/relation/lazy/initializor/SortedSetCollectionInitializor.java,4.0,9.0,0.0,5.0,25.0,5.0,0.0,74.0,A,A
hibernate-envers/src/main/java/org/hibernate/envers/internal/entities/mapper/relation/SortedSetCollectionMapper.java,2.0,0.0,0.0,2.0,10.0,2.0,0.0,65.0,A,A
hibernate-envers/src/main/java/org/hibernate/envers/internal/entities/mapper/relation/lazy/proxy/SortedSetProxy.java,8.0,0.0,0.0,0.0,0.0,0.0,0.0,61.0,A,A
hibernate-core/src/main/java/org/hibernate/type/SortedSetType.java,6.0,0.0,0.0,0.0,0.0,0.0,0.0,50.0,A,A
hibernate-core/src/main/java/org/hibernate/annotations/SortNatural.java,0.0,0.0,0.0,0.0,0.0,0.0,0.0,39.0,A,A
hibernate-core/src/main/java/org/hibernate/sql/ast/tree/select/SortSpecification.java,6.0,0.0,0.0,3.0,15.0,3.0,0.0,53.0,A,A
hibernate-core/src/main/java/org/hibernate/annotations/Source.java,0.0,0.0,0.0,1.0,10.0,1.0,0.0,58.0,A,A
hibernate-core/src/main/java/org/hibernate/boot/jaxb/hbm/transform/SourceColumnAdapter.java,0.0,0.0,0.0,0.0,0.0,0.0,0.0,31.0,A,A
hibernate-core/src/main/java/org/hibernate/boot/jaxb/hbm/transform/SourceColumnAdapterJaxbHbmColumnType.java,15.0,0.0,0.0,0.0,0.0,0.0,0.0,91.0,A,A
hibernate-core/src/main/java/org/hibernate/tool/schema/spi/SourceDescriptor.java,0.0,0.0,0.0,0.0,0.0,0.0,0.0,44.0,A,A
hibernate-core/src/main/java/org/hibernate/generator/internal/SourceGeneration.java,13.0,6.0,0.0,1.0,10.0,1.0,0.0,152.0,A,A
hibernate-core/src/main/java/org/hibernate/annotations/SourceType.java,0.0,0.0,0.0,0.0,0.0,0.0,0.0,37.0,A,A
hibernate-core/src/main/java/org/hibernate/boot/jaxb/SourceType.java,2.0,0.0,0.0,0.0,0.0,0.0,0.0,36.0,A,A
hibernate-core/src/main/java/org/hibernate/tool/schema/SourceType.java,6.0,6.0,0.0,0.0,0.0,0.0,0.0,90.0,A,A
hibernate-core/src/main/java/org/hibernate/dialect/SpannerDialect.java,120.0,16.0,0.0,8.0,80.0,8.0,0.0,918.0,A,A
hibernate-core/src/main/java/org/hibernate/dialect/SpannerDialectTableExporter.java,9.0,7.0,0.0,0.0,0.0,0.0,0.0,119.0,A,A
hibernate-core/src/main/java/org/hibernate/dialect/SpannerSqlAstTranslator.java,20.0,9.0,0.0,1.0,5.0,1.0,0.0,152.0,A,A
hibernate-spatial/src/main/java/org/hibernate/spatial/Spatial.java,0.0,0.0,0.0,0.0,0.0,0.0,0.0,19.0,A,A
hibernate-spatial/src/main/java/org/hibernate/spatial/criteria/SpatialCriteriaBuilder.java,0.0,0.0,0.0,0.0,0.0,0.0,0.0,294.0,A,A
hibernate-spatial/src/main/java/org/hibernate/spatial/criteria/internal/SpatialCriteriaBuilderImpl.java,25.0,0.0,0.0,0.0,0.0,0.0,0.0,166.0,A,A
hibernate-spatial/src/main/java/org/hibernate/spatial/SpatialDialect.java,0.0,0.0,0.0,1.0,10.0,1.0,0.0,21.0,A,A
hibernate-spatial/src/main/java/org/hibernate/spatial/SpatialFunction.java,1.0,0.0,0.0,32.0,128.0,32.0,0.0,189.0,A,A
hibernate-spatial/src/main/java/org/hibernate/spatial/contributor/SpatialFunctionContributor.java,3.0,1.0,0.0,0.0,0.0,0.0,0.0,31.0,A,A
hibernate-spatial/src/main/java/org/hibernate/spatial/integration/SpatialInitializer.java,1.0,0.0,0.0,0.0,0.0,0.0,0.0,27.0,A,A
hibernate-spatial/src/main/java/org/hibernate/spatial/SpatialRelation.java,0.0,0.0,0.0,3.0,30.0,3.0,0.0,69.0,A,A
hibernate-spatial/src/main/java/org/hibernate/spatial/integration/SpatialService.java,2.0,0.0,0.0,0.0,0.0,0.0,0.0,49.0,A,A
hibernate-spatial/src/main/java/org/hibernate/spatial/contributor/SpatialTypeContributor.java,2.0,1.0,0.0,0.0,0.0,0.0,0.0,27.0,A,A
hibernate-core/src/main/java/org/hibernate/jpa/SpecHints.java,0.0,0.0,0.0,1.0,10.0,1.0,0.0,89.0,A,A
hibernate-core/src/main/java/org/hibernate/type/SpecialOneToOneType.java,13.0,10.0,0.0,2.0,0.0,2.0,0.0,128.0,A,A
local-build-plugins/src/main/java/org/hibernate/orm/antlr/SplitGrammarDescriptor.java,9.0,0.0,0.0,1.0,5.0,1.0,0.0,78.0,A,A
local-build-plugins/src/main/java/org/hibernate/orm/antlr/SplitGrammarGenerationTask.java,14.0,4.0,0.0,3.0,6.0,3.0,0.0,143.0,A,A
hibernate-core/src/main/java/org/hibernate/annotations/processing/SQL.java,0.0,0.0,0.0,0.0,0.0,0.0,0.0,112.0,A,A
hibernate-core/src/main/java/org/hibernate/sql/ast/spi/SqlAliasBase.java,2.0,1.0,0.0,3.0,15.0,3.0,0.0,47.0,A,A
hibernate-core/src/main/java/org/hibernate/sql/ast/spi/SqlAliasBaseConstant.java,4.0,0.0,0.0,0.0,0.0,0.0,0.0,36.0,A,A
hibernate-core/src/main/java/org/hibernate/sql/ast/spi/SqlAliasBaseGenerator.java,0.0,0.0,0.0,0.0,0.0,0.0,0.0,20.0,A,A
hibernate-core/src/main/java/org/hibernate/sql/ast/spi/SqlAliasBaseImpl.java,4.0,0.0,0.0,0.0,0.0,0.0,0.0,43.0,A,A
hibernate-core/src/main/java/org/hibernate/sql/ast/spi/SqlAliasBaseManager.java,9.0,12.0,0.0,0.0,0.0,0.0,0.0,58.0,A,A
hibernate-core/src/main/java/org/hibernate/sql/ast/spi/SqlAliasStemHelper.java,12.0,11.0,0.0,2.0,5.0,2.0,0.0,59.0,A,A
hibernate-core/src/main/java/org/hibernate/sql/ast/spi/SqlAppender.java,7.0,0.0,0.0,0.0,0.0,0.0,0.0,65.0,A,A
hibernate-core/src/main/java/org/hibernate/loader/ast/spi/SqlArrayMultiKeyLoader.java,0.0,0.0,0.0,0.0,0.0,0.0,0.0,18.0,A,A
hibernate-core/src/main/java/org/hibernate/sql/ast/spi/SqlAstCreationContext.java,0.0,0.0,0.0,0.0,0.0,0.0,0.0,41.0,A,A
hibernate-core/src/main/java/org/hibernate/sql/ast/spi/SqlAstCreationState.java,2.0,0.0,0.0,0.0,0.0,0.0,0.0,51.0,A,A
hibernate-core/src/main/java/org/hibernate/sql/ast/spi/SqlAstHelper.java,7.0,9.0,0.0,0.0,0.0,0.0,0.0,59.0,A,A
hibernate-core/src/main/java/org/hibernate/sql/ast/SqlAstJoinType.java,3.0,0.0,0.0,0.0,0.0,0.0,0.0,53.0,A,A
hibernate-core/src/main/java/org/hibernate/sql/ast/tree/SqlAstNode.java,0.0,0.0,0.0,0.0,0.0,0.0,0.0,17.0,A,A
hibernate-core/src/main/java/org/hibernate/sql/ast/SqlAstNodeRenderingMode.java,0.0,0.0,0.0,0.0,0.0,0.0,0.0,59.0,A,A
hibernate-core/src/main/java/org/hibernate/sql/ast/spi/SqlAstProcessingState.java,1.0,0.0,0.0,1.0,0.0,1.0,0.0,26.0,A,A
hibernate-core/src/main/java/org/hibernate/query/sqm/sql/internal/SqlAstProcessingStateImpl.java,10.0,2.0,0.0,2.0,10.0,2.0,0.0,123.0,A,A
hibernate-core/src/main/java/org/hibernate/sql/ast/spi/SqlAstQueryPartProcessingState.java,0.0,0.0,0.0,0.0,0.0,0.0,0.0,44.0,A,A
hibernate-core/src/main/java/org/hibernate/query/sqm/sql/internal/SqlAstQueryPartProcessingStateImpl.java,30.0,58.0,0.0,3.0,48.0,3.0,0.0,247.0,A,A
hibernate-core/src/main/java/org/hibernate/sql/ast/SqlAstTranslator.java,0.0,0.0,0.0,0.0,0.0,0.0,0.0,54.0,A,A
hibernate-core/src/main/java/org/hibernate/sql/ast/SqlAstTranslatorFactory.java,3.0,0.0,0.0,3.0,30.0,3.0,0.0,78.0,A,A
hibernate-core/src/main/java/org/hibernate/dialect/SqlAstTranslatorWithMerge.java,27.0,17.0,0.0,2.0,2.0,2.0,0.0,236.0,A,A
hibernate-core/src/main/java/org/hibernate/dialect/SqlAstTranslatorWithUpsert.java,25.0,16.0,0.0,1.0,0.0,1.0,0.0,207.0,A,A
hibernate-core/src/main/java/org/hibernate/sql/ast/spi/SqlAstTreeHelper.java,7.0,9.0,0.0,0.0,0.0,0.0,0.0,60.0,A,A
hibernate-core/src/main/java/org/hibernate/sql/ast/tree/SqlAstTreeLogger.java,0.0,0.0,0.0,0.0,0.0,0.0,0.0,37.0,A,A
hibernate-core/src/main/java/org/hibernate/sql/ast/SqlAstWalker.java,0.0,0.0,0.0,0.0,0.0,0.0,0.0,241.0,A,A
hibernate-core/src/main/java/org/hibernate/annotations/SQLDelete.java,0.0,0.0,0.0,0.0,0.0,0.0,0.0,59.0,A,A
hibernate-core/src/main/java/org/hibernate/annotations/SQLDeleteAll.java,0.0,0.0,0.0,0.0,0.0,0.0,0.0,51.0,A,A
hibernate-core/src/main/java/org/hibernate/annotations/SQLDeletes.java,0.0,0.0,0.0,0.0,0.0,0.0,0.0,26.0,A,A
hibernate-core/src/main/java/org/hibernate/exception/spi/SQLExceptionConversionDelegate.java,0.0,0.0,0.0,0.0,0.0,0.0,0.0,39.0,A,A
hibernate-core/src/main/java/org/hibernate/exception/spi/SQLExceptionConverter.java,0.0,0.0,0.0,0.0,0.0,0.0,0.0,38.0,A,A
hibernate-core/src/main/java/org/hibernate/engine/jdbc/spi/SqlExceptionHelper.java,33.0,29.0,0.0,1.0,8.0,1.0,0.0,346.0,A,A
hibernate-core/src/main/java/org/hibernate/exception/internal/SQLExceptionTypeDelegate.java,12.0,8.0,0.0,0.0,0.0,0.0,0.0,84.0,A,A
hibernate-core/src/main/java/org/hibernate/sql/exec/SqlExecLogger.java,0.0,0.0,0.0,0.0,0.0,0.0,0.0,30.0,A,A
hibernate-core/src/main/java/org/hibernate/metamodel/mapping/SqlExpressible.java,1.0,0.0,0.0,1.0,5.0,1.0,0.0,29.0,A,A
hibernate-core/src/main/java/org/hibernate/sql/ast/spi/SqlExpressionAccess.java,0.0,0.0,0.0,0.0,0.0,0.0,0.0,17.0,A,A
hibernate-core/src/main/java/org/hibernate/sql/ast/spi/SqlExpressionResolver.java,17.0,4.0,0.0,8.0,40.0,8.0,0.0,155.0,A,A
hibernate-core/src/main/java/org/hibernate/annotations/SqlFragmentAlias.java,0.0,0.0,0.0,0.0,0.0,0.0,0.0,45.0,A,A
hibernate-core/src/main/java/org/hibernate/persister/internal/SqlFragmentPredicate.java,5.0,0.0,0.0,0.0,0.0,0.0,0.0,42.0,A,A
hibernate-core/src/main/java/org/hibernate/dialect/function/SqlFunction.java,6.0,7.0,0.0,0.0,0.0,0.0,0.0,71.0,A,A
hibernate-core/src/main/java/org/hibernate/exception/SQLGrammarException.java,2.0,0.0,0.0,0.0,0.0,0.0,0.0,41.0,A,A
hibernate-core/src/main/java/org/hibernate/loader/ast/spi/SqlInPredicateMultiKeyLoader.java,0.0,0.0,0.0,0.0,0.0,0.0,0.0,18.0,A,A
hibernate-core/src/main/java/org/hibernate/annotations/SQLInsert.java,0.0,0.0,0.0,0.0,0.0,0.0,0.0,75.0,A,A
hibernate-core/src/main/java/org/hibernate/annotations/SQLInserts.java,0.0,0.0,0.0,0.0,0.0,0.0,0.0,26.0,A,A
hibernate-community-dialects/src/main/java/org/hibernate/community/dialect/SQLiteDialect.java,120.0,28.0,0.0,8.0,44.0,8.0,0.0,749.0,A,A
hibernate-community-dialects/src/main/java/org/hibernate/community/dialect/identity/SQLiteIdentityColumnSupport.java,4.0,0.0,0.0,1.0,0.0,1.0,0.0,41.0,A,A
hibernate-community-dialects/src/main/java/org/hibernate/community/dialect/SQLiteSqlAstTranslator.java,22.0,14.0,0.0,0.0,0.0,0.0,0.0,148.0,A,A
hibernate-core/src/main/java/org/hibernate/annotations/SQLJoinTableRestriction.java,0.0,0.0,0.0,0.0,0.0,0.0,0.0,46.0,A,A
hibernate-core/src/main/java/org/hibernate/persister/entity/SQLLoadable.java,0.0,0.0,0.0,1.0,10.0,1.0,0.0,46.0,A,A
hibernate-core/src/main/java/org/hibernate/persister/collection/SQLLoadableCollection.java,0.0,0.0,0.0,2.0,15.0,2.0,0.0,18.0,A,A
hibernate-core/src/main/java/org/hibernate/query/spi/SqlOmittingQueryOptions.java,36.0,22.0,0.0,4.0,20.0,4.0,0.0,122.0,A,A
hibernate-core/src/main/java/org/hibernate/annotations/SQLOrder.java,0.0,0.0,0.0,0.0,0.0,0.0,0.0,77.0,A,A
hibernate-core/src/main/java/org/hibernate/query/sql/internal/SQLQueryParser.java,37.0,65.0,0.0,7.0,46.0,7.0,0.0,266.0,A,A
hibernate-core/src/main/java/org/hibernate/annotations/SQLRestriction.java,0.0,0.0,0.0,0.0,0.0,0.0,0.0,73.0,A,A
hibernate-core/src/main/java/org/hibernate/boot/query/SqlResultSetMappingDescriptor.java,44.0,24.0,0.0,3.0,7.0,3.0,0.0,429.0,A,A
hibernate-core/src/main/java/org/hibernate/tool/schema/spi/SqlScriptCommandExtractor.java,0.0,0.0,0.0,0.0,0.0,0.0,0.0,33.0,A,A
hibernate-core/src/main/java/org/hibernate/tool/schema/spi/SqlScriptException.java,2.0,0.0,0.0,0.0,0.0,0.0,0.0,24.0,A,A
hibernate-core/src/main/java/org/hibernate/tool/schema/internal/script/SqlScriptExtractorInitiator.java,8.0,6.0,0.0,1.0,0.0,1.0,0.0,67.0,A,A
hibernate-core/src/main/java/org/hibernate/tool/schema/internal/script/SqlScriptVisitor.java,11.0,11.0,0.0,0.0,0.0,0.0,0.0,72.0,A,A
hibernate-core/src/main/java/org/hibernate/annotations/SQLSelect.java,0.0,0.0,0.0,0.0,0.0,0.0,0.0,86.0,A,A
hibernate-core/src/main/java/org/hibernate/sql/ast/spi/SqlSelection.java,1.0,0.0,0.0,0.0,0.0,0.0,0.0,69.0,A,A
hibernate-core/src/main/java/org/hibernate/sql/ast/tree/expression/SqlSelectionExpression.java,5.0,0.0,0.0,0.0,0.0,0.0,0.0,47.0,A,A
hibernate-core/src/main/java/org/hibernate/sql/results/internal/SqlSelectionImpl.java,28.0,10.0,0.0,0.0,0.0,0.0,0.0,190.0,A,A
hibernate-core/src/main/java/org/hibernate/sql/ast/spi/SqlSelectionProducer.java,0.0,0.0,0.0,1.0,10.0,1.0,0.0,49.0,A,A
hibernate-core/src/main/java/org/hibernate/dialect/sequence/SQLServer16SequenceSupport.java,1.0,0.0,0.0,0.0,0.0,0.0,0.0,19.0,A,A
hibernate-community-dialects/src/main/java/org/hibernate/community/dialect/SQLServer2005Dialect.java,1.0,0.0,0.0,1.0,10.0,1.0,0.0,27.0,A,A
hibernate-core/src/main/java/org/hibernate/dialect/pagination/SQLServer2005LimitHandler.java,66.0,91.0,0.0,11.0,78.0,11.0,0.0,384.0,A,A
hibernate-community-dialects/src/main/java/org/hibernate/community/dialect/SQLServer2008Dialect.java,1.0,0.0,0.0,1.0,10.0,1.0,0.0,27.0,A,A
hibernate-core/src/main/java/org/hibernate/dialect/SQLServer2012Dialect.java,1.0,0.0,0.0,1.0,10.0,1.0,0.0,24.0,A,A
hibernate-core/src/main/java/org/hibernate/dialect/pagination/SQLServer2012LimitHandler.java,5.0,5.0,0.0,1.0,5.0,1.0,0.0,71.0,A,A
hibernate-spatial/src/main/java/org/hibernate/spatial/dialect/sqlserver/SqlServer2012SpatialDialect.java,0.0,0.0,0.0,1.0,10.0,1.0,0.0,20.0,A,A
hibernate-core/src/main/java/org/hibernate/dialect/SQLServer2016Dialect.java,4.0,0.0,0.0,1.0,10.0,1.0,0.0,35.0,A,A
hibernate-core/src/main/java/org/hibernate/dialect/function/SqlServerConvertTruncFunction.java,6.0,2.0,0.0,0.0,0.0,0.0,0.0,92.0,A,A
hibernate-testing/src/main/java/org/hibernate/testing/cleaner/SQLServerDatabaseCleaner.java,25.0,33.0,0.0,9.0,144.0,9.0,0.0,257.0,A,A
hibernate-core/src/main/java/org/hibernate/dialect/SQLServerDialect.java,177.0,72.0,0.0,15.0,98.0,15.0,0.0,1105.0,A,A
hibernate-spatial/src/main/java/org/hibernate/spatial/dialect/sqlserver/SqlServerDialectContributor.java,6.0,0.0,0.0,0.0,0.0,0.0,0.0,47.0,A,A
hibernate-core/src/main/java/org/hibernate/dialect/function/SQLServerEveryAnyEmulation.java,6.0,5.0,0.0,0.0,0.0,0.0,0.0,91.0,A,A
hibernate-core/src/main/java/org/hibernate/dialect/function/SQLServerFormatEmulation.java,5.0,3.0,0.0,0.0,0.0,0.0,0.0,65.0,A,A
hibernate-spatial/src/main/java/org/hibernate/spatial/dialect/sqlserver/SqlServerGeographyType.java,2.0,0.0,0.0,1.0,0.0,1.0,0.0,41.0,A,A
hibernate-spatial/src/main/java/org/hibernate/spatial/dialect/sqlserver/SqlServerGeometryType.java,2.0,0.0,0.0,1.0,0.0,1.0,0.0,41.0,A,A
hibernate-core/src/main/java/org/hibernate/dialect/identity/SQLServerIdentityColumnSupport.java,1.0,0.0,0.0,1.0,0.0,1.0,0.0,26.0,A,A
hibernate-community-dialects/src/main/java/org/hibernate/community/dialect/SQLServerLegacyDialect.java,198.0,111.0,0.0,17.0,118.0,17.0,0.0,1109.0,A,A
hibernate-community-dialects/src/main/java/org/hibernate/community/dialect/SQLServerLegacySqlAstTranslator.java,103.0,107.0,0.0,6.0,51.0,6.0,0.0,485.0,A,A
hibernate-core/src/main/java/org/hibernate/dialect/sequence/SQLServerSequenceSupport.java,1.0,0.0,0.0,0.0,0.0,0.0,0.0,25.0,A,A
hibernate-testing/src/main/java/org/hibernate/testing/jdbc/SQLServerSnapshotIsolationConnectionProvider.java,2.0,2.0,0.0,0.0,0.0,0.0,0.0,51.0,A,A
hibernate-core/src/main/java/org/hibernate/dialect/SQLServerSqlAstTranslator.java,92.0,93.0,0.0,7.0,43.0,7.0,0.0,468.0,A,A
hibernate-spatial/src/main/java/org/hibernate/spatial/dialect/sqlserver/SqlServerSqmFunctionDescriptors.java,9.0,3.0,0.0,1.0,0.0,1.0,0.0,215.0,A,A
hibernate-core/src/main/java/org/hibernate/exception/internal/SQLStateConversionDelegate.java,18.0,18.0,0.0,1.0,8.0,1.0,0.0,127.0,A,A
hibernate-testing/src/main/java/org/hibernate/testing/jdbc/SQLStatementInspector.java,30.0,22.0,0.0,3.0,25.0,3.0,0.0,136.0,A,A
hibernate-testing/src/main/java/org/hibernate/testing/jdbc/SQLStatementInterceptor.java,12.0,0.0,0.0,2.0,20.0,2.0,0.0,79.0,A,A
hibernate-core/src/main/java/org/hibernate/engine/jdbc/spi/SqlStatementLogger.java,25.0,19.0,0.0,2.0,20.0,2.0,0.0,194.0,A,A
hibernate-core/src/main/java/org/hibernate/engine/jdbc/internal/SqlStatementLoggerInitiator.java,3.0,1.0,0.0,1.0,0.0,1.0,0.0,53.0,A,A
hibernate-core/src/main/java/org/hibernate/engine/jdbc/env/spi/SQLStateType.java,3.0,1.0,0.0,1.0,2.0,1.0,0.0,45.0,A,A
hibernate-core/src/main/java/org/hibernate/boot/model/relational/SqlStringGenerationContext.java,0.0,0.0,0.0,1.0,10.0,1.0,0.0,118.0,A,A
hibernate-core/src/main/java/org/hibernate/boot/model/relational/internal/SqlStringGenerationContextImpl.java,44.0,25.0,0.0,0.0,0.0,0.0,0.0,232.0,A,A
hibernate-core/src/main/java/org/hibernate/sql/ast/SqlTreeCreationException.java,2.0,0.0,0.0,0.0,0.0,0.0,0.0,25.0,A,A
hibernate-core/src/main/java/org/hibernate/sql/ast/SqlTreeCreationLogger.java,0.0,0.0,0.0,1.0,10.0,1.0,0.0,25.0,A,A
hibernate-core/src/main/java/org/hibernate/sql/ast/SqlTreePrinter.java,49.0,27.0,0.0,2.0,28.0,2.0,0.0,272.0,A,A
hibernate-core/src/main/java/org/hibernate/sql/ast/tree/expression/SqlTuple.java,16.0,6.0,0.0,0.0,0.0,0.0,0.0,119.0,A,A
hibernate-core/src/main/java/org/hibernate/sql/ast/tree/expression/SqlTupleContainer.java,2.0,1.0,0.0,0.0,0.0,0.0,0.0,24.0,A,A
hibernate-core/src/main/java/org/hibernate/metamodel/mapping/SqlTypedMapping.java,2.0,0.0,0.0,0.0,0.0,0.0,0.0,34.0,A,A
hibernate-core/src/main/java/org/hibernate/metamodel/mapping/internal/SqlTypedMappingImpl.java,7.0,1.0,0.0,0.0,0.0,0.0,0.0,62.0,A,A
hibernate-core/src/main/java/org/hibernate/sql/exec/internal/SqlTypedMappingJdbcParameter.java,2.0,0.0,0.0,0.0,0.0,0.0,0.0,27.0,A,A
hibernate-core/src/main/java/org/hibernate/type/SqlTypes.java,95.0,16.0,0.0,35.0,70.0,35.0,0.0,857.0,A,A
hibernate-core/src/main/java/org/hibernate/annotations/SQLUpdate.java,0.0,0.0,0.0,0.0,0.0,0.0,0.0,78.0,A,A
hibernate-core/src/main/java/org/hibernate/annotations/SQLUpdates.java,0.0,0.0,0.0,0.0,0.0,0.0,0.0,26.0,A,A
hibernate-core/src/main/java/org/hibernate/query/sqm/tree/expression/SqmAggregateFunction.java,0.0,0.0,0.0,0.0,0.0,0.0,0.0,23.0,A,A
hibernate-core/src/main/java/org/hibernate/query/sqm/tree/select/SqmAliasedExpressionContainer.java,0.0,0.0,0.0,0.0,0.0,0.0,0.0,18.0,A,A
hibernate-core/src/main/java/org/hibernate/query/sqm/tree/select/SqmAliasedNode.java,1.0,0.0,0.0,0.0,0.0,0.0,0.0,34.0,A,A
hibernate-core/src/main/java/org/hibernate/query/sqm/tree/expression/SqmAliasedNodeRef.java,10.0,3.0,0.0,0.0,0.0,0.0,0.0,84.0,A,A
hibernate-core/src/main/java/org/hibernate/query/sqm/tree/expression/SqmAny.java,8.0,1.0,0.0,0.0,0.0,0.0,0.0,70.0,A,A
hibernate-core/src/main/java/org/hibernate/query/sqm/tree/expression/SqmAnyDiscriminatorValue.java,11.0,1.0,0.0,0.0,0.0,0.0,0.0,100.0,A,A
hibernate-core/src/main/java/org/hibernate/query/sqm/tree/domain/SqmAnyValuedSimplePath.java,8.0,1.0,0.0,2.0,10.0,2.0,0.0,95.0,A,A
hibernate-core/src/main/java/org/hibernate/query/sqm/tree/update/SqmAssignment.java,4.0,0.0,0.0,0.0,0.0,0.0,0.0,44.0,A,A
hibernate-core/src/main/java/org/hibernate/query/sqm/tree/from/SqmAttributeJoin.java,1.0,0.0,0.0,2.0,15.0,2.0,0.0,69.0,A,A
hibernate-core/src/main/java/org/hibernate/query/sqm/tree/domain/SqmBagJoin.java,21.0,3.0,0.0,1.0,0.0,1.0,0.0,164.0,A,A
hibernate-core/src/main/java/org/hibernate/query/sqm/tree/domain/SqmBasicValuedSimplePath.java,16.0,1.0,0.0,0.0,0.0,0.0,0.0,148.0,A,A
hibernate-core/src/main/java/org/hibernate/query/sqm/tree/predicate/SqmBetweenPredicate.java,10.0,2.0,0.0,0.0,0.0,0.0,0.0,105.0,A,A
hibernate-core/src/main/java/org/hibernate/query/sqm/tree/expression/SqmBinaryArithmetic.java,11.0,1.0,0.0,0.0,0.0,0.0,0.0,140.0,A,A
hibernate-core/src/main/java/org/hibernate/query/sqm/tree/predicate/SqmBooleanExpressionPredicate.java,12.0,4.0,0.0,1.0,5.0,1.0,0.0,101.0,A,A
hibernate-core/src/main/java/org/hibernate/query/sqm/tree/expression/SqmByUnit.java,7.0,1.0,0.0,0.0,0.0,0.0,0.0,69.0,A,A
hibernate-core/src/main/java/org/hibernate/query/sqm/tree/expression/SqmCaseSearched.java,32.0,11.0,0.0,0.0,0.0,0.0,0.0,190.0,A,A
hibernate-core/src/main/java/org/hibernate/query/sqm/tree/expression/SqmCaseSimple.java,36.0,11.0,0.0,1.0,0.0,1.0,0.0,221.0,A,A
hibernate-core/src/main/java/org/hibernate/query/sqm/tree/expression/SqmCastTarget.java,15.0,4.0,0.0,0.0,0.0,0.0,0.0,111.0,A,A
hibernate-core/src/main/java/org/hibernate/query/sqm/tree/expression/SqmCoalesce.java,20.0,5.0,0.0,0.0,0.0,0.0,0.0,145.0,A,A
hibernate-core/src/main/java/org/hibernate/query/sqm/tree/expression/SqmCollation.java,5.0,1.0,0.0,0.0,0.0,0.0,0.0,46.0,A,A
hibernate-core/src/main/java/org/hibernate/query/sqm/tree/expression/SqmCollectionSize.java,8.0,1.0,0.0,0.0,0.0,0.0,0.0,73.0,A,A
hibernate-core/src/main/java/org/hibernate/query/sqm/tree/predicate/SqmComparisonPredicate.java,12.0,1.0,0.0,0.0,0.0,0.0,0.0,123.0,A,A
hibernate-core/src/main/java/org/hibernate/query/sqm/tree/SqmCopyContext.java,3.0,0.0,0.0,0.0,0.0,0.0,0.0,40.0,A,A
hibernate-core/src/main/java/org/hibernate/query/sqm/tree/domain/SqmCorrelatedBagJoin.java,10.0,1.0,0.0,1.0,20.0,1.0,0.0,119.0,A,A
hibernate-core/src/main/java/org/hibernate/query/sqm/tree/domain/SqmCorrelatedCrossJoin.java,10.0,1.0,0.0,0.0,0.0,0.0,0.0,105.0,A,A
hibernate-core/src/main/java/org/hibernate/query/sqm/tree/domain/SqmCorrelatedEntityJoin.java,11.0,1.0,0.0,0.0,0.0,0.0,0.0,115.0,A,A
hibernate-core/src/main/java/org/hibernate/query/sqm/tree/domain/SqmCorrelatedListJoin.java,10.0,1.0,0.0,1.0,20.0,1.0,0.0,118.0,A,A
hibernate-core/src/main/java/org/hibernate/query/sqm/tree/domain/SqmCorrelatedMapJoin.java,10.0,1.0,0.0,1.0,20.0,1.0,0.0,118.0,A,A
hibernate-core/src/main/java/org/hibernate/query/sqm/tree/domain/SqmCorrelatedPluralPartJoin.java,9.0,1.0,0.0,0.0,0.0,0.0,0.0,81.0,A,A
hibernate-core/src/main/java/org/hibernate/query/sqm/tree/domain/SqmCorrelatedRoot.java,11.0,1.0,0.0,0.0,0.0,0.0,0.0,86.0,A,A
hibernate-core/src/main/java/org/hibernate/query/sqm/tree/domain/SqmCorrelatedRootJoin.java,10.0,3.0,0.0,0.0,0.0,0.0,0.0,96.0,A,A
hibernate-core/src/main/java/org/hibernate/query/sqm/tree/domain/SqmCorrelatedSetJoin.java,10.0,1.0,0.0,1.0,20.0,1.0,0.0,118.0,A,A
hibernate-core/src/main/java/org/hibernate/query/sqm/tree/domain/SqmCorrelatedSingularJoin.java,10.0,1.0,0.0,1.0,20.0,1.0,0.0,118.0,A,A
hibernate-core/src/main/java/org/hibernate/query/sqm/tree/domain/SqmCorrelation.java,0.0,0.0,0.0,0.0,0.0,0.0,0.0,22.0,A,A
hibernate-core/src/main/java/org/hibernate/query/sqm/spi/SqmCreationContext.java,3.0,0.0,0.0,0.0,0.0,0.0,0.0,45.0,A,A
hibernate-core/src/main/java/org/hibernate/query/sqm/spi/SqmCreationHelper.java,10.0,5.0,1.0,0.0,0.0,1.0,0.0,67.0,C,A
hibernate-core/src/main/java/org/hibernate/query/hql/spi/SqmCreationOptions.java,0.0,0.0,0.0,0.0,0.0,0.0,0.0,27.0,A,A
hibernate-core/src/main/java/org/hibernate/query/sqm/internal/SqmCreationOptionsStandard.java,2.0,0.0,0.0,0.0,0.0,0.0,0.0,27.0,A,A
hibernate-core/src/main/java/org/hibernate/query/hql/spi/SqmCreationProcessingState.java,0.0,0.0,0.0,0.0,0.0,0.0,0.0,45.0,A,A
hibernate-core/src/main/java/org/hibernate/query/sqm/internal/SqmCreationProcessingStateImpl.java,5.0,0.0,0.0,0.0,0.0,0.0,0.0,52.0,A,A
hibernate-core/src/main/java/org/hibernate/query/hql/spi/SqmCreationState.java,1.0,0.0,0.0,0.0,0.0,0.0,0.0,46.0,A,A
hibernate-core/src/main/java/org/hibernate/query/sqm/internal/SqmCriteriaNodeBuilder.java,646.0,152.0,0.0,38.0,366.0,38.0,0.0,4950.0,A,A
hibernate-core/src/main/java/org/hibernate/query/sqm/tree/from/SqmCrossJoin.java,19.0,2.0,0.0,0.0,0.0,0.0,0.0,157.0,A,A
hibernate-core/src/main/java/org/hibernate/query/sqm/tree/cte/SqmCteContainer.java,0.0,0.0,0.0,0.0,0.0,0.0,0.0,24.0,A,A
hibernate-core/src/main/java/org/hibernate/query/sqm/tree/from/SqmCteJoin.java,15.0,1.0,0.0,1.0,10.0,1.0,0.0,142.0,A,A
hibernate-core/src/main/java/org/hibernate/query/sqm/tree/domain/SqmCteRoot.java,14.0,1.0,0.0,1.0,10.0,1.0,0.0,128.0,A,A
hibernate-core/src/main/java/org/hibernate/query/sqm/tree/cte/SqmCteStatement.java,64.0,75.0,0.0,4.0,55.0,4.0,0.0,409.0,A,A
hibernate-core/src/main/java/org/hibernate/query/sqm/tree/cte/SqmCteTable.java,23.0,9.0,0.0,1.0,5.0,1.0,0.0,159.0,A,A
hibernate-core/src/main/java/org/hibernate/query/sqm/tree/cte/SqmCteTableColumn.java,8.0,1.0,0.0,1.0,15.0,1.0,0.0,58.0,A,A
hibernate-core/src/main/java/org/hibernate/query/sqm/tree/SqmDeleteOrUpdateStatement.java,0.0,0.0,0.0,0.0,0.0,0.0,0.0,19.0,A,A
hibernate-core/src/main/java/org/hibernate/query/sqm/tree/delete/SqmDeleteStatement.java,9.0,1.0,0.0,0.0,0.0,0.0,0.0,106.0,A,A
hibernate-core/src/main/java/org/hibernate/query/sqm/tree/from/SqmDerivedJoin.java,24.0,4.0,0.0,1.0,10.0,1.0,0.0,193.0,A,A
hibernate-core/src/main/java/org/hibernate/query/sqm/tree/domain/SqmDerivedRoot.java,14.0,1.0,0.0,1.0,10.0,1.0,0.0,130.0,A,A
hibernate-core/src/main/java/org/hibernate/query/sqm/tree/expression/SqmDistinct.java,7.0,1.0,0.0,0.0,0.0,0.0,0.0,63.0,A,A
hibernate-core/src/main/java/org/hibernate/query/sqm/internal/SqmDmlCreationProcessingState.java,1.0,0.0,0.0,0.0,0.0,0.0,0.0,25.0,A,A
hibernate-core/src/main/java/org/hibernate/query/sqm/tree/SqmDmlStatement.java,0.0,0.0,0.0,0.0,0.0,0.0,0.0,36.0,A,A
hibernate-core/src/main/java/org/hibernate/query/sqm/tree/expression/SqmDurationUnit.java,7.0,0.0,0.0,1.0,5.0,1.0,0.0,61.0,A,A
hibernate-core/src/main/java/org/hibernate/query/sqm/tree/select/SqmDynamicInstantiation.java,41.0,18.0,0.0,2.0,10.0,2.0,0.0,299.0,A,A
hibernate-core/src/main/java/org/hibernate/query/sqm/tree/select/SqmDynamicInstantiationArgument.java,8.0,1.0,0.0,0.0,0.0,0.0,0.0,68.0,A,A
hibernate-core/src/main/java/org/hibernate/query/sqm/tree/select/SqmDynamicInstantiationTarget.java,1.0,0.0,0.0,0.0,0.0,0.0,0.0,42.0,A,A
hibernate-core/src/main/java/org/hibernate/query/sqm/tree/domain/SqmElementAggregateFunction.java,7.0,1.0,0.0,0.0,0.0,0.0,0.0,76.0,A,A
hibernate-core/src/main/java/org/hibernate/query/sqm/tree/domain/SqmEmbeddedValuedSimplePath.java,13.0,1.0,0.0,2.0,10.0,2.0,0.0,125.0,A,A
hibernate-core/src/main/java/org/hibernate/query/sqm/tree/predicate/SqmEmptinessPredicate.java,8.0,3.0,0.0,0.0,0.0,0.0,0.0,71.0,A,A
hibernate-core/src/main/java/org/hibernate/query/sqm/tree/from/SqmEntityJoin.java,24.0,2.0,0.0,0.0,0.0,0.0,0.0,191.0,A,A
hibernate-core/src/main/java/org/hibernate/query/sqm/tree/domain/SqmEntityValuedSimplePath.java,8.0,1.0,0.0,1.0,5.0,1.0,0.0,90.0,A,A
hibernate-core/src/main/java/org/hibernate/query/sqm/tree/expression/SqmEnumLiteral.java,19.0,1.0,0.0,0.0,0.0,0.0,0.0,171.0,A,A
hibernate-core/src/main/java/org/hibernate/query/sqm/tree/expression/SqmEvery.java,8.0,1.0,0.0,0.0,0.0,0.0,0.0,66.0,A,A
hibernate-core/src/main/java/org/hibernate/query/sqm/tree/predicate/SqmExistsPredicate.java,9.0,3.0,0.0,0.0,0.0,0.0,0.0,79.0,A,A
hibernate-core/src/main/java/org/hibernate/query/sqm/SqmExpressible.java,5.0,1.0,0.0,0.0,0.0,0.0,0.0,58.0,A,A
hibernate-core/src/main/java/org/hibernate/query/sqm/tree/SqmExpressibleAccessor.java,2.0,1.0,0.0,0.0,0.0,0.0,0.0,28.0,A,A
hibernate-core/src/main/java/org/hibernate/query/sqm/tree/expression/SqmExpression.java,3.0,1.0,0.0,0.0,0.0,0.0,0.0,128.0,A,A
hibernate-core/src/main/java/org/hibernate/query/sqm/tree/expression/SqmExpressionHelper.java,24.0,17.0,0.0,3.0,12.0,3.0,0.0,180.0,A,A
hibernate-core/src/main/java/org/hibernate/query/sqm/tree/expression/SqmExtractUnit.java,7.0,0.0,0.0,0.0,0.0,0.0,0.0,61.0,A,A
hibernate-core/src/main/java/org/hibernate/query/sqm/tree/expression/SqmFieldLiteral.java,40.0,3.0,0.0,1.0,5.0,1.0,0.0,295.0,A,A
hibernate-core/src/main/java/org/hibernate/query/sqm/tree/domain/SqmFkExpression.java,7.0,1.0,0.0,0.0,0.0,0.0,0.0,65.0,A,A
hibernate-core/src/main/java/org/hibernate/query/sqm/tree/expression/SqmFormat.java,6.0,2.0,1.0,1.0,84.0,2.0,0.0,83.0,C,A
hibernate-core/src/main/java/org/hibernate/query/sqm/tree/from/SqmFrom.java,0.0,0.0,0.0,0.0,0.0,0.0,0.0,157.0,A,A
hibernate-core/src/main/java/org/hibernate/query/sqm/tree/from/SqmFromClause.java,15.0,8.0,0.0,0.0,0.0,0.0,0.0,93.0,A,A
hibernate-core/src/main/java/org/hibernate/query/sqm/tree/from/SqmFromClauseContainer.java,0.0,0.0,0.0,0.0,0.0,0.0,0.0,22.0,A,A
hibernate-core/src/main/java/org/hibernate/query/sqm/tree/expression/SqmFunction.java,23.0,14.0,0.0,3.0,17.0,3.0,0.0,195.0,A,A
hibernate-core/src/main/java/org/hibernate/query/sqm/function/SqmFunctionDescriptor.java,8.0,0.0,0.0,0.0,0.0,0.0,0.0,181.0,A,A
hibernate-core/src/main/java/org/hibernate/query/sqm/function/SqmFunctionRegistry.java,44.0,10.0,0.0,3.0,45.0,3.0,0.0,504.0,A,A
hibernate-core/src/main/java/org/hibernate/query/sqm/tree/predicate/SqmGroupedPredicate.java,9.0,1.0,0.0,0.0,0.0,0.0,0.0,78.0,A,A
hibernate-core/src/main/java/org/hibernate/query/sqm/tree/expression/SqmHqlNumericLiteral.java,24.0,8.0,0.0,0.0,0.0,0.0,0.0,171.0,A,A
hibernate-core/src/main/java/org/hibernate/query/sqm/tree/domain/SqmIndexAggregateFunction.java,7.0,1.0,0.0,0.0,0.0,0.0,0.0,76.0,A,A
hibernate-core/src/main/java/org/hibernate/query/sqm/tree/domain/SqmIndexedCollectionAccessPath.java,11.0,2.0,0.0,0.0,0.0,0.0,0.0,103.0,A,A
hibernate-core/src/main/java/org/hibernate/query/sqm/tree/predicate/SqmInListPredicate.java,23.0,9.0,0.0,1.0,5.0,1.0,0.0,170.0,A,A
hibernate-core/src/main/java/org/hibernate/query/sqm/tree/predicate/SqmInPredicate.java,0.0,0.0,0.0,0.0,0.0,0.0,0.0,18.0,A,A
hibernate-core/src/main/java/org/hibernate/query/sqm/tree/insert/SqmInsertSelectStatement.java,10.0,1.0,0.0,0.0,0.0,0.0,0.0,111.0,A,A
hibernate-core/src/main/java/org/hibernate/query/sqm/tree/insert/SqmInsertStatement.java,0.0,0.0,0.0,0.0,0.0,0.0,0.0,25.0,A,A
hibernate-core/src/main/java/org/hibernate/query/sqm/mutation/internal/SqmInsertStrategyHelper.java,13.0,15.0,0.0,1.0,5.0,1.0,0.0,99.0,A,A
hibernate-core/src/main/java/org/hibernate/query/sqm/tree/insert/SqmInsertValuesStatement.java,14.0,4.0,0.0,1.0,5.0,1.0,0.0,139.0,A,A
hibernate-core/src/main/java/org/hibernate/query/sqm/tree/predicate/SqmInSubQueryPredicate.java,14.0,2.0,0.0,0.0,0.0,0.0,0.0,129.0,A,A
hibernate-core/src/main/java/org/hibernate/query/sqm/internal/SqmInterpretationsKey.java,28.0,14.0,0.0,5.0,65.0,5.0,0.0,178.0,A,A
hibernate-core/src/main/java/org/hibernate/query/sqm/internal/SqmJdbcExecutionContextAdapter.java,11.0,0.0,0.0,0.0,0.0,0.0,0.0,83.0,A,A
hibernate-core/src/main/java/org/hibernate/query/sqm/tree/from/SqmJoin.java,0.0,0.0,0.0,0.0,0.0,0.0,0.0,37.0,A,A
hibernate-core/src/main/java/org/hibernate/query/sqm/SqmJoinable.java,1.0,0.0,0.0,1.0,0.0,1.0,0.0,39.0,A,A
hibernate-core/src/main/java/org/hibernate/query/sqm/tree/SqmJoinType.java,9.0,1.0,0.0,0.0,0.0,0.0,0.0,98.0,A,A
hibernate-core/src/main/java/org/hibernate/query/sqm/tree/select/SqmJpaCompoundSelection.java,17.0,3.0,0.0,3.0,5.0,3.0,0.0,159.0,A,A
hibernate-core/src/main/java/org/hibernate/query/sqm/tree/expression/SqmJpaCriteriaParameterWrapper.java,15.0,2.0,0.0,0.0,0.0,0.0,0.0,133.0,A,A
hibernate-core/src/main/java/org/hibernate/query/sqm/tree/predicate/SqmJunctionPredicate.java,18.0,10.0,0.0,1.0,5.0,1.0,0.0,128.0,A,A
hibernate-core/src/main/java/org/hibernate/query/sqm/tree/predicate/SqmLikePredicate.java,18.0,5.0,0.0,0.0,0.0,0.0,0.0,149.0,A,A
hibernate-core/src/main/java/org/hibernate/query/sqm/tree/domain/SqmListJoin.java,22.0,3.0,0.0,0.0,0.0,0.0,0.0,172.0,A,A
hibernate-core/src/main/java/org/hibernate/query/sqm/tree/expression/SqmLiteral.java,12.0,5.0,0.0,1.0,5.0,1.0,0.0,89.0,A,A
hibernate-core/src/main/java/org/hibernate/query/sqm/tree/expression/SqmLiteralEntityType.java,10.0,1.0,0.0,3.0,10.0,3.0,0.0,106.0,A,A
hibernate-core/src/main/java/org/hibernate/query/sqm/tree/expression/SqmLiteralNull.java,7.0,1.0,0.0,0.0,0.0,0.0,0.0,62.0,A,A
hibernate-core/src/main/java/org/hibernate/query/sqm/tree/domain/SqmMapEntryReference.java,25.0,1.0,0.0,2.0,18.0,2.0,0.0,184.0,A,A
hibernate-core/src/main/java/org/hibernate/query/sqm/sql/internal/SqmMapEntryResult.java,6.0,0.0,0.0,2.0,2.0,2.0,0.0,74.0,A,A
hibernate-core/src/main/java/org/hibernate/query/sqm/tree/domain/SqmMapJoin.java,24.0,3.0,0.0,0.0,0.0,0.0,0.0,184.0,A,A
hibernate-core/src/main/java/org/hibernate/query/sqm/internal/SqmMappingModelHelper.java,24.0,20.0,0.0,0.0,0.0,0.0,0.0,264.0,A,A
hibernate-core/src/main/java/org/hibernate/query/sqm/tree/predicate/SqmMemberOfPredicate.java,11.0,3.0,0.0,0.0,0.0,0.0,0.0,102.0,A,A
hibernate-core/src/main/java/org/hibernate/query/sqm/tree/expression/SqmModifiedSubQueryExpression.java,8.0,1.0,0.0,0.0,0.0,0.0,0.0,93.0,A,A
hibernate-core/src/main/java/org/hibernate/query/sqm/mutation/spi/SqmMultiTableInsertStrategy.java,2.0,0.0,0.0,0.0,0.0,0.0,0.0,60.0,A,A
hibernate-core/src/main/java/org/hibernate/query/sqm/mutation/spi/SqmMultiTableMutationStrategy.java,2.0,0.0,0.0,0.0,0.0,0.0,0.0,73.0,A,A
hibernate-core/src/main/java/org/hibernate/query/sqm/mutation/spi/SqmMultiTableMutationStrategyProvider.java,0.0,0.0,0.0,0.0,0.0,0.0,0.0,35.0,A,A
hibernate-core/src/main/java/org/hibernate/query/sqm/mutation/internal/SqmMultiTableMutationStrategyProviderInitiator.java,2.0,0.0,0.0,1.0,0.0,1.0,0.0,38.0,A,A
hibernate-core/src/main/java/org/hibernate/query/sqm/mutation/internal/SqmMultiTableMutationStrategyProviderStandard.java,4.0,2.0,0.0,0.0,0.0,0.0,0.0,56.0,A,A
hibernate-core/src/main/java/org/hibernate/query/sqm/mutation/internal/SqmMutationStrategyHelper.java,37.0,39.0,0.0,2.0,18.0,2.0,0.0,272.0,A,A
hibernate-core/src/main/java/org/hibernate/query/sqm/tree/expression/SqmNamedParameter.java,12.0,2.0,0.0,0.0,0.0,0.0,0.0,92.0,A,A
hibernate-core/src/main/java/org/hibernate/query/sqm/tree/predicate/SqmNegatablePredicate.java,0.0,0.0,0.0,0.0,0.0,0.0,0.0,36.0,A,A
hibernate-core/src/main/java/org/hibernate/query/sqm/tree/predicate/SqmNegatedPredicate.java,9.0,1.0,0.0,0.0,0.0,0.0,0.0,83.0,A,A
hibernate-core/src/main/java/org/hibernate/query/sqm/tree/SqmNode.java,1.0,0.0,0.0,0.0,0.0,0.0,0.0,31.0,A,A
hibernate-core/src/main/java/org/hibernate/query/sqm/tree/predicate/SqmNullnessPredicate.java,9.0,3.0,0.0,0.0,0.0,0.0,0.0,72.0,A,A
hibernate-core/src/main/java/org/hibernate/query/sqm/tree/select/SqmOrderByClause.java,16.0,11.0,0.0,1.0,5.0,1.0,0.0,94.0,A,A
hibernate-core/src/main/java/org/hibernate/query/sqm/tree/expression/SqmOrderedSetAggregateFunction.java,0.0,0.0,0.0,0.0,0.0,0.0,0.0,22.0,A,A
hibernate-core/src/main/java/org/hibernate/query/sqm/tree/expression/SqmOver.java,9.0,1.0,0.0,0.0,0.0,0.0,0.0,106.0,A,A
hibernate-core/src/main/java/org/hibernate/query/sqm/tree/expression/SqmOverflow.java,11.0,7.0,0.0,0.0,0.0,0.0,0.0,83.0,A,A
hibernate-core/src/main/java/org/hibernate/query/sqm/tree/expression/SqmParameter.java,7.0,8.0,0.0,0.0,0.0,0.0,0.0,104.0,A,A
hibernate-core/src/main/java/org/hibernate/query/sqm/sql/internal/SqmParameterInterpretation.java,17.0,9.0,0.0,6.0,30.0,6.0,0.0,142.0,A,A
hibernate-core/src/main/java/org/hibernate/query/sqm/tree/expression/SqmParameterizedEntityType.java,7.0,1.0,0.0,0.0,0.0,0.0,0.0,70.0,A,A
hibernate-core/src/main/java/org/hibernate/query/sqm/spi/SqmParameterMappingModelResolutionAccess.java,0.0,0.0,0.0,0.0,0.0,0.0,0.0,19.0,A,A
hibernate-core/src/main/java/org/hibernate/query/sqm/tree/domain/SqmPath.java,7.0,2.0,0.0,0.0,0.0,0.0,0.0,170.0,A,A
hibernate-core/src/main/java/org/hibernate/query/sqm/sql/internal/SqmPathInterpretation.java,1.0,0.0,0.0,0.0,0.0,0.0,0.0,32.0,A,A
hibernate-core/src/main/java/org/hibernate/query/hql/spi/SqmPathRegistry.java,0.0,0.0,0.0,0.0,0.0,0.0,0.0,121.0,A,A
hibernate-core/src/main/java/org/hibernate/query/hql/internal/SqmPathRegistryImpl.java,58.0,62.0,0.0,4.0,16.0,4.0,0.0,385.0,A,A
hibernate-core/src/main/java/org/hibernate/query/sqm/SqmPathSource.java,9.0,2.0,0.0,0.0,0.0,0.0,0.0,136.0,A,A
hibernate-core/src/main/java/org/hibernate/query/sqm/tree/domain/SqmPathWrapper.java,0.0,0.0,0.0,0.0,0.0,0.0,0.0,20.0,A,A
hibernate-core/src/main/java/org/hibernate/query/sqm/tree/domain/SqmPluralPartJoin.java,17.0,4.0,0.0,0.0,0.0,0.0,0.0,142.0,A,A
hibernate-core/src/main/java/org/hibernate/query/sqm/tree/domain/SqmPluralValuedSimplePath.java,17.0,8.0,0.0,2.0,10.0,2.0,0.0,204.0,A,A
hibernate-core/src/main/java/org/hibernate/query/sqm/tree/domain/SqmPolymorphicRootDescriptor.java,87.0,15.0,0.0,3.0,10.0,3.0,0.0,506.0,A,A
hibernate-core/src/main/java/org/hibernate/query/sqm/tree/expression/SqmPositionalParameter.java,12.0,2.0,0.0,0.0,0.0,0.0,0.0,95.0,A,A
hibernate-core/src/main/java/org/hibernate/query/sqm/tree/predicate/SqmPredicate.java,1.0,0.0,0.0,0.0,0.0,0.0,0.0,32.0,A,A
hibernate-core/src/main/java/org/hibernate/query/sqm/tree/from/SqmQualifiedJoin.java,0.0,0.0,0.0,0.0,0.0,0.0,0.0,31.0,A,A
hibernate-core/src/main/java/org/hibernate/query/sqm/tree/SqmQuery.java,0.0,0.0,0.0,0.0,0.0,0.0,0.0,20.0,A,A
hibernate-core/src/main/java/org/hibernate/query/spi/SqmQuery.java,0.0,0.0,0.0,0.0,0.0,0.0,0.0,157.0,A,A
hibernate-core/src/main/java/org/hibernate/query/sqm/tree/select/SqmQueryGroup.java,46.0,58.0,0.0,3.0,35.0,3.0,0.0,253.0,A,A
hibernate-core/src/main/java/org/hibernate/query/hql/spi/SqmQueryImplementor.java,3.0,0.0,0.0,2.0,15.0,2.0,0.0,239.0,A,A
hibernate-core/src/main/java/org/hibernate/query/sqm/tree/select/SqmQueryPart.java,40.0,20.0,0.0,2.0,4.0,2.0,0.0,218.0,A,A
hibernate-core/src/main/java/org/hibernate/query/sqm/internal/SqmQueryPartCreationProcessingStateStandardImpl.java,2.0,0.0,0.0,0.0,0.0,0.0,0.0,38.0,A,A
hibernate-core/src/main/java/org/hibernate/query/sqm/SqmQuerySource.java,0.0,0.0,0.0,0.0,0.0,0.0,0.0,21.0,A,A
hibernate-core/src/main/java/org/hibernate/query/sqm/tree/select/SqmQuerySpec.java,159.0,174.0,0.0,10.0,62.0,10.0,0.0,740.0,A,A
hibernate-core/src/main/java/org/hibernate/query/sqm/tree/from/SqmRoot.java,34.0,14.0,0.0,0.0,0.0,0.0,0.0,218.0,A,A
hibernate-core/src/main/java/org/hibernate/query/sqm/tree/cte/SqmSearchClauseSpecification.java,11.0,2.0,0.0,0.0,0.0,0.0,0.0,76.0,A,A
hibernate-core/src/main/java/org/hibernate/query/sqm/tree/select/SqmSelectableNode.java,3.0,2.0,0.0,0.0,0.0,0.0,0.0,42.0,A,A
hibernate-core/src/main/java/org/hibernate/query/sqm/tree/select/SqmSelectClause.java,27.0,17.0,0.0,0.0,0.0,0.0,0.0,157.0,A,A
hibernate-core/src/main/java/org/hibernate/query/sqm/tree/select/SqmSelection.java,8.0,1.0,0.0,2.0,10.0,2.0,0.0,73.0,A,A
hibernate-core/src/main/java/org/hibernate/query/sqm/SqmSelectionQuery.java,0.0,0.0,0.0,0.0,0.0,0.0,0.0,165.0,A,A
hibernate-core/src/main/java/org/hibernate/query/sqm/internal/SqmSelectionQueryImpl.java,124.0,61.0,0.0,9.0,82.0,9.0,0.0,877.0,A,A
hibernate-core/src/main/java/org/hibernate/query/sqm/spi/SqmSelectionQueryImplementor.java,0.0,0.0,0.0,0.0,0.0,0.0,0.0,20.0,A,A
hibernate-core/src/main/java/org/hibernate/query/sqm/tree/select/SqmSelectQuery.java,0.0,0.0,0.0,0.0,0.0,0.0,0.0,33.0,A,A
hibernate-core/src/main/java/org/hibernate/query/sqm/tree/select/SqmSelectStatement.java,87.0,51.0,0.0,2.0,10.0,2.0,0.0,541.0,A,A
hibernate-core/src/main/java/org/hibernate/query/sqm/tree/expression/SqmSelfRenderingExpression.java,5.0,1.0,0.0,0.0,0.0,0.0,0.0,56.0,A,A
hibernate-core/src/main/java/org/hibernate/query/sqm/tree/update/SqmSetClause.java,7.0,1.0,0.0,1.0,5.0,1.0,0.0,51.0,A,A
hibernate-core/src/main/java/org/hibernate/query/sqm/tree/domain/SqmSetJoin.java,22.0,3.0,0.0,0.0,0.0,0.0,0.0,170.0,A,A
hibernate-core/src/main/java/org/hibernate/query/sqm/tree/domain/SqmSimplePath.java,0.0,0.0,0.0,0.0,0.0,0.0,0.0,17.0,A,A
hibernate-core/src/main/java/org/hibernate/query/sqm/tree/domain/SqmSingularJoin.java,19.0,3.0,0.0,0.0,0.0,0.0,0.0,157.0,A,A
hibernate-core/src/main/java/org/hibernate/query/sqm/tree/select/SqmSortSpecification.java,24.0,16.0,0.0,3.0,15.0,3.0,0.0,137.0,A,A
hibernate-core/src/main/java/org/hibernate/query/sqm/tree/expression/SqmStar.java,5.0,1.0,0.0,0.0,0.0,0.0,0.0,41.0,A,A
hibernate-core/src/main/java/org/hibernate/query/sqm/tree/SqmStatement.java,3.0,0.0,0.0,1.0,10.0,1.0,0.0,60.0,A,A
hibernate-core/src/main/java/org/hibernate/query/sqm/tree/select/SqmSubQuery.java,116.0,45.0,0.0,3.0,18.0,3.0,0.0,705.0,A,A
hibernate-core/src/main/java/org/hibernate/query/sqm/tree/expression/SqmSummarization.java,9.0,3.0,0.0,1.0,5.0,1.0,0.0,82.0,A,A
hibernate-core/src/main/java/org/hibernate/query/sqm/tree/expression/SqmToDuration.java,8.0,1.0,0.0,1.0,5.0,1.0,0.0,77.0,A,A
hibernate-core/src/main/java/org/hibernate/query/sqm/sql/SqmToSqlAstConverter.java,0.0,0.0,0.0,0.0,0.0,0.0,0.0,56.0,A,A
hibernate-core/src/main/java/org/hibernate/query/sqm/sql/SqmTranslation.java,0.0,0.0,0.0,0.0,0.0,0.0,0.0,31.0,A,A
hibernate-core/src/main/java/org/hibernate/query/sqm/sql/SqmTranslator.java,0.0,0.0,0.0,0.0,0.0,0.0,0.0,20.0,A,A
hibernate-core/src/main/java/org/hibernate/query/sqm/sql/SqmTranslatorFactory.java,3.0,0.0,0.0,3.0,30.0,3.0,0.0,114.0,A,A
hibernate-core/src/main/java/org/hibernate/query/sqm/tree/domain/SqmTreatedBagJoin.java,12.0,1.0,0.0,1.0,5.0,1.0,0.0,135.0,A,A
hibernate-core/src/main/java/org/hibernate/query/sqm/tree/domain/SqmTreatedCrossJoin.java,11.0,1.0,0.0,0.0,0.0,0.0,0.0,111.0,A,A
hibernate-core/src/main/java/org/hibernate/query/sqm/tree/domain/SqmTreatedEntityJoin.java,10.0,1.0,0.0,0.0,0.0,0.0,0.0,109.0,A,A
hibernate-core/src/main/java/org/hibernate/query/sqm/tree/domain/SqmTreatedListJoin.java,13.0,1.0,0.0,0.0,0.0,0.0,0.0,142.0,A,A
hibernate-core/src/main/java/org/hibernate/query/sqm/tree/domain/SqmTreatedMapJoin.java,12.0,1.0,0.0,0.0,0.0,0.0,0.0,134.0,A,A
hibernate-core/src/main/java/org/hibernate/query/sqm/tree/domain/SqmTreatedPath.java,0.0,0.0,0.0,0.0,0.0,0.0,0.0,21.0,A,A
hibernate-core/src/main/java/org/hibernate/query/sqm/tree/domain/SqmTreatedPluralPartJoin.java,10.0,1.0,0.0,0.0,0.0,0.0,0.0,113.0,A,A
hibernate-core/src/main/java/org/hibernate/query/sqm/tree/domain/SqmTreatedRoot.java,13.0,1.0,0.0,0.0,0.0,0.0,0.0,127.0,A,A
hibernate-core/src/main/java/org/hibernate/query/sqm/tree/domain/SqmTreatedSetJoin.java,12.0,1.0,0.0,0.0,0.0,0.0,0.0,132.0,A,A
hibernate-core/src/main/java/org/hibernate/query/sqm/tree/domain/SqmTreatedSimplePath.java,14.0,1.0,0.0,0.0,0.0,0.0,0.0,147.0,A,A
hibernate-core/src/main/java/org/hibernate/query/sqm/tree/domain/SqmTreatedSingularJoin.java,12.0,1.0,0.0,0.0,0.0,0.0,0.0,132.0,A,A
hibernate-core/src/main/java/org/hibernate/query/hql/internal/SqmTreeCreationHelper.java,17.0,20.0,0.0,1.0,5.0,1.0,0.0,164.0,A,A
hibernate-core/src/main/java/org/hibernate/query/sqm/SqmTreeCreationLogger.java,0.0,0.0,0.0,1.0,10.0,1.0,0.0,30.0,A,A
hibernate-core/src/main/java/org/hibernate/query/sqm/internal/SqmTreePrinter.java,207.0,60.0,0.0,5.0,50.0,5.0,0.0,1159.0,A,A
hibernate-core/src/main/java/org/hibernate/query/sqm/SqmTreeTransformationLogger.java,0.0,0.0,0.0,1.0,10.0,1.0,0.0,24.0,A,A
hibernate-core/src/main/java/org/hibernate/query/sqm/tree/expression/SqmTrimSpecification.java,7.0,0.0,0.0,0.0,0.0,0.0,0.0,60.0,A,A
hibernate-core/src/main/java/org/hibernate/query/sqm/tree/predicate/SqmTruthnessPredicate.java,9.0,2.0,0.0,0.0,0.0,0.0,0.0,74.0,A,A
hibernate-core/src/main/java/org/hibernate/query/sqm/tree/expression/SqmTuple.java,17.0,5.0,0.0,1.0,5.0,1.0,0.0,118.0,A,A
hibernate-core/src/main/java/org/hibernate/query/sqm/tree/SqmTypedNode.java,3.0,1.0,0.0,0.0,0.0,0.0,0.0,37.0,A,A
hibernate-core/src/main/java/org/hibernate/query/sqm/tree/expression/SqmUnaryOperation.java,11.0,3.0,0.0,0.0,0.0,0.0,0.0,78.0,A,A
hibernate-core/src/main/java/org/hibernate/query/sqm/tree/update/SqmUpdateStatement.java,27.0,7.0,0.0,0.0,0.0,0.0,0.0,211.0,A,A
hibernate-core/src/main/java/org/hibernate/query/sqm/internal/SqmUtil.java,97.0,161.0,0.0,12.0,147.0,12.0,0.0,700.0,A,A
hibernate-core/src/main/java/org/hibernate/query/sqm/tree/insert/SqmValues.java,5.0,1.0,0.0,0.0,0.0,0.0,0.0,41.0,A,A
hibernate-core/src/main/java/org/hibernate/query/sqm/tree/SqmVisitableNode.java,1.0,0.0,0.0,0.0,0.0,0.0,0.0,31.0,A,A
hibernate-core/src/main/java/org/hibernate/query/sqm/tree/predicate/SqmWhereClause.java,13.0,5.0,0.0,0.0,0.0,0.0,0.0,72.0,A,A
hibernate-core/src/main/java/org/hibernate/query/sqm/tree/predicate/SqmWhereClauseContainer.java,0.0,0.0,0.0,0.0,0.0,0.0,0.0,19.0,A,A
hibernate-core/src/main/java/org/hibernate/query/sqm/tree/expression/SqmWindow.java,52.0,30.0,0.0,1.0,10.0,1.0,0.0,291.0,A,A
hibernate-core/src/main/java/org/hibernate/query/sqm/tree/expression/SqmWindowFrame.java,7.0,2.0,0.0,0.0,0.0,0.0,0.0,60.0,A,A
hibernate-core/src/main/java/org/hibernate/query/sqm/tree/expression/SqmWindowFunction.java,0.0,0.0,0.0,0.0,0.0,0.0,0.0,27.0,A,A
hibernate-core/src/main/java/org/hibernate/internal/util/collections/Stack.java,0.0,0.0,0.0,0.0,0.0,0.0,0.0,91.0,A,A
hibernate-core/src/main/java/org/hibernate/StaleObjectStateException.java,4.0,0.0,0.0,0.0,0.0,0.0,0.0,45.0,A,A
hibernate-core/src/main/java/org/hibernate/StaleStateException.java,1.0,0.0,0.0,0.0,0.0,0.0,0.0,30.0,A,A
hibernate-core/src/main/java/org/hibernate/boot/archive/internal/StandardArchiveDescriptorFactory.java,24.0,31.0,0.0,3.0,24.0,3.0,0.0,148.0,A,A
hibernate-core/src/main/java/org/hibernate/query/sqm/produce/function/StandardArgumentsValidators.java,41.0,41.0,0.0,0.0,0.0,0.0,0.0,263.0,A,A
hibernate-core/src/main/java/org/hibernate/collection/internal/StandardArraySemantics.java,11.0,2.0,0.0,1.0,5.0,1.0,0.0,117.0,A,A
hibernate-core/src/main/java/org/hibernate/tool/schema/internal/StandardAuxiliaryDatabaseObjectExporter.java,3.0,0.0,0.0,0.0,0.0,0.0,0.0,37.0,A,A
hibernate-core/src/main/java/org/hibernate/collection/internal/StandardBagSemantics.java,4.0,0.0,0.0,0.0,0.0,0.0,0.0,54.0,A,A
hibernate-core/src/main/java/org/hibernate/type/StandardBasicTypes.java,5.0,1.0,0.0,2.0,15.0,2.0,0.0,1323.0,A,A
hibernate-core/src/main/java/org/hibernate/type/StandardBasicTypeTemplate.java,4.0,1.0,0.0,0.0,0.0,0.0,0.0,45.0,A,A
hibernate-core/src/main/java/org/hibernate/loader/ast/internal/StandardBatchLoaderFactory.java,8.0,6.0,0.0,0.0,0.0,0.0,0.0,68.0,A,A
hibernate-core/src/main/java/org/hibernate/type/StandardBooleanConverter.java,0.0,0.0,0.0,0.0,0.0,0.0,0.0,16.0,A,A
hibernate-core/src/main/java/org/hibernate/cache/spi/entry/StandardCacheEntryImpl.java,11.0,2.0,0.0,4.0,5.0,4.0,0.0,164.0,A,A
hibernate-core/src/main/java/org/hibernate/cache/spi/StandardCacheTransactionSynchronization.java,1.0,0.0,0.0,0.0,0.0,0.0,0.0,17.0,A,A
hibernate-core/src/main/java/org/hibernate/procedure/internal/StandardCallableStatementSupport.java,12.0,18.0,0.0,1.0,7.0,1.0,0.0,117.0,A,A
hibernate-core/src/main/java/org/hibernate/collection/internal/StandardCollectionSemanticsResolver.java,1.0,0.0,0.0,1.0,0.0,1.0,0.0,29.0,A,A
hibernate-core/src/main/java/org/hibernate/type/StandardConverter.java,0.0,0.0,0.0,0.0,0.0,0.0,0.0,22.0,A,A
hibernate-core/src/main/java/org/hibernate/engine/config/spi/StandardConverters.java,6.0,2.0,0.0,0.0,0.0,0.0,0.0,50.0,A,A
hibernate-core/src/main/java/org/hibernate/engine/jdbc/dialect/internal/StandardDialectResolver.java,4.0,3.0,0.0,1.0,5.0,1.0,0.0,35.0,A,A
hibernate-testing/src/main/java/org/hibernate/testing/orm/domain/StandardDomainModel.java,2.0,0.0,0.0,0.0,0.0,0.0,0.0,37.0,A,A
hibernate-core/src/main/java/org/hibernate/metamodel/internal/StandardEmbeddableInstantiator.java,0.0,0.0,0.0,0.0,0.0,0.0,0.0,18.0,A,A
hibernate-core/src/main/java/org/hibernate/sql/results/internal/StandardEntityGraphTraversalStateImpl.java,15.0,18.0,0.0,3.0,15.0,3.0,0.0,114.0,A,A
hibernate-core/src/main/java/org/hibernate/sql/exec/spi/StandardEntityInstanceResolver.java,4.0,2.0,0.0,0.0,0.0,0.0,0.0,38.0,A,A
hibernate-core/src/main/java/org/hibernate/boot/internal/StandardEntityNotFoundDelegate.java,1.0,0.0,0.0,1.0,0.0,1.0,0.0,29.0,A,A
hibernate-core/src/main/java/org/hibernate/tool/schema/internal/StandardForeignKeyExporter.java,22.0,21.0,0.0,0.0,0.0,0.0,0.0,157.0,A,A
hibernate-core/src/main/java/org/hibernate/query/sqm/produce/function/StandardFunctionArgumentTypeResolvers.java,47.0,35.0,0.0,4.0,31.0,4.0,0.0,180.0,A,A
hibernate-core/src/main/java/org/hibernate/query/sqm/produce/function/StandardFunctionReturnTypeResolvers.java,65.0,55.0,0.0,2.0,17.0,2.0,0.0,332.0,A,A
hibernate-core/src/main/java/org/hibernate/id/factory/spi/StandardGenerator.java,0.0,0.0,0.0,0.0,0.0,0.0,0.0,16.0,A,A
hibernate-core/src/main/java/org/hibernate/query/hql/internal/StandardHqlTranslator.java,15.0,19.0,0.0,3.0,15.0,3.0,0.0,195.0,A,A
hibernate-core/src/main/java/org/hibernate/collection/internal/StandardIdentifierBagSemantics.java,4.0,0.0,0.0,0.0,0.0,0.0,0.0,53.0,A,A
hibernate-core/src/main/java/org/hibernate/id/factory/internal/StandardIdentifierGeneratorFactory.java,34.0,24.0,0.0,5.0,47.0,5.0,0.0,275.0,A,A
hibernate-core/src/main/java/org/hibernate/id/factory/internal/StandardIdentifierGeneratorFactoryInitiator.java,2.0,0.0,0.0,1.0,0.0,1.0,0.0,28.0,A,A
hibernate-core/src/main/java/org/hibernate/tool/schema/internal/StandardIndexExporter.java,12.0,10.0,0.0,0.0,0.0,0.0,0.0,102.0,A,A
hibernate-core/src/main/java/org/hibernate/sql/exec/internal/StandardJdbcMutationExecutor.java,4.0,5.0,0.0,2.0,0.0,2.0,0.0,111.0,A,A
hibernate-core/src/main/java/org/hibernate/sql/results/jdbc/internal/StandardJdbcValuesMapping.java,6.0,1.0,0.0,0.0,0.0,0.0,0.0,61.0,A,A
hibernate-core/src/main/java/org/hibernate/jpa/boot/internal/StandardJpaScanEnvironmentImpl.java,7.0,2.0,0.0,0.0,0.0,0.0,0.0,59.0,A,A
hibernate-core/src/main/java/org/hibernate/engine/transaction/jta/platform/internal/StandardJtaPlatformResolver.java,4.0,13.0,0.0,12.0,45.0,12.0,0.0,142.0,A,A
hibernate-core/src/main/java/org/hibernate/collection/internal/StandardListSemantics.java,9.0,0.0,0.0,0.0,0.0,0.0,0.0,99.0,A,A
hibernate-core/src/main/java/org/hibernate/engine/jdbc/env/internal/StandardLobCreator.java,4.0,1.0,0.0,0.0,0.0,0.0,0.0,68.0,A,A
hibernate-core/src/main/java/org/hibernate/collection/internal/StandardMapSemantics.java,5.0,0.0,0.0,0.0,0.0,0.0,0.0,61.0,A,A
hibernate-core/src/main/java/org/hibernate/engine/jdbc/mutation/internal/StandardMutationExecutorService.java,11.0,10.0,0.0,0.0,0.0,0.0,0.0,87.0,A,A
hibernate-core/src/main/java/org/hibernate/id/enhanced/StandardNamingStrategy.java,13.0,15.0,0.0,2.0,10.0,2.0,0.0,152.0,A,A
hibernate-core/src/main/java/org/hibernate/id/enhanced/StandardOptimizerDescriptor.java,25.0,10.0,0.0,1.0,8.0,1.0,0.0,125.0,A,A
hibernate-core/src/main/java/org/hibernate/collection/internal/StandardOrderedMapSemantics.java,7.0,1.0,0.0,0.0,0.0,0.0,0.0,65.0,A,A
hibernate-core/src/main/java/org/hibernate/collection/internal/StandardOrderedSetSemantics.java,7.0,1.0,0.0,0.0,0.0,0.0,0.0,65.0,A,A
hibernate-core/src/main/java/org/hibernate/persister/internal/StandardPersisterClassResolver.java,13.0,9.0,0.0,1.0,0.0,1.0,0.0,84.0,A,A
hibernate-core/src/main/java/org/hibernate/tuple/StandardProperty.java,1.0,0.0,0.0,1.0,10.0,1.0,0.0,62.0,A,A
hibernate-core/src/main/java/org/hibernate/id/uuid/StandardRandomStrategy.java,3.0,0.0,0.0,1.0,0.0,1.0,0.0,44.0,A,A
hibernate-core/src/main/java/org/hibernate/engine/jdbc/cursor/internal/StandardRefCursorSupport.java,10.0,9.0,0.0,1.0,5.0,1.0,0.0,105.0,A,A
hibernate-core/src/main/java/org/hibernate/boot/internal/StandardResourceLocator.java,2.0,0.0,0.0,0.0,0.0,0.0,0.0,31.0,A,A
hibernate-core/src/main/java/org/hibernate/sql/results/internal/StandardRowReader.java,16.0,3.0,0.0,2.0,15.0,2.0,0.0,132.0,A,A
hibernate-core/src/main/java/org/hibernate/boot/archive/scan/internal/StandardScanner.java,2.0,0.0,0.0,0.0,0.0,0.0,0.0,29.0,A,A
hibernate-core/src/main/java/org/hibernate/boot/archive/scan/internal/StandardScanOptions.java,6.0,2.0,0.0,0.0,0.0,0.0,0.0,51.0,A,A
hibernate-core/src/main/java/org/hibernate/boot/archive/scan/internal/StandardScanParameters.java,1.0,0.0,0.0,0.0,0.0,0.0,0.0,23.0,A,A
hibernate-core/src/main/java/org/hibernate/tool/schema/internal/StandardSequenceExporter.java,4.0,0.0,0.0,0.0,0.0,0.0,0.0,49.0,A,A
hibernate-core/src/main/java/org/hibernate/boot/registry/StandardServiceInitiator.java,0.0,0.0,0.0,0.0,0.0,0.0,0.0,35.0,A,A
hibernate-core/src/main/java/org/hibernate/service/StandardServiceInitiators.java,2.0,0.0,0.0,1.0,5.0,1.0,0.0,169.0,A,A
hibernate-core/src/main/java/org/hibernate/boot/registry/StandardServiceRegistry.java,0.0,0.0,0.0,0.0,0.0,0.0,0.0,20.0,A,A
hibernate-core/src/main/java/org/hibernate/boot/registry/StandardServiceRegistryBuilder.java,33.0,2.0,0.0,0.0,0.0,0.0,0.0,408.0,A,A
hibernate-core/src/main/java/org/hibernate/boot/registry/internal/StandardServiceRegistryImpl.java,20.0,11.0,0.0,2.0,5.0,2.0,0.0,180.0,A,A
hibernate-core/src/main/java/org/hibernate/service/internal/StandardSessionFactoryServiceInitiators.java,2.0,0.0,0.0,0.0,0.0,0.0,0.0,38.0,A,A
hibernate-core/src/main/java/org/hibernate/collection/internal/StandardSetSemantics.java,6.0,1.0,0.0,0.0,0.0,0.0,0.0,60.0,A,A
hibernate-core/src/main/java/org/hibernate/collection/internal/StandardSortedMapSemantics.java,7.0,1.0,0.0,1.0,1.0,1.0,0.0,68.0,A,A
hibernate-core/src/main/java/org/hibernate/collection/internal/StandardSortedSetSemantics.java,8.0,1.0,0.0,1.0,1.0,1.0,0.0,74.0,A,A
hibernate-core/src/main/java/org/hibernate/sql/ast/spi/StandardSqlAstTranslator.java,1.0,0.0,0.0,0.0,0.0,0.0,0.0,27.0,A,A
hibernate-core/src/main/java/org/hibernate/sql/ast/spi/StandardSqlAstTranslatorFactory.java,7.0,0.0,0.0,0.0,0.0,0.0,0.0,72.0,A,A
hibernate-core/src/main/java/org/hibernate/exception/internal/StandardSQLExceptionConverter.java,7.0,4.0,0.0,2.0,20.0,2.0,0.0,66.0,A,A
hibernate-core/src/main/java/org/hibernate/dialect/function/StandardSQLFunction.java,10.0,5.0,0.0,0.0,0.0,0.0,0.0,71.0,A,A
hibernate-core/src/main/java/org/hibernate/query/sqm/sql/StandardSqmTranslation.java,6.0,0.0,0.0,0.0,0.0,0.0,0.0,68.0,A,A
hibernate-core/src/main/java/org/hibernate/query/sqm/sql/internal/StandardSqmTranslator.java,1.0,0.0,0.0,0.0,0.0,0.0,0.0,44.0,A,A
hibernate-core/src/main/java/org/hibernate/query/sqm/sql/StandardSqmTranslatorFactory.java,5.0,0.0,0.0,0.0,0.0,0.0,0.0,129.0,A,A
hibernate-core/src/main/java/org/hibernate/internal/util/collections/StandardStack.java,28.0,15.0,0.0,0.0,0.0,0.0,0.0,144.0,A,A
hibernate-core/src/main/java/org/hibernate/tool/schema/internal/StandardTableCleaner.java,10.0,0.0,0.0,0.0,0.0,0.0,0.0,82.0,A,A
hibernate-core/src/main/java/org/hibernate/tool/schema/internal/StandardTableExporter.java,53.0,93.0,0.0,4.0,46.0,4.0,0.0,341.0,A,A
hibernate-core/src/main/java/org/hibernate/sql/ast/tree/from/StandardTableGroup.java,29.0,29.0,0.0,4.0,19.0,4.0,0.0,188.0,A,A
hibernate-core/src/main/java/org/hibernate/tool/schema/internal/StandardTableMigrator.java,10.0,11.0,0.0,1.0,5.0,1.0,0.0,113.0,A,A
hibernate-core/src/main/java/org/hibernate/dialect/temptable/StandardTemporaryTableExporter.java,17.0,19.0,0.0,1.0,7.0,1.0,0.0,116.0,A,A
hibernate-core/src/main/java/org/hibernate/cache/internal/StandardTimestampsCacheFactory.java,1.0,0.0,0.0,1.0,0.0,1.0,0.0,31.0,A,A
hibernate-core/src/main/java/org/hibernate/tool/schema/internal/StandardUniqueKeyExporter.java,3.0,0.0,0.0,0.0,0.0,0.0,0.0,54.0,A,A
hibernate-core/src/main/java/org/hibernate/tool/schema/internal/StandardUserDefinedTypeExporter.java,13.0,15.0,0.0,0.0,0.0,0.0,0.0,129.0,A,A
hibernate-core/src/main/java/org/hibernate/sql/ast/tree/from/StandardVirtualTableGroup.java,25.0,13.0,0.0,1.0,5.0,1.0,0.0,179.0,A,A
hibernate-core/src/main/java/org/hibernate/sql/ast/tree/expression/Star.java,2.0,0.0,0.0,1.0,0.0,1.0,0.0,31.0,A,A
hibernate-core/src/main/java/org/hibernate/service/spi/Startable.java,0.0,0.0,0.0,0.0,0.0,0.0,0.0,21.0,A,A
hibernate-core/src/main/java/org/hibernate/engine/internal/StatefulPersistenceContext.java,405.0,402.0,0.0,31.0,314.0,31.0,0.0,2219.0,A,A
hibernate-core/src/main/java/org/hibernate/StatelessSession.java,0.0,0.0,0.0,0.0,0.0,0.0,0.0,247.0,A,A
hibernate-core/src/main/java/org/hibernate/StatelessSessionBuilder.java,0.0,0.0,0.0,1.0,10.0,1.0,0.0,54.0,A,A
hibernate-core/src/main/java/org/hibernate/internal/StatelessSessionImpl.java,117.0,107.0,0.0,9.0,76.0,9.0,0.0,709.0,A,A
hibernate-core/src/main/java/org/hibernate/sql/ast/tree/Statement.java,0.0,0.0,0.0,0.0,0.0,0.0,0.0,22.0,A,A
hibernate-core/src/main/java/org/hibernate/sql/exec/spi/StatementCreatorHelper.java,1.0,0.0,0.0,1.0,5.0,1.0,0.0,25.0,A,A
hibernate-core/src/main/java/org/hibernate/resource/jdbc/spi/StatementInspector.java,0.0,0.0,0.0,0.0,0.0,0.0,0.0,46.0,A,A
hibernate-core/src/main/java/org/hibernate/sql/exec/spi/StatementOptions.java,13.0,5.0,0.0,0.0,0.0,0.0,0.0,62.0,A,A
hibernate-core/src/main/java/org/hibernate/engine/jdbc/spi/StatementPreparer.java,0.0,0.0,0.0,0.0,0.0,0.0,0.0,94.0,A,A
hibernate-core/src/main/java/org/hibernate/engine/jdbc/internal/StatementPreparerImpl.java,36.0,20.0,0.0,4.0,20.0,4.0,0.0,231.0,A,A
hibernate-testing/src/main/java/org/hibernate/testing/orm/domain/animal/StateProvince.java,17.0,8.0,0.0,1.0,2.0,1.0,0.0,80.0,A,A
hibernate-graalvm/src/main/java/org/hibernate/graalvm/internal/StaticClassLists.java,3.0,0.0,0.0,3.0,10.0,3.0,0.0,121.0,A,A
hibernate-core/src/main/java/org/hibernate/internal/StaticFilterAliasGenerator.java,2.0,0.0,0.0,0.0,0.0,0.0,0.0,29.0,A,A
hibernate-core/src/main/java/org/hibernate/usertype/StaticUserTypeSupport.java,22.0,3.0,0.0,0.0,0.0,0.0,0.0,162.0,A,A
hibernate-core/src/main/java/org/hibernate/engine/internal/StatisticalLoggingSessionEventListener.java,22.0,3.0,0.0,0.0,0.0,0.0,0.0,302.0,A,A
hibernate-core/src/main/java/org/hibernate/stat/Statistics.java,0.0,0.0,0.0,1.0,10.0,1.0,0.0,399.0,A,A
hibernate-core/src/main/java/org/hibernate/stat/spi/StatisticsFactory.java,0.0,0.0,0.0,0.0,0.0,0.0,0.0,19.0,A,A
hibernate-core/src/main/java/org/hibernate/stat/internal/StatisticsImpl.java,135.0,25.0,0.0,4.0,14.0,4.0,0.0,1043.0,A,A
hibernate-core/src/main/java/org/hibernate/stat/spi/StatisticsImplementor.java,5.0,0.0,0.0,0.0,0.0,0.0,0.0,295.0,A,A
hibernate-core/src/main/java/org/hibernate/stat/internal/StatisticsInitiator.java,6.0,9.0,0.0,1.0,0.0,1.0,0.0,92.0,A,A
hibernate-core/src/main/java/org/hibernate/cfg/StatisticsSettings.java,0.0,0.0,0.0,1.0,10.0,1.0,0.0,47.0,A,A
hibernate-core/src/main/java/org/hibernate/stat/internal/StatsHelper.java,3.0,2.0,0.0,1.0,0.0,1.0,0.0,40.0,A,A
hibernate-core/src/main/java/org/hibernate/stat/internal/StatsNamedContainer.java,11.0,13.0,0.0,1.0,2.0,1.0,0.0,109.0,A,A
hibernate-core/src/main/java/org/hibernate/engine/spi/Status.java,2.0,1.0,0.0,0.0,0.0,0.0,0.0,27.0,A,A
hibernate-testing/src/main/java/org/hibernate/testing/orm/domain/helpdesk/Status.java,4.0,1.0,0.0,0.0,0.0,0.0,0.0,32.0,A,A
hibernate-core/src/main/java/org/hibernate/resource/transaction/backend/jta/internal/StatusTranslator.java,11.0,2.0,0.0,1.0,5.0,1.0,0.0,59.0,A,A
hibernate-core/src/main/java/org/hibernate/service/spi/Stoppable.java,0.0,0.0,0.0,0.0,0.0,0.0,0.0,20.0,A,A
hibernate-core/src/main/java/org/hibernate/cache/spi/support/StorageAccess.java,2.0,0.0,0.0,0.0,0.0,0.0,0.0,65.0,A,A
hibernate-core/src/main/java/org/hibernate/boot/registry/selector/spi/StrategyCreator.java,0.0,0.0,0.0,0.0,0.0,0.0,0.0,16.0,A,A
hibernate-core/src/main/java/org/hibernate/cache/internal/StrategyCreatorRegionFactoryImpl.java,2.0,5.0,0.0,3.0,28.0,3.0,0.0,69.0,A,A
hibernate-core/src/main/java/org/hibernate/boot/registry/selector/StrategyRegistration.java,0.0,0.0,0.0,0.0,0.0,0.0,0.0,40.0,A,A
hibernate-core/src/main/java/org/hibernate/boot/registry/selector/StrategyRegistrationProvider.java,0.0,0.0,0.0,0.0,0.0,0.0,0.0,34.0,A,A
hibernate-testing/src/main/java/org/hibernate/testing/cache/StrategyRegistrationProviderImpl.java,1.0,0.0,0.0,0.0,0.0,0.0,0.0,37.0,A,A
hibernate-agroal/src/main/java/org/hibernate/agroal/internal/StrategyRegistrationProviderImpl.java,1.0,0.0,0.0,0.0,0.0,0.0,0.0,38.0,A,A
hibernate-jcache/src/main/java/org/hibernate/cache/jcache/internal/StrategyRegistrationProviderImpl.java,1.0,0.0,0.0,0.0,0.0,0.0,0.0,42.0,A,A
hibernate-proxool/src/main/java/org/hibernate/proxool/internal/StrategyRegistrationProviderImpl.java,1.0,0.0,0.0,0.0,0.0,0.0,0.0,40.0,A,A
hibernate-hikaricp/src/main/java/org/hibernate/hikaricp/internal/StrategyRegistrationProviderImpl.java,1.0,0.0,0.0,0.0,0.0,0.0,0.0,40.0,A,A
hibernate-c3p0/src/main/java/org/hibernate/c3p0/internal/StrategyRegistrationProviderImpl.java,1.0,0.0,0.0,0.0,0.0,0.0,0.0,40.0,A,A
hibernate-vibur/src/main/java/org/hibernate/vibur/internal/StrategyRegistrationProviderImpl.java,1.0,0.0,0.0,0.0,0.0,0.0,0.0,42.0,A,A
hibernate-core/src/main/java/org/hibernate/jpa/boot/spi/StrategyRegistrationProviderList.java,0.0,0.0,0.0,1.0,0.0,1.0,0.0,25.0,A,A
hibernate-core/src/main/java/org/hibernate/boot/registry/selector/spi/StrategySelectionException.java,2.0,0.0,0.0,0.0,0.0,0.0,0.0,36.0,A,A
hibernate-core/src/main/java/org/hibernate/boot/registry/selector/spi/StrategySelector.java,0.0,0.0,0.0,0.0,0.0,0.0,0.0,155.0,A,A
hibernate-core/src/main/java/org/hibernate/boot/registry/selector/internal/StrategySelectorBuilder.java,19.0,9.0,0.0,1.0,5.0,1.0,0.0,331.0,A,A
hibernate-core/src/main/java/org/hibernate/boot/registry/selector/internal/StrategySelectorImpl.java,32.0,28.0,0.0,15.0,75.0,15.0,0.0,250.0,A,A
hibernate-core/src/main/java/org/hibernate/internal/util/io/StreamCopier.java,5.0,6.0,0.0,2.0,35.0,2.0,0.0,51.0,A,A
hibernate-spatial/src/main/java/org/hibernate/spatial/dialect/oracle/STRelateFunction.java,2.0,0.0,0.0,0.0,0.0,0.0,0.0,49.0,A,A
hibernate-core/src/main/java/org/hibernate/query/sqm/StrictJpaComplianceViolation.java,5.0,0.0,0.0,0.0,0.0,0.0,0.0,69.0,A,A
hibernate-core/src/main/java/org/hibernate/sql/ast/spi/StringBuilderSqlAppender.java,12.0,0.0,0.0,0.0,0.0,0.0,0.0,76.0,A,A
hibernate-core/src/main/java/org/hibernate/internal/util/StringHelper.java,212.0,165.0,0.0,8.0,66.0,8.0,0.0,928.0,A,A
hibernate-core/src/main/java/org/hibernate/type/descriptor/java/StringJavaType.java,30.0,20.0,0.0,0.0,0.0,0.0,0.0,138.0,A,A
hibernate-envers/src/main/java/org/hibernate/envers/internal/tools/StringTools.java,11.0,8.0,0.0,1.0,5.0,1.0,0.0,74.0,A,A
tooling/metamodel-generator/src/main/java/org/hibernate/jpamodelgen/util/StringUtil.java,30.0,16.0,0.0,0.0,0.0,0.0,0.0,115.0,A,A
hibernate-core/src/main/java/org/hibernate/annotations/Struct.java,0.0,0.0,0.0,0.0,0.0,0.0,0.0,58.0,A,A
hibernate-core/src/main/java/org/hibernate/dialect/StructHelper.java,25.0,39.0,0.0,1.0,5.0,1.0,0.0,244.0,A,A
hibernate-core/src/main/java/org/hibernate/dialect/StructJdbcType.java,55.0,60.0,0.0,8.0,35.0,8.0,0.0,404.0,A,A
hibernate-core/src/main/java/org/hibernate/cache/spi/entry/StructuredCacheEntry.java,5.0,2.0,0.0,3.0,15.0,3.0,0.0,77.0,A,A
hibernate-core/src/main/java/org/hibernate/cache/spi/entry/StructuredCollectionCacheEntry.java,3.0,0.0,0.0,2.0,5.0,2.0,0.0,41.0,A,A
hibernate-core/src/main/java/org/hibernate/cache/spi/entry/StructuredMapCacheEntry.java,5.0,2.0,0.0,3.0,10.0,3.0,0.0,54.0,A,A
hibernate-core/src/main/java/org/hibernate/mapping/Subclass.java,56.0,5.0,0.0,0.0,0.0,0.0,0.0,311.0,A,A
hibernate-core/src/main/java/org/hibernate/boot/model/source/spi/SubclassEntitySource.java,0.0,0.0,0.0,0.0,0.0,0.0,0.0,14.0,A,A
hibernate-core/src/main/java/org/hibernate/boot/model/source/internal/hbm/SubclassEntitySourceImpl.java,6.0,2.0,0.0,0.0,0.0,0.0,0.0,55.0,A,A
hibernate-envers/src/main/java/org/hibernate/envers/boot/model/SubclassPersistentEntity.java,3.0,0.0,0.0,1.0,2.0,1.0,0.0,32.0,A,A
hibernate-envers/src/main/java/org/hibernate/envers/internal/entities/mapper/SubclassPropertyMapper.java,19.0,9.0,0.0,0.0,0.0,0.0,0.0,170.0,A,A
hibernate-core/src/main/java/org/hibernate/boot/jaxb/hbm/spi/SubEntityInfo.java,0.0,0.0,0.0,0.0,0.0,0.0,0.0,17.0,A,A
hibernate-core/src/main/java/org/hibernate/graph/SubGraph.java,16.0,4.0,0.0,0.0,0.0,0.0,0.0,101.0,A,A
hibernate-core/src/main/java/org/hibernate/graph/internal/parse/SubGraphGenerator.java,0.0,0.0,0.0,0.0,0.0,0.0,0.0,23.0,A,A
hibernate-core/src/main/java/org/hibernate/graph/internal/SubGraphImpl.java,7.0,2.0,0.0,1.0,10.0,1.0,0.0,43.0,A,A
hibernate-core/src/main/java/org/hibernate/graph/spi/SubGraphImplementor.java,4.0,2.0,0.0,3.0,30.0,3.0,0.0,47.0,A,A
hibernate-core/src/main/java/org/hibernate/annotations/Subselect.java,0.0,0.0,0.0,0.0,0.0,0.0,0.0,33.0,A,A
hibernate-core/src/main/java/org/hibernate/engine/spi/SubselectFetch.java,15.0,2.0,0.0,4.0,15.0,4.0,0.0,173.0,A,A
hibernate-core/src/main/java/org/hibernate/internal/util/SubSequence.java,16.0,8.0,0.0,0.0,0.0,0.0,0.0,76.0,A,A
hibernate-core/src/main/java/org/hibernate/internal/log/SubSystemLogging.java,0.0,0.0,0.0,0.0,0.0,0.0,0.0,54.0,A,A
hibernate-core/src/main/java/org/hibernate/sql/ast/tree/expression/Summarization.java,7.0,0.0,0.0,0.0,0.0,0.0,0.0,60.0,A,A
hibernate-core/src/main/java/org/hibernate/dialect/function/SumReturnTypeResolver.java,31.0,14.0,0.0,4.0,20.0,4.0,0.0,140.0,A,A
hibernate-core/src/main/java/org/hibernate/engine/transaction/jta/platform/internal/SunOneJtaPlatform.java,2.0,0.0,0.0,0.0,0.0,0.0,0.0,34.0,A,A
tooling/hibernate-ant/src/main/java/org/hibernate/tool/hbm2ddl/SuppliedConnectionHelper.java,7.0,5.0,0.0,1.0,10.0,1.0,0.0,59.0,A,A
tooling/hibernate-ant/src/main/java/org/hibernate/tool/hbm2ddl/SuppliedConnectionProviderConnectionHelper.java,8.0,7.0,0.0,1.0,10.0,1.0,0.0,68.0,A,A
hibernate-community-dialects/src/main/java/org/hibernate/community/dialect/Sybase11Dialect.java,1.0,0.0,0.0,1.0,10.0,1.0,0.0,24.0,A,A
hibernate-community-dialects/src/main/java/org/hibernate/community/dialect/SybaseAnywhereDialect.java,39.0,7.0,0.0,1.0,0.0,1.0,0.0,218.0,A,A
hibernate-community-dialects/src/main/java/org/hibernate/community/dialect/identity/SybaseAnywhereIdentityColumnSupport.java,1.0,0.0,0.0,1.0,0.0,1.0,0.0,23.0,A,A
hibernate-community-dialects/src/main/java/org/hibernate/community/dialect/SybaseAnywhereSqlAstTranslator.java,45.0,38.0,0.0,0.0,0.0,0.0,0.0,260.0,A,A
hibernate-community-dialects/src/main/java/org/hibernate/community/dialect/SybaseASE157Dialect.java,1.0,0.0,0.0,1.0,10.0,1.0,0.0,26.0,A,A
hibernate-community-dialects/src/main/java/org/hibernate/community/dialect/SybaseASE15Dialect.java,1.0,0.0,0.0,1.0,10.0,1.0,0.0,27.0,A,A
hibernate-core/src/main/java/org/hibernate/dialect/SybaseASEDialect.java,78.0,33.0,0.0,14.0,85.0,14.0,0.0,711.0,A,A
hibernate-community-dialects/src/main/java/org/hibernate/community/dialect/SybaseASELegacyDialect.java,86.0,43.0,0.0,14.0,86.0,14.0,0.0,713.0,A,A
hibernate-community-dialects/src/main/java/org/hibernate/community/dialect/SybaseASELegacySqlAstTranslator.java,95.0,91.0,0.0,7.0,49.0,7.0,0.0,487.0,A,A
hibernate-core/src/main/java/org/hibernate/dialect/SybaseASESqlAstTranslator.java,91.0,89.0,0.0,7.0,49.0,7.0,0.0,476.0,A,A
hibernate-core/src/main/java/org/hibernate/procedure/internal/SybaseCallableStatementSupport.java,9.0,17.0,0.0,2.0,7.0,2.0,0.0,103.0,A,A
hibernate-core/src/main/java/org/hibernate/dialect/SybaseDialect.java,64.0,20.0,0.0,15.0,98.0,15.0,0.0,512.0,A,A
hibernate-core/src/main/java/org/hibernate/dialect/SybaseDriverKind.java,4.0,2.0,0.0,0.0,0.0,0.0,0.0,36.0,A,A
hibernate-core/src/main/java/org/hibernate/id/insert/SybaseJConnGetGeneratedKeysDelegate.java,3.0,1.0,0.0,0.0,0.0,0.0,0.0,78.0,A,A
hibernate-core/src/main/java/org/hibernate/dialect/identity/SybaseJconnIdentityColumnSupport.java,1.0,0.0,0.0,1.0,0.0,1.0,0.0,24.0,A,A
hibernate-community-dialects/src/main/java/org/hibernate/community/dialect/SybaseLegacyDialect.java,57.0,17.0,0.0,15.0,98.0,15.0,0.0,471.0,A,A
hibernate-community-dialects/src/main/java/org/hibernate/community/dialect/SybaseLegacySqlAstTranslator.java,36.0,30.0,0.0,0.0,0.0,0.0,0.0,222.0,A,A
hibernate-community-dialects/src/main/java/org/hibernate/community/dialect/SybaseLegacySqmToSqlAstConverter.java,5.0,2.0,0.0,0.0,0.0,0.0,0.0,89.0,A,A
hibernate-core/src/main/java/org/hibernate/dialect/SybaseSqlAstTranslator.java,36.0,30.0,0.0,0.0,0.0,0.0,0.0,221.0,A,A
hibernate-core/src/main/java/org/hibernate/dialect/SybaseSqmToSqlAstConverter.java,5.0,2.0,0.0,0.0,0.0,0.0,0.0,89.0,A,A
hibernate-core/src/main/java/org/hibernate/dialect/function/SybaseTruncFunction.java,14.0,5.0,0.0,0.0,0.0,0.0,0.0,160.0,A,A
hibernate-core/src/main/java/org/hibernate/resource/transaction/backend/jta/internal/synchronization/SynchronizationCallbackCoordinator.java,0.0,0.0,0.0,0.0,0.0,0.0,0.0,28.0,A,A
hibernate-core/src/main/java/org/hibernate/resource/transaction/backend/jta/internal/synchronization/SynchronizationCallbackCoordinatorNonTrackingImpl.java,8.0,1.0,0.0,2.0,10.0,2.0,0.0,71.0,A,A
hibernate-core/src/main/java/org/hibernate/resource/transaction/backend/jta/internal/synchronization/SynchronizationCallbackCoordinatorTrackingImpl.java,8.0,4.0,0.0,2.0,30.0,2.0,0.0,94.0,A,A
hibernate-core/src/main/java/org/hibernate/resource/transaction/backend/jta/internal/synchronization/SynchronizationCallbackTarget.java,0.0,0.0,0.0,0.0,0.0,0.0,0.0,60.0,A,A
hibernate-core/src/main/java/org/hibernate/resource/transaction/spi/SynchronizationRegistry.java,0.0,0.0,0.0,0.0,0.0,0.0,0.0,29.0,A,A
hibernate-core/src/main/java/org/hibernate/engine/transaction/jta/platform/internal/SynchronizationRegistryAccess.java,0.0,0.0,0.0,0.0,0.0,0.0,0.0,26.0,A,A
hibernate-core/src/main/java/org/hibernate/engine/transaction/jta/platform/internal/SynchronizationRegistryBasedSynchronizationStrategy.java,4.0,1.0,0.0,0.0,0.0,0.0,0.0,40.0,A,A
hibernate-core/src/main/java/org/hibernate/resource/transaction/spi/SynchronizationRegistryImplementor.java,0.0,0.0,0.0,0.0,0.0,0.0,0.0,34.0,A,A
hibernate-core/src/main/java/org/hibernate/resource/transaction/internal/SynchronizationRegistryStandardImpl.java,14.0,17.0,0.0,0.0,0.0,0.0,0.0,110.0,A,A
hibernate-core/src/main/java/org/hibernate/annotations/Synchronize.java,0.0,0.0,0.0,0.0,0.0,0.0,0.0,65.0,A,A
hibernate-core/src/main/java/org/hibernate/query/SynchronizeableQuery.java,0.0,0.0,0.0,0.0,0.0,0.0,0.0,102.0,A,A
hibernate-core/src/main/java/org/hibernate/query/SyntaxException.java,2.0,0.0,0.0,0.0,0.0,0.0,0.0,28.0,A,A
hibernate-core/src/main/java/org/hibernate/mapping/SyntheticProperty.java,1.0,0.0,0.0,0.0,0.0,0.0,0.0,22.0,A,A
hibernate-core/src/main/java/org/hibernate/internal/util/securitymanager/SystemSecurityManager.java,2.0,0.0,0.0,3.0,22.0,3.0,0.0,33.0,A,A
hibernate-core/src/main/java/org/hibernate/mapping/Table.java,181.0,127.0,1.0,23.0,212.0,24.0,0.0,805.0,B,A
hibernate-core/src/main/java/org/hibernate/annotations/Table.java,0.0,0.0,0.0,11.0,110.0,11.0,0.0,128.0,A,A
hibernate-core/src/main/java/org/hibernate/sql/ast/tree/from/TableAliasResolver.java,0.0,0.0,0.0,0.0,0.0,0.0,0.0,16.0,A,A
hibernate-core/src/main/java/org/hibernate/query/sqm/mutation/internal/temptable/TableBasedDeleteHandler.java,10.0,2.0,0.0,0.0,0.0,0.0,0.0,119.0,A,A
hibernate-core/src/main/java/org/hibernate/query/sqm/mutation/internal/temptable/TableBasedInsertHandler.java,29.0,54.0,0.0,1.0,41.0,1.0,0.0,374.0,A,A
hibernate-core/src/main/java/org/hibernate/query/sqm/mutation/internal/temptable/TableBasedUpdateHandler.java,18.0,7.0,0.0,2.0,10.0,2.0,0.0,267.0,A,A
hibernate-core/src/main/java/org/hibernate/boot/model/internal/TableBinder.java,122.0,89.0,0.0,7.0,99.0,7.0,0.0,865.0,A,A
hibernate-core/src/main/java/org/hibernate/mapping/TableContainer.java,0.0,0.0,0.0,0.0,0.0,0.0,0.0,20.0,A,A
hibernate-core/src/main/java/org/hibernate/sql/model/ast/TableDelete.java,0.0,0.0,0.0,0.0,0.0,0.0,0.0,19.0,A,A
hibernate-core/src/main/java/org/hibernate/sql/model/ast/builder/TableDeleteBuilder.java,0.0,0.0,0.0,0.0,0.0,0.0,0.0,20.0,A,A
hibernate-core/src/main/java/org/hibernate/sql/model/ast/builder/TableDeleteBuilderSkipped.java,11.0,0.0,0.0,6.0,30.0,6.0,0.0,70.0,A,A
hibernate-core/src/main/java/org/hibernate/sql/model/ast/builder/TableDeleteBuilderStandard.java,14.0,5.0,0.0,0.0,0.0,0.0,0.0,118.0,A,A
hibernate-core/src/main/java/org/hibernate/sql/model/internal/TableDeleteCustomSql.java,5.0,0.0,0.0,0.0,0.0,0.0,0.0,59.0,A,A
hibernate-core/src/main/java/org/hibernate/sql/model/internal/TableDeleteStandard.java,6.0,0.0,0.0,0.0,0.0,0.0,0.0,65.0,A,A
hibernate-core/src/main/java/org/hibernate/metamodel/mapping/TableDetails.java,0.0,0.0,0.0,1.0,20.0,1.0,0.0,86.0,A,A
hibernate-core/src/main/java/org/hibernate/id/factory/internal/TableGenerationTypeStrategy.java,1.0,0.0,0.0,1.0,0.0,1.0,0.0,36.0,A,A
hibernate-core/src/main/java/org/hibernate/id/enhanced/TableGenerator.java,54.0,34.0,1.0,6.0,33.0,7.0,0.0,771.0,B,A
hibernate-core/src/main/java/org/hibernate/sql/ast/tree/from/TableGroup.java,31.0,27.0,0.0,1.0,5.0,1.0,0.0,232.0,A,A
hibernate-core/src/main/java/org/hibernate/internal/TableGroupFilterAliasGenerator.java,4.0,2.0,0.0,0.0,0.0,0.0,0.0,34.0,A,A
hibernate-core/src/main/java/org/hibernate/query/results/TableGroupImpl.java,7.0,1.0,0.0,1.0,5.0,1.0,0.0,68.0,A,A
hibernate-core/src/main/java/org/hibernate/sql/ast/tree/from/TableGroupJoin.java,17.0,1.0,0.0,1.0,5.0,1.0,0.0,115.0,A,A
hibernate-core/src/main/java/org/hibernate/sql/ast/tree/from/TableGroupJoinProducer.java,3.0,2.0,0.0,0.0,0.0,0.0,0.0,92.0,A,A
hibernate-core/src/main/java/org/hibernate/sql/ast/tree/from/TableGroupProducer.java,1.0,0.0,0.0,0.0,0.0,0.0,0.0,34.0,A,A
hibernate-core/src/main/java/org/hibernate/engine/jdbc/mutation/TableInclusionChecker.java,0.0,0.0,0.0,0.0,0.0,0.0,0.0,26.0,A,A
hibernate-core/src/main/java/org/hibernate/tool/schema/extract/spi/TableInformation.java,0.0,0.0,0.0,0.0,0.0,0.0,0.0,91.0,A,A
hibernate-core/src/main/java/org/hibernate/boot/jaxb/hbm/spi/TableInformationContainer.java,0.0,0.0,0.0,0.0,0.0,0.0,0.0,25.0,A,A
hibernate-core/src/main/java/org/hibernate/tool/schema/extract/internal/TableInformationImpl.java,19.0,7.0,0.0,1.0,5.0,1.0,0.0,149.0,A,A
hibernate-core/src/main/java/org/hibernate/sql/model/ast/TableInsert.java,2.0,0.0,0.0,0.0,0.0,0.0,0.0,68.0,A,A
hibernate-core/src/main/java/org/hibernate/sql/model/ast/builder/TableInsertBuilder.java,1.0,0.0,0.0,0.0,0.0,0.0,0.0,32.0,A,A
hibernate-core/src/main/java/org/hibernate/sql/model/ast/builder/TableInsertBuilderStandard.java,4.0,1.0,0.0,0.0,0.0,0.0,0.0,63.0,A,A
hibernate-core/src/main/java/org/hibernate/sql/model/internal/TableInsertCustomSql.java,7.0,0.0,0.0,0.0,0.0,0.0,0.0,70.0,A,A
hibernate-core/src/main/java/org/hibernate/id/insert/TableInsertReturningBuilder.java,3.0,0.0,0.0,0.0,0.0,0.0,0.0,47.0,A,A
hibernate-core/src/main/java/org/hibernate/sql/model/internal/TableInsertStandard.java,6.0,0.0,0.0,0.0,0.0,0.0,0.0,61.0,A,A
hibernate-core/src/main/java/org/hibernate/sql/ast/tree/from/TableJoin.java,0.0,0.0,0.0,0.0,0.0,0.0,0.0,24.0,A,A
hibernate-core/src/main/java/org/hibernate/query/sqm/mutation/internal/TableKeyExpressionCollector.java,6.0,4.0,0.0,0.0,0.0,0.0,0.0,52.0,A,A
hibernate-core/src/main/java/org/hibernate/sql/model/TableMapping.java,8.0,0.0,0.0,0.0,0.0,0.0,0.0,149.0,A,A
hibernate-core/src/main/java/org/hibernate/sql/model/ast/builder/TableMergeBuilder.java,4.0,1.0,0.0,2.0,5.0,2.0,0.0,69.0,A,A
tooling/hibernate-ant/src/main/java/org/hibernate/tool/hbm2ddl/TableMetadata.java,34.0,21.0,0.0,1.0,10.0,1.0,0.0,195.0,A,A
hibernate-core/src/main/java/org/hibernate/tool/schema/internal/TableMigrator.java,0.0,0.0,0.0,0.0,0.0,0.0,0.0,29.0,A,A
hibernate-core/src/main/java/org/hibernate/sql/model/ast/TableMutation.java,1.0,0.0,0.0,0.0,0.0,0.0,0.0,92.0,A,A
hibernate-core/src/main/java/org/hibernate/sql/model/ast/builder/TableMutationBuilder.java,0.0,0.0,0.0,0.0,0.0,0.0,0.0,33.0,A,A
hibernate-core/src/main/java/org/hibernate/mapping/TableOwner.java,0.0,0.0,0.0,0.0,0.0,0.0,0.0,22.0,A,A
hibernate-core/src/main/java/org/hibernate/sql/ast/tree/from/TableReference.java,6.0,1.0,0.0,1.0,5.0,1.0,0.0,76.0,A,A
hibernate-core/src/main/java/org/hibernate/sql/ast/tree/from/TableReferenceJoin.java,10.0,1.0,0.0,0.0,0.0,0.0,0.0,71.0,A,A
hibernate-core/src/main/java/org/hibernate/sql/ast/tree/from/TableReferenceJoinPredicateProducer.java,0.0,0.0,0.0,0.0,0.0,0.0,0.0,22.0,A,A
hibernate-core/src/main/java/org/hibernate/annotations/Tables.java,0.0,0.0,0.0,1.0,10.0,1.0,0.0,31.0,A,A
hibernate-core/src/main/java/org/hibernate/persister/entity/mutation/TableSet.java,14.0,10.0,1.0,3.0,15.0,4.0,0.0,85.0,C,A
hibernate-core/src/main/java/org/hibernate/boot/model/source/spi/TableSource.java,0.0,0.0,0.0,0.0,0.0,0.0,0.0,26.0,A,A
hibernate-core/src/main/java/org/hibernate/boot/model/source/internal/hbm/TableSourceImpl.java,11.0,2.0,0.0,0.0,0.0,0.0,0.0,79.0,A,A
hibernate-core/src/main/java/org/hibernate/boot/model/source/spi/TableSpecificationSource.java,0.0,0.0,0.0,0.0,0.0,0.0,0.0,32.0,A,A
hibernate-core/src/main/java/org/hibernate/id/enhanced/TableStructure.java,27.0,23.0,0.0,3.0,18.0,3.0,0.0,315.0,A,A
hibernate-core/src/main/java/org/hibernate/sql/model/ast/TableUpdate.java,1.0,0.0,0.0,0.0,0.0,0.0,0.0,48.0,A,A
hibernate-core/src/main/java/org/hibernate/sql/model/ast/builder/TableUpdateBuilder.java,1.0,0.0,0.0,0.0,0.0,0.0,0.0,33.0,A,A
hibernate-core/src/main/java/org/hibernate/sql/model/ast/builder/TableUpdateBuilderSkipped.java,13.0,0.0,0.0,1.0,5.0,1.0,0.0,85.0,A,A
hibernate-core/src/main/java/org/hibernate/sql/model/ast/builder/TableUpdateBuilderStandard.java,8.0,3.0,0.0,0.0,0.0,0.0,0.0,103.0,A,A
hibernate-core/src/main/java/org/hibernate/sql/model/internal/TableUpdateCustomSql.java,6.0,0.0,0.0,0.0,0.0,0.0,0.0,71.0,A,A
hibernate-core/src/main/java/org/hibernate/sql/model/internal/TableUpdateNoSet.java,9.0,0.0,0.0,2.0,10.0,2.0,0.0,90.0,A,A
hibernate-core/src/main/java/org/hibernate/sql/model/internal/TableUpdateStandard.java,10.0,1.0,0.0,0.0,0.0,0.0,0.0,105.0,A,A
tooling/hibernate-ant/src/main/java/org/hibernate/tool/hbm2ddl/Target.java,8.0,8.0,0.0,0.0,0.0,0.0,0.0,49.0,A,A
hibernate-core/src/main/java/org/hibernate/annotations/Target.java,0.0,0.0,0.0,1.0,10.0,1.0,0.0,35.0,A,A
hibernate-core/src/main/java/org/hibernate/boot/jaxb/hbm/transform/TargetColumnAdapter.java,0.0,0.0,0.0,0.0,0.0,0.0,0.0,43.0,A,A
hibernate-core/src/main/java/org/hibernate/boot/jaxb/hbm/transform/TargetColumnAdapterJaxbColumn.java,25.0,7.0,0.0,0.0,0.0,0.0,0.0,125.0,A,A
hibernate-core/src/main/java/org/hibernate/boot/jaxb/hbm/transform/TargetColumnAdapterJaxbJoinColumn.java,22.0,4.0,0.0,8.0,40.0,8.0,0.0,108.0,A,A
hibernate-core/src/main/java/org/hibernate/tool/schema/spi/TargetDescriptor.java,0.0,0.0,0.0,0.0,0.0,0.0,0.0,44.0,A,A
hibernate-core/src/main/java/org/hibernate/tool/schema/TargetType.java,0.0,0.0,0.0,0.0,0.0,0.0,0.0,31.0,A,A
tooling/hibernate-ant/src/main/java/org/hibernate/tool/hbm2ddl/TargetTypeHelper.java,10.0,12.0,0.0,3.0,25.0,3.0,0.0,56.0,A,A
hibernate-core/src/main/java/org/hibernate/boot/registry/classloading/internal/TcclLookupPrecedence.java,5.0,3.0,0.0,0.0,0.0,0.0,0.0,74.0,A,A
hibernate-core/src/main/java/org/hibernate/sql/Template.java,101.0,156.0,0.0,15.0,217.0,15.0,0.0,737.0,A,A
hibernate-core/src/main/java/org/hibernate/exception/spi/TemplatedViolatedConstraintNameExtractor.java,8.0,8.0,0.0,0.0,0.0,0.0,0.0,80.0,A,A
hibernate-core/src/main/java/org/hibernate/type/descriptor/java/TemporalJavaType.java,9.0,2.0,0.0,0.0,0.0,0.0,0.0,66.0,A,A
hibernate-core/src/main/java/org/hibernate/boot/jaxb/mapping/marshall/TemporalTypeMarshalling.java,4.0,2.0,0.0,1.0,5.0,1.0,0.0,25.0,A,A
hibernate-core/src/main/java/org/hibernate/query/sqm/TemporalUnit.java,62.0,24.0,0.0,9.0,75.0,9.0,0.0,358.0,A,A
hibernate-core/src/main/java/org/hibernate/dialect/temptable/TemporaryTable.java,54.0,70.0,0.0,10.0,82.0,10.0,0.0,531.0,A,A
hibernate-core/src/main/java/org/hibernate/dialect/temptable/TemporaryTableColumn.java,10.0,0.0,0.0,0.0,0.0,0.0,0.0,86.0,A,A
hibernate-core/src/main/java/org/hibernate/dialect/temptable/TemporaryTableExporter.java,0.0,0.0,0.0,0.0,0.0,0.0,0.0,31.0,A,A
hibernate-core/src/main/java/org/hibernate/dialect/temptable/TemporaryTableHelper.java,13.0,9.0,0.0,5.0,49.0,5.0,0.0,203.0,A,A
hibernate-core/src/main/java/org/hibernate/dialect/temptable/TemporaryTableKind.java,0.0,0.0,0.0,0.0,0.0,0.0,0.0,47.0,A,A
hibernate-core/src/main/java/org/hibernate/dialect/temptable/TemporaryTableSessionUidColumn.java,1.0,0.0,0.0,0.0,0.0,0.0,0.0,32.0,A,A
hibernate-core/src/main/java/org/hibernate/boot/TempTableDdlTransactionHandling.java,0.0,0.0,0.0,0.0,0.0,0.0,0.0,31.0,A,A
hibernate-core/src/main/java/org/hibernate/annotations/TenantId.java,0.0,0.0,0.0,0.0,0.0,0.0,0.0,33.0,A,A
hibernate-core/src/main/java/org/hibernate/binder/internal/TenantIdBinder.java,6.0,6.0,0.0,0.0,0.0,0.0,0.0,100.0,A,A
hibernate-core/src/main/java/org/hibernate/context/TenantIdentifierMismatchException.java,2.0,0.0,0.0,0.0,0.0,0.0,0.0,38.0,A,A
hibernate-core/src/main/java/org/hibernate/generator/internal/TenantIdGeneration.java,8.0,7.0,0.0,0.0,0.0,0.0,0.0,77.0,A,A
hibernate-community-dialects/src/main/java/org/hibernate/community/dialect/Teradata14Dialect.java,1.0,0.0,0.0,1.0,10.0,1.0,0.0,24.0,A,A
hibernate-community-dialects/src/main/java/org/hibernate/community/dialect/identity/Teradata14IdentityColumnSupport.java,3.0,0.0,0.0,3.0,32.0,3.0,0.0,33.0,A,A
hibernate-community-dialects/src/main/java/org/hibernate/community/dialect/TeradataDialect.java,132.0,30.0,0.0,4.0,10.0,4.0,0.0,637.0,A,A
hibernate-community-dialects/src/main/java/org/hibernate/community/dialect/TeradataSqlAstTranslator.java,23.0,8.0,0.0,0.0,0.0,0.0,0.0,148.0,A,A
hibernate-core/src/main/java/org/hibernate/query/sqm/TerminalPathException.java,1.0,0.0,0.0,0.0,0.0,0.0,0.0,26.0,A,A
hibernate-testing/src/main/java/org/hibernate/testing/logger/TestableLoggerProvider.java,16.0,5.0,0.0,0.0,0.0,0.0,0.0,113.0,A,A
hibernate-testing/src/main/java/org/hibernate/testing/junit4/TestClassMetadata.java,37.0,27.0,0.0,12.0,96.0,12.0,0.0,227.0,A,A
hibernate-testing/src/main/java/org/hibernate/testing/TestForIssue.java,0.0,0.0,0.0,1.0,10.0,1.0,0.0,30.0,A,A
hibernate-testing/src/main/java/org/hibernate/testing/env/TestingDatabaseInfo.java,2.0,0.0,0.0,12.0,128.0,12.0,0.0,37.0,A,A
hibernate-testing/src/main/java/org/hibernate/testing/jta/TestingJtaBootstrap.java,4.0,0.0,0.0,0.0,0.0,0.0,0.0,44.0,A,A
hibernate-testing/src/main/java/org/hibernate/testing/jta/TestingJtaPlatformImpl.java,12.0,2.0,0.0,0.0,0.0,0.0,0.0,116.0,A,A
hibernate-testing/src/main/java/org/hibernate/testing/jta/TestingJtaTransactionCoordinatorBuilder.java,3.0,0.0,0.0,0.0,0.0,0.0,0.0,33.0,A,A
hibernate-testing/src/main/java/org/hibernate/testing/orm/junit/TestingUtil.java,19.0,18.0,0.0,2.0,40.0,2.0,0.0,136.0,A,A
hibernate-testing/src/main/java/org/hibernate/testing/util/TestPathHelper.java,5.0,4.0,0.0,8.0,95.0,8.0,0.0,92.0,A,A
tooling/hibernate-gradle-plugin/src/test/resources/projects/simple/src/main/java/TheEmbeddable.java,4.0,0.0,0.0,1.0,10.0,1.0,0.0,30.0,A,A
tooling/hibernate-gradle-plugin/src/test/resources/projects/simple/src/main/java/TheEntity.java,12.0,0.0,0.0,1.0,10.0,1.0,0.0,89.0,A,A
hibernate-core/src/main/java/org/hibernate/context/internal/ThreadLocalSessionContext.java,58.0,38.0,1.0,3.0,21.0,4.0,0.0,385.0,B,A
hibernate-envers/src/main/java/org/hibernate/envers/internal/entities/mapper/relation/query/ThreeEntityQueryGenerator.java,5.0,1.0,0.0,0.0,0.0,0.0,0.0,260.0,A,A
hibernate-core/src/main/java/org/hibernate/sql/ast/tree/predicate/ThruthnessPredicate.java,4.0,0.0,0.0,0.0,0.0,0.0,0.0,39.0,A,A
hibernate-testing/src/main/java/org/hibernate/testing/orm/domain/helpdesk/Ticket.java,2.0,0.0,0.0,3.0,15.0,3.0,0.0,37.0,A,A
hibernate-core/src/main/java/org/hibernate/dialect/TiDBDialect.java,28.0,4.0,0.0,0.0,0.0,0.0,0.0,181.0,A,A
hibernate-core/src/main/java/org/hibernate/dialect/sequence/TiDBSequenceSupport.java,5.0,0.0,0.0,0.0,0.0,0.0,0.0,50.0,A,A
hibernate-core/src/main/java/org/hibernate/dialect/TiDBSqlAstTranslator.java,36.0,21.0,0.0,0.0,0.0,0.0,0.0,214.0,A,A
hibernate-core/src/main/java/org/hibernate/type/descriptor/jdbc/TimeAsTimestampWithTimeZoneJdbcType.java,7.0,0.0,0.0,1.0,5.0,1.0,0.0,61.0,A,A
hibernate-testing/src/main/java/org/hibernate/testing/async/TimedExecutor.java,5.0,8.0,1.0,3.0,15.0,4.0,0.0,57.0,C,A
hibernate-core/src/main/java/org/hibernate/type/descriptor/jdbc/TimeJdbcType.java,21.0,14.0,0.0,3.0,7.0,3.0,0.0,130.0,A,A
hibernate-core/src/main/java/org/hibernate/dialect/function/TimestampaddFunction.java,6.0,1.0,0.0,1.0,5.0,1.0,0.0,132.0,A,A
hibernate-core/src/main/java/org/hibernate/boot/model/source/internal/hbm/TimestampAttributeSourceImpl.java,30.0,0.0,0.0,0.0,0.0,0.0,0.0,208.0,A,A
hibernate-core/src/main/java/org/hibernate/dialect/function/TimestampdiffFunction.java,16.0,8.0,0.0,0.0,0.0,0.0,0.0,175.0,A,A
hibernate-core/src/main/java/org/hibernate/tuple/TimestampGenerators.java,18.0,1.0,0.0,1.0,10.0,1.0,0.0,124.0,A,A
hibernate-core/src/main/java/org/hibernate/type/descriptor/jdbc/TimestampJdbcType.java,21.0,14.0,0.0,3.0,7.0,3.0,0.0,130.0,A,A
hibernate-core/src/main/java/org/hibernate/cache/spi/TimestampsCache.java,2.0,0.0,0.0,0.0,0.0,0.0,0.0,79.0,A,A
hibernate-core/src/main/java/org/hibernate/cache/internal/TimestampsCacheDisabledImpl.java,5.0,0.0,0.0,0.0,0.0,0.0,0.0,59.0,A,A
hibernate-core/src/main/java/org/hibernate/cache/internal/TimestampsCacheEnabledImpl.java,23.0,26.0,0.0,0.0,0.0,0.0,0.0,216.0,A,A
hibernate-core/src/main/java/org/hibernate/cache/spi/TimestampsCacheFactory.java,0.0,0.0,0.0,0.0,0.0,0.0,0.0,25.0,A,A
hibernate-core/src/main/java/org/hibernate/cache/spi/TimestampsRegion.java,0.0,0.0,0.0,0.0,0.0,0.0,0.0,19.0,A,A
hibernate-core/src/main/java/org/hibernate/cache/spi/support/TimestampsRegionTemplate.java,1.0,0.0,0.0,0.0,0.0,0.0,0.0,30.0,A,A
hibernate-core/src/main/java/org/hibernate/type/descriptor/jdbc/TimestampUtcAsInstantJdbcType.java,15.0,10.0,1.0,3.0,7.0,4.0,0.0,160.0,C,A
hibernate-core/src/main/java/org/hibernate/type/descriptor/jdbc/TimestampUtcAsJdbcTimestampJdbcType.java,18.0,6.0,1.0,6.0,10.0,7.0,0.0,121.0,C,A
hibernate-core/src/main/java/org/hibernate/type/descriptor/jdbc/TimestampUtcAsOffsetDateTimeJdbcType.java,15.0,0.0,0.0,3.0,7.0,3.0,0.0,126.0,A,A
hibernate-core/src/main/java/org/hibernate/type/descriptor/jdbc/TimestampWithTimeZoneJdbcType.java,21.0,29.0,0.0,5.0,9.0,5.0,0.0,176.0,A,A
hibernate-community-dialects/src/main/java/org/hibernate/community/dialect/TimesTenDialect.java,76.0,13.0,0.0,0.0,0.0,0.0,0.0,430.0,A,A
hibernate-community-dialects/src/main/java/org/hibernate/community/dialect/pagination/TimesTenLimitHandler.java,2.0,0.0,0.0,1.0,0.0,1.0,0.0,29.0,A,A
hibernate-community-dialects/src/main/java/org/hibernate/community/dialect/sequence/TimesTenSequenceSupport.java,1.0,0.0,0.0,0.0,0.0,0.0,0.0,27.0,A,A
hibernate-community-dialects/src/main/java/org/hibernate/community/dialect/TimesTenSqlAstTranslator.java,22.0,14.0,0.0,0.0,0.0,0.0,0.0,147.0,A,A
hibernate-core/src/main/java/org/hibernate/type/descriptor/jdbc/TimeUtcAsJdbcTimeJdbcType.java,18.0,6.0,1.0,6.0,10.0,7.0,0.0,122.0,C,A
hibernate-core/src/main/java/org/hibernate/type/descriptor/jdbc/TimeUtcAsOffsetTimeJdbcType.java,15.0,0.0,0.0,3.0,7.0,3.0,0.0,115.0,A,A
hibernate-core/src/main/java/org/hibernate/type/descriptor/jdbc/TimeWithTimeZoneJdbcType.java,14.0,0.0,0.0,3.0,7.0,3.0,0.0,109.0,A,A
hibernate-core/src/main/java/org/hibernate/annotations/TimeZoneColumn.java,0.0,0.0,0.0,0.0,0.0,0.0,0.0,72.0,A,A
hibernate-testing/src/main/java/org/hibernate/testing/orm/jdbc/TimeZoneConnectionProvider.java,2.0,0.0,0.0,1.0,5.0,1.0,0.0,45.0,A,A
hibernate-core/src/main/java/org/hibernate/type/descriptor/java/TimeZoneJavaType.java,10.0,4.0,0.0,1.0,0.0,1.0,0.0,64.0,A,A
hibernate-core/src/main/java/org/hibernate/annotations/TimeZoneStorage.java,0.0,0.0,0.0,0.0,0.0,0.0,0.0,61.0,A,A
hibernate-core/src/main/java/org/hibernate/boot/model/internal/TimeZoneStorageHelper.java,17.0,15.0,0.0,1.0,5.0,1.0,0.0,95.0,A,A
hibernate-core/src/main/java/org/hibernate/TimeZoneStorageStrategy.java,0.0,0.0,0.0,0.0,0.0,0.0,0.0,50.0,A,A
hibernate-core/src/main/java/org/hibernate/annotations/TimeZoneStorageType.java,0.0,0.0,0.0,0.0,0.0,0.0,0.0,134.0,A,A
hibernate-core/src/main/java/org/hibernate/dialect/TimeZoneSupport.java,0.0,0.0,0.0,0.0,0.0,0.0,0.0,40.0,A,A
hibernate-core/src/main/java/org/hibernate/type/descriptor/jdbc/TinyIntAsSmallIntJdbcType.java,10.0,0.0,0.0,1.0,5.0,1.0,0.0,78.0,A,A
hibernate-core/src/main/java/org/hibernate/type/descriptor/jdbc/TinyIntJdbcType.java,14.0,0.0,0.0,1.0,5.0,1.0,0.0,106.0,A,A
hibernate-core/src/main/java/org/hibernate/transform/ToListResultTransformer.java,4.0,0.0,0.0,2.0,10.0,2.0,0.0,49.0,A,A
hibernate-core/src/main/java/org/hibernate/boot/model/source/spi/ToolingHint.java,9.0,0.0,0.0,1.0,5.0,1.0,0.0,63.0,A,A
hibernate-core/src/main/java/org/hibernate/boot/jaxb/hbm/spi/ToolingHintContainer.java,0.0,0.0,0.0,0.0,0.0,0.0,0.0,19.0,A,A
hibernate-core/src/main/java/org/hibernate/boot/model/source/spi/ToolingHintContext.java,10.0,5.0,0.0,0.0,0.0,0.0,0.0,71.0,A,A
hibernate-core/src/main/java/org/hibernate/boot/model/source/spi/ToolingHintContextContainer.java,0.0,0.0,0.0,0.0,0.0,0.0,0.0,15.0,A,A
hibernate-envers/src/main/java/org/hibernate/envers/internal/tools/Tools.java,9.0,4.0,0.0,1.0,5.0,1.0,0.0,75.0,A,A
hibernate-core/src/main/java/org/hibernate/jdbc/TooManyRowsAffectedException.java,3.0,0.0,0.0,0.0,0.0,0.0,0.0,35.0,A,A
hibernate-core/src/main/java/org/hibernate/mapping/ToOne.java,50.0,30.0,0.0,1.0,5.0,1.0,0.0,242.0,A,A
hibernate-core/src/main/java/org/hibernate/boot/jaxb/mapping/ToOneAttribute.java,0.0,0.0,0.0,0.0,0.0,0.0,0.0,17.0,A,A
hibernate-core/src/main/java/org/hibernate/metamodel/mapping/internal/ToOneAttributeMapping.java,338.0,426.0,1.0,39.0,355.0,40.0,0.0,2510.0,C,A
hibernate-core/src/main/java/org/hibernate/boot/model/internal/ToOneBinder.java,111.0,137.0,0.0,21.0,196.0,21.0,0.0,689.0,A,A
hibernate-envers/src/main/java/org/hibernate/envers/internal/entities/mapper/relation/lazy/ToOneDelegateSessionImplementor.java,2.0,0.0,0.0,0.0,0.0,0.0,0.0,58.0,A,A
hibernate-envers/src/main/java/org/hibernate/envers/internal/entities/mapper/relation/ToOneEntityLoader.java,6.0,3.0,0.0,0.0,0.0,0.0,0.0,90.0,A,A
hibernate-core/src/main/java/org/hibernate/boot/model/internal/ToOneFkSecondPass.java,17.0,25.0,0.0,3.0,12.0,3.0,0.0,130.0,A,A
hibernate-envers/src/main/java/org/hibernate/envers/internal/entities/mapper/relation/ToOneIdMapper.java,24.0,19.0,0.0,6.0,20.0,6.0,0.0,214.0,A,A
hibernate-envers/src/main/java/org/hibernate/envers/configuration/internal/metadata/ToOneRelationMetadataGenerator.java,11.0,8.0,0.0,0.0,0.0,0.0,0.0,203.0,A,A
hibernate-core/src/main/java/org/hibernate/dialect/pagination/TopLimitHandler.java,4.0,0.0,0.0,3.0,32.0,3.0,0.0,41.0,A,A
hibernate-envers/src/main/java/org/hibernate/envers/internal/tools/graph/TopologicalSort.java,6.0,5.0,0.0,0.0,0.0,0.0,0.0,56.0,A,A
hibernate-core/src/main/java/org/hibernate/Transaction.java,1.0,0.0,0.0,0.0,0.0,0.0,0.0,79.0,A,A
hibernate-core/src/main/java/org/hibernate/resource/transaction/spi/TransactionCoordinator.java,7.0,3.0,0.0,1.0,0.0,1.0,0.0,152.0,A,A
hibernate-core/src/main/java/org/hibernate/resource/transaction/spi/TransactionCoordinatorBuilder.java,2.0,1.0,0.0,0.0,0.0,0.0,0.0,48.0,A,A
hibernate-core/src/main/java/org/hibernate/resource/transaction/internal/TransactionCoordinatorBuilderInitiator.java,5.0,2.0,0.0,2.0,5.0,2.0,0.0,66.0,A,A
hibernate-core/src/main/java/org/hibernate/resource/transaction/spi/TransactionCoordinatorOwner.java,1.0,0.0,0.0,0.0,0.0,0.0,0.0,70.0,A,A
hibernate-core/src/main/java/org/hibernate/TransactionException.java,2.0,0.0,0.0,0.0,0.0,0.0,0.0,36.0,A,A
hibernate-core/src/main/java/org/hibernate/engine/transaction/internal/TransactionImpl.java,41.0,39.0,0.0,4.0,23.0,4.0,0.0,246.0,A,A
hibernate-core/src/main/java/org/hibernate/engine/transaction/spi/TransactionImplementor.java,0.0,0.0,0.0,0.0,0.0,0.0,0.0,29.0,A,A
hibernate-core/src/main/java/org/hibernate/internal/TransactionManagement.java,6.0,6.0,0.0,1.0,5.0,1.0,0.0,69.0,A,A
hibernate-core/src/main/java/org/hibernate/TransactionManagementException.java,1.0,0.0,0.0,0.0,0.0,0.0,0.0,22.0,A,A
hibernate-core/src/main/java/org/hibernate/engine/transaction/jta/platform/internal/TransactionManagerAccess.java,0.0,0.0,0.0,0.0,0.0,0.0,0.0,26.0,A,A
hibernate-core/src/main/java/org/hibernate/resource/transaction/spi/TransactionObserver.java,0.0,0.0,0.0,0.0,0.0,0.0,0.0,38.0,A,A
hibernate-core/src/main/java/org/hibernate/engine/transaction/spi/TransactionObserver.java,0.0,0.0,0.0,2.0,15.0,2.0,0.0,17.0,A,A
hibernate-core/src/main/java/org/hibernate/resource/transaction/TransactionRequiredForJoinException.java,2.0,0.0,0.0,0.0,0.0,0.0,0.0,27.0,A,A
hibernate-core/src/main/java/org/hibernate/cfg/TransactionSettings.java,0.0,0.0,0.0,1.0,10.0,1.0,0.0,182.0,A,A
hibernate-core/src/main/java/org/hibernate/resource/transaction/spi/TransactionStatus.java,5.0,3.0,0.0,0.0,0.0,0.0,0.0,76.0,A,A
hibernate-testing/src/main/java/org/hibernate/testing/orm/transaction/TransactionUtil.java,8.0,16.0,0.0,3.0,35.0,3.0,0.0,147.0,A,A
hibernate-testing/src/main/java/org/hibernate/testing/transaction/TransactionUtil.java,78.0,117.0,1.0,19.0,276.0,20.0,0.0,835.0,D,A
hibernate-testing/src/main/java/org/hibernate/testing/transaction/TransactionUtil2.java,20.0,27.0,0.0,16.0,129.0,16.0,0.0,275.0,A,A
hibernate-core/src/main/java/org/hibernate/dialect/function/TransactSQLStrFunction.java,5.0,2.0,0.0,0.0,0.0,0.0,0.0,84.0,A,A
tooling/hibernate-gradle-plugin/src/main/java/org/hibernate/orm/tooling/gradle/misc/TransformationNaming.java,10.0,2.0,0.0,0.0,0.0,0.0,0.0,77.0,A,A
hibernate-core/src/main/java/org/hibernate/transform/Transformers.java,2.0,0.0,0.0,2.0,12.0,2.0,0.0,38.0,A,A
tooling/hibernate-gradle-plugin/src/main/java/org/hibernate/orm/tooling/gradle/misc/TransformHbmXmlTask.java,23.0,20.0,0.0,6.0,59.0,6.0,0.0,241.0,A,A
hibernate-core/src/main/java/org/hibernate/TransientObjectException.java,1.0,0.0,0.0,0.0,0.0,0.0,0.0,26.0,A,A
hibernate-core/src/main/java/org/hibernate/TransientPropertyValueException.java,5.0,0.0,0.0,0.0,0.0,0.0,0.0,76.0,A,A
hibernate-core/src/main/java/org/hibernate/metamodel/mapping/ordering/TranslationContext.java,1.0,0.0,0.0,0.0,0.0,0.0,0.0,25.0,A,A
hibernate-core/src/main/java/org/hibernate/spi/TreatedNavigablePath.java,6.0,1.0,0.0,3.0,18.0,3.0,0.0,77.0,A,A
hibernate-testing/src/main/java/org/hibernate/testing/logger/Triggerable.java,1.0,0.0,0.0,0.0,0.0,0.0,0.0,24.0,A,A
hibernate-testing/src/main/java/org/hibernate/testing/logger/TriggerOnPrefixLogListener.java,11.0,7.0,0.0,0.0,0.0,0.0,0.0,63.0,A,A
hibernate-core/src/main/java/org/hibernate/dialect/function/TrimFunction.java,8.0,5.0,0.0,2.0,5.0,2.0,0.0,143.0,A,A
hibernate-core/src/main/java/org/hibernate/query/sqm/TrimSpec.java,6.0,2.0,0.0,0.0,0.0,0.0,0.0,44.0,A,A
hibernate-core/src/main/java/org/hibernate/sql/ast/tree/expression/TrimSpecification.java,5.0,0.0,0.0,0.0,0.0,0.0,0.0,46.0,A,A
hibernate-envers/src/main/java/org/hibernate/envers/internal/tools/Triple.java,14.0,6.0,0.0,1.0,5.0,1.0,0.0,71.0,A,A
hibernate-core/src/main/java/org/hibernate/type/TrueFalseConverter.java,8.0,4.0,0.0,3.0,10.0,3.0,0.0,54.0,A,A
hibernate-core/src/main/java/org/hibernate/dialect/function/TruncFunction.java,26.0,22.0,0.0,0.0,0.0,0.0,0.0,230.0,A,A
hibernate-core/src/main/java/org/hibernate/boot/model/TruthValue.java,5.0,2.0,0.0,0.0,0.0,0.0,0.0,38.0,A,A
hibernate-core/src/main/java/org/hibernate/sql/results/internal/TupleElementImpl.java,3.0,0.0,0.0,0.0,0.0,0.0,0.0,36.0,A,A
hibernate-core/src/main/java/org/hibernate/sql/results/internal/TupleImpl.java,19.0,10.0,0.0,1.0,5.0,1.0,0.0,122.0,A,A
hibernate-core/src/main/java/org/hibernate/metamodel/model/domain/internal/TupleMappingModelExpressible.java,20.0,21.0,0.0,0.0,0.0,0.0,0.0,144.0,A,A
hibernate-core/src/main/java/org/hibernate/sql/results/internal/TupleMetadata.java,9.0,7.0,0.0,0.0,0.0,0.0,0.0,66.0,A,A
hibernate-core/src/main/java/org/hibernate/sql/results/graph/tuple/TupleResult.java,7.0,0.0,0.0,0.0,0.0,0.0,0.0,79.0,A,A
hibernate-core/src/main/java/org/hibernate/sql/results/graph/tuple/TupleResultAssembler.java,7.0,4.0,0.0,0.0,0.0,0.0,0.0,67.0,A,A
hibernate-core/src/main/java/org/hibernate/query/TupleTransformer.java,0.0,0.0,0.0,0.0,0.0,0.0,0.0,49.0,A,A
hibernate-core/src/main/java/org/hibernate/metamodel/model/domain/TupleType.java,0.0,0.0,0.0,0.0,0.0,0.0,0.0,31.0,A,A
hibernate-core/src/main/java/org/hibernate/tuple/Tuplizer.java,0.0,0.0,0.0,2.0,10.0,2.0,0.0,68.0,A,A
hibernate-envers/src/main/java/org/hibernate/envers/internal/entities/mapper/relation/query/TwoEntityOneAuditedQueryGenerator.java,5.0,1.0,0.0,0.0,0.0,0.0,0.0,142.0,A,A
hibernate-envers/src/main/java/org/hibernate/envers/internal/entities/mapper/relation/query/TwoEntityQueryGenerator.java,5.0,1.0,0.0,0.0,0.0,0.0,0.0,197.0,A,A
hibernate-core/src/main/java/org/hibernate/engine/internal/TwoPhaseLoad.java,2.0,0.0,0.0,0.0,0.0,0.0,0.0,55.0,A,A
hibernate-core/src/main/java/org/hibernate/annotations/Type.java,0.0,0.0,0.0,0.0,0.0,0.0,0.0,75.0,A,A
hibernate-core/src/main/java/org/hibernate/type/Type.java,1.0,0.0,0.0,0.0,0.0,0.0,0.0,488.0,A,A
hibernate-core/src/main/java/org/hibernate/boot/model/TypeBeanInstanceProducer.java,6.0,10.0,0.0,1.0,0.0,1.0,0.0,71.0,A,A
hibernate-core/src/main/java/org/hibernate/binder/TypeBinder.java,0.0,0.0,0.0,0.0,0.0,0.0,0.0,49.0,A,A
hibernate-core/src/main/java/org/hibernate/annotations/TypeBinderType.java,0.0,0.0,0.0,0.0,0.0,0.0,0.0,39.0,A,A
hibernate-core/src/main/java/org/hibernate/type/spi/TypeBootstrapContext.java,0.0,0.0,0.0,0.0,0.0,0.0,0.0,26.0,A,A
hibernate-core/src/main/java/org/hibernate/query/sqm/internal/TypecheckUtil.java,116.0,128.0,0.0,16.0,133.0,16.0,0.0,546.0,A,A
hibernate-core/src/main/java/org/hibernate/type/spi/TypeConfiguration.java,153.0,71.0,2.0,11.0,65.0,13.0,0.0,851.0,C,A
hibernate-core/src/main/java/org/hibernate/type/spi/TypeConfigurationAware.java,0.0,0.0,0.0,0.0,0.0,0.0,0.0,27.0,A,A
hibernate-core/src/main/java/org/hibernate/boot/jaxb/hbm/spi/TypeContainer.java,0.0,0.0,0.0,0.0,0.0,0.0,0.0,16.0,A,A
hibernate-core/src/main/java/org/hibernate/boot/model/TypeContributions.java,12.0,0.0,0.0,3.0,30.0,3.0,0.0,116.0,A,A
hibernate-core/src/main/java/org/hibernate/boot/model/TypeContributor.java,0.0,0.0,0.0,0.0,0.0,0.0,0.0,45.0,A,A
hibernate-envers/src/main/java/org/hibernate/envers/boot/internal/TypeContributorImpl.java,2.0,1.0,0.0,0.0,0.0,0.0,0.0,34.0,A,A
hibernate-core/src/main/java/org/hibernate/jpa/boot/spi/TypeContributorList.java,0.0,0.0,0.0,1.0,10.0,1.0,0.0,28.0,A,A
hibernate-core/src/main/java/org/hibernate/mapping/TypeDef.java,3.0,0.0,0.0,1.0,10.0,1.0,0.0,37.0,A,A
hibernate-core/src/main/java/org/hibernate/boot/model/TypeDefinition.java,55.0,38.0,0.0,14.0,23.0,14.0,0.0,367.0,A,A
hibernate-core/src/main/java/org/hibernate/boot/model/source/internal/hbm/TypeDefinitionBinder.java,2.0,1.0,0.0,1.0,5.0,1.0,0.0,51.0,A,A
hibernate-core/src/main/java/org/hibernate/boot/model/TypeDefinitionRegistry.java,0.0,0.0,0.0,0.0,0.0,0.0,0.0,33.0,A,A
hibernate-core/src/main/java/org/hibernate/boot/model/TypeDefinitionRegistryStandardImpl.java,21.0,20.0,0.0,0.0,0.0,0.0,0.0,121.0,A,A
hibernate-core/src/main/java/org/hibernate/query/TypedParameterValue.java,6.0,1.0,0.0,0.0,0.0,0.0,0.0,85.0,A,A
hibernate-core/src/main/java/org/hibernate/query/TypedTupleTransformer.java,0.0,0.0,0.0,0.0,0.0,0.0,0.0,23.0,A,A
hibernate-core/src/main/java/org/hibernate/engine/spi/TypedValue.java,15.0,7.0,0.0,1.0,30.0,1.0,0.0,74.0,A,A
hibernate-core/src/main/java/org/hibernate/type/TypeHelper.java,31.0,44.0,0.0,1.0,8.0,1.0,0.0,243.0,A,A
hibernate-core/src/main/java/org/hibernate/engine/jdbc/spi/TypeInfo.java,19.0,6.0,0.0,4.0,70.0,4.0,0.0,183.0,A,A
hibernate-core/src/main/java/org/hibernate/TypeMismatchException.java,1.0,0.0,0.0,0.0,0.0,0.0,0.0,24.0,A,A
hibernate-core/src/main/java/org/hibernate/engine/jdbc/spi/TypeNullability.java,4.0,1.0,0.0,0.0,0.0,0.0,0.0,58.0,A,A
hibernate-core/src/main/java/org/hibernate/annotations/TypeRegistration.java,0.0,0.0,0.0,0.0,0.0,0.0,0.0,50.0,A,A
hibernate-core/src/main/java/org/hibernate/annotations/TypeRegistrations.java,0.0,0.0,0.0,0.0,0.0,0.0,0.0,29.0,A,A
tooling/metamodel-generator/src/main/java/org/hibernate/jpamodelgen/util/TypeRenderingVisitor.java,35.0,22.0,0.0,1.0,5.0,1.0,0.0,189.0,A,A
hibernate-core/src/main/java/org/hibernate/boot/beanvalidation/TypeSafeActivator.java,83.0,131.0,0.0,4.0,37.0,4.0,0.0,555.0,A,A
hibernate-core/src/main/java/org/hibernate/engine/jdbc/spi/TypeSearchability.java,5.0,1.0,0.0,0.0,0.0,0.0,0.0,66.0,A,A
hibernate-envers/src/main/java/org/hibernate/envers/boot/model/TypeSpecification.java,8.0,2.0,0.0,1.0,30.0,1.0,0.0,70.0,A,A
tooling/metamodel-generator/src/main/java/org/hibernate/jpamodelgen/util/TypeUtils.java,94.0,107.0,0.0,14.0,62.0,14.0,0.0,524.0,A,A
hibernate-core/src/main/java/org/hibernate/query/sqm/UnaryArithmeticOperator.java,2.0,0.0,0.0,0.0,0.0,0.0,0.0,26.0,A,A
hibernate-core/src/main/java/org/hibernate/sql/ast/tree/expression/UnaryOperation.java,7.0,0.0,0.0,0.0,0.0,0.0,0.0,88.0,A,A
hibernate-testing/src/main/java/org/hibernate/testing/orm/UnclosedFixtureResourcesLogging.java,0.0,0.0,0.0,1.0,5.0,1.0,0.0,14.0,A,A
hibernate-core/src/main/java/org/hibernate/sql/results/graph/UnfetchedBasicPartResultAssembler.java,3.0,0.0,0.0,0.0,0.0,0.0,0.0,31.0,A,A
hibernate-core/src/main/java/org/hibernate/sql/results/graph/collection/internal/UnfetchedCollectionAssembler.java,3.0,0.0,0.0,0.0,0.0,0.0,0.0,34.0,A,A
hibernate-core/src/main/java/org/hibernate/sql/results/graph/UnfetchedResultAssembler.java,3.0,0.0,0.0,0.0,0.0,0.0,0.0,36.0,A,A
hibernate-core/src/main/java/org/hibernate/mapping/UnionSubclass.java,7.0,0.0,0.0,0.0,0.0,0.0,0.0,53.0,A,A
hibernate-core/src/main/java/org/hibernate/persister/entity/UnionSubclassEntityPersister.java,117.0,112.0,0.0,15.0,119.0,15.0,0.0,699.0,A,A
hibernate-envers/src/main/java/org/hibernate/envers/boot/model/UnionSubclassPersistentEntity.java,10.0,6.0,0.0,1.0,5.0,1.0,0.0,85.0,A,A
hibernate-core/src/main/java/org/hibernate/sql/ast/tree/from/UnionTableGroup.java,6.0,1.0,0.0,1.0,5.0,1.0,0.0,57.0,A,A
hibernate-core/src/main/java/org/hibernate/sql/ast/tree/from/UnionTableReference.java,14.0,9.0,0.0,2.0,25.0,2.0,0.0,94.0,A,A
hibernate-core/src/main/java/org/hibernate/tool/schema/UniqueConstraintSchemaUpdateStrategy.java,5.0,4.0,0.0,1.0,5.0,1.0,0.0,76.0,A,A
hibernate-core/src/main/java/org/hibernate/dialect/unique/UniqueDelegate.java,0.0,0.0,0.0,0.0,0.0,0.0,0.0,107.0,A,A
hibernate-core/src/main/java/org/hibernate/mapping/UniqueKey.java,14.0,5.0,0.0,3.0,20.0,3.0,0.0,85.0,A,A
hibernate-core/src/main/java/org/hibernate/persister/entity/UniqueKeyEntry.java,4.0,0.0,0.0,0.0,0.0,0.0,0.0,41.0,A,A
hibernate-core/src/main/java/org/hibernate/persister/entity/UniqueKeyLoadable.java,0.0,0.0,0.0,1.0,10.0,1.0,0.0,33.0,A,A
hibernate-core/src/main/java/org/hibernate/id/insert/UniqueKeySelectingDelegate.java,7.0,2.0,0.0,2.0,15.0,2.0,0.0,77.0,A,A
hibernate-core/src/main/java/org/hibernate/cache/spi/access/UnknownAccessTypeException.java,1.0,0.0,0.0,0.0,0.0,0.0,0.0,30.0,A,A
hibernate-core/src/main/java/org/hibernate/type/descriptor/java/spi/UnknownBasicJavaType.java,11.0,2.0,0.0,0.0,0.0,0.0,0.0,80.0,A,A
hibernate-core/src/main/java/org/hibernate/query/sqm/UnknownEntityException.java,4.0,0.0,0.0,0.0,0.0,0.0,0.0,46.0,A,A
hibernate-core/src/main/java/org/hibernate/UnknownEntityTypeException.java,2.0,0.0,0.0,0.0,0.0,0.0,0.0,27.0,A,A
hibernate-core/src/main/java/org/hibernate/UnknownFilterException.java,2.0,0.0,0.0,0.0,0.0,0.0,0.0,39.0,A,A
hibernate-core/src/main/java/org/hibernate/query/UnknownNamedQueryException.java,1.0,0.0,0.0,0.0,0.0,0.0,0.0,28.0,A,A
hibernate-core/src/main/java/org/hibernate/query/UnknownParameterException.java,1.0,0.0,0.0,0.0,0.0,0.0,0.0,27.0,A,A
hibernate-core/src/main/java/org/hibernate/engine/jdbc/mutation/group/UnknownParameterException.java,2.0,0.0,0.0,0.0,0.0,0.0,0.0,66.0,A,A
hibernate-core/src/main/java/org/hibernate/query/sqm/UnknownPathException.java,3.0,0.0,0.0,0.0,0.0,0.0,0.0,52.0,A,A
hibernate-core/src/main/java/org/hibernate/persister/spi/UnknownPersisterException.java,2.0,0.0,0.0,0.0,0.0,0.0,0.0,25.0,A,A
hibernate-core/src/main/java/org/hibernate/UnknownProfileException.java,2.0,0.0,0.0,0.0,0.0,0.0,0.0,39.0,A,A
hibernate-core/src/main/java/org/hibernate/service/UnknownServiceException.java,2.0,0.0,0.0,1.0,5.0,1.0,0.0,27.0,A,A
hibernate-core/src/main/java/org/hibernate/query/UnknownSqlResultSetMappingException.java,2.0,0.0,0.0,0.0,0.0,0.0,0.0,35.0,A,A
hibernate-core/src/main/java/org/hibernate/sql/ast/tree/from/UnknownTableReferenceException.java,2.0,0.0,0.0,0.0,0.0,0.0,0.0,31.0,A,A
hibernate-core/src/main/java/org/hibernate/service/UnknownUnwrapTypeException.java,2.0,0.0,0.0,0.0,0.0,0.0,0.0,24.0,A,A
hibernate-core/src/main/java/org/hibernate/bytecode/enhance/spi/UnloadedClass.java,0.0,0.0,0.0,0.0,0.0,0.0,0.0,17.0,A,A
hibernate-core/src/main/java/org/hibernate/bytecode/enhance/spi/UnloadedField.java,0.0,0.0,0.0,0.0,0.0,0.0,0.0,15.0,A,A
hibernate-core/src/main/java/org/hibernate/bytecode/enhance/internal/bytebuddy/UnloadedTypeDescription.java,3.0,0.0,0.0,0.0,0.0,0.0,0.0,33.0,A,A
hibernate-core/src/main/java/org/hibernate/sql/ast/tree/expression/UnparsedNumericLiteral.java,9.0,0.0,0.0,0.0,0.0,0.0,0.0,111.0,A,A
hibernate-core/src/main/java/org/hibernate/UnresolvableObjectException.java,7.0,1.0,0.0,0.0,0.0,0.0,0.0,67.0,A,A
hibernate-core/src/main/java/org/hibernate/action/internal/UnresolvedEntityInsertActions.java,33.0,39.0,0.0,1.0,12.0,1.0,0.0,316.0,A,A
hibernate-core/src/main/java/org/hibernate/engine/internal/UnsavedValueFactory.java,18.0,22.0,0.0,0.0,0.0,0.0,0.0,125.0,A,A
hibernate-core/src/main/java/org/hibernate/engine/spi/UnsavedValueStrategy.java,0.0,0.0,0.0,0.0,0.0,0.0,0.0,37.0,A,A
hibernate-core/src/main/java/org/hibernate/cache/spi/entry/UnstructuredCacheEntry.java,3.0,0.0,0.0,1.0,0.0,1.0,0.0,36.0,A,A
hibernate-core/src/main/java/org/hibernate/boot/jaxb/hbm/transform/UnsupportedFeatureHandling.java,10.0,9.0,0.0,2.0,4.0,2.0,0.0,65.0,A,A
hibernate-core/src/main/java/org/hibernate/UnsupportedLockAttemptException.java,3.0,0.0,0.0,0.0,0.0,0.0,0.0,27.0,A,A
hibernate-core/src/main/java/org/hibernate/metamodel/UnsupportedMappingException.java,1.0,0.0,0.0,0.0,0.0,0.0,0.0,21.0,A,A
hibernate-core/src/main/java/org/hibernate/boot/UnsupportedOrmXsdVersionException.java,2.0,0.0,0.0,0.0,0.0,0.0,0.0,28.0,A,A
hibernate-core/src/main/java/org/hibernate/sql/Update.java,30.0,13.0,0.0,0.0,0.0,0.0,0.0,169.0,A,A
hibernate-envers/src/main/java/org/hibernate/envers/internal/tools/query/UpdateBuilder.java,11.0,5.0,0.0,0.0,0.0,0.0,0.0,84.0,A,A
hibernate-core/src/main/java/org/hibernate/persister/entity/mutation/UpdateCoordinator.java,1.0,0.0,0.0,1.0,20.0,1.0,0.0,50.0,A,A
hibernate-core/src/main/java/org/hibernate/persister/entity/mutation/UpdateCoordinatorNoOp.java,4.0,0.0,0.0,0.0,0.0,0.0,0.0,40.0,A,A
hibernate-core/src/main/java/org/hibernate/persister/entity/mutation/UpdateCoordinatorStandard.java,276.0,255.0,0.0,27.0,195.0,27.0,0.0,1697.0,A,A
hibernate-core/src/main/java/org/hibernate/result/UpdateCountOutput.java,0.0,0.0,0.0,0.0,0.0,0.0,0.0,22.0,A,A
hibernate-core/src/main/java/org/hibernate/result/internal/UpdateCountOutputImpl.java,3.0,0.0,0.0,0.0,0.0,0.0,0.0,33.0,A,A
hibernate-core/src/main/java/org/hibernate/query/sqm/mutation/internal/temptable/UpdateExecutionDelegate.java,53.0,28.0,0.0,2.0,22.0,2.0,0.0,535.0,A,A
hibernate-core/src/main/java/org/hibernate/query/sqm/mutation/internal/UpdateHandler.java,0.0,0.0,0.0,0.0,0.0,0.0,0.0,14.0,A,A
hibernate-core/src/main/java/org/hibernate/dialect/lock/UpdateLockingStrategy.java,11.0,10.0,0.0,1.0,0.0,1.0,0.0,141.0,A,A
hibernate-core/src/main/java/org/hibernate/persister/collection/mutation/UpdateRowsCoordinator.java,0.0,0.0,0.0,0.0,0.0,0.0,0.0,18.0,A,A
hibernate-core/src/main/java/org/hibernate/persister/collection/mutation/UpdateRowsCoordinatorNoOp.java,4.0,0.0,0.0,0.0,0.0,0.0,0.0,38.0,A,A
hibernate-core/src/main/java/org/hibernate/persister/collection/mutation/UpdateRowsCoordinatorOneToMany.java,18.0,12.0,0.0,0.0,0.0,0.0,0.0,169.0,A,A
hibernate-core/src/main/java/org/hibernate/persister/collection/mutation/UpdateRowsCoordinatorStandard.java,15.0,22.0,0.0,1.0,5.0,1.0,0.0,161.0,A,A
hibernate-core/src/main/java/org/hibernate/persister/collection/mutation/UpdateRowsCoordinatorTablePerSubclass.java,27.0,24.0,0.0,2.0,10.0,2.0,0.0,248.0,A,A
hibernate-core/src/main/java/org/hibernate/sql/ast/tree/update/UpdateStatement.java,15.0,3.0,0.0,1.0,5.0,1.0,0.0,128.0,A,A
hibernate-core/src/main/java/org/hibernate/annotations/UpdateTimestamp.java,0.0,0.0,0.0,0.0,0.0,0.0,0.0,41.0,A,A
hibernate-core/src/main/java/org/hibernate/tuple/UpdateTimestampGeneration.java,7.0,1.0,0.0,1.0,10.0,1.0,0.0,60.0,A,A
hibernate-core/src/main/java/org/hibernate/persister/entity/mutation/UpdateValuesAnalysis.java,0.0,0.0,0.0,0.0,0.0,0.0,0.0,50.0,A,A
hibernate-core/src/main/java/org/hibernate/sql/model/jdbc/UpsertOperation.java,2.0,0.0,0.0,0.0,0.0,0.0,0.0,38.0,A,A
hibernate-core/src/main/java/org/hibernate/boot/archive/internal/UrlInputStreamAccess.java,3.0,1.0,0.0,0.0,0.0,0.0,0.0,41.0,A,A
hibernate-core/src/main/java/org/hibernate/type/descriptor/java/UrlJavaType.java,12.0,7.0,0.0,1.0,15.0,1.0,0.0,76.0,A,A
hibernate-core/src/main/java/org/hibernate/internal/log/UrlMessageBundle.java,0.0,0.0,0.0,1.0,0.0,1.0,0.0,98.0,A,A
hibernate-core/src/main/java/org/hibernate/boot/jaxb/internal/UrlXmlSource.java,2.0,2.0,0.0,0.0,0.0,0.0,0.0,48.0,A,A
hibernate-core/src/main/java/org/hibernate/usertype/UserCollectionType.java,0.0,0.0,0.0,2.0,25.0,2.0,0.0,88.0,A,A
hibernate-core/src/main/java/org/hibernate/type/UserComponentType.java,19.0,6.0,0.0,0.0,0.0,0.0,0.0,97.0,A,A
hibernate-core/src/main/java/org/hibernate/mapping/UserDefinedType.java,70.0,36.0,0.0,0.0,0.0,0.0,0.0,282.0,A,A
hibernate-testing/src/main/java/org/hibernate/testing/orm/domain/userguide/UserguideDomainModel.java,1.0,0.0,0.0,0.0,0.0,0.0,0.0,41.0,A,A
hibernate-core/src/main/java/org/hibernate/engine/jdbc/connections/internal/UserSuppliedConnectionProviderImpl.java,8.0,4.0,0.0,0.0,0.0,0.0,0.0,57.0,A,A
hibernate-core/src/main/java/org/hibernate/usertype/UserType.java,6.0,0.0,0.0,1.0,10.0,1.0,0.0,446.0,A,A
hibernate-core/src/main/java/org/hibernate/type/internal/UserTypeJavaTypeWrapper.java,43.0,29.0,0.0,1.0,5.0,1.0,0.0,220.0,A,A
hibernate-core/src/main/java/org/hibernate/usertype/UserTypeLegacyBridge.java,8.0,2.0,0.0,0.0,0.0,0.0,0.0,74.0,A,A
hibernate-core/src/main/java/org/hibernate/boot/model/process/internal/UserTypeMutabilityPlanAdapter.java,5.0,0.0,0.0,0.0,0.0,0.0,0.0,45.0,A,A
hibernate-core/src/main/java/org/hibernate/boot/model/process/internal/UserTypeResolution.java,10.0,1.0,0.0,0.0,0.0,0.0,0.0,87.0,A,A
hibernate-core/src/main/java/org/hibernate/type/internal/UserTypeSqlTypeAdapter.java,28.0,15.0,0.0,3.0,15.0,3.0,0.0,191.0,A,A
hibernate-core/src/main/java/org/hibernate/usertype/UserTypeSupport.java,4.0,0.0,0.0,0.0,0.0,0.0,0.0,54.0,A,A
hibernate-core/src/main/java/org/hibernate/type/internal/UserTypeVersionJavaTypeWrapper.java,3.0,0.0,0.0,0.0,0.0,0.0,0.0,41.0,A,A
hibernate-core/src/main/java/org/hibernate/usertype/UserVersionType.java,0.0,0.0,0.0,0.0,0.0,0.0,0.0,38.0,A,A
hibernate-core/src/main/java/org/hibernate/procedure/internal/Util.java,13.0,17.0,0.0,0.0,0.0,0.0,0.0,97.0,A,A
local-build-plugins/src/main/java/org/hibernate/orm/properties/Utils.java,5.0,0.0,0.0,3.0,30.0,3.0,0.0,43.0,A,A
hibernate-core/src/main/java/org/hibernate/id/UUIDGenerationStrategy.java,0.0,0.0,0.0,1.0,10.0,1.0,0.0,50.0,A,A
hibernate-core/src/main/java/org/hibernate/id/factory/internal/UUIDGenerationTypeStrategy.java,1.0,0.0,0.0,1.0,0.0,1.0,0.0,36.0,A,A
hibernate-core/src/main/java/org/hibernate/annotations/UuidGenerator.java,0.0,0.0,0.0,0.0,0.0,0.0,0.0,62.0,A,A
hibernate-core/src/main/java/org/hibernate/id/UUIDGenerator.java,8.0,14.0,0.0,3.0,30.0,3.0,0.0,102.0,A,A
hibernate-core/src/main/java/org/hibernate/id/uuid/UuidGenerator.java,9.0,6.0,0.0,0.0,0.0,0.0,0.0,93.0,A,A
hibernate-core/src/main/java/org/hibernate/boot/jaxb/mapping/marshall/UuidGeneratorStyleMarshalling.java,4.0,2.0,0.0,1.0,5.0,1.0,0.0,25.0,A,A
hibernate-core/src/main/java/org/hibernate/id/UUIDHexGenerator.java,6.0,1.0,0.0,3.0,32.0,3.0,0.0,83.0,A,A
hibernate-core/src/main/java/org/hibernate/type/descriptor/java/UUIDJavaType.java,25.0,10.0,0.0,4.0,0.0,4.0,0.0,162.0,A,A
hibernate-core/src/main/java/org/hibernate/type/descriptor/jdbc/UUIDJdbcType.java,12.0,0.0,0.0,1.0,0.0,1.0,0.0,96.0,A,A
tooling/metamodel-generator/src/main/java/org/hibernate/jpamodelgen/validation/Validation.java,13.0,12.0,0.0,2.0,5.0,2.0,0.0,139.0,A,A
hibernate-core/src/main/java/org/hibernate/boot/beanvalidation/ValidationMode.java,14.0,15.0,0.0,0.0,0.0,0.0,0.0,75.0,A,A
hibernate-core/src/main/java/org/hibernate/cfg/ValidationSettings.java,0.0,0.0,0.0,6.0,60.0,6.0,0.0,112.0,A,A
hibernate-envers/src/main/java/org/hibernate/envers/strategy/ValidityAuditStrategy.java,0.0,0.0,0.0,2.0,15.0,2.0,0.0,36.0,A,A
hibernate-envers/src/main/java/org/hibernate/envers/strategy/internal/ValidityAuditStrategy.java,78.0,71.0,0.0,9.0,52.0,9.0,0.0,759.0,A,A
hibernate-core/src/main/java/org/hibernate/mapping/Value.java,20.0,22.0,0.0,0.0,0.0,0.0,0.0,206.0,A,A
hibernate-core/src/main/java/org/hibernate/metamodel/spi/ValueAccess.java,2.0,0.0,0.0,0.0,0.0,0.0,0.0,43.0,A,A
hibernate-core/src/main/java/org/hibernate/type/descriptor/ValueBinder.java,0.0,0.0,0.0,0.0,0.0,0.0,0.0,41.0,A,A
hibernate-core/src/main/java/org/hibernate/query/sqm/tree/expression/ValueBindJpaCriteriaParameter.java,12.0,3.0,0.0,1.0,5.0,1.0,0.0,71.0,A,A
hibernate-core/src/main/java/org/hibernate/metamodel/ValueClassification.java,0.0,0.0,0.0,0.0,0.0,0.0,0.0,36.0,A,A
hibernate-core/src/main/java/org/hibernate/metamodel/internal/ValueContext.java,0.0,0.0,0.0,0.0,0.0,0.0,0.0,24.0,A,A
hibernate-core/src/main/java/org/hibernate/metamodel/mapping/ValuedModelPart.java,15.0,8.0,0.0,0.0,0.0,0.0,0.0,80.0,A,A
hibernate-core/src/main/java/org/hibernate/type/descriptor/ValueExtractor.java,0.0,0.0,0.0,0.0,0.0,0.0,0.0,46.0,A,A
hibernate-core/src/main/java/org/hibernate/tuple/ValueGeneration.java,10.0,3.0,0.0,1.0,10.0,1.0,0.0,168.0,A,A
hibernate-core/src/main/java/org/hibernate/annotations/ValueGenerationType.java,0.0,0.0,0.0,0.0,0.0,0.0,0.0,97.0,A,A
hibernate-core/src/main/java/org/hibernate/tuple/ValueGenerator.java,1.0,0.0,0.0,1.0,10.0,1.0,0.0,44.0,A,A
hibernate-core/src/main/java/org/hibernate/query/criteria/ValueHandlingMode.java,6.0,8.0,0.0,0.0,0.0,0.0,0.0,54.0,A,A
hibernate-core/src/main/java/org/hibernate/internal/util/ValueHolder.java,5.0,1.0,0.0,3.0,15.0,3.0,0.0,67.0,A,A
hibernate-core/src/main/java/org/hibernate/engine/spi/ValueInclusion.java,0.0,0.0,0.0,0.0,0.0,0.0,0.0,24.0,A,A
hibernate-core/src/main/java/org/hibernate/metamodel/mapping/ValueMapping.java,3.0,1.0,0.0,0.0,0.0,0.0,0.0,59.0,A,A
hibernate-envers/src/main/java/org/hibernate/envers/configuration/internal/metadata/ValueMetadataGenerator.java,31.0,24.0,0.0,3.0,45.0,3.0,0.0,286.0,A,A
hibernate-core/src/main/java/org/hibernate/sql/ast/tree/insert/Values.java,3.0,0.0,0.0,0.0,0.0,0.0,0.0,29.0,A,A
hibernate-core/src/main/java/org/hibernate/sql/model/ValuesAnalysis.java,0.0,0.0,0.0,0.0,0.0,0.0,0.0,21.0,A,A
hibernate-core/src/main/java/org/hibernate/sql/ast/tree/from/ValuesTableGroup.java,10.0,7.0,0.0,1.0,5.0,1.0,0.0,87.0,A,A
hibernate-core/src/main/java/org/hibernate/sql/ast/tree/from/ValuesTableReference.java,5.0,0.0,0.0,2.0,25.0,2.0,0.0,52.0,A,A
hibernate-core/src/main/java/org/hibernate/mapping/ValueVisitor.java,1.0,0.0,0.0,0.0,0.0,0.0,0.0,48.0,A,A
hibernate-core/src/main/java/org/hibernate/type/descriptor/jdbc/VarbinaryJdbcType.java,21.0,4.0,0.0,0.0,0.0,0.0,0.0,130.0,A,A
hibernate-core/src/main/java/org/hibernate/type/descriptor/jdbc/VarcharJdbcType.java,26.0,13.0,0.0,2.0,10.0,2.0,0.0,133.0,A,A
hibernate-core/src/main/java/org/hibernate/dialect/VarcharUUIDJdbcType.java,12.0,0.0,0.0,1.0,0.0,1.0,0.0,99.0,A,A
hibernate-vector/src/main/java/org/hibernate/vector/VectorArgumentTypeResolver.java,5.0,10.0,0.0,0.0,0.0,0.0,0.0,52.0,A,A
hibernate-vector/src/main/java/org/hibernate/vector/VectorArgumentValidator.java,7.0,5.0,0.0,0.0,0.0,0.0,0.0,53.0,A,A
hibernate-vector/src/main/java/org/hibernate/vector/VectorJdbcType.java,13.0,9.0,0.0,3.0,3.0,3.0,0.0,97.0,A,A
hibernate-testing/src/main/java/org/hibernate/testing/orm/domain/retail/Vendor.java,11.0,0.0,0.0,0.0,0.0,0.0,0.0,80.0,A,A
tooling/metamodel-generator/src/main/java/org/hibernate/jpamodelgen/Version.java,4.0,3.0,0.0,1.0,10.0,1.0,0.0,34.0,A,A
hibernate-core/src/main/java/org/hibernate/Version.java,6.0,1.0,0.0,2.0,20.0,2.0,0.0,58.0,A,A
hibernate-core/src/main/java/org/hibernate/boot/model/source/spi/VersionAttributeSource.java,0.0,0.0,0.0,0.0,0.0,0.0,0.0,19.0,A,A
hibernate-core/src/main/java/org/hibernate/boot/model/source/internal/hbm/VersionAttributeSourceImpl.java,33.0,2.0,0.0,0.0,0.0,0.0,0.0,218.0,A,A
hibernate-testing/src/main/java/org/hibernate/testing/orm/domain/gambit/VersionedEntity.java,12.0,4.0,0.0,0.0,0.0,0.0,0.0,72.0,A,A
hibernate-core/src/main/java/org/hibernate/generator/internal/VersionGeneration.java,4.0,1.0,0.0,0.0,0.0,0.0,0.0,54.0,A,A
hibernate-core/src/main/java/org/hibernate/engine/internal/Versioning.java,21.0,16.0,0.0,2.0,10.0,2.0,0.0,233.0,A,A
hibernate-core/src/main/java/org/hibernate/type/descriptor/java/VersionJavaType.java,0.0,0.0,0.0,0.0,0.0,0.0,0.0,41.0,A,A
hibernate-core/src/main/java/org/hibernate/bytecode/enhance/VersionMismatchException.java,4.0,0.0,0.0,0.0,0.0,0.0,0.0,57.0,A,A
hibernate-core/src/main/java/org/hibernate/tuple/entity/VersionProperty.java,1.0,0.0,0.0,1.0,10.0,1.0,0.0,43.0,A,A
hibernate-core/src/main/java/org/hibernate/boot/model/process/internal/VersionResolution.java,18.0,0.0,0.0,3.0,0.0,3.0,0.0,162.0,A,A
hibernate-core/src/main/java/org/hibernate/sql/exec/internal/VersionTypeSeedParameterSpecification.java,2.0,0.0,0.0,0.0,0.0,0.0,0.0,56.0,A,A
hibernate-core/src/main/java/org/hibernate/engine/spi/VersionValue.java,18.0,1.0,0.0,0.0,0.0,0.0,0.0,134.0,A,A
hibernate-envers/src/main/java/org/hibernate/envers/internal/tools/graph/Vertex.java,8.0,0.0,0.0,0.0,0.0,0.0,0.0,59.0,A,A
hibernate-vibur/src/main/java/org/hibernate/vibur/internal/ViburDBCPConnectionProvider.java,20.0,13.0,0.0,0.0,0.0,0.0,0.0,147.0,A,A
hibernate-core/src/main/java/org/hibernate/annotations/View.java,0.0,0.0,0.0,0.0,0.0,0.0,0.0,76.0,A,A
hibernate-core/src/main/java/org/hibernate/exception/spi/ViolatedConstraintNameExtractor.java,0.0,0.0,0.0,0.0,0.0,0.0,0.0,30.0,A,A
hibernate-core/src/main/java/org/hibernate/metamodel/mapping/internal/VirtualEmbeddedAttributeMapping.java,3.0,0.0,0.0,0.0,0.0,0.0,0.0,103.0,A,A
hibernate-envers/src/main/java/org/hibernate/envers/internal/entities/mapper/id/VirtualEntitySingleIdMapper.java,26.0,27.0,0.0,0.0,0.0,0.0,0.0,188.0,A,A
hibernate-core/src/main/java/org/hibernate/metamodel/mapping/internal/VirtualIdEmbeddable.java,30.0,16.0,0.0,2.0,13.0,2.0,0.0,270.0,A,A
hibernate-core/src/main/java/org/hibernate/metamodel/mapping/internal/VirtualIdRepresentationStrategy.java,15.0,6.0,0.0,0.0,0.0,0.0,0.0,112.0,A,A
hibernate-core/src/main/java/org/hibernate/metamodel/mapping/VirtualModelPart.java,1.0,0.0,0.0,0.0,0.0,0.0,0.0,23.0,A,A
hibernate-core/src/main/java/org/hibernate/sql/ast/tree/from/VirtualTableGroup.java,1.0,0.0,0.0,0.0,0.0,0.0,0.0,23.0,A,A
hibernate-core/src/main/java/org/hibernate/tuple/VmValueGeneration.java,3.0,1.0,0.0,1.0,10.0,1.0,0.0,57.0,A,A
hibernate-core/src/main/java/org/hibernate/engine/transaction/jta/platform/internal/WeblogicJtaPlatform.java,2.0,0.0,0.0,0.0,0.0,0.0,0.0,32.0,A,A
hibernate-core/src/main/java/org/hibernate/engine/transaction/jta/platform/internal/WebSphereExtendedJtaPlatform.java,34.0,15.0,0.0,3.0,12.0,3.0,0.0,243.0,A,A
hibernate-core/src/main/java/org/hibernate/engine/transaction/jta/platform/internal/WebSphereJtaPlatform.java,10.0,5.0,0.0,4.0,17.0,4.0,0.0,108.0,A,A
hibernate-core/src/main/java/org/hibernate/engine/transaction/jta/platform/internal/WebSphereLibertyJtaPlatform.java,6.0,3.0,0.0,3.0,42.0,3.0,0.0,83.0,A,A
hibernate-core/src/main/java/org/hibernate/annotations/Where.java,0.0,0.0,0.0,1.0,10.0,1.0,0.0,79.0,A,A
hibernate-core/src/main/java/org/hibernate/annotations/WhereJoinTable.java,0.0,0.0,0.0,1.0,10.0,1.0,0.0,46.0,A,A
hibernate-core/src/main/java/org/hibernate/metamodel/mapping/WhereRestrictable.java,0.0,0.0,0.0,0.0,0.0,0.0,0.0,37.0,A,A
hibernate-core/src/main/java/org/hibernate/engine/transaction/jta/platform/internal/WildFlyStandAloneJtaPlatform.java,2.0,2.0,0.0,2.0,10.0,2.0,0.0,58.0,A,A
hibernate-core/src/main/java/org/hibernate/sql/ast/tree/expression/WindowFunctionExpression.java,0.0,0.0,0.0,0.0,0.0,0.0,0.0,24.0,A,A
hibernate-testing/src/main/java/org/hibernate/testing/orm/domain/userguide/WireTransferPayment.java,0.0,0.0,0.0,0.0,0.0,0.0,0.0,19.0,A,A
hibernate-core/src/main/java/org/hibernate/jdbc/Work.java,0.0,0.0,0.0,0.0,0.0,0.0,0.0,32.0,A,A
hibernate-core/src/main/java/org/hibernate/jdbc/WorkExecutor.java,2.0,0.0,0.0,0.0,0.0,0.0,0.0,61.0,A,A
hibernate-core/src/main/java/org/hibernate/jdbc/WorkExecutorVisitable.java,0.0,0.0,0.0,0.0,0.0,0.0,0.0,37.0,A,A
hibernate-envers/src/main/java/org/hibernate/envers/internal/synchronization/work/WorkUnitMergeDispatcher.java,0.0,0.0,0.0,0.0,0.0,0.0,0.0,25.0,A,A
hibernate-envers/src/main/java/org/hibernate/envers/internal/synchronization/work/WorkUnitMergeVisitor.java,0.0,0.0,0.0,0.0,0.0,0.0,0.0,26.0,A,A
hibernate-core/src/main/java/org/hibernate/service/spi/Wrapped.java,0.0,0.0,0.0,0.0,0.0,0.0,0.0,40.0,A,A
hibernate-core/src/main/java/org/hibernate/engine/jdbc/WrappedBlob.java,0.0,0.0,0.0,0.0,0.0,0.0,0.0,24.0,A,A
hibernate-core/src/main/java/org/hibernate/engine/jdbc/WrappedClob.java,0.0,0.0,0.0,0.0,0.0,0.0,0.0,24.0,A,A
hibernate-core/src/main/java/org/hibernate/boot/model/internal/WrappedInferredData.java,9.0,0.0,0.0,1.0,10.0,1.0,0.0,68.0,A,A
hibernate-core/src/main/java/org/hibernate/engine/jdbc/WrappedNClob.java,0.0,0.0,0.0,0.0,0.0,0.0,0.0,25.0,A,A
hibernate-core/src/main/java/org/hibernate/type/WrapperArrayHandling.java,6.0,4.0,0.0,0.0,0.0,0.0,0.0,85.0,A,A
hibernate-core/src/main/java/org/hibernate/type/descriptor/WrapperOptions.java,0.0,0.0,0.0,0.0,0.0,0.0,0.0,89.0,A,A
hibernate-core/src/main/java/org/hibernate/event/internal/WrapVisitor.java,28.0,49.0,0.0,2.0,24.0,2.0,0.0,199.0,A,A
hibernate-core/src/main/java/org/hibernate/WrongClassException.java,4.0,0.0,0.0,0.0,0.0,0.0,0.0,64.0,A,A
hibernate-core/src/main/java/org/hibernate/type/descriptor/jdbc/XmlAsStringJdbcType.java,38.0,35.0,0.0,5.0,14.0,5.0,0.0,246.0,A,A
hibernate-core/src/main/java/org/hibernate/boot/model/internal/XMLContext.java,61.0,56.0,0.0,1.0,8.0,1.0,0.0,351.0,A,A
hibernate-core/src/main/java/org/hibernate/boot/model/source/internal/hbm/XmlElementMetadata.java,4.0,0.0,0.0,0.0,0.0,0.0,0.0,184.0,A,A
hibernate-core/src/main/java/org/hibernate/dialect/XmlHelper.java,147.0,145.0,1.0,27.0,290.0,28.0,0.0,789.0,C,A
hibernate-core/src/main/java/org/hibernate/boot/jaxb/internal/stax/XmlInfrastructureException.java,2.0,0.0,0.0,0.0,0.0,0.0,0.0,25.0,A,A
hibernate-core/src/main/java/org/hibernate/type/descriptor/java/spi/XmlJavaType.java,4.0,0.0,0.0,0.0,0.0,0.0,0.0,44.0,A,A
hibernate-core/src/main/java/org/hibernate/type/descriptor/jdbc/XmlJdbcType.java,22.0,4.0,0.0,0.0,0.0,0.0,0.0,169.0,A,A
hibernate-core/src/main/java/org/hibernate/boot/spi/XmlMappingBinderAccess.java,10.0,3.0,0.0,0.0,0.0,0.0,0.0,132.0,A,A
tooling/metamodel-generator/src/main/java/org/hibernate/jpamodelgen/xml/XmlMetaAttribute.java,9.0,0.0,0.0,0.0,0.0,0.0,0.0,88.0,A,A
tooling/metamodel-generator/src/main/java/org/hibernate/jpamodelgen/xml/XmlMetaCollection.java,2.0,0.0,0.0,0.0,0.0,0.0,0.0,28.0,A,A
tooling/metamodel-generator/src/main/java/org/hibernate/jpamodelgen/xml/XmlMetaEntity.java,111.0,93.0,0.0,7.0,61.0,7.0,0.0,631.0,A,A
tooling/metamodel-generator/src/main/java/org/hibernate/jpamodelgen/xml/XmlMetaMap.java,2.0,0.0,0.0,0.0,0.0,0.0,0.0,40.0,A,A
tooling/metamodel-generator/src/main/java/org/hibernate/jpamodelgen/xml/XmlMetaSingleAttribute.java,2.0,0.0,0.0,0.0,0.0,0.0,0.0,26.0,A,A
tooling/metamodel-generator/src/main/java/org/hibernate/jpamodelgen/util/xml/XmlParserHelper.java,14.0,12.0,0.0,1.0,0.0,1.0,0.0,178.0,A,A
tooling/metamodel-generator/src/main/java/org/hibernate/jpamodelgen/util/xml/XmlParsingException.java,1.0,0.0,0.0,0.0,0.0,0.0,0.0,19.0,A,A
hibernate-core/src/main/java/org/hibernate/boot/jaxb/spi/XmlSource.java,2.0,0.0,0.0,0.0,0.0,0.0,0.0,33.0,A,A
hibernate-core/src/main/java/org/hibernate/boot/jaxb/internal/XmlSources.java,15.0,6.0,0.0,1.0,5.0,1.0,0.0,149.0,A,A
hibernate-core/src/main/java/org/hibernate/boot/jaxb/internal/stax/XMLStreamConstantsUtils.java,13.0,1.0,0.0,1.0,5.0,1.0,0.0,52.0,A,A
hibernate-core/src/main/java/org/hibernate/boot/xsd/XsdDescriptor.java,5.0,0.0,0.0,0.0,0.0,0.0,0.0,45.0,A,A
hibernate-core/src/main/java/org/hibernate/internal/util/xml/XsdException.java,3.0,0.0,0.0,0.0,0.0,0.0,0.0,34.0,A,A
hibernate-core/src/main/java/org/hibernate/type/descriptor/java/YearJavaType.java,17.0,11.0,0.0,0.0,0.0,0.0,0.0,91.0,A,A
hibernate-core/src/main/java/org/hibernate/type/YesNoConverter.java,8.0,4.0,0.0,3.0,10.0,3.0,0.0,55.0,A,A
hibernate-core/src/main/java/org/hibernate/internal/util/ZonedDateTimeComparator.java,1.0,0.0,0.0,0.0,0.0,0.0,0.0,23.0,A,A
hibernate-core/src/main/java/org/hibernate/usertype/internal/ZonedDateTimeCompositeUserType.java,8.0,3.0,0.0,3.0,15.0,3.0,0.0,58.0,A,A
hibernate-core/src/main/java/org/hibernate/type/descriptor/java/ZonedDateTimeJavaType.java,31.0,24.0,0.0,3.0,25.0,3.0,0.0,213.0,A,A
hibernate-core/src/main/java/org/hibernate/type/descriptor/java/ZoneIdJavaType.java,12.0,6.0,0.0,0.0,0.0,0.0,0.0,72.0,A,A
hibernate-core/src/main/java/org/hibernate/type/descriptor/java/ZoneOffsetJavaType.java,14.0,6.0,0.0,1.0,0.0,1.0,0.0,84.0,A,A
hibernate-testing/src/main/java/org/hibernate/testing/orm/domain/animal/Zoo.java,26.0,8.0,0.0,10.0,47.0,10.0,0.0,147.0,A,A
