issue_key,file_path,file,rule,impact_severity,impact_quality,type,message,line,effort,bugs,vulnerabilities,code_smells,violations,complexity,cognitive_complexity,sqale_index,lines,reliability_rating,security_rating,commit_count,unique_authors,churn,days_since_modified,satd_count,satd_text
AZ4INX54UdMD1-xUqsBJ,lib/sqlalchemy/connectors/pyodbc.py,pyodbc.py,python:S3776,HIGH,MAINTAINABILITY,CODE_SMELL,Refactor this function to reduce its Cognitive Complexity from 36 to the 15 allowed.,62,26min,0.0,0.0,1.0,1.0,40.0,52.0,26.0,250.0,A,A,3,2,15,116,1.0,"non-tuples as well as tuples, however it seems to assume ""0"""
AZ4INX28UdMD1-xUqr7f,lib/sqlalchemy/dialects/mssql/base.py,base.py,python:S1845,HIGH,MAINTAINABILITY,CODE_SMELL,"Rename field ""visit_DATETIME"" to prevent any misunderstanding/clash with method ""visit_datetime"" defined on line 1698",1702,10min,0.0,0.0,22.0,22.0,422.0,409.0,162.0,4012.0,A,A,19,8,396,2,4.0,"TODO: Why?  shouldn't we use TOP always ? | TODO: does this comment (from mysql) apply to here, too? | TODO: try to avoid having to run a separate query here | TODO: we support match=<keyword> for foreign keys so"
AZ4INX28UdMD1-xUqr7g,lib/sqlalchemy/dialects/mssql/base.py,base.py,python:S1845,HIGH,MAINTAINABILITY,CODE_SMELL,"Rename method ""visit_TEXT"" to prevent any misunderstanding/clash with method ""visit_text"" defined on line 1724",1739,10min,0.0,0.0,22.0,22.0,422.0,409.0,162.0,4012.0,A,A,19,8,396,2,4.0,"TODO: Why?  shouldn't we use TOP always ? | TODO: does this comment (from mysql) apply to here, too? | TODO: try to avoid having to run a separate query here | TODO: we support match=<keyword> for foreign keys so"
AZ4INX28UdMD1-xUqr7h,lib/sqlalchemy/dialects/mssql/base.py,base.py,python:S1845,HIGH,MAINTAINABILITY,CODE_SMELL,"Rename field ""visit_DATE"" to prevent any misunderstanding/clash with method ""visit_date"" defined on line 1754",1758,10min,0.0,0.0,22.0,22.0,422.0,409.0,162.0,4012.0,A,A,19,8,396,2,4.0,"TODO: Why?  shouldn't we use TOP always ? | TODO: does this comment (from mysql) apply to here, too? | TODO: try to avoid having to run a separate query here | TODO: we support match=<keyword> for foreign keys so"
AZ4INX28UdMD1-xUqr7i,lib/sqlalchemy/dialects/mssql/base.py,base.py,python:S1845,HIGH,MAINTAINABILITY,CODE_SMELL,"Rename method ""visit_time"" to prevent any misunderstanding/clash with method ""visit_TIME"" defined on line 1685",1763,10min,0.0,0.0,22.0,22.0,422.0,409.0,162.0,4012.0,A,A,19,8,396,2,4.0,"TODO: Why?  shouldn't we use TOP always ? | TODO: does this comment (from mysql) apply to here, too? | TODO: try to avoid having to run a separate query here | TODO: we support match=<keyword> for foreign keys so"
AZ4INX28UdMD1-xUqr7l,lib/sqlalchemy/dialects/mssql/base.py,base.py,python:S3776,HIGH,MAINTAINABILITY,CODE_SMELL,Refactor this function to reduce its Cognitive Complexity from 20 to the 15 allowed.,2533,10min,0.0,0.0,22.0,22.0,422.0,409.0,162.0,4012.0,A,A,19,8,396,2,4.0,"TODO: Why?  shouldn't we use TOP always ? | TODO: does this comment (from mysql) apply to here, too? | TODO: try to avoid having to run a separate query here | TODO: we support match=<keyword> for foreign keys so"
AZ4INX28UdMD1-xUqr7Z,lib/sqlalchemy/dialects/mssql/base.py,base.py,python:S1192,HIGH,MAINTAINABILITY,CODE_SMELL,"Define a constant instead of duplicating this literal ""CLUSTERED "" 3 times.",2608,6min,0.0,0.0,22.0,22.0,422.0,409.0,162.0,4012.0,A,A,19,8,396,2,4.0,"TODO: Why?  shouldn't we use TOP always ? | TODO: does this comment (from mysql) apply to here, too? | TODO: try to avoid having to run a separate query here | TODO: we support match=<keyword> for foreign keys so"
AZ4INX28UdMD1-xUqr7Y,lib/sqlalchemy/dialects/mssql/base.py,base.py,python:S1192,HIGH,MAINTAINABILITY,CODE_SMELL,"Define a constant instead of duplicating this literal ""NONCLUSTERED "" 3 times.",2610,6min,0.0,0.0,22.0,22.0,422.0,409.0,162.0,4012.0,A,A,19,8,396,2,4.0,"TODO: Why?  shouldn't we use TOP always ? | TODO: does this comment (from mysql) apply to here, too? | TODO: try to avoid having to run a separate query here | TODO: we support match=<keyword> for foreign keys so"
AZ4INX28UdMD1-xUqr7m,lib/sqlalchemy/dialects/mssql/base.py,base.py,python:S3776,HIGH,MAINTAINABILITY,CODE_SMELL,Refactor this function to reduce its Cognitive Complexity from 24 to the 15 allowed.,2898,14min,0.0,0.0,22.0,22.0,422.0,409.0,162.0,4012.0,A,A,19,8,396,2,4.0,"TODO: Why?  shouldn't we use TOP always ? | TODO: does this comment (from mysql) apply to here, too? | TODO: try to avoid having to run a separate query here | TODO: we support match=<keyword> for foreign keys so"
AZ4INX28UdMD1-xUqr7q,lib/sqlalchemy/dialects/mssql/base.py,base.py,python:S3776,HIGH,MAINTAINABILITY,CODE_SMELL,Refactor this function to reduce its Cognitive Complexity from 22 to the 15 allowed.,3384,12min,0.0,0.0,22.0,22.0,422.0,409.0,162.0,4012.0,A,A,19,8,396,2,4.0,"TODO: Why?  shouldn't we use TOP always ? | TODO: does this comment (from mysql) apply to here, too? | TODO: try to avoid having to run a separate query here | TODO: we support match=<keyword> for foreign keys so"
AZ4INX28UdMD1-xUqr7r,lib/sqlalchemy/dialects/mssql/base.py,base.py,python:S3776,HIGH,MAINTAINABILITY,CODE_SMELL,Refactor this function to reduce its Cognitive Complexity from 43 to the 15 allowed.,3587,33min,0.0,0.0,22.0,22.0,422.0,409.0,162.0,4012.0,A,A,19,8,396,2,4.0,"TODO: Why?  shouldn't we use TOP always ? | TODO: does this comment (from mysql) apply to here, too? | TODO: try to avoid having to run a separate query here | TODO: we support match=<keyword> for foreign keys so"
AZ4INX28UdMD1-xUqr7t,lib/sqlalchemy/dialects/mssql/base.py,base.py,python:S3776,HIGH,MAINTAINABILITY,CODE_SMELL,Refactor this function to reduce its Cognitive Complexity from 17 to the 15 allowed.,3824,7min,0.0,0.0,22.0,22.0,422.0,409.0,162.0,4012.0,A,A,19,8,396,2,4.0,"TODO: Why?  shouldn't we use TOP always ? | TODO: does this comment (from mysql) apply to here, too? | TODO: try to avoid having to run a separate query here | TODO: we support match=<keyword> for foreign keys so"
AZ4INX21UdMD1-xUqr7X,lib/sqlalchemy/dialects/mssql/pyodbc.py,pyodbc.py,secrets:S6703,HIGH,SECURITY,VULNERABILITY,Make sure this database password gets changed and removed from the code.,35,30min,0.0,1.0,15.0,16.0,65.0,73.0,69.0,746.0,A,E,3,2,67,2,,
AZ4INX4IUdMD1-xUqr9-,lib/sqlalchemy/dialects/mysql/aiomysql.py,aiomysql.py,python:S1186,HIGH,MAINTAINABILITY,CODE_SMELL,"Add a nested comment explaining why this method is empty, or complete the implementation.",118,5min,0.0,0.0,16.0,16.0,54.0,16.0,64.0,334.0,A,A,8,3,129,2,,
AZ4INX4IUdMD1-xUqr-I,lib/sqlalchemy/dialects/mysql/aiomysql.py,aiomysql.py,python:S1186,HIGH,MAINTAINABILITY,CODE_SMELL,"Add a nested comment explaining why this method is empty, or complete the implementation.",274,5min,0.0,0.0,16.0,16.0,54.0,16.0,64.0,334.0,A,A,8,3,129,2,,
AZ4INX4IUdMD1-xUqr-J,lib/sqlalchemy/dialects/mysql/aiomysql.py,aiomysql.py,python:S1186,HIGH,MAINTAINABILITY,CODE_SMELL,"Add a nested comment explaining why this method is empty, or complete the implementation.",278,5min,0.0,0.0,16.0,16.0,54.0,16.0,64.0,334.0,A,A,8,3,129,2,,
AZ4INX4IUdMD1-xUqr-L,lib/sqlalchemy/dialects/mysql/aiomysql.py,aiomysql.py,python:S2638,HIGH,MAINTAINABILITY,CODE_SMELL,Add missing parameters _translate_args.,312,15min,0.0,0.0,16.0,16.0,54.0,16.0,64.0,334.0,A,A,8,3,129,2,,
AZ4INX4RUdMD1-xUqr-T,lib/sqlalchemy/dialects/mysql/asyncmy.py,asyncmy.py,python:S1186,HIGH,MAINTAINABILITY,CODE_SMELL,"Add a nested comment explaining why this method is empty, or complete the implementation.",119,5min,0.0,0.0,14.0,14.0,55.0,19.0,72.0,338.0,A,A,8,3,122,2,,
AZ4INX4RUdMD1-xUqr-a,lib/sqlalchemy/dialects/mysql/asyncmy.py,asyncmy.py,python:S1845,HIGH,MAINTAINABILITY,CODE_SMELL,"Rename field ""Binary"" to prevent any misunderstanding/clash with field ""BINARY"" defined on line 267",270,10min,0.0,0.0,14.0,14.0,55.0,19.0,72.0,338.0,A,A,8,3,122,2,,
AZ4INX4RUdMD1-xUqr-e,lib/sqlalchemy/dialects/mysql/asyncmy.py,asyncmy.py,python:S2638,HIGH,MAINTAINABILITY,CODE_SMELL,Add missing parameters _translate_args.,314,15min,0.0,0.0,14.0,14.0,55.0,19.0,72.0,338.0,A,A,8,3,122,2,,
AZ4INX3_UdMD1-xUqr9w,lib/sqlalchemy/dialects/mysql/base.py,base.py,secrets:S6697,HIGH,SECURITY,VULNERABILITY,Make sure this MySQL database password gets changed and removed from the code.,218,30min,0.0,7.0,13.0,20.0,391.0,384.0,113.0,3450.0,A,E,17,9,1405,2,3.0,that hits each backend and maybe make a requires rule for it? | TODO: remove ?? | is very slow since mysql does not seem able to properly use indexse.
AZ4INX3_UdMD1-xUqr9x,lib/sqlalchemy/dialects/mysql/base.py,base.py,secrets:S6697,HIGH,SECURITY,VULNERABILITY,Make sure this MySQL database password gets changed and removed from the code.,323,30min,0.0,7.0,13.0,20.0,391.0,384.0,113.0,3450.0,A,E,17,9,1405,2,3.0,that hits each backend and maybe make a requires rule for it? | TODO: remove ?? | is very slow since mysql does not seem able to properly use indexse.
AZ4INX3_UdMD1-xUqr9y,lib/sqlalchemy/dialects/mysql/base.py,base.py,secrets:S6697,HIGH,SECURITY,VULNERABILITY,Make sure this MySQL database password gets changed and removed from the code.,343,30min,0.0,7.0,13.0,20.0,391.0,384.0,113.0,3450.0,A,E,17,9,1405,2,3.0,that hits each backend and maybe make a requires rule for it? | TODO: remove ?? | is very slow since mysql does not seem able to properly use indexse.
AZ4INX3_UdMD1-xUqr9z,lib/sqlalchemy/dialects/mysql/base.py,base.py,secrets:S6697,HIGH,SECURITY,VULNERABILITY,Make sure this MySQL database password gets changed and removed from the code.,385,30min,0.0,7.0,13.0,20.0,391.0,384.0,113.0,3450.0,A,E,17,9,1405,2,3.0,that hits each backend and maybe make a requires rule for it? | TODO: remove ?? | is very slow since mysql does not seem able to properly use indexse.
AZ4INX3_UdMD1-xUqr90,lib/sqlalchemy/dialects/mysql/base.py,base.py,secrets:S6697,HIGH,SECURITY,VULNERABILITY,Make sure this MySQL database password gets changed and removed from the code.,389,30min,0.0,7.0,13.0,20.0,391.0,384.0,113.0,3450.0,A,E,17,9,1405,2,3.0,that hits each backend and maybe make a requires rule for it? | TODO: remove ?? | is very slow since mysql does not seem able to properly use indexse.
AZ4INX3_UdMD1-xUqr91,lib/sqlalchemy/dialects/mysql/base.py,base.py,secrets:S6697,HIGH,SECURITY,VULNERABILITY,Make sure this MySQL database password gets changed and removed from the code.,433,30min,0.0,7.0,13.0,20.0,391.0,384.0,113.0,3450.0,A,E,17,9,1405,2,3.0,that hits each backend and maybe make a requires rule for it? | TODO: remove ?? | is very slow since mysql does not seem able to properly use indexse.
AZ4INX3_UdMD1-xUqr92,lib/sqlalchemy/dialects/mysql/base.py,base.py,secrets:S6697,HIGH,SECURITY,VULNERABILITY,Make sure this MySQL database password gets changed and removed from the code.,989,30min,0.0,7.0,13.0,20.0,391.0,384.0,113.0,3450.0,A,E,17,9,1405,2,3.0,that hits each backend and maybe make a requires rule for it? | TODO: remove ?? | is very slow since mysql does not seem able to properly use indexse.
AZ4INX3_UdMD1-xUqr9k,lib/sqlalchemy/dialects/mysql/base.py,base.py,python:S3776,HIGH,MAINTAINABILITY,CODE_SMELL,Refactor this function to reduce its Cognitive Complexity from 28 to the 15 allowed.,1333,18min,0.0,7.0,13.0,20.0,391.0,384.0,113.0,3450.0,A,E,17,9,1405,2,3.0,that hits each backend and maybe make a requires rule for it? | TODO: remove ?? | is very slow since mysql does not seem able to properly use indexse.
AZ4INX3_UdMD1-xUqr9m,lib/sqlalchemy/dialects/mysql/base.py,base.py,python:S3776,HIGH,MAINTAINABILITY,CODE_SMELL,Refactor this function to reduce its Cognitive Complexity from 16 to the 15 allowed.,1500,6min,0.0,7.0,13.0,20.0,391.0,384.0,113.0,3450.0,A,E,17,9,1405,2,3.0,that hits each backend and maybe make a requires rule for it? | TODO: remove ?? | is very slow since mysql does not seem able to properly use indexse.
AZ4INX3_UdMD1-xUqr9o,lib/sqlalchemy/dialects/mysql/base.py,base.py,python:S3776,HIGH,MAINTAINABILITY,CODE_SMELL,Refactor this function to reduce its Cognitive Complexity from 20 to the 15 allowed.,1940,10min,0.0,7.0,13.0,20.0,391.0,384.0,113.0,3450.0,A,E,17,9,1405,2,3.0,that hits each backend and maybe make a requires rule for it? | TODO: remove ?? | is very slow since mysql does not seem able to properly use indexse.
AZ4INX3_UdMD1-xUqr9j,lib/sqlalchemy/dialects/mysql/base.py,base.py,python:S1192,HIGH,MAINTAINABILITY,CODE_SMELL,"Define a constant instead of duplicating this literal ""%s(%d)"" 3 times.",1990,6min,0.0,7.0,13.0,20.0,391.0,384.0,113.0,3450.0,A,E,17,9,1405,2,3.0,that hits each backend and maybe make a requires rule for it? | TODO: remove ?? | is very slow since mysql does not seem able to properly use indexse.
AZ4INX3_UdMD1-xUqr9p,lib/sqlalchemy/dialects/mysql/base.py,base.py,python:S1845,HIGH,MAINTAINABILITY,CODE_SMELL,"Rename method ""visit_ENUM"" to prevent any misunderstanding/clash with method ""visit_enum"" defined on line 2359",2390,10min,0.0,7.0,13.0,20.0,391.0,384.0,113.0,3450.0,A,E,17,9,1405,2,3.0,that hits each backend and maybe make a requires rule for it? | TODO: remove ?? | is very slow since mysql does not seem able to properly use indexse.
AZ4INX3_UdMD1-xUqr9s,lib/sqlalchemy/dialects/mysql/base.py,base.py,python:S3776,HIGH,MAINTAINABILITY,CODE_SMELL,Refactor this function to reduce its Cognitive Complexity from 18 to the 15 allowed.,2987,8min,0.0,7.0,13.0,20.0,391.0,384.0,113.0,3450.0,A,E,17,9,1405,2,3.0,that hits each backend and maybe make a requires rule for it? | TODO: remove ?? | is very slow since mysql does not seem able to properly use indexse.
AZ4INX3_UdMD1-xUqr9t,lib/sqlalchemy/dialects/mysql/base.py,base.py,python:S3776,HIGH,MAINTAINABILITY,CODE_SMELL,Refactor this function to reduce its Cognitive Complexity from 18 to the 15 allowed.,3135,8min,0.0,7.0,13.0,20.0,391.0,384.0,113.0,3450.0,A,E,17,9,1405,2,3.0,that hits each backend and maybe make a requires rule for it? | TODO: remove ?? | is very slow since mysql does not seem able to properly use indexse.
AZ4INX37UdMD1-xUqr9h,lib/sqlalchemy/dialects/mysql/enumerated.py,enumerated.py,python:S3776,HIGH,MAINTAINABILITY,CODE_SMELL,Refactor this function to reduce its Cognitive Complexity from 18 to the 15 allowed.,172,8min,0.0,0.0,2.0,2.0,31.0,49.0,22.0,245.0,A,A,3,2,99,77,1.0,TODO: SET is a string as far as configuration but does not act like
AZ4INX37UdMD1-xUqr9i,lib/sqlalchemy/dialects/mysql/enumerated.py,enumerated.py,python:S3776,HIGH,MAINTAINABILITY,CODE_SMELL,Refactor this function to reduce its Cognitive Complexity from 24 to the 15 allowed.,201,14min,0.0,0.0,2.0,2.0,31.0,49.0,22.0,245.0,A,A,3,2,99,77,1.0,TODO: SET is a string as far as configuration but does not act like
AZ4INX4eUdMD1-xUqr-j,lib/sqlalchemy/dialects/mysql/mariadbconnector.py,mariadbconnector.py,python:S3776,HIGH,MAINTAINABILITY,CODE_SMELL,Refactor this function to reduce its Cognitive Complexity from 16 to the 15 allowed.,50,6min,0.0,0.0,5.0,5.0,39.0,38.0,26.0,278.0,A,A,4,3,109,2,2.0,"work around JIRA issue | https://jira.mariadb.org/browse/CONPY-270.  When that issue is fixed,"
AZ4INX4eUdMD1-xUqr-n,lib/sqlalchemy/dialects/mysql/mariadbconnector.py,mariadbconnector.py,python:S5754,HIGH,MAINTAINABILITY,CODE_SMELL,Specify an exception class to catch or reraise the exception,208,5min,0.0,0.0,5.0,5.0,39.0,38.0,26.0,278.0,A,A,4,3,109,2,2.0,"work around JIRA issue | https://jira.mariadb.org/browse/CONPY-270.  When that issue is fixed,"
AZ4INX4iUdMD1-xUqr-q,lib/sqlalchemy/dialects/mysql/mysqlconnector.py,mysqlconnector.py,python:S1186,HIGH,MAINTAINABILITY,CODE_SMELL,"Add a nested comment explaining why this method is empty, or complete the implementation.",50,5min,0.0,0.0,4.0,4.0,24.0,12.0,20.0,181.0,A,A,7,3,146,2,,
AZ4INX4LUdMD1-xUqr-P,lib/sqlalchemy/dialects/mysql/mysqldb.py,mysqldb.py,secrets:S6697,HIGH,SECURITY,VULNERABILITY,Make sure this MySQL database password gets changed and removed from the code.,46,30min,0.0,2.0,3.0,5.0,31.0,28.0,15.0,304.0,A,E,5,3,112,2,1.0,note: the SQL here would be
AZ4INX4LUdMD1-xUqr-Q,lib/sqlalchemy/dialects/mysql/mysqldb.py,mysqldb.py,secrets:S6697,HIGH,SECURITY,VULNERABILITY,Make sure this MySQL database password gets changed and removed from the code.,62,30min,0.0,2.0,3.0,5.0,31.0,28.0,15.0,304.0,A,E,5,3,112,2,1.0,note: the SQL here would be
AZ4INX4VUdMD1-xUqr-h,lib/sqlalchemy/dialects/mysql/pymysql.py,pymysql.py,secrets:S6697,HIGH,SECURITY,VULNERABILITY,Make sure this MySQL database password gets changed and removed from the code.,37,30min,0.0,1.0,2.0,3.0,14.0,16.0,7.0,138.0,A,E,4,3,48,2,,
AZ4INX34UdMD1-xUqr9Y,lib/sqlalchemy/dialects/mysql/reflection.py,reflection.py,python:S3776,HIGH,MAINTAINABILITY,CODE_SMELL,Refactor this function to reduce its Cognitive Complexity from 16 to the 15 allowed.,43,6min,0.0,0.0,12.0,12.0,98.0,138.0,102.0,678.0,A,A,4,3,127,2,,
AZ4INX34UdMD1-xUqr9c,lib/sqlalchemy/dialects/mysql/reflection.py,reflection.py,python:S3776,HIGH,MAINTAINABILITY,CODE_SMELL,Refactor this function to reduce its Cognitive Complexity from 35 to the 15 allowed.,167,25min,0.0,0.0,12.0,12.0,98.0,138.0,102.0,678.0,A,A,4,3,127,2,,
AZ4INX34UdMD1-xUqr9d,lib/sqlalchemy/dialects/mysql/reflection.py,reflection.py,python:S3776,HIGH,MAINTAINABILITY,CODE_SMELL,Refactor this function to reduce its Cognitive Complexity from 34 to the 15 allowed.,223,24min,0.0,0.0,12.0,12.0,98.0,138.0,102.0,678.0,A,A,4,3,127,2,,
AZ4INX34UdMD1-xUqr9V,lib/sqlalchemy/dialects/mysql/reflection.py,reflection.py,python:S1192,HIGH,MAINTAINABILITY,CODE_SMELL,"Define a constant instead of duplicating this literal ""NOT NULL"" 3 times.",291,6min,0.0,0.0,12.0,12.0,98.0,138.0,102.0,678.0,A,A,4,3,127,2,,
AZ4INX42UdMD1-xUqr_V,lib/sqlalchemy/dialects/oracle/base.py,base.py,python:S1845,HIGH,MAINTAINABILITY,CODE_SMELL,"Rename method ""visit_FLOAT"" to prevent any misunderstanding/clash with method ""visit_float"" defined on line 642",684,10min,1.0,0.0,11.0,12.0,400.0,473.0,208.0,3273.0,C,A,7,7,272,54,3.0,"technically, this could be supported, but as it would be | This type seems to be very hard to cast into something else | outerjoin + where null works better on oracle 21 but 11 does"
AZ4INX42UdMD1-xUqr_W,lib/sqlalchemy/dialects/oracle/base.py,base.py,python:S4487,HIGH,MAINTAINABILITY,CODE_SMELL,Remove this unread private attribute '__wheres' or refactor the code to use its value.,800,5min,1.0,0.0,11.0,12.0,400.0,473.0,208.0,3273.0,C,A,7,7,272,54,3.0,"technically, this could be supported, but as it would be | This type seems to be very hard to cast into something else | outerjoin + where null works better on oracle 21 but 11 does"
AZ4INX42UdMD1-xUqr_X,lib/sqlalchemy/dialects/oracle/base.py,base.py,python:S3776,HIGH,MAINTAINABILITY,CODE_SMELL,Refactor this function to reduce its Cognitive Complexity from 21 to the 15 allowed.,879,11min,1.0,0.0,11.0,12.0,400.0,473.0,208.0,3273.0,C,A,7,7,272,54,3.0,"technically, this could be supported, but as it would be | This type seems to be very hard to cast into something else | outerjoin + where null works better on oracle 21 but 11 does"
AZ4INX42UdMD1-xUqr_Y,lib/sqlalchemy/dialects/oracle/base.py,base.py,python:S3776,HIGH,MAINTAINABILITY,CODE_SMELL,Refactor this function to reduce its Cognitive Complexity from 81 to the 15 allowed.,1025,1h11min,1.0,0.0,11.0,12.0,400.0,473.0,208.0,3273.0,C,A,7,7,272,54,3.0,"technically, this could be supported, but as it would be | This type seems to be very hard to cast into something else | outerjoin + where null works better on oracle 21 but 11 does"
AZ4INX42UdMD1-xUqr_a,lib/sqlalchemy/dialects/oracle/base.py,base.py,python:S5754,HIGH,MAINTAINABILITY,CODE_SMELL,Specify an exception class to catch or reraise the exception,1530,5min,1.0,0.0,11.0,12.0,400.0,473.0,208.0,3273.0,C,A,7,7,272,54,3.0,"technically, this could be supported, but as it would be | This type seems to be very hard to cast into something else | outerjoin + where null works better on oracle 21 but 11 does"
AZ4INX42UdMD1-xUqr_b,lib/sqlalchemy/dialects/oracle/base.py,base.py,python:S5754,HIGH,MAINTAINABILITY,CODE_SMELL,Specify an exception class to catch or reraise the exception,1583,5min,1.0,0.0,11.0,12.0,400.0,473.0,208.0,3273.0,C,A,7,7,272,54,3.0,"technically, this could be supported, but as it would be | This type seems to be very hard to cast into something else | outerjoin + where null works better on oracle 21 but 11 does"
AZ4INX42UdMD1-xUqr_c,lib/sqlalchemy/dialects/oracle/base.py,base.py,python:S3776,HIGH,MAINTAINABILITY,CODE_SMELL,Refactor this function to reduce its Cognitive Complexity from 16 to the 15 allowed.,1724,6min,1.0,0.0,11.0,12.0,400.0,473.0,208.0,3273.0,C,A,7,7,272,54,3.0,"technically, this could be supported, but as it would be | This type seems to be very hard to cast into something else | outerjoin + where null works better on oracle 21 but 11 does"
AZ4INX42UdMD1-xUqr_d,lib/sqlalchemy/dialects/oracle/base.py,base.py,python:S3776,HIGH,MAINTAINABILITY,CODE_SMELL,Refactor this function to reduce its Cognitive Complexity from 23 to the 15 allowed.,2112,13min,1.0,0.0,11.0,12.0,400.0,473.0,208.0,3273.0,C,A,7,7,272,54,3.0,"technically, this could be supported, but as it would be | This type seems to be very hard to cast into something else | outerjoin + where null works better on oracle 21 but 11 does"
AZ4INX42UdMD1-xUqr_e,lib/sqlalchemy/dialects/oracle/base.py,base.py,python:S3776,HIGH,MAINTAINABILITY,CODE_SMELL,Refactor this function to reduce its Cognitive Complexity from 41 to the 15 allowed.,2289,31min,1.0,0.0,11.0,12.0,400.0,473.0,208.0,3273.0,C,A,7,7,272,54,3.0,"technically, this could be supported, but as it would be | This type seems to be very hard to cast into something else | outerjoin + where null works better on oracle 21 but 11 does"
AZ4INX42UdMD1-xUqr_f,lib/sqlalchemy/dialects/oracle/base.py,base.py,python:S3776,HIGH,MAINTAINABILITY,CODE_SMELL,Refactor this function to reduce its Cognitive Complexity from 24 to the 15 allowed.,2673,14min,1.0,0.0,11.0,12.0,400.0,473.0,208.0,3273.0,C,A,7,7,272,54,3.0,"technically, this could be supported, but as it would be | This type seems to be very hard to cast into something else | outerjoin + where null works better on oracle 21 but 11 does"
AZ4INX42UdMD1-xUqr_g,lib/sqlalchemy/dialects/oracle/base.py,base.py,python:S3776,HIGH,MAINTAINABILITY,CODE_SMELL,Refactor this function to reduce its Cognitive Complexity from 47 to the 15 allowed.,2910,37min,1.0,0.0,11.0,12.0,400.0,473.0,208.0,3273.0,C,A,7,7,272,54,3.0,"technically, this could be supported, but as it would be | This type seems to be very hard to cast into something else | outerjoin + where null works better on oracle 21 but 11 does"
AZ4INX4mUdMD1-xUqr-u,lib/sqlalchemy/dialects/oracle/cx_oracle.py,cx_oracle.py,python:S3776,HIGH,MAINTAINABILITY,CODE_SMELL,Refactor this function to reduce its Cognitive Complexity from 33 to the 15 allowed.,500,23min,1.0,0.0,21.0,22.0,163.0,186.0,113.0,1484.0,C,A,5,4,98,2,9.0,TODO: the names used across CHAR / VARCHAR / NCHAR / NVARCHAR | here are inconsistent and not very good | take care of reserved words | TODO: we could likely do away with quoting altogether for | this is the only way to ensure a transaction is started without | TODO: Others ? | TODO: others? | TODO: need to end XA state here | TODO: need to end XA state here
AZ4INX4mUdMD1-xUqr-3,lib/sqlalchemy/dialects/oracle/cx_oracle.py,cx_oracle.py,python:S3776,HIGH,MAINTAINABILITY,CODE_SMELL,Refactor this function to reduce its Cognitive Complexity from 36 to the 15 allowed.,766,26min,1.0,0.0,21.0,22.0,163.0,186.0,113.0,1484.0,C,A,5,4,98,2,9.0,TODO: the names used across CHAR / VARCHAR / NCHAR / NVARCHAR | here are inconsistent and not very good | take care of reserved words | TODO: we could likely do away with quoting altogether for | this is the only way to ensure a transaction is started without | TODO: Others ? | TODO: others? | TODO: need to end XA state here | TODO: need to end XA state here
AZ4INX4mUdMD1-xUqr-8,lib/sqlalchemy/dialects/oracle/cx_oracle.py,cx_oracle.py,python:S3776,HIGH,MAINTAINABILITY,CODE_SMELL,Refactor this function to reduce its Cognitive Complexity from 17 to the 15 allowed.,1226,7min,1.0,0.0,21.0,22.0,163.0,186.0,113.0,1484.0,C,A,5,4,98,2,9.0,TODO: the names used across CHAR / VARCHAR / NCHAR / NVARCHAR | here are inconsistent and not very good | take care of reserved words | TODO: we could likely do away with quoting altogether for | this is the only way to ensure a transaction is started without | TODO: Others ? | TODO: others? | TODO: need to end XA state here | TODO: need to end XA state here
AZ4INX4mUdMD1-xUqr-9,lib/sqlalchemy/dialects/oracle/cx_oracle.py,cx_oracle.py,python:S3776,HIGH,MAINTAINABILITY,CODE_SMELL,Refactor this function to reduce its Cognitive Complexity from 27 to the 15 allowed.,1318,17min,1.0,0.0,21.0,22.0,163.0,186.0,113.0,1484.0,C,A,5,4,98,2,9.0,TODO: the names used across CHAR / VARCHAR / NCHAR / NVARCHAR | here are inconsistent and not very good | take care of reserved words | TODO: we could likely do away with quoting altogether for | this is the only way to ensure a transaction is started without | TODO: Others ? | TODO: others? | TODO: need to end XA state here | TODO: need to end XA state here
AZ4INX4xUdMD1-xUqr_R,lib/sqlalchemy/dialects/oracle/oracledb.py,oracledb.py,python:S2638,HIGH,MAINTAINABILITY,CODE_SMELL,Add missing parameters server_side.,328,15min,0.0,0.0,9.0,9.0,68.0,34.0,55.0,432.0,A,A,8,5,42,2,,
AZ4INX4sUdMD1-xUqr_I,lib/sqlalchemy/dialects/oracle/provision.py,provision.py,python:S1192,HIGH,MAINTAINABILITY,CODE_SMELL,"Define a constant instead of duplicating this literal ""%s_ts1"" 4 times.",49,8min,0.0,0.0,2.0,2.0,32.0,31.0,16.0,221.0,A,A,5,2,138,116,2.0,"this was meant to work around this issue: | TODO: oracledb claims to have this feature built in somehow,"
AZ4INX4sUdMD1-xUqr_J,lib/sqlalchemy/dialects/oracle/provision.py,provision.py,python:S1192,HIGH,MAINTAINABILITY,CODE_SMELL,"Define a constant instead of duplicating this literal ""%s_ts2"" 4 times.",50,8min,0.0,0.0,2.0,2.0,32.0,31.0,16.0,221.0,A,A,5,2,138,116,2.0,"this was meant to work around this issue: | TODO: oracledb claims to have this feature built in somehow,"
AZ4INX3eUdMD1-xUqr9J,lib/sqlalchemy/dialects/postgresql/base.py,base.py,secrets:S6698,HIGH,SECURITY,VULNERABILITY,Make sure this PostgreSQL database password gets changed and removed from the code.,171,30min,1.0,4.0,21.0,26.0,478.0,538.0,296.0,5008.0,C,E,32,12,1353,27,4.0,"FIXME: ugly hack to get out of transaction | NOTE: pg_index is used as from two times to improve performance, | NOTE: repeating oids clause improve query performance | it *might* be nice to include that this is 'btree' in the"
AZ4INX3eUdMD1-xUqr9K,lib/sqlalchemy/dialects/postgresql/base.py,base.py,secrets:S6698,HIGH,SECURITY,VULNERABILITY,Make sure this PostgreSQL database password gets changed and removed from the code.,272,30min,1.0,4.0,21.0,26.0,478.0,538.0,296.0,5008.0,C,E,32,12,1353,27,4.0,"FIXME: ugly hack to get out of transaction | NOTE: pg_index is used as from two times to improve performance, | NOTE: repeating oids clause improve query performance | it *might* be nice to include that this is 'btree' in the"
AZ4INX3eUdMD1-xUqr9L,lib/sqlalchemy/dialects/postgresql/base.py,base.py,secrets:S6698,HIGH,SECURITY,VULNERABILITY,Make sure this PostgreSQL database password gets changed and removed from the code.,318,30min,1.0,4.0,21.0,26.0,478.0,538.0,296.0,5008.0,C,E,32,12,1353,27,4.0,"FIXME: ugly hack to get out of transaction | NOTE: pg_index is used as from two times to improve performance, | NOTE: repeating oids clause improve query performance | it *might* be nice to include that this is 'btree' in the"
AZ4INX3eUdMD1-xUqr9M,lib/sqlalchemy/dialects/postgresql/base.py,base.py,secrets:S6698,HIGH,SECURITY,VULNERABILITY,Make sure this PostgreSQL database password gets changed and removed from the code.,474,30min,1.0,4.0,21.0,26.0,478.0,538.0,296.0,5008.0,C,E,32,12,1353,27,4.0,"FIXME: ugly hack to get out of transaction | NOTE: pg_index is used as from two times to improve performance, | NOTE: repeating oids clause improve query performance | it *might* be nice to include that this is 'btree' in the"
AZ4INX3eUdMD1-xUqr80,lib/sqlalchemy/dialects/postgresql/base.py,base.py,python:S3776,HIGH,MAINTAINABILITY,CODE_SMELL,Refactor this function to reduce its Cognitive Complexity from 19 to the 15 allowed.,2042,9min,1.0,4.0,21.0,26.0,478.0,538.0,296.0,5008.0,C,E,32,12,1353,27,4.0,"FIXME: ugly hack to get out of transaction | NOTE: pg_index is used as from two times to improve performance, | NOTE: repeating oids clause improve query performance | it *might* be nice to include that this is 'btree' in the"
AZ4INX3eUdMD1-xUqr8v,lib/sqlalchemy/dialects/postgresql/base.py,base.py,python:S1192,HIGH,MAINTAINABILITY,CODE_SMELL,"Define a constant instead of duplicating this literal ""%s = %s"" 3 times.",2077,6min,1.0,4.0,21.0,26.0,478.0,538.0,296.0,5008.0,C,E,32,12,1353,27,4.0,"FIXME: ugly hack to get out of transaction | NOTE: pg_index is used as from two times to improve performance, | NOTE: repeating oids clause improve query performance | it *might* be nice to include that this is 'btree' in the"
AZ4INX3eUdMD1-xUqr81,lib/sqlalchemy/dialects/postgresql/base.py,base.py,python:S3776,HIGH,MAINTAINABILITY,CODE_SMELL,Refactor this function to reduce its Cognitive Complexity from 20 to the 15 allowed.,2151,10min,1.0,4.0,21.0,26.0,478.0,538.0,296.0,5008.0,C,E,32,12,1353,27,4.0,"FIXME: ugly hack to get out of transaction | NOTE: pg_index is used as from two times to improve performance, | NOTE: repeating oids clause improve query performance | it *might* be nice to include that this is 'btree' in the"
AZ4INX3eUdMD1-xUqr82,lib/sqlalchemy/dialects/postgresql/base.py,base.py,python:S3776,HIGH,MAINTAINABILITY,CODE_SMELL,Refactor this function to reduce its Cognitive Complexity from 17 to the 15 allowed.,2280,7min,1.0,4.0,21.0,26.0,478.0,538.0,296.0,5008.0,C,E,32,12,1353,27,4.0,"FIXME: ugly hack to get out of transaction | NOTE: pg_index is used as from two times to improve performance, | NOTE: repeating oids clause improve query performance | it *might* be nice to include that this is 'btree' in the"
AZ4INX3eUdMD1-xUqr83,lib/sqlalchemy/dialects/postgresql/base.py,base.py,python:S1845,HIGH,MAINTAINABILITY,CODE_SMELL,"Rename method ""visit_ENUM"" to prevent any misunderstanding/clash with method ""visit_enum"" defined on line 2626",2632,10min,1.0,4.0,21.0,26.0,478.0,538.0,296.0,5008.0,C,E,32,12,1353,27,4.0,"FIXME: ugly hack to get out of transaction | NOTE: pg_index is used as from two times to improve performance, | NOTE: repeating oids clause improve query performance | it *might* be nice to include that this is 'btree' in the"
AZ4INX3eUdMD1-xUqr84,lib/sqlalchemy/dialects/postgresql/base.py,base.py,python:S1845,HIGH,MAINTAINABILITY,CODE_SMELL,"Rename method ""visit_UUID"" to prevent any misunderstanding/clash with method ""visit_uuid"" defined on line 2679",2685,10min,1.0,4.0,21.0,26.0,478.0,538.0,296.0,5008.0,C,E,32,12,1353,27,4.0,"FIXME: ugly hack to get out of transaction | NOTE: pg_index is used as from two times to improve performance, | NOTE: repeating oids clause improve query performance | it *might* be nice to include that this is 'btree' in the"
AZ4INX3eUdMD1-xUqr86,lib/sqlalchemy/dialects/postgresql/base.py,base.py,python:S3776,HIGH,MAINTAINABILITY,CODE_SMELL,Refactor this function to reduce its Cognitive Complexity from 19 to the 15 allowed.,2910,9min,1.0,4.0,21.0,26.0,478.0,538.0,296.0,5008.0,C,E,32,12,1353,27,4.0,"FIXME: ugly hack to get out of transaction | NOTE: pg_index is used as from two times to improve performance, | NOTE: repeating oids clause improve query performance | it *might* be nice to include that this is 'btree' in the"
AZ4INX3eUdMD1-xUqr87,lib/sqlalchemy/dialects/postgresql/base.py,base.py,python:S3776,HIGH,MAINTAINABILITY,CODE_SMELL,Refactor this function to reduce its Cognitive Complexity from 45 to the 15 allowed.,3166,35min,1.0,4.0,21.0,26.0,478.0,538.0,296.0,5008.0,C,E,32,12,1353,27,4.0,"FIXME: ugly hack to get out of transaction | NOTE: pg_index is used as from two times to improve performance, | NOTE: repeating oids clause improve query performance | it *might* be nice to include that this is 'btree' in the"
AZ4INX3eUdMD1-xUqr8_,lib/sqlalchemy/dialects/postgresql/base.py,base.py,python:S3776,HIGH,MAINTAINABILITY,CODE_SMELL,Refactor this function to reduce its Cognitive Complexity from 44 to the 15 allowed.,3716,34min,1.0,4.0,21.0,26.0,478.0,538.0,296.0,5008.0,C,E,32,12,1353,27,4.0,"FIXME: ugly hack to get out of transaction | NOTE: pg_index is used as from two times to improve performance, | NOTE: repeating oids clause improve query performance | it *might* be nice to include that this is 'btree' in the"
AZ4INX3eUdMD1-xUqr9A,lib/sqlalchemy/dialects/postgresql/base.py,base.py,python:S3776,HIGH,MAINTAINABILITY,CODE_SMELL,Refactor this function to reduce its Cognitive Complexity from 35 to the 15 allowed.,3861,25min,1.0,4.0,21.0,26.0,478.0,538.0,296.0,5008.0,C,E,32,12,1353,27,4.0,"FIXME: ugly hack to get out of transaction | NOTE: pg_index is used as from two times to improve performance, | NOTE: repeating oids clause improve query performance | it *might* be nice to include that this is 'btree' in the"
AZ4INX3eUdMD1-xUqr9B,lib/sqlalchemy/dialects/postgresql/base.py,base.py,python:S3776,HIGH,MAINTAINABILITY,CODE_SMELL,Refactor this function to reduce its Cognitive Complexity from 19 to the 15 allowed.,4065,9min,1.0,4.0,21.0,26.0,478.0,538.0,296.0,5008.0,C,E,32,12,1353,27,4.0,"FIXME: ugly hack to get out of transaction | NOTE: pg_index is used as from two times to improve performance, | NOTE: repeating oids clause improve query performance | it *might* be nice to include that this is 'btree' in the"
AZ4INX3eUdMD1-xUqr9C,lib/sqlalchemy/dialects/postgresql/base.py,base.py,python:S3776,HIGH,MAINTAINABILITY,CODE_SMELL,Refactor this function to reduce its Cognitive Complexity from 18 to the 15 allowed.,4237,8min,1.0,4.0,21.0,26.0,478.0,538.0,296.0,5008.0,C,E,32,12,1353,27,4.0,"FIXME: ugly hack to get out of transaction | NOTE: pg_index is used as from two times to improve performance, | NOTE: repeating oids clause improve query performance | it *might* be nice to include that this is 'btree' in the"
AZ4INX3eUdMD1-xUqr9F,lib/sqlalchemy/dialects/postgresql/base.py,base.py,python:S3776,HIGH,MAINTAINABILITY,CODE_SMELL,Refactor this function to reduce its Cognitive Complexity from 86 to the 15 allowed.,4486,1h16min,1.0,4.0,21.0,26.0,478.0,538.0,296.0,5008.0,C,E,32,12,1353,27,4.0,"FIXME: ugly hack to get out of transaction | NOTE: pg_index is used as from two times to improve performance, | NOTE: repeating oids clause improve query performance | it *might* be nice to include that this is 'btree' in the"
AZ4INX3eUdMD1-xUqr9G,lib/sqlalchemy/dialects/postgresql/base.py,base.py,python:S3776,HIGH,MAINTAINABILITY,CODE_SMELL,Refactor this function to reduce its Cognitive Complexity from 18 to the 15 allowed.,4778,8min,1.0,4.0,21.0,26.0,478.0,538.0,296.0,5008.0,C,E,32,12,1353,27,4.0,"FIXME: ugly hack to get out of transaction | NOTE: pg_index is used as from two times to improve performance, | NOTE: repeating oids clause improve query performance | it *might* be nice to include that this is 'btree' in the"
AZ4INX3DUdMD1-xUqr76,lib/sqlalchemy/dialects/postgresql/json.py,json.py,secrets:S6698,HIGH,SECURITY,VULNERABILITY,Make sure this PostgreSQL database password gets changed and removed from the code.,131,30min,0.0,1.0,0.0,1.0,19.0,8.0,0.0,333.0,A,E,5,2,59,81,,
AZ4INX3AUdMD1-xUqr74,lib/sqlalchemy/dialects/postgresql/pg8000.py,pg8000.py,secrets:S6698,HIGH,SECURITY,VULNERABILITY,Make sure this PostgreSQL database password gets changed and removed from the code.,55,30min,0.0,2.0,9.0,11.0,84.0,51.0,39.0,663.0,A,E,4,3,23,2,,
AZ4INX3AUdMD1-xUqr75,lib/sqlalchemy/dialects/postgresql/pg8000.py,pg8000.py,secrets:S6698,HIGH,SECURITY,VULNERABILITY,Make sure this PostgreSQL database password gets changed and removed from the code.,68,30min,0.0,2.0,9.0,11.0,84.0,51.0,39.0,663.0,A,E,4,3,23,2,,
AZ4INX3AUdMD1-xUqr7y,lib/sqlalchemy/dialects/postgresql/pg8000.py,pg8000.py,python:S1186,HIGH,MAINTAINABILITY,CODE_SMELL,"Add a nested comment explaining why this method is empty, or complete the implementation.",383,5min,0.0,2.0,9.0,11.0,84.0,51.0,39.0,663.0,A,E,4,3,23,2,,
AZ4INX3GUdMD1-xUqr8K,lib/sqlalchemy/dialects/postgresql/psycopg.py,psycopg.py,secrets:S6698,HIGH,SECURITY,VULNERABILITY,Make sure this PostgreSQL database password gets changed and removed from the code.,32,30min,0.0,3.0,15.0,18.0,123.0,66.0,60.0,777.0,A,E,9,4,166,2,,
AZ4INX3GUdMD1-xUqr8L,lib/sqlalchemy/dialects/postgresql/psycopg.py,psycopg.py,secrets:S6698,HIGH,SECURITY,VULNERABILITY,Make sure this PostgreSQL database password gets changed and removed from the code.,39,30min,0.0,3.0,15.0,18.0,123.0,66.0,60.0,777.0,A,E,9,4,166,2,,
AZ4INX3GUdMD1-xUqr8M,lib/sqlalchemy/dialects/postgresql/psycopg.py,psycopg.py,secrets:S6698,HIGH,SECURITY,VULNERABILITY,Make sure this PostgreSQL database password gets changed and removed from the code.,45,30min,0.0,3.0,15.0,18.0,123.0,66.0,60.0,777.0,A,E,9,4,166,2,,
AZ4INX3KUdMD1-xUqr8R,lib/sqlalchemy/dialects/postgresql/psycopg2.py,psycopg2.py,secrets:S6698,HIGH,SECURITY,VULNERABILITY,Make sure this PostgreSQL database password gets changed and removed from the code.,63,30min,0.0,5.0,4.0,9.0,67.0,51.0,17.0,887.0,A,E,3,2,34,2,,
AZ4INX3KUdMD1-xUqr8S,lib/sqlalchemy/dialects/postgresql/psycopg2.py,psycopg2.py,secrets:S6698,HIGH,SECURITY,VULNERABILITY,Make sure this PostgreSQL database password gets changed and removed from the code.,88,30min,0.0,5.0,4.0,9.0,67.0,51.0,17.0,887.0,A,E,3,2,34,2,,
AZ4INX3KUdMD1-xUqr8T,lib/sqlalchemy/dialects/postgresql/psycopg2.py,psycopg2.py,secrets:S6698,HIGH,SECURITY,VULNERABILITY,Make sure this PostgreSQL database password gets changed and removed from the code.,266,30min,0.0,5.0,4.0,9.0,67.0,51.0,17.0,887.0,A,E,3,2,34,2,,
AZ4INX3KUdMD1-xUqr8U,lib/sqlalchemy/dialects/postgresql/psycopg2.py,psycopg2.py,secrets:S6698,HIGH,SECURITY,VULNERABILITY,Make sure this PostgreSQL database password gets changed and removed from the code.,313,30min,0.0,5.0,4.0,9.0,67.0,51.0,17.0,887.0,A,E,3,2,34,2,,
AZ4INX3KUdMD1-xUqr8V,lib/sqlalchemy/dialects/postgresql/psycopg2.py,psycopg2.py,secrets:S6698,HIGH,SECURITY,VULNERABILITY,Make sure this PostgreSQL database password gets changed and removed from the code.,474,30min,0.0,5.0,4.0,9.0,67.0,51.0,17.0,887.0,A,E,3,2,34,2,,
AZ4INX3PUdMD1-xUqr8X,lib/sqlalchemy/dialects/postgresql/ranges.py,ranges.py,python:S3776,HIGH,MAINTAINABILITY,CODE_SMELL,Refactor this function to reduce its Cognitive Complexity from 60 to the 15 allowed.,210,50min,0.0,0.0,4.0,4.0,178.0,211.0,86.0,1030.0,A,A,4,2,49,116,,
AZ4INX3PUdMD1-xUqr8Y,lib/sqlalchemy/dialects/postgresql/ranges.py,ranges.py,python:S3776,HIGH,MAINTAINABILITY,CODE_SMELL,Refactor this function to reduce its Cognitive Complexity from 27 to the 15 allowed.,459,17min,0.0,0.0,4.0,4.0,178.0,211.0,86.0,1030.0,A,A,4,2,49,116,,
AZ4INX3PUdMD1-xUqr8Z,lib/sqlalchemy/dialects/postgresql/ranges.py,ranges.py,python:S3776,HIGH,MAINTAINABILITY,CODE_SMELL,Refactor this function to reduce its Cognitive Complexity from 24 to the 15 allowed.,577,14min,0.0,0.0,4.0,4.0,178.0,211.0,86.0,1030.0,A,A,4,2,49,116,,
AZ4INX2jUdMD1-xUqr6w,lib/sqlalchemy/dialects/sqlite/aiosqlite.py,aiosqlite.py,python:S1186,HIGH,MAINTAINABILITY,CODE_SMELL,"Add a nested comment explaining why this method is empty, or complete the implementation.",160,5min,0.0,0.0,12.0,12.0,53.0,38.0,51.0,397.0,A,A,7,3,159,2,1.0,"for improved stability, we instead invent our own awaitable version"
AZ4INX2jUdMD1-xUqr6t,lib/sqlalchemy/dialects/sqlite/aiosqlite.py,aiosqlite.py,python:S1192,HIGH,MAINTAINABILITY,CODE_SMELL,"Define a constant instead of duplicating this literal ""no active connection"" 3 times.",292,6min,0.0,0.0,12.0,12.0,53.0,38.0,51.0,397.0,A,A,7,3,159,2,1.0,"for improved stability, we instead invent our own awaitable version"
AZ4INX2cUdMD1-xUqr6e,lib/sqlalchemy/dialects/sqlite/base.py,base.py,python:S3776,HIGH,MAINTAINABILITY,CODE_SMELL,Refactor this function to reduce its Cognitive Complexity from 19 to the 15 allowed.,1464,9min,2.0,0.0,11.0,13.0,262.0,315.0,119.0,2807.0,C,A,18,10,569,2,11.0,"`sqlite3 SELECT does not BEGIN a transaction, but should according to spec <https://github.com/python/cpython/issues/54133>`_ - imported Python standard library issue on github | not recommended**.   While this is generally a bad idea for relational | Core and ORM queries that use UNION may not function properly**. | TODO: detect SQLite version 3.10.0 or greater; | this flag used by pysqlite dialect, and perhaps others in the | conversions (and perhaps datetime/time as well on some hypothetical | so parsing the columns is really about matching it up to what | Extract CHECK constraints by properly handling balanced parentheses | index. this could fail to extract the predicate correctly on | unless the regex is broken this case shouldn't happen | work around SQLite issue whereby cursor.description"
AZ4INX2cUdMD1-xUqr6f,lib/sqlalchemy/dialects/sqlite/base.py,base.py,python:S3776,HIGH,MAINTAINABILITY,CODE_SMELL,Refactor this function to reduce its Cognitive Complexity from 17 to the 15 allowed.,1540,7min,2.0,0.0,11.0,13.0,262.0,315.0,119.0,2807.0,C,A,18,10,569,2,11.0,"`sqlite3 SELECT does not BEGIN a transaction, but should according to spec <https://github.com/python/cpython/issues/54133>`_ - imported Python standard library issue on github | not recommended**.   While this is generally a bad idea for relational | Core and ORM queries that use UNION may not function properly**. | TODO: detect SQLite version 3.10.0 or greater; | this flag used by pysqlite dialect, and perhaps others in the | conversions (and perhaps datetime/time as well on some hypothetical | so parsing the columns is really about matching it up to what | Extract CHECK constraints by properly handling balanced parentheses | index. this could fail to extract the predicate correctly on | unless the regex is broken this case shouldn't happen | work around SQLite issue whereby cursor.description"
AZ4INX2cUdMD1-xUqr6b,lib/sqlalchemy/dialects/sqlite/base.py,base.py,python:S1192,HIGH,MAINTAINABILITY,CODE_SMELL,"Define a constant instead of duplicating this literal "" ON CONFLICT "" 5 times.",1558,10min,2.0,0.0,11.0,13.0,262.0,315.0,119.0,2807.0,C,A,18,10,569,2,11.0,"`sqlite3 SELECT does not BEGIN a transaction, but should according to spec <https://github.com/python/cpython/issues/54133>`_ - imported Python standard library issue on github | not recommended**.   While this is generally a bad idea for relational | Core and ORM queries that use UNION may not function properly**. | TODO: detect SQLite version 3.10.0 or greater; | this flag used by pysqlite dialect, and perhaps others in the | conversions (and perhaps datetime/time as well on some hypothetical | so parsing the columns is really about matching it up to what | Extract CHECK constraints by properly handling balanced parentheses | index. this could fail to extract the predicate correctly on | unless the regex is broken this case shouldn't happen | work around SQLite issue whereby cursor.description"
AZ4INX2cUdMD1-xUqr6j,lib/sqlalchemy/dialects/sqlite/base.py,base.py,python:S3776,HIGH,MAINTAINABILITY,CODE_SMELL,Refactor this function to reduce its Cognitive Complexity from 54 to the 15 allowed.,2391,44min,2.0,0.0,11.0,13.0,262.0,315.0,119.0,2807.0,C,A,18,10,569,2,11.0,"`sqlite3 SELECT does not BEGIN a transaction, but should according to spec <https://github.com/python/cpython/issues/54133>`_ - imported Python standard library issue on github | not recommended**.   While this is generally a bad idea for relational | Core and ORM queries that use UNION may not function properly**. | TODO: detect SQLite version 3.10.0 or greater; | this flag used by pysqlite dialect, and perhaps others in the | conversions (and perhaps datetime/time as well on some hypothetical | so parsing the columns is really about matching it up to what | Extract CHECK constraints by properly handling balanced parentheses | index. this could fail to extract the predicate correctly on | unless the regex is broken this case shouldn't happen | work around SQLite issue whereby cursor.description"
AZ4INX2cUdMD1-xUqr6q,lib/sqlalchemy/dialects/sqlite/base.py,base.py,python:S3776,HIGH,MAINTAINABILITY,CODE_SMELL,Refactor this function to reduce its Cognitive Complexity from 26 to the 15 allowed.,2655,16min,2.0,0.0,11.0,13.0,262.0,315.0,119.0,2807.0,C,A,18,10,569,2,11.0,"`sqlite3 SELECT does not BEGIN a transaction, but should according to spec <https://github.com/python/cpython/issues/54133>`_ - imported Python standard library issue on github | not recommended**.   While this is generally a bad idea for relational | Core and ORM queries that use UNION may not function properly**. | TODO: detect SQLite version 3.10.0 or greater; | this flag used by pysqlite dialect, and perhaps others in the | conversions (and perhaps datetime/time as well on some hypothetical | so parsing the columns is really about matching it up to what | Extract CHECK constraints by properly handling balanced parentheses | index. this could fail to extract the predicate correctly on | unless the regex is broken this case shouldn't happen | work around SQLite issue whereby cursor.description"
AZ4INX2YUdMD1-xUqr6W,lib/sqlalchemy/dialects/sqlite/provision.py,provision.py,python:S3776,HIGH,MAINTAINABILITY,CODE_SMELL,Refactor this function to reduce its Cognitive Complexity from 19 to the 15 allowed.,36,9min,0.0,0.0,7.0,7.0,33.0,37.0,26.0,199.0,A,A,3,1,39,95,2.0,TODO: I can't get this to build dynamically with pytest-xdist procs | apply SQLite savepoint workaround
AZ4INX2YUdMD1-xUqr6Y,lib/sqlalchemy/dialects/sqlite/provision.py,provision.py,python:S1186,HIGH,MAINTAINABILITY,CODE_SMELL,"Add a nested comment explaining why this function is empty, or complete the implementation.",145,5min,0.0,0.0,7.0,7.0,33.0,37.0,26.0,199.0,A,A,3,1,39,95,2.0,TODO: I can't get this to build dynamically with pytest-xdist procs | apply SQLite savepoint workaround
AZ4INX2pUdMD1-xUqr65,lib/sqlalchemy/dialects/sqlite/pysqlite.py,pysqlite.py,python:S1192,HIGH,MAINTAINABILITY,CODE_SMELL,"Define a constant instead of duplicating this literal "":memory:"" 3 times.",514,6min,0.0,0.0,7.0,7.0,59.0,46.0,36.0,757.0,A,A,7,4,206,2,,
AZ4INX2pUdMD1-xUqr6-,lib/sqlalchemy/dialects/sqlite/pysqlite.py,pysqlite.py,python:S1186,HIGH,MAINTAINABILITY,CODE_SMELL,"Add a nested comment explaining why this function is empty, or complete the implementation.",689,5min,0.0,0.0,7.0,7.0,59.0,46.0,36.0,757.0,A,A,7,4,206,2,,
AZ4INX5hUdMD1-xUqsAR,lib/sqlalchemy/engine/base.py,base.py,python:S5754,HIGH,MAINTAINABILITY,CODE_SMELL,Catch a more specific exception or reraise the exception,588,5min,0.0,1.0,22.0,23.0,364.0,381.0,219.0,3376.0,A,E,13,3,150,2,3.0,"legacy as of 2.0, should be eventually deprecated and | when there is really no reason for that; a connection that's | the other way this can work would be to transfer existing"
AZ4INX5hUdMD1-xUqsAS,lib/sqlalchemy/engine/base.py,base.py,python:S5754,HIGH,MAINTAINABILITY,CODE_SMELL,Catch a more specific exception or reraise the exception,634,5min,0.0,1.0,22.0,23.0,364.0,381.0,219.0,3376.0,A,E,13,3,150,2,3.0,"legacy as of 2.0, should be eventually deprecated and | when there is really no reason for that; a connection that's | the other way this can work would be to transfer existing"
AZ4INX5hUdMD1-xUqsAQ,lib/sqlalchemy/engine/base.py,base.py,python:S1192,HIGH,MAINTAINABILITY,CODE_SMELL,"Define a constant instead of duplicating this literal ""This Connection is closed"" 3 times.",680,6min,0.0,1.0,22.0,23.0,364.0,381.0,219.0,3376.0,A,E,13,3,150,2,3.0,"legacy as of 2.0, should be eventually deprecated and | when there is really no reason for that; a connection that's | the other way this can work would be to transfer existing"
AZ4INX5hUdMD1-xUqsAT,lib/sqlalchemy/engine/base.py,base.py,python:S5754,HIGH,MAINTAINABILITY,CODE_SMELL,Catch a more specific exception or reraise the exception,1108,5min,0.0,1.0,22.0,23.0,364.0,381.0,219.0,3376.0,A,E,13,3,150,2,3.0,"legacy as of 2.0, should be eventually deprecated and | when there is really no reason for that; a connection that's | the other way this can work would be to transfer existing"
AZ4INX5hUdMD1-xUqsAU,lib/sqlalchemy/engine/base.py,base.py,python:S5754,HIGH,MAINTAINABILITY,CODE_SMELL,Catch a more specific exception or reraise the exception,1128,5min,0.0,1.0,22.0,23.0,364.0,381.0,219.0,3376.0,A,E,13,3,150,2,3.0,"legacy as of 2.0, should be eventually deprecated and | when there is really no reason for that; a connection that's | the other way this can work would be to transfer existing"
AZ4INX5hUdMD1-xUqsAV,lib/sqlalchemy/engine/base.py,base.py,python:S5754,HIGH,MAINTAINABILITY,CODE_SMELL,Catch a more specific exception or reraise the exception,1145,5min,0.0,1.0,22.0,23.0,364.0,381.0,219.0,3376.0,A,E,13,3,150,2,3.0,"legacy as of 2.0, should be eventually deprecated and | when there is really no reason for that; a connection that's | the other way this can work would be to transfer existing"
AZ4INX5hUdMD1-xUqsAW,lib/sqlalchemy/engine/base.py,base.py,python:S5754,HIGH,MAINTAINABILITY,CODE_SMELL,Catch a more specific exception or reraise the exception,1180,5min,0.0,1.0,22.0,23.0,364.0,381.0,219.0,3376.0,A,E,13,3,150,2,3.0,"legacy as of 2.0, should be eventually deprecated and | when there is really no reason for that; a connection that's | the other way this can work would be to transfer existing"
AZ4INX5hUdMD1-xUqsAX,lib/sqlalchemy/engine/base.py,base.py,python:S5754,HIGH,MAINTAINABILITY,CODE_SMELL,Catch a more specific exception or reraise the exception,1192,5min,0.0,1.0,22.0,23.0,364.0,381.0,219.0,3376.0,A,E,13,3,150,2,3.0,"legacy as of 2.0, should be eventually deprecated and | when there is really no reason for that; a connection that's | the other way this can work would be to transfer existing"
AZ4INX5hUdMD1-xUqsAY,lib/sqlalchemy/engine/base.py,base.py,python:S5754,HIGH,MAINTAINABILITY,CODE_SMELL,Catch a more specific exception or reraise the exception,1205,5min,0.0,1.0,22.0,23.0,364.0,381.0,219.0,3376.0,A,E,13,3,150,2,3.0,"legacy as of 2.0, should be eventually deprecated and | when there is really no reason for that; a connection that's | the other way this can work would be to transfer existing"
AZ4INX5hUdMD1-xUqsAZ,lib/sqlalchemy/engine/base.py,base.py,python:S5754,HIGH,MAINTAINABILITY,CODE_SMELL,Catch a more specific exception or reraise the exception,1215,5min,0.0,1.0,22.0,23.0,364.0,381.0,219.0,3376.0,A,E,13,3,150,2,3.0,"legacy as of 2.0, should be eventually deprecated and | when there is really no reason for that; a connection that's | the other way this can work would be to transfer existing"
AZ4INX5hUdMD1-xUqsAa,lib/sqlalchemy/engine/base.py,base.py,python:S5754,HIGH,MAINTAINABILITY,CODE_SMELL,Catch a more specific exception or reraise the exception,1478,5min,0.0,1.0,22.0,23.0,364.0,381.0,219.0,3376.0,A,E,13,3,150,2,3.0,"legacy as of 2.0, should be eventually deprecated and | when there is really no reason for that; a connection that's | the other way this can work would be to transfer existing"
AZ4INX5hUdMD1-xUqsAb,lib/sqlalchemy/engine/base.py,base.py,python:S5754,HIGH,MAINTAINABILITY,CODE_SMELL,Catch a more specific exception or reraise the exception,1820,5min,0.0,1.0,22.0,23.0,364.0,381.0,219.0,3376.0,A,E,13,3,150,2,3.0,"legacy as of 2.0, should be eventually deprecated and | when there is really no reason for that; a connection that's | the other way this can work would be to transfer existing"
AZ4INX5hUdMD1-xUqsAc,lib/sqlalchemy/engine/base.py,base.py,python:S3776,HIGH,MAINTAINABILITY,CODE_SMELL,Refactor this function to reduce its Cognitive Complexity from 56 to the 15 allowed.,1850,46min,0.0,1.0,22.0,23.0,364.0,381.0,219.0,3376.0,A,E,13,3,150,2,3.0,"legacy as of 2.0, should be eventually deprecated and | when there is really no reason for that; a connection that's | the other way this can work would be to transfer existing"
AZ4INX5hUdMD1-xUqsAd,lib/sqlalchemy/engine/base.py,base.py,python:S5754,HIGH,MAINTAINABILITY,CODE_SMELL,Catch a more specific exception or reraise the exception,1869,5min,0.0,1.0,22.0,23.0,364.0,381.0,219.0,3376.0,A,E,13,3,150,2,3.0,"legacy as of 2.0, should be eventually deprecated and | when there is really no reason for that; a connection that's | the other way this can work would be to transfer existing"
AZ4INX5hUdMD1-xUqsAe,lib/sqlalchemy/engine/base.py,base.py,python:S5754,HIGH,MAINTAINABILITY,CODE_SMELL,Catch a more specific exception or reraise the exception,1985,5min,0.0,1.0,22.0,23.0,364.0,381.0,219.0,3376.0,A,E,13,3,150,2,3.0,"legacy as of 2.0, should be eventually deprecated and | when there is really no reason for that; a connection that's | the other way this can work would be to transfer existing"
AZ4INX5hUdMD1-xUqsAf,lib/sqlalchemy/engine/base.py,base.py,python:S3776,HIGH,MAINTAINABILITY,CODE_SMELL,Refactor this function to reduce its Cognitive Complexity from 47 to the 15 allowed.,1992,37min,0.0,1.0,22.0,23.0,364.0,381.0,219.0,3376.0,A,E,13,3,150,2,3.0,"legacy as of 2.0, should be eventually deprecated and | when there is really no reason for that; a connection that's | the other way this can work would be to transfer existing"
AZ4INX5hUdMD1-xUqsAg,lib/sqlalchemy/engine/base.py,base.py,python:S5754,HIGH,MAINTAINABILITY,CODE_SMELL,Catch a more specific exception or reraise the exception,2048,5min,0.0,1.0,22.0,23.0,364.0,381.0,219.0,3376.0,A,E,13,3,150,2,3.0,"legacy as of 2.0, should be eventually deprecated and | when there is really no reason for that; a connection that's | the other way this can work would be to transfer existing"
AZ4INX5hUdMD1-xUqsAh,lib/sqlalchemy/engine/base.py,base.py,python:S5754,HIGH,MAINTAINABILITY,CODE_SMELL,Catch a more specific exception or reraise the exception,2125,5min,0.0,1.0,22.0,23.0,364.0,381.0,219.0,3376.0,A,E,13,3,150,2,3.0,"legacy as of 2.0, should be eventually deprecated and | when there is really no reason for that; a connection that's | the other way this can work would be to transfer existing"
AZ4INX5hUdMD1-xUqsAi,lib/sqlalchemy/engine/base.py,base.py,python:S5754,HIGH,MAINTAINABILITY,CODE_SMELL,Catch a more specific exception or reraise the exception,2156,5min,0.0,1.0,22.0,23.0,364.0,381.0,219.0,3376.0,A,E,13,3,150,2,3.0,"legacy as of 2.0, should be eventually deprecated and | when there is really no reason for that; a connection that's | the other way this can work would be to transfer existing"
AZ4INX5hUdMD1-xUqsAj,lib/sqlalchemy/engine/base.py,base.py,python:S5754,HIGH,MAINTAINABILITY,CODE_SMELL,Catch a more specific exception or reraise the exception,2199,5min,0.0,1.0,22.0,23.0,364.0,381.0,219.0,3376.0,A,E,13,3,150,2,3.0,"legacy as of 2.0, should be eventually deprecated and | when there is really no reason for that; a connection that's | the other way this can work would be to transfer existing"
AZ4INX5hUdMD1-xUqsAk,lib/sqlalchemy/engine/base.py,base.py,python:S3776,HIGH,MAINTAINABILITY,CODE_SMELL,Refactor this function to reduce its Cognitive Complexity from 44 to the 15 allowed.,2225,34min,0.0,1.0,22.0,23.0,364.0,381.0,219.0,3376.0,A,E,13,3,150,2,3.0,"legacy as of 2.0, should be eventually deprecated and | when there is really no reason for that; a connection that's | the other way this can work would be to transfer existing"
AZ4INX5hUdMD1-xUqsAl,lib/sqlalchemy/engine/base.py,base.py,python:S3776,HIGH,MAINTAINABILITY,CODE_SMELL,Refactor this function to reduce its Cognitive Complexity from 21 to the 15 allowed.,2371,11min,0.0,1.0,22.0,23.0,364.0,381.0,219.0,3376.0,A,E,13,3,150,2,3.0,"legacy as of 2.0, should be eventually deprecated and | when there is really no reason for that; a connection that's | the other way this can work would be to transfer existing"
AZ4INX5hUdMD1-xUqsAm,lib/sqlalchemy/engine/base.py,base.py,secrets:S6698,HIGH,SECURITY,VULNERABILITY,Make sure this PostgreSQL database password gets changed and removed from the code.,2517,30min,0.0,1.0,22.0,23.0,364.0,381.0,219.0,3376.0,A,E,13,3,150,2,3.0,"legacy as of 2.0, should be eventually deprecated and | when there is really no reason for that; a connection that's | the other way this can work would be to transfer existing"
AZ4INX5UUdMD1-xUqsAJ,lib/sqlalchemy/engine/characteristics.py,characteristics.py,python:S1186,HIGH,MAINTAINABILITY,CODE_SMELL,"Add a nested comment explaining why this method is empty, or complete the implementation.",125,5min,0.0,0.0,3.0,3.0,15.0,3.0,15.0,156.0,A,A,1,1,2,116,,
AZ4INX5IUdMD1-xUqr_6,lib/sqlalchemy/engine/create.py,create.py,python:S3776,HIGH,MAINTAINABILITY,CODE_SMELL,Refactor this function to reduce its Cognitive Complexity from 72 to the 15 allowed.,116,1h2min,0.0,2.0,2.0,4.0,53.0,76.0,82.0,876.0,A,E,7,3,74,2,,
AZ4INX5IUdMD1-xUqr_7,lib/sqlalchemy/engine/create.py,create.py,secrets:S6698,HIGH,SECURITY,VULNERABILITY,Make sure this PostgreSQL database password gets changed and removed from the code.,123,30min,0.0,2.0,2.0,4.0,53.0,76.0,82.0,876.0,A,E,7,3,74,2,,
AZ4INX5IUdMD1-xUqr_8,lib/sqlalchemy/engine/create.py,create.py,secrets:S6697,HIGH,SECURITY,VULNERABILITY,Make sure this MySQL database password gets changed and removed from the code.,136,30min,0.0,2.0,2.0,4.0,53.0,76.0,82.0,876.0,A,E,7,3,74,2,,
AZ4INX5FUdMD1-xUqr_p,lib/sqlalchemy/engine/cursor.py,cursor.py,python:S3776,HIGH,MAINTAINABILITY,CODE_SMELL,Refactor this function to reduce its Cognitive Complexity from 22 to the 15 allowed.,347,12min,0.0,0.0,18.0,18.0,209.0,189.0,82.0,2182.0,A,A,10,4,552,2,8.0,"TODO: need unit test for: | 1. originally, it was used to fix an issue in very old SQLite | TODO: can consider pre-loading ints and negative ints | TODO: consider serializing this as SimpleResultMetaData | TODO: test this case | all result rows are exhausted using the fetchXXX() methods. | TODO: if these are Row objects, can we save on not having to | what's actually happening right now?  maybe look into this"
AZ4INX5FUdMD1-xUqr_t,lib/sqlalchemy/engine/cursor.py,cursor.py,python:S1186,HIGH,MAINTAINABILITY,CODE_SMELL,"Add a nested comment explaining why this method is empty, or complete the implementation.",992,5min,0.0,0.0,18.0,18.0,209.0,189.0,82.0,2182.0,A,A,10,4,552,2,8.0,"TODO: need unit test for: | 1. originally, it was used to fix an issue in very old SQLite | TODO: can consider pre-loading ints and negative ints | TODO: consider serializing this as SimpleResultMetaData | TODO: test this case | all result rows are exhausted using the fetchXXX() methods. | TODO: if these are Row objects, can we save on not having to | what's actually happening right now?  maybe look into this"
AZ4INX5FUdMD1-xUqr_u,lib/sqlalchemy/engine/cursor.py,cursor.py,python:S1186,HIGH,MAINTAINABILITY,CODE_SMELL,"Add a nested comment explaining why this method is empty, or complete the implementation.",995,5min,0.0,0.0,18.0,18.0,209.0,189.0,82.0,2182.0,A,A,10,4,552,2,8.0,"TODO: need unit test for: | 1. originally, it was used to fix an issue in very old SQLite | TODO: can consider pre-loading ints and negative ints | TODO: consider serializing this as SimpleResultMetaData | TODO: test this case | all result rows are exhausted using the fetchXXX() methods. | TODO: if these are Row objects, can we save on not having to | what's actually happening right now?  maybe look into this"
AZ4INX5FUdMD1-xUqr_v,lib/sqlalchemy/engine/cursor.py,cursor.py,python:S5754,HIGH,MAINTAINABILITY,CODE_SMELL,Catch a more specific exception or reraise the exception,1109,5min,0.0,0.0,18.0,18.0,209.0,189.0,82.0,2182.0,A,A,10,4,552,2,8.0,"TODO: need unit test for: | 1. originally, it was used to fix an issue in very old SQLite | TODO: can consider pre-loading ints and negative ints | TODO: consider serializing this as SimpleResultMetaData | TODO: test this case | all result rows are exhausted using the fetchXXX() methods. | TODO: if these are Row objects, can we save on not having to | what's actually happening right now?  maybe look into this"
AZ4INX5FUdMD1-xUqr_w,lib/sqlalchemy/engine/cursor.py,cursor.py,python:S5754,HIGH,MAINTAINABILITY,CODE_SMELL,Catch a more specific exception or reraise the exception,1127,5min,0.0,0.0,18.0,18.0,209.0,189.0,82.0,2182.0,A,A,10,4,552,2,8.0,"TODO: need unit test for: | 1. originally, it was used to fix an issue in very old SQLite | TODO: can consider pre-loading ints and negative ints | TODO: consider serializing this as SimpleResultMetaData | TODO: test this case | all result rows are exhausted using the fetchXXX() methods. | TODO: if these are Row objects, can we save on not having to | what's actually happening right now?  maybe look into this"
AZ4INX5FUdMD1-xUqr_x,lib/sqlalchemy/engine/cursor.py,cursor.py,python:S5754,HIGH,MAINTAINABILITY,CODE_SMELL,Catch a more specific exception or reraise the exception,1139,5min,0.0,0.0,18.0,18.0,209.0,189.0,82.0,2182.0,A,A,10,4,552,2,8.0,"TODO: need unit test for: | 1. originally, it was used to fix an issue in very old SQLite | TODO: can consider pre-loading ints and negative ints | TODO: consider serializing this as SimpleResultMetaData | TODO: test this case | all result rows are exhausted using the fetchXXX() methods. | TODO: if these are Row objects, can we save on not having to | what's actually happening right now?  maybe look into this"
AZ4INX5FUdMD1-xUqr_y,lib/sqlalchemy/engine/cursor.py,cursor.py,python:S5754,HIGH,MAINTAINABILITY,CODE_SMELL,Catch a more specific exception or reraise the exception,1212,5min,0.0,0.0,18.0,18.0,209.0,189.0,82.0,2182.0,A,A,10,4,552,2,8.0,"TODO: need unit test for: | 1. originally, it was used to fix an issue in very old SQLite | TODO: can consider pre-loading ints and negative ints | TODO: consider serializing this as SimpleResultMetaData | TODO: test this case | all result rows are exhausted using the fetchXXX() methods. | TODO: if these are Row objects, can we save on not having to | what's actually happening right now?  maybe look into this"
AZ4INX5FUdMD1-xUqr_z,lib/sqlalchemy/engine/cursor.py,cursor.py,python:S5754,HIGH,MAINTAINABILITY,CODE_SMELL,Catch a more specific exception or reraise the exception,1241,5min,0.0,0.0,18.0,18.0,209.0,189.0,82.0,2182.0,A,A,10,4,552,2,8.0,"TODO: need unit test for: | 1. originally, it was used to fix an issue in very old SQLite | TODO: can consider pre-loading ints and negative ints | TODO: consider serializing this as SimpleResultMetaData | TODO: test this case | all result rows are exhausted using the fetchXXX() methods. | TODO: if these are Row objects, can we save on not having to | what's actually happening right now?  maybe look into this"
AZ4INX5FUdMD1-xUqr_0,lib/sqlalchemy/engine/cursor.py,cursor.py,python:S5754,HIGH,MAINTAINABILITY,CODE_SMELL,Catch a more specific exception or reraise the exception,1256,5min,0.0,0.0,18.0,18.0,209.0,189.0,82.0,2182.0,A,A,10,4,552,2,8.0,"TODO: need unit test for: | 1. originally, it was used to fix an issue in very old SQLite | TODO: can consider pre-loading ints and negative ints | TODO: consider serializing this as SimpleResultMetaData | TODO: test this case | all result rows are exhausted using the fetchXXX() methods. | TODO: if these are Row objects, can we save on not having to | what's actually happening right now?  maybe look into this"
AZ4INX5FUdMD1-xUqr_1,lib/sqlalchemy/engine/cursor.py,cursor.py,python:S5754,HIGH,MAINTAINABILITY,CODE_SMELL,Catch a more specific exception or reraise the exception,1276,5min,0.0,0.0,18.0,18.0,209.0,189.0,82.0,2182.0,A,A,10,4,552,2,8.0,"TODO: need unit test for: | 1. originally, it was used to fix an issue in very old SQLite | TODO: can consider pre-loading ints and negative ints | TODO: consider serializing this as SimpleResultMetaData | TODO: test this case | all result rows are exhausted using the fetchXXX() methods. | TODO: if these are Row objects, can we save on not having to | what's actually happening right now?  maybe look into this"
AZ4INX5FUdMD1-xUqr_2,lib/sqlalchemy/engine/cursor.py,cursor.py,python:S1186,HIGH,MAINTAINABILITY,CODE_SMELL,"Add a nested comment explaining why this method is empty, or complete the implementation.",1300,5min,0.0,0.0,18.0,18.0,209.0,189.0,82.0,2182.0,A,A,10,4,552,2,8.0,"TODO: need unit test for: | 1. originally, it was used to fix an issue in very old SQLite | TODO: can consider pre-loading ints and negative ints | TODO: consider serializing this as SimpleResultMetaData | TODO: test this case | all result rows are exhausted using the fetchXXX() methods. | TODO: if these are Row objects, can we save on not having to | what's actually happening right now?  maybe look into this"
AZ4INX5FUdMD1-xUqr_n,lib/sqlalchemy/engine/cursor.py,cursor.py,python:S1192,HIGH,MAINTAINABILITY,CODE_SMELL,"Define a constant instead of duplicating this literal ""Statement is not a compiled expression construct."" 5 times.",1617,10min,0.0,0.0,18.0,18.0,209.0,189.0,82.0,2182.0,A,A,10,4,552,2,8.0,"TODO: need unit test for: | 1. originally, it was used to fix an issue in very old SQLite | TODO: can consider pre-loading ints and negative ints | TODO: consider serializing this as SimpleResultMetaData | TODO: test this case | all result rows are exhausted using the fetchXXX() methods. | TODO: if these are Row objects, can we save on not having to | what's actually happening right now?  maybe look into this"
AZ4INX5FUdMD1-xUqr_4,lib/sqlalchemy/engine/cursor.py,cursor.py,python:S5754,HIGH,MAINTAINABILITY,CODE_SMELL,Catch a more specific exception or reraise the exception,2077,5min,0.0,0.0,18.0,18.0,209.0,189.0,82.0,2182.0,A,A,10,4,552,2,8.0,"TODO: need unit test for: | 1. originally, it was used to fix an issue in very old SQLite | TODO: can consider pre-loading ints and negative ints | TODO: consider serializing this as SimpleResultMetaData | TODO: test this case | all result rows are exhausted using the fetchXXX() methods. | TODO: if these are Row objects, can we save on not having to | what's actually happening right now?  maybe look into this"
AZ4INX5vUdMD1-xUqsAz,lib/sqlalchemy/engine/default.py,default.py,python:S1186,HIGH,MAINTAINABILITY,CODE_SMELL,"Add a nested comment explaining why this method is empty, or complete the implementation.",695,5min,0.0,0.0,17.0,17.0,313.0,398.0,215.0,2366.0,A,A,12,6,65,54,2.0,TODO: this is not to be part of 2.0.  implement rudimentary binary | slightly inconsistent with the approach taken as of
AZ4INX5vUdMD1-xUqsA1,lib/sqlalchemy/engine/default.py,default.py,python:S3776,HIGH,MAINTAINABILITY,CODE_SMELL,Refactor this function to reduce its Cognitive Complexity from 48 to the 15 allowed.,765,38min,0.0,0.0,17.0,17.0,313.0,398.0,215.0,2366.0,A,A,12,6,65,54,2.0,TODO: this is not to be part of 2.0.  implement rudimentary binary | slightly inconsistent with the approach taken as of
AZ4INX5vUdMD1-xUqsA2,lib/sqlalchemy/engine/default.py,default.py,python:S5754,HIGH,MAINTAINABILITY,CODE_SMELL,Catch a more specific exception or reraise the exception,825,5min,0.0,0.0,17.0,17.0,313.0,398.0,215.0,2366.0,A,A,12,6,65,54,2.0,TODO: this is not to be part of 2.0.  implement rudimentary binary | slightly inconsistent with the approach taken as of
AZ4INX5vUdMD1-xUqsA3,lib/sqlalchemy/engine/default.py,default.py,python:S3776,HIGH,MAINTAINABILITY,CODE_SMELL,Refactor this function to reduce its Cognitive Complexity from 30 to the 15 allowed.,1055,20min,0.0,0.0,17.0,17.0,313.0,398.0,215.0,2366.0,A,A,12,6,65,54,2.0,TODO: this is not to be part of 2.0.  implement rudimentary binary | slightly inconsistent with the approach taken as of
AZ4INX5vUdMD1-xUqsA4,lib/sqlalchemy/engine/default.py,default.py,python:S3776,HIGH,MAINTAINABILITY,CODE_SMELL,Refactor this function to reduce its Cognitive Complexity from 67 to the 15 allowed.,1294,57min,0.0,0.0,17.0,17.0,313.0,398.0,215.0,2366.0,A,A,12,6,65,54,2.0,TODO: this is not to be part of 2.0.  implement rudimentary binary | slightly inconsistent with the approach taken as of
AZ4INX5vUdMD1-xUqsA5,lib/sqlalchemy/engine/default.py,default.py,python:S1186,HIGH,MAINTAINABILITY,CODE_SMELL,"Add a nested comment explaining why this method is empty, or complete the implementation.",1763,5min,0.0,0.0,17.0,17.0,313.0,398.0,215.0,2366.0,A,A,12,6,65,54,2.0,TODO: this is not to be part of 2.0.  implement rudimentary binary | slightly inconsistent with the approach taken as of
AZ4INX5vUdMD1-xUqsA6,lib/sqlalchemy/engine/default.py,default.py,python:S1186,HIGH,MAINTAINABILITY,CODE_SMELL,"Add a nested comment explaining why this method is empty, or complete the implementation.",1771,5min,0.0,0.0,17.0,17.0,313.0,398.0,215.0,2366.0,A,A,12,6,65,54,2.0,TODO: this is not to be part of 2.0.  implement rudimentary binary | slightly inconsistent with the approach taken as of
AZ4INX5vUdMD1-xUqsA8,lib/sqlalchemy/engine/default.py,default.py,python:S1186,HIGH,MAINTAINABILITY,CODE_SMELL,"Add a nested comment explaining why this method is empty, or complete the implementation.",1803,5min,0.0,0.0,17.0,17.0,313.0,398.0,215.0,2366.0,A,A,12,6,65,54,2.0,TODO: this is not to be part of 2.0.  implement rudimentary binary | slightly inconsistent with the approach taken as of
AZ4INX5vUdMD1-xUqsA9,lib/sqlalchemy/engine/default.py,default.py,python:S3776,HIGH,MAINTAINABILITY,CODE_SMELL,Refactor this function to reduce its Cognitive Complexity from 34 to the 15 allowed.,1893,24min,0.0,0.0,17.0,17.0,313.0,398.0,215.0,2366.0,A,A,12,6,65,54,2.0,TODO: this is not to be part of 2.0.  implement rudimentary binary | slightly inconsistent with the approach taken as of
AZ4INX5vUdMD1-xUqsA_,lib/sqlalchemy/engine/default.py,default.py,python:S3776,HIGH,MAINTAINABILITY,CODE_SMELL,Refactor this function to reduce its Cognitive Complexity from 30 to the 15 allowed.,2045,20min,0.0,0.0,17.0,17.0,313.0,398.0,215.0,2366.0,A,A,12,6,65,54,2.0,TODO: this is not to be part of 2.0.  implement rudimentary binary | slightly inconsistent with the approach taken as of
AZ4INX5vUdMD1-xUqsBB,lib/sqlalchemy/engine/default.py,default.py,python:S3776,HIGH,MAINTAINABILITY,CODE_SMELL,Refactor this function to reduce its Cognitive Complexity from 16 to the 15 allowed.,2310,6min,0.0,0.0,17.0,17.0,313.0,398.0,215.0,2366.0,A,A,12,6,65,54,2.0,TODO: this is not to be part of 2.0.  implement rudimentary binary | slightly inconsistent with the approach taken as of
AZ4INX5dUdMD1-xUqsAP,lib/sqlalchemy/engine/events.py,events.py,secrets:S6698,HIGH,SECURITY,VULNERABILITY,Make sure this PostgreSQL database password gets changed and removed from the code.,61,30min,0.0,1.0,2.0,3.0,39.0,19.0,0.0,952.0,A,E,2,2,4,116,2.0,"TODO: deprecate ""context"" | TODO: deprecate ""context"""
AZ4INX5SUdMD1-xUqsAD,lib/sqlalchemy/engine/interfaces.py,interfaces.py,secrets:S6697,HIGH,SECURITY,VULNERABILITY,Make sure this MySQL database password gets changed and removed from the code.,2731,30min,0.0,4.0,0.0,4.0,122.0,2.0,0.0,3404.0,A,E,9,7,124,20,,
AZ4INX5SUdMD1-xUqsAE,lib/sqlalchemy/engine/interfaces.py,interfaces.py,secrets:S6697,HIGH,SECURITY,VULNERABILITY,Make sure this MySQL database password gets changed and removed from the code.,2740,30min,0.0,4.0,0.0,4.0,122.0,2.0,0.0,3404.0,A,E,9,7,124,20,,
AZ4INX5SUdMD1-xUqsAF,lib/sqlalchemy/engine/interfaces.py,interfaces.py,secrets:S6697,HIGH,SECURITY,VULNERABILITY,Make sure this MySQL database password gets changed and removed from the code.,2747,30min,0.0,4.0,0.0,4.0,122.0,2.0,0.0,3404.0,A,E,9,7,124,20,,
AZ4INX5SUdMD1-xUqsAG,lib/sqlalchemy/engine/interfaces.py,interfaces.py,secrets:S6697,HIGH,SECURITY,VULNERABILITY,Make sure this MySQL database password gets changed and removed from the code.,2785,30min,0.0,4.0,0.0,4.0,122.0,2.0,0.0,3404.0,A,E,9,7,124,20,,
AZ4INX5MUdMD1-xUqr_9,lib/sqlalchemy/engine/reflection.py,reflection.py,python:S5720,HIGH,MAINTAINABILITY,CODE_SMELL,"Rename ""bind"" to ""self"" or add the missing ""self"" parameter.",311,5min,0.0,0.0,6.0,6.0,159.0,172.0,66.0,2099.0,A,A,2,2,3,2,1.0,simple heuristic to improve reflection performance if a
AZ4INX5MUdMD1-xUqr_-,lib/sqlalchemy/engine/reflection.py,reflection.py,python:S5720,HIGH,MAINTAINABILITY,CODE_SMELL,"Rename ""bind"" to ""self"" or add the missing ""self"" parameter.",315,5min,0.0,0.0,6.0,6.0,159.0,172.0,66.0,2099.0,A,A,2,2,3,2,1.0,simple heuristic to improve reflection performance if a
AZ4INX5MUdMD1-xUqsAA,lib/sqlalchemy/engine/reflection.py,reflection.py,python:S3776,HIGH,MAINTAINABILITY,CODE_SMELL,Refactor this function to reduce its Cognitive Complexity from 28 to the 15 allowed.,1724,18min,0.0,0.0,6.0,6.0,159.0,172.0,66.0,2099.0,A,A,2,2,3,2,1.0,simple heuristic to improve reflection performance if a
AZ4INX5MUdMD1-xUqsAB,lib/sqlalchemy/engine/reflection.py,reflection.py,python:S3776,HIGH,MAINTAINABILITY,CODE_SMELL,Refactor this function to reduce its Cognitive Complexity from 35 to the 15 allowed.,1820,25min,0.0,0.0,6.0,6.0,159.0,172.0,66.0,2099.0,A,A,2,2,3,2,1.0,simple heuristic to improve reflection performance if a
AZ4INX5MUdMD1-xUqsAC,lib/sqlalchemy/engine/reflection.py,reflection.py,python:S3776,HIGH,MAINTAINABILITY,CODE_SMELL,Refactor this function to reduce its Cognitive Complexity from 21 to the 15 allowed.,1959,11min,0.0,0.0,6.0,6.0,159.0,172.0,66.0,2099.0,A,A,2,2,3,2,1.0,simple heuristic to improve reflection performance if a
AZ4INX5qUdMD1-xUqsAn,lib/sqlalchemy/engine/result.py,result.py,python:S1192,HIGH,MAINTAINABILITY,CODE_SMELL,"Define a constant instead of duplicating this literal ""Result[Any]"" 5 times.",447,10min,1.0,0.0,8.0,9.0,302.0,287.0,152.0,2383.0,E,A,8,4,583,53,2.0,TODO: are we freezing the result with or without uniqueness | TODO: this throws away the iterator which may be holding
AZ4INX5qUdMD1-xUqsAp,lib/sqlalchemy/engine/result.py,result.py,python:S3776,HIGH,MAINTAINABILITY,CODE_SMELL,Refactor this function to reduce its Cognitive Complexity from 32 to the 15 allowed.,503,22min,1.0,0.0,8.0,9.0,302.0,287.0,152.0,2383.0,E,A,8,4,583,53,2.0,TODO: are we freezing the result with or without uniqueness | TODO: this throws away the iterator which may be holding
AZ4INX5qUdMD1-xUqsAq,lib/sqlalchemy/engine/result.py,result.py,python:S3776,HIGH,MAINTAINABILITY,CODE_SMELL,Refactor this function to reduce its Cognitive Complexity from 43 to the 15 allowed.,581,33min,1.0,0.0,8.0,9.0,302.0,287.0,152.0,2383.0,E,A,8,4,583,53,2.0,TODO: are we freezing the result with or without uniqueness | TODO: this throws away the iterator which may be holding
AZ4INX5qUdMD1-xUqsAr,lib/sqlalchemy/engine/result.py,result.py,python:S3776,HIGH,MAINTAINABILITY,CODE_SMELL,Refactor this function to reduce its Cognitive Complexity from 46 to the 15 allowed.,627,36min,1.0,0.0,8.0,9.0,302.0,287.0,152.0,2383.0,E,A,8,4,583,53,2.0,TODO: are we freezing the result with or without uniqueness | TODO: this throws away the iterator which may be holding
AZ4INX5qUdMD1-xUqsAt,lib/sqlalchemy/engine/result.py,result.py,python:S3776,HIGH,MAINTAINABILITY,CODE_SMELL,Refactor this function to reduce its Cognitive Complexity from 56 to the 15 allowed.,741,46min,1.0,0.0,8.0,9.0,302.0,287.0,152.0,2383.0,E,A,8,4,583,53,2.0,TODO: are we freezing the result with or without uniqueness | TODO: this throws away the iterator which may be holding
AZ4INX5qUdMD1-xUqsAu,lib/sqlalchemy/engine/result.py,result.py,python:S2876,HIGH,RELIABILITY,BUG,Return an object complying with iterator protocol. Consider explicitly raising a NotImplementedError if this class is not (yet) meant to support this method.,1875,10min,1.0,0.0,8.0,9.0,302.0,287.0,152.0,2383.0,E,A,8,4,583,53,2.0,TODO: are we freezing the result with or without uniqueness | TODO: this throws away the iterator which may be holding
AZ4INX5CUdMD1-xUqr_i,lib/sqlalchemy/engine/url.py,url.py,python:S3776,HIGH,MAINTAINABILITY,CODE_SMELL,Refactor this function to reduce its Cognitive Complexity from 17 to the 15 allowed.,397,7min,1.0,0.0,4.0,5.0,100.0,110.0,29.0,911.0,B,A,1,1,2,116,,
AZ4INX5CUdMD1-xUqr_k,lib/sqlalchemy/engine/url.py,url.py,python:S3776,HIGH,MAINTAINABILITY,CODE_SMELL,Refactor this function to reduce its Cognitive Complexity from 20 to the 15 allowed.,853,10min,1.0,0.0,4.0,5.0,100.0,110.0,29.0,911.0,B,A,1,1,2,116,,
AZ4INX5YUdMD1-xUqsAL,lib/sqlalchemy/engine/util.py,util.py,python:S3776,HIGH,MAINTAINABILITY,CODE_SMELL,Refactor this function to reduce its Cognitive Complexity from 22 to the 15 allowed.,129,12min,0.0,0.0,3.0,3.0,25.0,30.0,22.0,168.0,A,A,1,1,2,116,,
AZ4INX5YUdMD1-xUqsAM,lib/sqlalchemy/engine/util.py,util.py,python:S5754,HIGH,MAINTAINABILITY,CODE_SMELL,Specify an exception class to catch or reraise the exception,146,5min,0.0,0.0,3.0,3.0,25.0,30.0,22.0,168.0,A,A,1,1,2,116,,
AZ4INYCXUdMD1-xUqsS3,lib/sqlalchemy/event/attr.py,attr.py,python:S1186,HIGH,MAINTAINABILITY,CODE_SMELL,"Add a nested comment explaining why this method is empty, or complete the implementation.",85,5min,1.0,0.0,8.0,9.0,117.0,64.0,40.0,656.0,E,A,3,3,52,2,1.0,"first error, I don't really understand:"
AZ4INYCXUdMD1-xUqsS4,lib/sqlalchemy/event/attr.py,attr.py,python:S1186,HIGH,MAINTAINABILITY,CODE_SMELL,"Add a nested comment explaining why this method is empty, or complete the implementation.",88,5min,1.0,0.0,8.0,9.0,117.0,64.0,40.0,656.0,E,A,3,3,52,2,1.0,"first error, I don't really understand:"
AZ4INYCXUdMD1-xUqsS5,lib/sqlalchemy/event/attr.py,attr.py,python:S1186,HIGH,MAINTAINABILITY,CODE_SMELL,"Add a nested comment explaining why this method is empty, or complete the implementation.",91,5min,1.0,0.0,8.0,9.0,117.0,64.0,40.0,656.0,E,A,3,3,52,2,1.0,"first error, I don't really understand:"
AZ4INYCXUdMD1-xUqsS6,lib/sqlalchemy/event/attr.py,attr.py,python:S1186,HIGH,MAINTAINABILITY,CODE_SMELL,"Add a nested comment explaining why this method is empty, or complete the implementation.",94,5min,1.0,0.0,8.0,9.0,117.0,64.0,40.0,656.0,E,A,3,3,52,2,1.0,"first error, I don't really understand:"
AZ4INYCXUdMD1-xUqsS7,lib/sqlalchemy/event/attr.py,attr.py,python:S1186,HIGH,MAINTAINABILITY,CODE_SMELL,"Add a nested comment explaining why this method is empty, or complete the implementation.",103,5min,1.0,0.0,8.0,9.0,117.0,64.0,40.0,656.0,E,A,3,3,52,2,1.0,"first error, I don't really understand:"
AZ4INYCXUdMD1-xUqsS8,lib/sqlalchemy/event/attr.py,attr.py,python:S5644,HIGH,RELIABILITY,BUG,"Fix this code; ""_empty_collection"" does not have a ""__getitem__"" method.",110,20min,1.0,0.0,8.0,9.0,117.0,64.0,40.0,656.0,E,A,3,3,52,2,1.0,"first error, I don't really understand:"
AZ4INYCRUdMD1-xUqsSv,lib/sqlalchemy/event/legacy.py,legacy.py,python:S3776,HIGH,MAINTAINABILITY,CODE_SMELL,Refactor this function to reduce its Cognitive Complexity from 21 to the 15 allowed.,60,11min,0.0,0.0,6.0,6.0,26.0,33.0,37.0,247.0,A,A,3,2,21,2,,
AZ4INYCRUdMD1-xUqsSu,lib/sqlalchemy/event/legacy.py,legacy.py,python:S1192,HIGH,MAINTAINABILITY,CODE_SMELL,"Define a constant instead of duplicating this literal "", **kw"" 3 times.",78,6min,0.0,0.0,6.0,6.0,26.0,33.0,37.0,247.0,A,A,3,2,21,2,,
AZ4INYCpUdMD1-xUqsTC,lib/sqlalchemy/exc.py,exc.py,python:S3776,HIGH,MAINTAINABILITY,CODE_SMELL,Refactor this function to reduce its Cognitive Complexity from 18 to the 15 allowed.,605,8min,0.0,0.0,2.0,2.0,53.0,44.0,14.0,831.0,A,A,4,2,97,2,,
AZ4INYCpUdMD1-xUqsTB,lib/sqlalchemy/exc.py,exc.py,python:S1192,HIGH,MAINTAINABILITY,CODE_SMELL,"Define a constant instead of duplicating this literal ""(%s.%s) %s"" 3 times.",628,6min,0.0,0.0,2.0,2.0,53.0,44.0,14.0,831.0,A,A,4,2,97,2,,
AZ4INYB2UdMD1-xUqsSS,lib/sqlalchemy/ext/associationproxy.py,associationproxy.py,python:S3776,HIGH,MAINTAINABILITY,CODE_SMELL,Refactor this function to reduce its Cognitive Complexity from 17 to the 15 allowed.,887,7min,1.0,0.0,15.0,16.0,350.0,262.0,94.0,2006.0,C,A,7,4,71,2,3.0,"we still need to use the pre-pep-673 workaround. | TODO: no idea how to do this without separate ""stub"" | TODO: again, no idea how to create an actual MutableMapping."
AZ4INYB2UdMD1-xUqsSU,lib/sqlalchemy/ext/associationproxy.py,associationproxy.py,python:S3776,HIGH,MAINTAINABILITY,CODE_SMELL,Refactor this function to reduce its Cognitive Complexity from 24 to the 15 allowed.,1439,14min,1.0,0.0,15.0,16.0,350.0,262.0,94.0,2006.0,C,A,7,4,71,2,3.0,"we still need to use the pre-pep-673 workaround. | TODO: no idea how to do this without separate ""stub"" | TODO: again, no idea how to create an actual MutableMapping."
AZ4INYB2UdMD1-xUqsSW,lib/sqlalchemy/ext/associationproxy.py,associationproxy.py,python:S5712,HIGH,MAINTAINABILITY,CODE_SMELL,"Return ""NotImplemented"" instead of raising ""NotImplementedError""",1597,5min,1.0,0.0,15.0,16.0,350.0,262.0,94.0,2006.0,C,A,7,4,71,2,3.0,"we still need to use the pre-pep-673 workaround. | TODO: no idea how to do this without separate ""stub"" | TODO: again, no idea how to create an actual MutableMapping."
AZ4INYB2UdMD1-xUqsSQ,lib/sqlalchemy/ext/associationproxy.py,associationproxy.py,python:S1192,HIGH,MAINTAINABILITY,CODE_SMELL,"Define a constant instead of duplicating this literal ""%s objects are unhashable"" 3 times.",1623,6min,1.0,0.0,15.0,16.0,350.0,262.0,94.0,2006.0,C,A,7,4,71,2,3.0,"we still need to use the pre-pep-673 workaround. | TODO: no idea how to do this without separate ""stub"" | TODO: again, no idea how to create an actual MutableMapping."
AZ4INYB2UdMD1-xUqsSc,lib/sqlalchemy/ext/associationproxy.py,associationproxy.py,python:S5712,HIGH,MAINTAINABILITY,CODE_SMELL,"Return ""NotImplemented"" instead of raising ""NotImplementedError""",1874,5min,1.0,0.0,15.0,16.0,350.0,262.0,94.0,2006.0,C,A,7,4,71,2,3.0,"we still need to use the pre-pep-673 workaround. | TODO: no idea how to do this without separate ""stub"" | TODO: again, no idea how to create an actual MutableMapping."
AZ4INYB2UdMD1-xUqsSd,lib/sqlalchemy/ext/associationproxy.py,associationproxy.py,python:S5712,HIGH,MAINTAINABILITY,CODE_SMELL,"Return ""NotImplemented"" instead of raising ""NotImplementedError""",1901,5min,1.0,0.0,15.0,16.0,350.0,262.0,94.0,2006.0,C,A,7,4,71,2,3.0,"we still need to use the pre-pep-673 workaround. | TODO: no idea how to do this without separate ""stub"" | TODO: again, no idea how to create an actual MutableMapping."
AZ4INYB2UdMD1-xUqsSe,lib/sqlalchemy/ext/associationproxy.py,associationproxy.py,python:S5712,HIGH,MAINTAINABILITY,CODE_SMELL,"Return ""NotImplemented"" instead of raising ""NotImplementedError""",1925,5min,1.0,0.0,15.0,16.0,350.0,262.0,94.0,2006.0,C,A,7,4,71,2,3.0,"we still need to use the pre-pep-673 workaround. | TODO: no idea how to do this without separate ""stub"" | TODO: again, no idea how to create an actual MutableMapping."
AZ4INYB2UdMD1-xUqsSf,lib/sqlalchemy/ext/associationproxy.py,associationproxy.py,python:S5712,HIGH,MAINTAINABILITY,CODE_SMELL,"Return ""NotImplemented"" instead of raising ""NotImplementedError""",1955,5min,1.0,0.0,15.0,16.0,350.0,262.0,94.0,2006.0,C,A,7,4,71,2,3.0,"we still need to use the pre-pep-673 workaround. | TODO: no idea how to do this without separate ""stub"" | TODO: again, no idea how to create an actual MutableMapping."
AZ4INYBeUdMD1-xUqsR3,lib/sqlalchemy/ext/asyncio/base.py,base.py,python:S5644,HIGH,RELIABILITY,BUG,"Fix this code; ""StartableContext"" does not have a ""__getitem__"" method.",136,20min,1.0,0.0,1.0,2.0,34.0,34.0,13.0,280.0,E,A,4,3,12,116,,
AZ4INYBeUdMD1-xUqsR4,lib/sqlalchemy/ext/asyncio/base.py,base.py,python:S3776,HIGH,MAINTAINABILITY,CODE_SMELL,Refactor this function to reduce its Cognitive Complexity from 23 to the 15 allowed.,164,13min,1.0,0.0,1.0,2.0,34.0,34.0,13.0,280.0,E,A,4,3,12,116,,
AZ4INYBZUdMD1-xUqsR1,lib/sqlalchemy/ext/asyncio/engine.py,engine.py,python:S5644,HIGH,RELIABILITY,BUG,"Fix this code; ""StartableContext"" does not have a ""__getitem__"" method.",191,20min,2.0,0.0,0.0,2.0,105.0,20.0,0.0,1467.0,E,A,8,5,34,2,,
AZ4INYBZUdMD1-xUqsR2,lib/sqlalchemy/ext/asyncio/engine.py,engine.py,python:S5644,HIGH,RELIABILITY,BUG,"Fix this code; ""StartableContext"" does not have a ""__getitem__"" method.",1329,20min,2.0,0.0,0.0,2.0,105.0,20.0,0.0,1467.0,E,A,8,5,34,2,,
AZ4INYBVUdMD1-xUqsR0,lib/sqlalchemy/ext/asyncio/scoping.py,scoping.py,python:S930,HIGH,RELIABILITY,BUG,Remove this unexpected named argument 'use_intermediate_variable'.,114,10min,1.0,0.0,0.0,1.0,68.0,10.0,0.0,1615.0,E,A,4,2,48,103,,
AZ4INYBSUdMD1-xUqsRz,lib/sqlalchemy/ext/asyncio/session.py,session.py,secrets:S6698,HIGH,SECURITY,VULNERABILITY,Make sure this PostgreSQL database password gets changed and removed from the code.,1643,30min,1.0,1.0,0.0,2.0,106.0,26.0,0.0,1937.0,E,E,6,3,50,2,,
AZ4INYBSUdMD1-xUqsRy,lib/sqlalchemy/ext/asyncio/session.py,session.py,python:S5644,HIGH,RELIABILITY,BUG,"Fix this code; ""StartableContext"" does not have a ""__getitem__"" method.",1813,20min,1.0,1.0,0.0,2.0,106.0,26.0,0.0,1937.0,E,E,6,3,50,2,,
AZ4INYBMUdMD1-xUqsRs,lib/sqlalchemy/ext/automap.py,automap.py,secrets:S6698,HIGH,SECURITY,VULNERABILITY,Make sure this PostgreSQL database password gets changed and removed from the code.,150,30min,0.0,2.0,17.0,19.0,72.0,116.0,145.0,1692.0,A,E,3,2,25,2,,
AZ4INYBMUdMD1-xUqsRt,lib/sqlalchemy/ext/automap.py,automap.py,secrets:S6698,HIGH,SECURITY,VULNERABILITY,Make sure this PostgreSQL database password gets changed and removed from the code.,180,30min,0.0,2.0,17.0,19.0,72.0,116.0,145.0,1692.0,A,E,3,2,25,2,,
AZ4INYBMUdMD1-xUqsRm,lib/sqlalchemy/ext/automap.py,automap.py,python:S3776,HIGH,MAINTAINABILITY,CODE_SMELL,Refactor this function to reduce its Cognitive Complexity from 44 to the 15 allowed.,1105,34min,0.0,2.0,17.0,19.0,72.0,116.0,145.0,1692.0,A,E,3,2,25,2,,
AZ4INYBMUdMD1-xUqsRp,lib/sqlalchemy/ext/automap.py,automap.py,python:S3776,HIGH,MAINTAINABILITY,CODE_SMELL,Refactor this function to reduce its Cognitive Complexity from 48 to the 15 allowed.,1481,38min,0.0,2.0,17.0,19.0,72.0,116.0,145.0,1692.0,A,E,3,2,25,2,,
AZ4INYBMUdMD1-xUqsRr,lib/sqlalchemy/ext/automap.py,automap.py,python:S3776,HIGH,MAINTAINABILITY,CODE_SMELL,Refactor this function to reduce its Cognitive Complexity from 16 to the 15 allowed.,1591,6min,0.0,2.0,17.0,19.0,72.0,116.0,145.0,1692.0,A,E,3,2,25,2,,
AZ4INYByUdMD1-xUqsSN,lib/sqlalchemy/ext/compiler.py,compiler.py,python:S3776,HIGH,MAINTAINABILITY,CODE_SMELL,Refactor this function to reduce its Cognitive Complexity from 16 to the 15 allowed.,459,6min,0.0,0.0,3.0,3.0,16.0,26.0,6.0,556.0,A,A,2,2,3,2,2.0,"TODO: why is the lambda needed ? | TODO: yes, this could also switch off of DBAPI in use."
AZ4INYAxUdMD1-xUqsQ-,lib/sqlalchemy/ext/declarative/__init__.py,__init__.py,python:S5807,HIGH,RELIABILITY,BUG,"Change or remove this string; ""instrument_declarative"" is not defined.",58,1min,1.0,0.0,0.0,1.0,4.0,0.0,0.0,66.0,E,A,1,1,2,116,,
AZ4INYA0UdMD1-xUqsQ_,lib/sqlalchemy/ext/declarative/extensions.py,extensions.py,python:S3776,HIGH,MAINTAINABILITY,CODE_SMELL,Refactor this function to reduce its Cognitive Complexity from 22 to the 15 allowed.,264,12min,0.0,0.0,2.0,2.0,37.0,45.0,22.0,549.0,A,A,4,2,13,2,,
AZ4INYA0UdMD1-xUqsRA,lib/sqlalchemy/ext/declarative/extensions.py,extensions.py,python:S3776,HIGH,MAINTAINABILITY,CODE_SMELL,Refactor this function to reduce its Cognitive Complexity from 20 to the 15 allowed.,422,10min,0.0,0.0,2.0,2.0,37.0,45.0,22.0,549.0,A,A,4,2,13,2,,
AZ4INYA3UdMD1-xUqsRB,lib/sqlalchemy/ext/horizontal_shard.py,horizontal_shard.py,python:S3776,HIGH,MAINTAINABILITY,CODE_SMELL,Refactor this function to reduce its Cognitive Complexity from 18 to the 15 allowed.,426,8min,0.0,0.0,2.0,2.0,43.0,55.0,8.0,482.0,A,A,3,3,6,2,1.0,TODO: if we had an ORMOption that gets applied at ORM statement
AZ4INYBpUdMD1-xUqsR7,lib/sqlalchemy/ext/hybrid.py,hybrid.py,python:S5720,HIGH,MAINTAINABILITY,CODE_SMELL,"Rename ""s"" to ""self"" or add the missing ""self"" parameter.",907,5min,0.0,0.0,5.0,5.0,78.0,37.0,25.0,1515.0,A,A,8,6,480,39,1.0,"because this is the descriptor protocol, we don't really know"
AZ4INYBpUdMD1-xUqsR8,lib/sqlalchemy/ext/hybrid.py,hybrid.py,python:S5720,HIGH,MAINTAINABILITY,CODE_SMELL,"Rename ""s"" to ""self"" or add the missing ""self"" parameter.",911,5min,0.0,0.0,5.0,5.0,78.0,37.0,25.0,1515.0,A,A,8,6,480,39,1.0,"because this is the descriptor protocol, we don't really know"
AZ4INYBpUdMD1-xUqsR9,lib/sqlalchemy/ext/hybrid.py,hybrid.py,python:S5720,HIGH,MAINTAINABILITY,CODE_SMELL,"Rename ""s"" to ""self"" or add the missing ""self"" parameter.",916,5min,0.0,0.0,5.0,5.0,78.0,37.0,25.0,1515.0,A,A,8,6,480,39,1.0,"because this is the descriptor protocol, we don't really know"
AZ4INYBpUdMD1-xUqsR-,lib/sqlalchemy/ext/hybrid.py,hybrid.py,python:S5720,HIGH,MAINTAINABILITY,CODE_SMELL,"Rename ""s"" to ""self"" or add the missing ""self"" parameter.",923,5min,0.0,0.0,5.0,5.0,78.0,37.0,25.0,1515.0,A,A,8,6,480,39,1.0,"because this is the descriptor protocol, we don't really know"
AZ4INYBpUdMD1-xUqsR_,lib/sqlalchemy/ext/hybrid.py,hybrid.py,python:S5720,HIGH,MAINTAINABILITY,CODE_SMELL,"Rename ""s"" to ""self"" or add the missing ""self"" parameter.",928,5min,0.0,0.0,5.0,5.0,78.0,37.0,25.0,1515.0,A,A,8,6,480,39,1.0,"because this is the descriptor protocol, we don't really know"
AZ4INYBsUdMD1-xUqsSD,lib/sqlalchemy/ext/instrumentation.py,instrumentation.py,python:S1186,HIGH,MAINTAINABILITY,CODE_SMELL,"Add a nested comment explaining why this method is empty, or complete the implementation.",259,5min,0.0,0.0,12.0,12.0,68.0,37.0,60.0,451.0,A,A,2,2,4,2,1.0,"given that, perhaps class_ should be dropped from all of these"
AZ4INYBsUdMD1-xUqsSE,lib/sqlalchemy/ext/instrumentation.py,instrumentation.py,python:S1186,HIGH,MAINTAINABILITY,CODE_SMELL,"Add a nested comment explaining why this method is empty, or complete the implementation.",262,5min,0.0,0.0,12.0,12.0,68.0,37.0,60.0,451.0,A,A,2,2,4,2,1.0,"given that, perhaps class_ should be dropped from all of these"
AZ4INYBsUdMD1-xUqsSI,lib/sqlalchemy/ext/instrumentation.py,instrumentation.py,python:S1186,HIGH,MAINTAINABILITY,CODE_SMELL,"Add a nested comment explaining why this method is empty, or complete the implementation.",283,5min,0.0,0.0,12.0,12.0,68.0,37.0,60.0,451.0,A,A,2,2,4,2,1.0,"given that, perhaps class_ should be dropped from all of these"
AZ4INYBPUdMD1-xUqsRv,lib/sqlalchemy/ext/mutable.py,mutable.py,python:S3776,HIGH,MAINTAINABILITY,CODE_SMELL,Refactor this function to reduce its Cognitive Complexity from 36 to the 15 allowed.,477,26min,0.0,0.0,4.0,4.0,115.0,91.0,54.0,1074.0,A,A,4,2,70,39,,
AZ4INYBPUdMD1-xUqsRu,lib/sqlalchemy/ext/mutable.py,mutable.py,python:S1192,HIGH,MAINTAINABILITY,CODE_SMELL,"Define a constant instead of duplicating this literal ""ext.mutable.values"" 6 times.",548,12min,0.0,0.0,4.0,4.0,115.0,91.0,54.0,1074.0,A,A,4,2,70,39,,
AZ4INYBPUdMD1-xUqsRw,lib/sqlalchemy/ext/mutable.py,mutable.py,python:S3776,HIGH,MAINTAINABILITY,CODE_SMELL,Refactor this function to reduce its Cognitive Complexity from 16 to the 15 allowed.,641,6min,0.0,0.0,4.0,4.0,115.0,91.0,54.0,1074.0,A,A,4,2,70,39,,
AZ4INYBAUdMD1-xUqsRN,lib/sqlalchemy/ext/mypy/apply.py,apply.py,python:S3776,HIGH,MAINTAINABILITY,CODE_SMELL,Refactor this function to reduce its Cognitive Complexity from 19 to the 15 allowed.,98,9min,0.0,0.0,2.0,2.0,48.0,58.0,21.0,321.0,A,A,0,0,0,0,,
AZ4INYBAUdMD1-xUqsRO,lib/sqlalchemy/ext/mypy/apply.py,apply.py,python:S3776,HIGH,MAINTAINABILITY,CODE_SMELL,Refactor this function to reduce its Cognitive Complexity from 22 to the 15 allowed.,251,12min,0.0,0.0,2.0,2.0,48.0,58.0,21.0,321.0,A,A,0,0,0,0,,
AZ4INYA9UdMD1-xUqsRF,lib/sqlalchemy/ext/mypy/decl_class.py,decl_class.py,python:S3776,HIGH,MAINTAINABILITY,CODE_SMELL,Refactor this function to reduce its Cognitive Complexity from 16 to the 15 allowed.,48,6min,0.0,0.0,8.0,8.0,61.0,121.0,92.0,516.0,A,A,0,0,0,0,,
AZ4INYA9UdMD1-xUqsRH,lib/sqlalchemy/ext/mypy/decl_class.py,decl_class.py,python:S3776,HIGH,MAINTAINABILITY,CODE_SMELL,Refactor this function to reduce its Cognitive Complexity from 28 to the 15 allowed.,114,18min,0.0,0.0,8.0,8.0,61.0,121.0,92.0,516.0,A,A,0,0,0,0,,
AZ4INYA9UdMD1-xUqsRK,lib/sqlalchemy/ext/mypy/decl_class.py,decl_class.py,python:S3776,HIGH,MAINTAINABILITY,CODE_SMELL,Refactor this function to reduce its Cognitive Complexity from 31 to the 15 allowed.,203,21min,0.0,0.0,8.0,8.0,61.0,121.0,92.0,516.0,A,A,0,0,0,0,,
AZ4INYA9UdMD1-xUqsRL,lib/sqlalchemy/ext/mypy/decl_class.py,decl_class.py,python:S3776,HIGH,MAINTAINABILITY,CODE_SMELL,Refactor this function to reduce its Cognitive Complexity from 42 to the 15 allowed.,359,32min,0.0,0.0,8.0,8.0,61.0,121.0,92.0,516.0,A,A,0,0,0,0,,
AZ4INYBIUdMD1-xUqsRT,lib/sqlalchemy/ext/mypy/infer.py,infer.py,python:S3776,HIGH,MAINTAINABILITY,CODE_SMELL,Refactor this function to reduce its Cognitive Complexity from 53 to the 15 allowed.,80,43min,0.0,0.0,8.0,8.0,65.0,121.0,72.0,591.0,A,A,0,0,0,0,,
AZ4INYBIUdMD1-xUqsRX,lib/sqlalchemy/ext/mypy/infer.py,infer.py,python:S3776,HIGH,MAINTAINABILITY,CODE_SMELL,Refactor this function to reduce its Cognitive Complexity from 24 to the 15 allowed.,359,14min,0.0,0.0,8.0,8.0,65.0,121.0,72.0,591.0,A,A,0,0,0,0,,
AZ4INYBDUdMD1-xUqsRQ,lib/sqlalchemy/ext/mypy/names.py,names.py,python:S3776,HIGH,MAINTAINABILITY,CODE_SMELL,Refactor this function to reduce its Cognitive Complexity from 35 to the 15 allowed.,255,25min,0.0,0.0,2.0,2.0,34.0,60.0,30.0,336.0,A,A,0,0,0,0,,
AZ4INYBFUdMD1-xUqsRS,lib/sqlalchemy/ext/mypy/plugin.py,plugin.py,python:S3776,HIGH,MAINTAINABILITY,CODE_SMELL,Refactor this function to reduce its Cognitive Complexity from 17 to the 15 allowed.,179,7min,0.0,0.0,2.0,2.0,41.0,37.0,12.0,304.0,A,A,0,0,0,0,,
AZ4INYA5UdMD1-xUqsRD,lib/sqlalchemy/ext/mypy/util.py,util.py,python:S3776,HIGH,MAINTAINABILITY,CODE_SMELL,Refactor this function to reduce its Cognitive Complexity from 16 to the 15 allowed.,259,6min,0.0,0.0,2.0,2.0,59.0,52.0,6.0,358.0,A,A,0,0,0,0,,
AZ4INX-kUdMD1-xUqsLP,lib/sqlalchemy/orm/attributes.py,attributes.py,python:S3776,HIGH,MAINTAINABILITY,CODE_SMELL,Refactor this function to reduce its Cognitive Complexity from 18 to the 15 allowed.,586,8min,0.0,0.0,19.0,19.0,358.0,359.0,130.0,2836.0,A,A,8,2,51,116,9.0,"ideally Proxy() would have a separate set of methods to deal | hack to make __doc__ writeable on instances of | TODO: can move this to descriptor_props if the need for this | this is unfortunately very complicated, and is easily prone | comparator itself might be unreachable | TODO: no test coverage here. | TODO: better solution here would be to add | TODO: need coverage in test/orm/ of remove event | TODO: this appears to be the WriteOnlyAttributeImpl /"
AZ4INX-kUdMD1-xUqsLR,lib/sqlalchemy/orm/attributes.py,attributes.py,python:S3776,HIGH,MAINTAINABILITY,CODE_SMELL,Refactor this function to reduce its Cognitive Complexity from 21 to the 15 allowed.,1063,11min,0.0,0.0,19.0,19.0,358.0,359.0,130.0,2836.0,A,A,8,2,51,116,9.0,"ideally Proxy() would have a separate set of methods to deal | hack to make __doc__ writeable on instances of | TODO: can move this to descriptor_props if the need for this | this is unfortunately very complicated, and is easily prone | comparator itself might be unreachable | TODO: no test coverage here. | TODO: better solution here would be to add | TODO: need coverage in test/orm/ of remove event | TODO: this appears to be the WriteOnlyAttributeImpl /"
AZ4INX-kUdMD1-xUqsLZ,lib/sqlalchemy/orm/attributes.py,attributes.py,python:S3776,HIGH,MAINTAINABILITY,CODE_SMELL,Refactor this function to reduce its Cognitive Complexity from 17 to the 15 allowed.,1910,7min,0.0,0.0,19.0,19.0,358.0,359.0,130.0,2836.0,A,A,8,2,51,116,9.0,"ideally Proxy() would have a separate set of methods to deal | hack to make __doc__ writeable on instances of | TODO: can move this to descriptor_props if the need for this | this is unfortunately very complicated, and is easily prone | comparator itself might be unreachable | TODO: no test coverage here. | TODO: better solution here would be to add | TODO: need coverage in test/orm/ of remove event | TODO: this appears to be the WriteOnlyAttributeImpl /"
AZ4INX-kUdMD1-xUqsLa,lib/sqlalchemy/orm/attributes.py,attributes.py,python:S3776,HIGH,MAINTAINABILITY,CODE_SMELL,Refactor this function to reduce its Cognitive Complexity from 60 to the 15 allowed.,2096,50min,0.0,0.0,19.0,19.0,358.0,359.0,130.0,2836.0,A,A,8,2,51,116,9.0,"ideally Proxy() would have a separate set of methods to deal | hack to make __doc__ writeable on instances of | TODO: can move this to descriptor_props if the need for this | this is unfortunately very complicated, and is easily prone | comparator itself might be unreachable | TODO: no test coverage here. | TODO: better solution here would be to add | TODO: need coverage in test/orm/ of remove event | TODO: this appears to be the WriteOnlyAttributeImpl /"
AZ4INX-kUdMD1-xUqsLc,lib/sqlalchemy/orm/attributes.py,attributes.py,python:S3776,HIGH,MAINTAINABILITY,CODE_SMELL,Refactor this function to reduce its Cognitive Complexity from 16 to the 15 allowed.,2396,6min,0.0,0.0,19.0,19.0,358.0,359.0,130.0,2836.0,A,A,8,2,51,116,9.0,"ideally Proxy() would have a separate set of methods to deal | hack to make __doc__ writeable on instances of | TODO: can move this to descriptor_props if the need for this | this is unfortunately very complicated, and is easily prone | comparator itself might be unreachable | TODO: no test coverage here. | TODO: better solution here would be to add | TODO: need coverage in test/orm/ of remove event | TODO: this appears to be the WriteOnlyAttributeImpl /"
AZ4INX-kUdMD1-xUqsLd,lib/sqlalchemy/orm/attributes.py,attributes.py,python:S3776,HIGH,MAINTAINABILITY,CODE_SMELL,Refactor this function to reduce its Cognitive Complexity from 18 to the 15 allowed.,2437,8min,0.0,0.0,19.0,19.0,358.0,359.0,130.0,2836.0,A,A,8,2,51,116,9.0,"ideally Proxy() would have a separate set of methods to deal | hack to make __doc__ writeable on instances of | TODO: can move this to descriptor_props if the need for this | this is unfortunately very complicated, and is easily prone | comparator itself might be unreachable | TODO: no test coverage here. | TODO: better solution here would be to add | TODO: need coverage in test/orm/ of remove event | TODO: this appears to be the WriteOnlyAttributeImpl /"
AZ4INYAHUdMD1-xUqsPt,lib/sqlalchemy/orm/bulk_persistence.py,bulk_persistence.py,python:S3776,HIGH,MAINTAINABILITY,CODE_SMELL,Refactor this function to reduce its Cognitive Complexity from 31 to the 15 allowed.,102,21min,0.0,0.0,7.0,7.0,242.0,309.0,67.0,2085.0,A,A,7,5,73,116,8.0,"TODO: dive more into how a local table PK is used for fetch | workaround for mypy https://github.com/python/mypy/issues/14027 | The way this is organized seems strange, why don't we just | answer?, why does this go through the whole execute phase using an | over and over again.   so perhaps if it could be RETURNING just | these workarounds are currently hypothetical for UPDATE, | now get into special workarounds because MariaDB supports | TODO: inline this and call remove_newly_deleted"
AZ4INYAHUdMD1-xUqsPu,lib/sqlalchemy/orm/bulk_persistence.py,bulk_persistence.py,python:S3776,HIGH,MAINTAINABILITY,CODE_SMELL,Refactor this function to reduce its Cognitive Complexity from 16 to the 15 allowed.,280,6min,0.0,0.0,7.0,7.0,242.0,309.0,67.0,2085.0,A,A,7,5,73,116,8.0,"TODO: dive more into how a local table PK is used for fetch | workaround for mypy https://github.com/python/mypy/issues/14027 | The way this is organized seems strange, why don't we just | answer?, why does this go through the whole execute phase using an | over and over again.   so perhaps if it could be RETURNING just | these workarounds are currently hypothetical for UPDATE, | now get into special workarounds because MariaDB supports | TODO: inline this and call remove_newly_deleted"
AZ4INYAHUdMD1-xUqsPw,lib/sqlalchemy/orm/bulk_persistence.py,bulk_persistence.py,python:S3776,HIGH,MAINTAINABILITY,CODE_SMELL,Refactor this function to reduce its Cognitive Complexity from 16 to the 15 allowed.,392,6min,0.0,0.0,7.0,7.0,242.0,309.0,67.0,2085.0,A,A,7,5,73,116,8.0,"TODO: dive more into how a local table PK is used for fetch | workaround for mypy https://github.com/python/mypy/issues/14027 | The way this is organized seems strange, why don't we just | answer?, why does this go through the whole execute phase using an | over and over again.   so perhaps if it could be RETURNING just | these workarounds are currently hypothetical for UPDATE, | now get into special workarounds because MariaDB supports | TODO: inline this and call remove_newly_deleted"
AZ4INYAHUdMD1-xUqsPx,lib/sqlalchemy/orm/bulk_persistence.py,bulk_persistence.py,python:S3776,HIGH,MAINTAINABILITY,CODE_SMELL,Refactor this function to reduce its Cognitive Complexity from 32 to the 15 allowed.,662,22min,0.0,0.0,7.0,7.0,242.0,309.0,67.0,2085.0,A,A,7,5,73,116,8.0,"TODO: dive more into how a local table PK is used for fetch | workaround for mypy https://github.com/python/mypy/issues/14027 | The way this is organized seems strange, why don't we just | answer?, why does this go through the whole execute phase using an | over and over again.   so perhaps if it could be RETURNING just | these workarounds are currently hypothetical for UPDATE, | now get into special workarounds because MariaDB supports | TODO: inline this and call remove_newly_deleted"
AZ4INYAHUdMD1-xUqsPy,lib/sqlalchemy/orm/bulk_persistence.py,bulk_persistence.py,python:S3776,HIGH,MAINTAINABILITY,CODE_SMELL,Refactor this function to reduce its Cognitive Complexity from 17 to the 15 allowed.,1177,7min,0.0,0.0,7.0,7.0,242.0,309.0,67.0,2085.0,A,A,7,5,73,116,8.0,"TODO: dive more into how a local table PK is used for fetch | workaround for mypy https://github.com/python/mypy/issues/14027 | The way this is organized seems strange, why don't we just | answer?, why does this go through the whole execute phase using an | over and over again.   so perhaps if it could be RETURNING just | these workarounds are currently hypothetical for UPDATE, | now get into special workarounds because MariaDB supports | TODO: inline this and call remove_newly_deleted"
AZ4INX_mUdMD1-xUqsOo,lib/sqlalchemy/orm/clsregistry.py,clsregistry.py,python:S3776,HIGH,MAINTAINABILITY,CODE_SMELL,Refactor this function to reduce its Cognitive Complexity from 17 to the 15 allowed.,447,7min,0.0,0.0,4.0,4.0,83.0,116.0,22.0,572.0,A,A,1,1,2,116,,
AZ4INX-XUdMD1-xUqsKh,lib/sqlalchemy/orm/collections.py,collections.py,python:S3776,HIGH,MAINTAINABILITY,CODE_SMELL,Refactor this function to reduce its Cognitive Complexity from 19 to the 15 allowed.,884,9min,0.0,0.0,43.0,43.0,269.0,357.0,403.0,1621.0,A,A,3,3,5,2,2.0,"raise as-is instead of returning NotImplemented | desired.  hard to imagine a use case for __imul__, though."
AZ4INX-XUdMD1-xUqsKi,lib/sqlalchemy/orm/collections.py,collections.py,python:S3776,HIGH,MAINTAINABILITY,CODE_SMELL,Refactor this function to reduce its Cognitive Complexity from 40 to the 15 allowed.,1010,30min,0.0,0.0,43.0,43.0,269.0,357.0,403.0,1621.0,A,A,3,3,5,2,2.0,"raise as-is instead of returning NotImplemented | desired.  hard to imagine a use case for __imul__, though."
AZ4INX-XUdMD1-xUqsKj,lib/sqlalchemy/orm/collections.py,collections.py,python:S3776,HIGH,MAINTAINABILITY,CODE_SMELL,Refactor this function to reduce its Cognitive Complexity from 76 to the 15 allowed.,1122,1h6min,0.0,0.0,43.0,43.0,269.0,357.0,403.0,1621.0,A,A,3,3,5,2,2.0,"raise as-is instead of returning NotImplemented | desired.  hard to imagine a use case for __imul__, though."
AZ4INX-XUdMD1-xUqsKu,lib/sqlalchemy/orm/collections.py,collections.py,python:S3776,HIGH,MAINTAINABILITY,CODE_SMELL,Refactor this function to reduce its Cognitive Complexity from 67 to the 15 allowed.,1263,57min,0.0,0.0,43.0,43.0,269.0,357.0,403.0,1621.0,A,A,3,3,5,2,2.0,"raise as-is instead of returning NotImplemented | desired.  hard to imagine a use case for __imul__, though."
AZ4INX-XUdMD1-xUqsK4,lib/sqlalchemy/orm/collections.py,collections.py,python:S3776,HIGH,MAINTAINABILITY,CODE_SMELL,Refactor this function to reduce its Cognitive Complexity from 61 to the 15 allowed.,1384,51min,0.0,0.0,43.0,43.0,269.0,357.0,403.0,1621.0,A,A,3,3,5,2,2.0,"raise as-is instead of returning NotImplemented | desired.  hard to imagine a use case for __imul__, though."
AZ4INYAXUdMD1-xUqsQD,lib/sqlalchemy/orm/context.py,context.py,python:S3776,HIGH,MAINTAINABILITY,CODE_SMELL,Refactor this function to reduce its Cognitive Complexity from 21 to the 15 allowed.,225,11min,1.0,0.0,30.0,31.0,452.0,571.0,278.0,3269.0,B,A,11,4,150,2,13.0,"TODO: this structure is set up by JoinedLoader | user knows what they are doing | experimentation here, the best approach seems to be, use | TODO: some complexity with order_by here was due to mapper.order_by. | TODO: this goes away once we get rid of the deep entity | figure out the best ""left"" side based on our existing froms / | specific way of telling us what the ""left"" side is, e.g.: | TODO: should we be checking for multiple mapper entities | the ORM-ness in this case right now, ideally it would not | TODO: we had orm_only=False here before, removing | TODO: we might be able to implement this but for now | however I can't think of a case where we would be here and | TODO: polymorphic subclasses ?"
AZ4INYAXUdMD1-xUqsQG,lib/sqlalchemy/orm/context.py,context.py,python:S3776,HIGH,MAINTAINABILITY,CODE_SMELL,Refactor this function to reduce its Cognitive Complexity from 23 to the 15 allowed.,718,13min,1.0,0.0,30.0,31.0,452.0,571.0,278.0,3269.0,B,A,11,4,150,2,13.0,"TODO: this structure is set up by JoinedLoader | user knows what they are doing | experimentation here, the best approach seems to be, use | TODO: some complexity with order_by here was due to mapper.order_by. | TODO: this goes away once we get rid of the deep entity | figure out the best ""left"" side based on our existing froms / | specific way of telling us what the ""left"" side is, e.g.: | TODO: should we be checking for multiple mapper entities | the ORM-ness in this case right now, ideally it would not | TODO: we had orm_only=False here before, removing | TODO: we might be able to implement this but for now | however I can't think of a case where we would be here and | TODO: polymorphic subclasses ?"
AZ4INYAXUdMD1-xUqsQI,lib/sqlalchemy/orm/context.py,context.py,python:S3776,HIGH,MAINTAINABILITY,CODE_SMELL,Refactor this function to reduce its Cognitive Complexity from 32 to the 15 allowed.,1020,22min,1.0,0.0,30.0,31.0,452.0,571.0,278.0,3269.0,B,A,11,4,150,2,13.0,"TODO: this structure is set up by JoinedLoader | user knows what they are doing | experimentation here, the best approach seems to be, use | TODO: some complexity with order_by here was due to mapper.order_by. | TODO: this goes away once we get rid of the deep entity | figure out the best ""left"" side based on our existing froms / | specific way of telling us what the ""left"" side is, e.g.: | TODO: should we be checking for multiple mapper entities | the ORM-ness in this case right now, ideally it would not | TODO: we had orm_only=False here before, removing | TODO: we might be able to implement this but for now | however I can't think of a case where we would be here and | TODO: polymorphic subclasses ?"
AZ4INYAXUdMD1-xUqsQJ,lib/sqlalchemy/orm/context.py,context.py,python:S3776,HIGH,MAINTAINABILITY,CODE_SMELL,Refactor this function to reduce its Cognitive Complexity from 42 to the 15 allowed.,1198,32min,1.0,0.0,30.0,31.0,452.0,571.0,278.0,3269.0,B,A,11,4,150,2,13.0,"TODO: this structure is set up by JoinedLoader | user knows what they are doing | experimentation here, the best approach seems to be, use | TODO: some complexity with order_by here was due to mapper.order_by. | TODO: this goes away once we get rid of the deep entity | figure out the best ""left"" side based on our existing froms / | specific way of telling us what the ""left"" side is, e.g.: | TODO: should we be checking for multiple mapper entities | the ORM-ness in this case right now, ideally it would not | TODO: we had orm_only=False here before, removing | TODO: we might be able to implement this but for now | however I can't think of a case where we would be here and | TODO: polymorphic subclasses ?"
AZ4INYAXUdMD1-xUqsQO,lib/sqlalchemy/orm/context.py,context.py,python:S3776,HIGH,MAINTAINABILITY,CODE_SMELL,Refactor this function to reduce its Cognitive Complexity from 17 to the 15 allowed.,1726,7min,1.0,0.0,30.0,31.0,452.0,571.0,278.0,3269.0,B,A,11,4,150,2,13.0,"TODO: this structure is set up by JoinedLoader | user knows what they are doing | experimentation here, the best approach seems to be, use | TODO: some complexity with order_by here was due to mapper.order_by. | TODO: this goes away once we get rid of the deep entity | figure out the best ""left"" side based on our existing froms / | specific way of telling us what the ""left"" side is, e.g.: | TODO: should we be checking for multiple mapper entities | the ORM-ness in this case right now, ideally it would not | TODO: we had orm_only=False here before, removing | TODO: we might be able to implement this but for now | however I can't think of a case where we would be here and | TODO: polymorphic subclasses ?"
AZ4INYAXUdMD1-xUqsQP,lib/sqlalchemy/orm/context.py,context.py,python:S3776,HIGH,MAINTAINABILITY,CODE_SMELL,Refactor this function to reduce its Cognitive Complexity from 46 to the 15 allowed.,1774,36min,1.0,0.0,30.0,31.0,452.0,571.0,278.0,3269.0,B,A,11,4,150,2,13.0,"TODO: this structure is set up by JoinedLoader | user knows what they are doing | experimentation here, the best approach seems to be, use | TODO: some complexity with order_by here was due to mapper.order_by. | TODO: this goes away once we get rid of the deep entity | figure out the best ""left"" side based on our existing froms / | specific way of telling us what the ""left"" side is, e.g.: | TODO: should we be checking for multiple mapper entities | the ORM-ness in this case right now, ideally it would not | TODO: we had orm_only=False here before, removing | TODO: we might be able to implement this but for now | however I can't think of a case where we would be here and | TODO: polymorphic subclasses ?"
AZ4INYAXUdMD1-xUqsQQ,lib/sqlalchemy/orm/context.py,context.py,python:S3776,HIGH,MAINTAINABILITY,CODE_SMELL,Refactor this function to reduce its Cognitive Complexity from 23 to the 15 allowed.,1968,13min,1.0,0.0,30.0,31.0,452.0,571.0,278.0,3269.0,B,A,11,4,150,2,13.0,"TODO: this structure is set up by JoinedLoader | user knows what they are doing | experimentation here, the best approach seems to be, use | TODO: some complexity with order_by here was due to mapper.order_by. | TODO: this goes away once we get rid of the deep entity | figure out the best ""left"" side based on our existing froms / | specific way of telling us what the ""left"" side is, e.g.: | TODO: should we be checking for multiple mapper entities | the ORM-ness in this case right now, ideally it would not | TODO: we had orm_only=False here before, removing | TODO: we might be able to implement this but for now | however I can't think of a case where we would be here and | TODO: polymorphic subclasses ?"
AZ4INYAXUdMD1-xUqsQT,lib/sqlalchemy/orm/context.py,context.py,python:S3776,HIGH,MAINTAINABILITY,CODE_SMELL,Refactor this function to reduce its Cognitive Complexity from 40 to the 15 allowed.,2140,30min,1.0,0.0,30.0,31.0,452.0,571.0,278.0,3269.0,B,A,11,4,150,2,13.0,"TODO: this structure is set up by JoinedLoader | user knows what they are doing | experimentation here, the best approach seems to be, use | TODO: some complexity with order_by here was due to mapper.order_by. | TODO: this goes away once we get rid of the deep entity | figure out the best ""left"" side based on our existing froms / | specific way of telling us what the ""left"" side is, e.g.: | TODO: should we be checking for multiple mapper entities | the ORM-ness in this case right now, ideally it would not | TODO: we had orm_only=False here before, removing | TODO: we might be able to implement this but for now | however I can't think of a case where we would be here and | TODO: polymorphic subclasses ?"
AZ4INYAXUdMD1-xUqsQV,lib/sqlalchemy/orm/context.py,context.py,python:S3776,HIGH,MAINTAINABILITY,CODE_SMELL,Refactor this function to reduce its Cognitive Complexity from 24 to the 15 allowed.,2376,14min,1.0,0.0,30.0,31.0,452.0,571.0,278.0,3269.0,B,A,11,4,150,2,13.0,"TODO: this structure is set up by JoinedLoader | user knows what they are doing | experimentation here, the best approach seems to be, use | TODO: some complexity with order_by here was due to mapper.order_by. | TODO: this goes away once we get rid of the deep entity | figure out the best ""left"" side based on our existing froms / | specific way of telling us what the ""left"" side is, e.g.: | TODO: should we be checking for multiple mapper entities | the ORM-ness in this case right now, ideally it would not | TODO: we had orm_only=False here before, removing | TODO: we might be able to implement this but for now | however I can't think of a case where we would be here and | TODO: polymorphic subclasses ?"
AZ4INYAXUdMD1-xUqsQX,lib/sqlalchemy/orm/context.py,context.py,python:S3776,HIGH,MAINTAINABILITY,CODE_SMELL,Refactor this function to reduce its Cognitive Complexity from 25 to the 15 allowed.,2546,15min,1.0,0.0,30.0,31.0,452.0,571.0,278.0,3269.0,B,A,11,4,150,2,13.0,"TODO: this structure is set up by JoinedLoader | user knows what they are doing | experimentation here, the best approach seems to be, use | TODO: some complexity with order_by here was due to mapper.order_by. | TODO: this goes away once we get rid of the deep entity | figure out the best ""left"" side based on our existing froms / | specific way of telling us what the ""left"" side is, e.g.: | TODO: should we be checking for multiple mapper entities | the ORM-ness in this case right now, ideally it would not | TODO: we had orm_only=False here before, removing | TODO: we might be able to implement this but for now | however I can't think of a case where we would be here and | TODO: polymorphic subclasses ?"
AZ4INYAXUdMD1-xUqsQg,lib/sqlalchemy/orm/context.py,context.py,python:S1186,HIGH,MAINTAINABILITY,CODE_SMELL,"Add a nested comment explaining why this method is empty, or complete the implementation.",3261,5min,1.0,0.0,30.0,31.0,452.0,571.0,278.0,3269.0,B,A,11,4,150,2,13.0,"TODO: this structure is set up by JoinedLoader | user knows what they are doing | experimentation here, the best approach seems to be, use | TODO: some complexity with order_by here was due to mapper.order_by. | TODO: this goes away once we get rid of the deep entity | figure out the best ""left"" side based on our existing froms / | specific way of telling us what the ""left"" side is, e.g.: | TODO: should we be checking for multiple mapper entities | the ORM-ness in this case right now, ideally it would not | TODO: we had orm_only=False here before, removing | TODO: we might be able to implement this but for now | however I can't think of a case where we would be here and | TODO: polymorphic subclasses ?"
AZ4INX-RUdMD1-xUqsKg,lib/sqlalchemy/orm/decl_api.py,decl_api.py,python:S3776,HIGH,MAINTAINABILITY,CODE_SMELL,Refactor this function to reduce its Cognitive Complexity from 18 to the 15 allowed.,1232,8min,1.0,0.0,2.0,3.0,132.0,90.0,13.0,1884.0,B,A,15,4,1398,10,,
AZ4INX_QUdMD1-xUqsNL,lib/sqlalchemy/orm/decl_base.py,decl_base.py,python:S3776,HIGH,MAINTAINABILITY,CODE_SMELL,Refactor this function to reduce its Cognitive Complexity from 16 to the 15 allowed.,401,6min,0.0,0.0,23.0,23.0,342.0,608.0,401.0,2181.0,A,A,12,3,1762,108,3.0,"this was fixed by | TODO: should ""registry"" here be also?   might be too late | we would assert this, however we want the below"
AZ4INX_QUdMD1-xUqsNH,lib/sqlalchemy/orm/decl_base.py,decl_base.py,python:S1192,HIGH,MAINTAINABILITY,CODE_SMELL,"Define a constant instead of duplicating this literal ""_DeclMappedClassProtocol[Any]"" 3 times.",588,6min,0.0,0.0,23.0,23.0,342.0,608.0,401.0,2181.0,A,A,12,3,1762,108,3.0,"this was fixed by | TODO: should ""registry"" here be also?   might be too late | we would assert this, however we want the below"
AZ4INX_QUdMD1-xUqsNM,lib/sqlalchemy/orm/decl_base.py,decl_base.py,python:S3776,HIGH,MAINTAINABILITY,CODE_SMELL,Refactor this function to reduce its Cognitive Complexity from 25 to the 15 allowed.,599,15min,0.0,0.0,23.0,23.0,342.0,608.0,401.0,2181.0,A,A,12,3,1762,108,3.0,"this was fixed by | TODO: should ""registry"" here be also?   might be too late | we would assert this, however we want the below"
AZ4INX_QUdMD1-xUqsNQ,lib/sqlalchemy/orm/decl_base.py,decl_base.py,python:S3776,HIGH,MAINTAINABILITY,CODE_SMELL,Refactor this function to reduce its Cognitive Complexity from 145 to the 15 allowed.,752,2h15min,0.0,0.0,23.0,23.0,342.0,608.0,401.0,2181.0,A,A,12,3,1762,108,3.0,"this was fixed by | TODO: should ""registry"" here be also?   might be too late | we would assert this, however we want the below"
AZ4INX_QUdMD1-xUqsNR,lib/sqlalchemy/orm/decl_base.py,decl_base.py,python:S3776,HIGH,MAINTAINABILITY,CODE_SMELL,Refactor this function to reduce its Cognitive Complexity from 17 to the 15 allowed.,1054,7min,0.0,0.0,23.0,23.0,342.0,608.0,401.0,2181.0,A,A,12,3,1762,108,3.0,"this was fixed by | TODO: should ""registry"" here be also?   might be too late | we would assert this, however we want the below"
AZ4INX_QUdMD1-xUqsNS,lib/sqlalchemy/orm/decl_base.py,decl_base.py,python:S3776,HIGH,MAINTAINABILITY,CODE_SMELL,Refactor this function to reduce its Cognitive Complexity from 19 to the 15 allowed.,1262,9min,0.0,0.0,23.0,23.0,342.0,608.0,401.0,2181.0,A,A,12,3,1762,108,3.0,"this was fixed by | TODO: should ""registry"" here be also?   might be too late | we would assert this, however we want the below"
AZ4INX_QUdMD1-xUqsNT,lib/sqlalchemy/orm/decl_base.py,decl_base.py,python:S3776,HIGH,MAINTAINABILITY,CODE_SMELL,Refactor this function to reduce its Cognitive Complexity from 42 to the 15 allowed.,1351,32min,0.0,0.0,23.0,23.0,342.0,608.0,401.0,2181.0,A,A,12,3,1762,108,3.0,"this was fixed by | TODO: should ""registry"" here be also?   might be too late | we would assert this, however we want the below"
AZ4INX_QUdMD1-xUqsNU,lib/sqlalchemy/orm/decl_base.py,decl_base.py,python:S3776,HIGH,MAINTAINABILITY,CODE_SMELL,Refactor this function to reduce its Cognitive Complexity from 55 to the 15 allowed.,1441,45min,0.0,0.0,23.0,23.0,342.0,608.0,401.0,2181.0,A,A,12,3,1762,108,3.0,"this was fixed by | TODO: should ""registry"" here be also?   might be too late | we would assert this, however we want the below"
AZ4INX_QUdMD1-xUqsNW,lib/sqlalchemy/orm/decl_base.py,decl_base.py,python:S3776,HIGH,MAINTAINABILITY,CODE_SMELL,Refactor this function to reduce its Cognitive Complexity from 26 to the 15 allowed.,1638,16min,0.0,0.0,23.0,23.0,342.0,608.0,401.0,2181.0,A,A,12,3,1762,108,3.0,"this was fixed by | TODO: should ""registry"" here be also?   might be too late | we would assert this, however we want the below"
AZ4INX_QUdMD1-xUqsNY,lib/sqlalchemy/orm/decl_base.py,decl_base.py,python:S3776,HIGH,MAINTAINABILITY,CODE_SMELL,Refactor this function to reduce its Cognitive Complexity from 43 to the 15 allowed.,1697,33min,0.0,0.0,23.0,23.0,342.0,608.0,401.0,2181.0,A,A,12,3,1762,108,3.0,"this was fixed by | TODO: should ""registry"" here be also?   might be too late | we would assert this, however we want the below"
AZ4INX_QUdMD1-xUqsNI,lib/sqlalchemy/orm/decl_base.py,decl_base.py,python:S1192,HIGH,MAINTAINABILITY,CODE_SMELL,"Define a constant instead of duplicating this literal ""MappedClassProtocol[Any]"" 4 times.",1699,8min,0.0,0.0,23.0,23.0,342.0,608.0,401.0,2181.0,A,A,12,3,1762,108,3.0,"this was fixed by | TODO: should ""registry"" here be also?   might be too late | we would assert this, however we want the below"
AZ4INX_QUdMD1-xUqsNZ,lib/sqlalchemy/orm/decl_base.py,decl_base.py,python:S3776,HIGH,MAINTAINABILITY,CODE_SMELL,Refactor this function to reduce its Cognitive Complexity from 18 to the 15 allowed.,1782,8min,0.0,0.0,23.0,23.0,342.0,608.0,401.0,2181.0,A,A,12,3,1762,108,3.0,"this was fixed by | TODO: should ""registry"" here be also?   might be too late | we would assert this, however we want the below"
AZ4INX_QUdMD1-xUqsNb,lib/sqlalchemy/orm/decl_base.py,decl_base.py,python:S3776,HIGH,MAINTAINABILITY,CODE_SMELL,Refactor this function to reduce its Cognitive Complexity from 37 to the 15 allowed.,1815,27min,0.0,0.0,23.0,23.0,342.0,608.0,401.0,2181.0,A,A,12,3,1762,108,3.0,"this was fixed by | TODO: should ""registry"" here be also?   might be too late | we would assert this, however we want the below"
AZ4INX_QUdMD1-xUqsNc,lib/sqlalchemy/orm/decl_base.py,decl_base.py,python:S3776,HIGH,MAINTAINABILITY,CODE_SMELL,Refactor this function to reduce its Cognitive Complexity from 31 to the 15 allowed.,1887,21min,0.0,0.0,23.0,23.0,342.0,608.0,401.0,2181.0,A,A,12,3,1762,108,3.0,"this was fixed by | TODO: should ""registry"" here be also?   might be too late | we would assert this, however we want the below"
AZ4INX_QUdMD1-xUqsNd,lib/sqlalchemy/orm/decl_base.py,decl_base.py,python:S3776,HIGH,MAINTAINABILITY,CODE_SMELL,Refactor this function to reduce its Cognitive Complexity from 22 to the 15 allowed.,2078,12min,0.0,0.0,23.0,23.0,342.0,608.0,401.0,2181.0,A,A,12,3,1762,108,3.0,"this was fixed by | TODO: should ""registry"" here be also?   might be too late | we would assert this, however we want the below"
AZ4INX-5UdMD1-xUqsML,lib/sqlalchemy/orm/dependency.py,dependency.py,python:S3776,HIGH,MAINTAINABILITY,CODE_SMELL,Refactor this function to reduce its Cognitive Complexity from 42 to the 15 allowed.,108,32min,1.0,0.0,33.0,34.0,257.0,484.0,334.0,1305.0,C,A,3,2,8,2,4.0,TODO: add a high speed method | TODO: this whole block is not covered | collection here too.  but this would be a somewhat | TODO: no tests fail if this whole
AZ4INX-5UdMD1-xUqsMQ,lib/sqlalchemy/orm/dependency.py,dependency.py,python:S1186,HIGH,MAINTAINABILITY,CODE_SMELL,"Add a nested comment explaining why this method is empty, or complete the implementation.",228,5min,1.0,0.0,33.0,34.0,257.0,484.0,334.0,1305.0,C,A,3,2,8,2,4.0,TODO: add a high speed method | TODO: this whole block is not covered | collection here too.  but this would be a somewhat | TODO: no tests fail if this whole
AZ4INX-5UdMD1-xUqsMR,lib/sqlalchemy/orm/dependency.py,dependency.py,python:S1186,HIGH,MAINTAINABILITY,CODE_SMELL,"Add a nested comment explaining why this method is empty, or complete the implementation.",231,5min,1.0,0.0,33.0,34.0,257.0,484.0,334.0,1305.0,C,A,3,2,8,2,4.0,TODO: add a high speed method | TODO: this whole block is not covered | collection here too.  but this would be a somewhat | TODO: no tests fail if this whole
AZ4INX-5UdMD1-xUqsMX,lib/sqlalchemy/orm/dependency.py,dependency.py,python:S3776,HIGH,MAINTAINABILITY,CODE_SMELL,Refactor this function to reduce its Cognitive Complexity from 30 to the 15 allowed.,441,20min,1.0,0.0,33.0,34.0,257.0,484.0,334.0,1305.0,C,A,3,2,8,2,4.0,TODO: add a high speed method | TODO: this whole block is not covered | collection here too.  but this would be a somewhat | TODO: no tests fail if this whole
AZ4INX-5UdMD1-xUqsMZ,lib/sqlalchemy/orm/dependency.py,dependency.py,python:S3776,HIGH,MAINTAINABILITY,CODE_SMELL,Refactor this function to reduce its Cognitive Complexity from 47 to the 15 allowed.,468,37min,1.0,0.0,33.0,34.0,257.0,484.0,334.0,1305.0,C,A,3,2,8,2,4.0,TODO: add a high speed method | TODO: this whole block is not covered | collection here too.  but this would be a somewhat | TODO: no tests fail if this whole
AZ4INX-5UdMD1-xUqsMb,lib/sqlalchemy/orm/dependency.py,dependency.py,python:S3776,HIGH,MAINTAINABILITY,CODE_SMELL,Refactor this function to reduce its Cognitive Complexity from 48 to the 15 allowed.,536,38min,1.0,0.0,33.0,34.0,257.0,484.0,334.0,1305.0,C,A,3,2,8,2,4.0,TODO: add a high speed method | TODO: this whole block is not covered | collection here too.  but this would be a somewhat | TODO: no tests fail if this whole
AZ4INX-5UdMD1-xUqsMd,lib/sqlalchemy/orm/dependency.py,dependency.py,python:S3776,HIGH,MAINTAINABILITY,CODE_SMELL,Refactor this function to reduce its Cognitive Complexity from 27 to the 15 allowed.,580,17min,1.0,0.0,33.0,34.0,257.0,484.0,334.0,1305.0,C,A,3,2,8,2,4.0,TODO: add a high speed method | TODO: this whole block is not covered | collection here too.  but this would be a somewhat | TODO: no tests fail if this whole
AZ4INX-5UdMD1-xUqsMf,lib/sqlalchemy/orm/dependency.py,dependency.py,python:S2638,HIGH,MAINTAINABILITY,CODE_SMELL,Remove parameter pks_changed or provide default value.,615,15min,1.0,0.0,33.0,34.0,257.0,484.0,334.0,1305.0,C,A,3,2,8,2,4.0,TODO: add a high speed method | TODO: this whole block is not covered | collection here too.  but this would be a somewhat | TODO: no tests fail if this whole
AZ4INX-5UdMD1-xUqsMg,lib/sqlalchemy/orm/dependency.py,dependency.py,python:S3776,HIGH,MAINTAINABILITY,CODE_SMELL,Refactor this function to reduce its Cognitive Complexity from 26 to the 15 allowed.,744,16min,1.0,0.0,33.0,34.0,257.0,484.0,334.0,1305.0,C,A,3,2,8,2,4.0,TODO: add a high speed method | TODO: this whole block is not covered | collection here too.  but this would be a somewhat | TODO: no tests fail if this whole
AZ4INX-5UdMD1-xUqsMh,lib/sqlalchemy/orm/dependency.py,dependency.py,python:S3776,HIGH,MAINTAINABILITY,CODE_SMELL,Refactor this function to reduce its Cognitive Complexity from 21 to the 15 allowed.,768,11min,1.0,0.0,33.0,34.0,257.0,484.0,334.0,1305.0,C,A,3,2,8,2,4.0,TODO: add a high speed method | TODO: this whole block is not covered | collection here too.  but this would be a somewhat | TODO: no tests fail if this whole
AZ4INX-5UdMD1-xUqsMj,lib/sqlalchemy/orm/dependency.py,dependency.py,python:S1186,HIGH,MAINTAINABILITY,CODE_SMELL,"Add a nested comment explaining why this method is empty, or complete the implementation.",898,5min,1.0,0.0,33.0,34.0,257.0,484.0,334.0,1305.0,C,A,3,2,8,2,4.0,TODO: add a high speed method | TODO: this whole block is not covered | collection here too.  but this would be a somewhat | TODO: no tests fail if this whole
AZ4INX-5UdMD1-xUqsMk,lib/sqlalchemy/orm/dependency.py,dependency.py,python:S1186,HIGH,MAINTAINABILITY,CODE_SMELL,"Add a nested comment explaining why this method is empty, or complete the implementation.",901,5min,1.0,0.0,33.0,34.0,257.0,484.0,334.0,1305.0,C,A,3,2,8,2,4.0,TODO: add a high speed method | TODO: this whole block is not covered | collection here too.  but this would be a somewhat | TODO: no tests fail if this whole
AZ4INX-5UdMD1-xUqsMl,lib/sqlalchemy/orm/dependency.py,dependency.py,python:S3776,HIGH,MAINTAINABILITY,CODE_SMELL,Refactor this function to reduce its Cognitive Complexity from 24 to the 15 allowed.,942,14min,1.0,0.0,33.0,34.0,257.0,484.0,334.0,1305.0,C,A,3,2,8,2,4.0,TODO: add a high speed method | TODO: this whole block is not covered | collection here too.  but this would be a somewhat | TODO: no tests fail if this whole
AZ4INX-5UdMD1-xUqsMo,lib/sqlalchemy/orm/dependency.py,dependency.py,python:S3776,HIGH,MAINTAINABILITY,CODE_SMELL,Refactor this function to reduce its Cognitive Complexity from 22 to the 15 allowed.,1050,12min,1.0,0.0,33.0,34.0,257.0,484.0,334.0,1305.0,C,A,3,2,8,2,4.0,TODO: add a high speed method | TODO: this whole block is not covered | collection here too.  but this would be a somewhat | TODO: no tests fail if this whole
AZ4INX-5UdMD1-xUqsMp,lib/sqlalchemy/orm/dependency.py,dependency.py,python:S3776,HIGH,MAINTAINABILITY,CODE_SMELL,Refactor this function to reduce its Cognitive Complexity from 17 to the 15 allowed.,1084,7min,1.0,0.0,33.0,34.0,257.0,484.0,334.0,1305.0,C,A,3,2,8,2,4.0,TODO: add a high speed method | TODO: this whole block is not covered | collection here too.  but this would be a somewhat | TODO: no tests fail if this whole
AZ4INX-5UdMD1-xUqsMq,lib/sqlalchemy/orm/dependency.py,dependency.py,python:S3776,HIGH,MAINTAINABILITY,CODE_SMELL,Refactor this function to reduce its Cognitive Complexity from 39 to the 15 allowed.,1124,29min,1.0,0.0,33.0,34.0,257.0,484.0,334.0,1305.0,C,A,3,2,8,2,4.0,TODO: add a high speed method | TODO: this whole block is not covered | collection here too.  but this would be a somewhat | TODO: no tests fail if this whole
AZ4INX-5UdMD1-xUqsMr,lib/sqlalchemy/orm/dependency.py,dependency.py,python:S2638,HIGH,MAINTAINABILITY,CODE_SMELL,Remove parameter operation or provide default value.,1263,15min,1.0,0.0,33.0,34.0,257.0,484.0,334.0,1305.0,C,A,3,2,8,2,4.0,TODO: add a high speed method | TODO: this whole block is not covered | collection here too.  but this would be a somewhat | TODO: no tests fail if this whole
AZ4INX_bUdMD1-xUqsNz,lib/sqlalchemy/orm/descriptor_props.py,descriptor_props.py,python:S3776,HIGH,MAINTAINABILITY,CODE_SMELL,Refactor this function to reduce its Cognitive Complexity from 26 to the 15 allowed.,271,16min,0.0,0.0,11.0,11.0,153.0,160.0,49.0,1077.0,A,A,11,3,132,2,3.0,"TODO: need a deserialize hook here | not a good choice for default behavior though, not clear how it would | TODO: when initialized, check _proxied_object,"
AZ4INX_bUdMD1-xUqsN1,lib/sqlalchemy/orm/descriptor_props.py,descriptor_props.py,python:S3776,HIGH,MAINTAINABILITY,CODE_SMELL,Refactor this function to reduce its Cognitive Complexity from 23 to the 15 allowed.,346,13min,0.0,0.0,11.0,11.0,153.0,160.0,49.0,1077.0,A,A,11,3,132,2,3.0,"TODO: need a deserialize hook here | not a good choice for default behavior though, not clear how it would | TODO: when initialized, check _proxied_object,"
AZ4INX__UdMD1-xUqsPT,lib/sqlalchemy/orm/dynamic.py,dynamic.py,python:S2876,HIGH,RELIABILITY,BUG,Return an object complying with iterator protocol. Consider explicitly raising a NotImplementedError if this class is not (yet) meant to support this method.,177,10min,1.0,0.0,0.0,1.0,32.0,25.0,0.0,301.0,E,A,3,3,14,2,,
AZ4INYAnUdMD1-xUqsQ1,lib/sqlalchemy/orm/events.py,events.py,python:S3776,HIGH,MAINTAINABILITY,CODE_SMELL,Refactor this function to reduce its Cognitive Complexity from 21 to the 15 allowed.,852,11min,0.0,0.0,7.0,7.0,163.0,162.0,54.0,3262.0,A,A,10,3,993,2,2.0,TODO: need coverage for this event | TODO: coverage
AZ4INYAnUdMD1-xUqsQ3,lib/sqlalchemy/orm/events.py,events.py,python:S3776,HIGH,MAINTAINABILITY,CODE_SMELL,Refactor this function to reduce its Cognitive Complexity from 22 to the 15 allowed.,1634,12min,0.0,0.0,7.0,7.0,163.0,162.0,54.0,3262.0,A,A,10,3,993,2,2.0,TODO: need coverage for this event | TODO: coverage
AZ4INYAnUdMD1-xUqsQ5,lib/sqlalchemy/orm/events.py,events.py,python:S3776,HIGH,MAINTAINABILITY,CODE_SMELL,Refactor this function to reduce its Cognitive Complexity from 31 to the 15 allowed.,2540,21min,0.0,0.0,7.0,7.0,163.0,162.0,54.0,3262.0,A,A,10,3,993,2,2.0,TODO: need coverage for this event | TODO: coverage
AZ4INYAuUdMD1-xUqsQ9,lib/sqlalchemy/orm/interfaces.py,interfaces.py,python:S1186,HIGH,MAINTAINABILITY,CODE_SMELL,"Add a nested comment explaining why this method is empty, or complete the implementation.",1426,5min,0.0,0.0,3.0,3.0,100.0,53.0,10.0,1470.0,A,A,8,4,101,2,5.0,"TODO: add python_type and sql_type here; combining them | into ""type"" is a bad idea | as in PropComparator, may have some special typing workarounds such as the | search among: exact match, ""attr.*"", ""default"" strategy | a bad idea; should use strategy key at all times because every"
AZ4INX_eUdMD1-xUqsN-,lib/sqlalchemy/orm/loading.py,loading.py,python:S3776,HIGH,MAINTAINABILITY,CODE_SMELL,Refactor this function to reduce its Cognitive Complexity from 81 to the 15 allowed.,78,1h11min,0.0,0.0,23.0,23.0,250.0,504.0,400.0,1683.0,A,A,8,4,42,2,12.0,"this is a bit of a hack at the moment. | TODO: need test coverage and documentation for the FrozenResult | TODO: no coverage here | things would be better off having the PK attributes flushed | It would probably be a pretty big effort to add such a flow.  So | SQLAlchemy finds itself doing like, ever, obviously, we are | be present in some unexpected way. | we are a single row query for the exact entity; polymorphic | TODO: polymorphic_from seems to be a Mapper in all cases. | TODO: we are currently ignoring the case where the | TODO:  allow ""existing"" populator to know this is | TODO: same path"
AZ4INX_eUdMD1-xUqsN_,lib/sqlalchemy/orm/loading.py,loading.py,python:S5754,HIGH,MAINTAINABILITY,CODE_SMELL,Specify an exception class to catch or reraise the exception,147,5min,0.0,0.0,23.0,23.0,250.0,504.0,400.0,1683.0,A,A,8,4,42,2,12.0,"this is a bit of a hack at the moment. | TODO: need test coverage and documentation for the FrozenResult | TODO: no coverage here | things would be better off having the PK attributes flushed | It would probably be a pretty big effort to add such a flow.  So | SQLAlchemy finds itself doing like, ever, obviously, we are | be present in some unexpected way. | we are a single row query for the exact entity; polymorphic | TODO: polymorphic_from seems to be a Mapper in all cases. | TODO: we are currently ignoring the case where the | TODO:  allow ""existing"" populator to know this is | TODO: same path"
AZ4INX_eUdMD1-xUqsOA,lib/sqlalchemy/orm/loading.py,loading.py,python:S5754,HIGH,MAINTAINABILITY,CODE_SMELL,Specify an exception class to catch or reraise the exception,171,5min,0.0,0.0,23.0,23.0,250.0,504.0,400.0,1683.0,A,A,8,4,42,2,12.0,"this is a bit of a hack at the moment. | TODO: need test coverage and documentation for the FrozenResult | TODO: no coverage here | things would be better off having the PK attributes flushed | It would probably be a pretty big effort to add such a flow.  So | SQLAlchemy finds itself doing like, ever, obviously, we are | be present in some unexpected way. | we are a single row query for the exact entity; polymorphic | TODO: polymorphic_from seems to be a Mapper in all cases. | TODO: we are currently ignoring the case where the | TODO:  allow ""existing"" populator to know this is | TODO: same path"
AZ4INX_eUdMD1-xUqsOC,lib/sqlalchemy/orm/loading.py,loading.py,python:S3776,HIGH,MAINTAINABILITY,CODE_SMELL,Refactor this function to reduce its Cognitive Complexity from 20 to the 15 allowed.,365,10min,0.0,0.0,23.0,23.0,250.0,504.0,400.0,1683.0,A,A,8,4,42,2,12.0,"this is a bit of a hack at the moment. | TODO: need test coverage and documentation for the FrozenResult | TODO: no coverage here | things would be better off having the PK attributes flushed | It would probably be a pretty big effort to add such a flow.  So | SQLAlchemy finds itself doing like, ever, obviously, we are | be present in some unexpected way. | we are a single row query for the exact entity; polymorphic | TODO: polymorphic_from seems to be a Mapper in all cases. | TODO: we are currently ignoring the case where the | TODO:  allow ""existing"" populator to know this is | TODO: same path"
AZ4INX_eUdMD1-xUqsOF,lib/sqlalchemy/orm/loading.py,loading.py,python:S3776,HIGH,MAINTAINABILITY,CODE_SMELL,Refactor this function to reduce its Cognitive Complexity from 28 to the 15 allowed.,526,18min,0.0,0.0,23.0,23.0,250.0,504.0,400.0,1683.0,A,A,8,4,42,2,12.0,"this is a bit of a hack at the moment. | TODO: need test coverage and documentation for the FrozenResult | TODO: no coverage here | things would be better off having the PK attributes flushed | It would probably be a pretty big effort to add such a flow.  So | SQLAlchemy finds itself doing like, ever, obviously, we are | be present in some unexpected way. | we are a single row query for the exact entity; polymorphic | TODO: polymorphic_from seems to be a Mapper in all cases. | TODO: we are currently ignoring the case where the | TODO:  allow ""existing"" populator to know this is | TODO: same path"
AZ4INX_eUdMD1-xUqsOG,lib/sqlalchemy/orm/loading.py,loading.py,python:S3776,HIGH,MAINTAINABILITY,CODE_SMELL,Refactor this function to reduce its Cognitive Complexity from 192 to the 15 allowed.,811,3h2min,0.0,0.0,23.0,23.0,250.0,504.0,400.0,1683.0,A,A,8,4,42,2,12.0,"this is a bit of a hack at the moment. | TODO: need test coverage and documentation for the FrozenResult | TODO: no coverage here | things would be better off having the PK attributes flushed | It would probably be a pretty big effort to add such a flow.  So | SQLAlchemy finds itself doing like, ever, obviously, we are | be present in some unexpected way. | we are a single row query for the exact entity; polymorphic | TODO: polymorphic_from seems to be a Mapper in all cases. | TODO: we are currently ignoring the case where the | TODO:  allow ""existing"" populator to know this is | TODO: same path"
AZ4INX_eUdMD1-xUqsOM,lib/sqlalchemy/orm/loading.py,loading.py,python:S3776,HIGH,MAINTAINABILITY,CODE_SMELL,Refactor this function to reduce its Cognitive Complexity from 33 to the 15 allowed.,1325,23min,0.0,0.0,23.0,23.0,250.0,504.0,400.0,1683.0,A,A,8,4,42,2,12.0,"this is a bit of a hack at the moment. | TODO: need test coverage and documentation for the FrozenResult | TODO: no coverage here | things would be better off having the PK attributes flushed | It would probably be a pretty big effort to add such a flow.  So | SQLAlchemy finds itself doing like, ever, obviously, we are | be present in some unexpected way. | we are a single row query for the exact entity; polymorphic | TODO: polymorphic_from seems to be a Mapper in all cases. | TODO: we are currently ignoring the case where the | TODO:  allow ""existing"" populator to know this is | TODO: same path"
AZ4INX_eUdMD1-xUqsOQ,lib/sqlalchemy/orm/loading.py,loading.py,python:S3776,HIGH,MAINTAINABILITY,CODE_SMELL,Refactor this function to reduce its Cognitive Complexity from 38 to the 15 allowed.,1382,28min,0.0,0.0,23.0,23.0,250.0,504.0,400.0,1683.0,A,A,8,4,42,2,12.0,"this is a bit of a hack at the moment. | TODO: need test coverage and documentation for the FrozenResult | TODO: no coverage here | things would be better off having the PK attributes flushed | It would probably be a pretty big effort to add such a flow.  So | SQLAlchemy finds itself doing like, ever, obviously, we are | be present in some unexpected way. | we are a single row query for the exact entity; polymorphic | TODO: polymorphic_from seems to be a Mapper in all cases. | TODO: we are currently ignoring the case where the | TODO:  allow ""existing"" populator to know this is | TODO: same path"
AZ4INX_eUdMD1-xUqsOR,lib/sqlalchemy/orm/loading.py,loading.py,python:S3776,HIGH,MAINTAINABILITY,CODE_SMELL,Refactor this function to reduce its Cognitive Complexity from 28 to the 15 allowed.,1436,18min,0.0,0.0,23.0,23.0,250.0,504.0,400.0,1683.0,A,A,8,4,42,2,12.0,"this is a bit of a hack at the moment. | TODO: need test coverage and documentation for the FrozenResult | TODO: no coverage here | things would be better off having the PK attributes flushed | It would probably be a pretty big effort to add such a flow.  So | SQLAlchemy finds itself doing like, ever, obviously, we are | be present in some unexpected way. | we are a single row query for the exact entity; polymorphic | TODO: polymorphic_from seems to be a Mapper in all cases. | TODO: we are currently ignoring the case where the | TODO:  allow ""existing"" populator to know this is | TODO: same path"
AZ4INX_eUdMD1-xUqsOT,lib/sqlalchemy/orm/loading.py,loading.py,python:S2710,HIGH,MAINTAINABILITY,CODE_SMELL,"Rename ""self"" to a valid class parameter name or add the missing class parameter.",1573,5min,0.0,0.0,23.0,23.0,250.0,504.0,400.0,1683.0,A,A,8,4,42,2,12.0,"this is a bit of a hack at the moment. | TODO: need test coverage and documentation for the FrozenResult | TODO: no coverage here | things would be better off having the PK attributes flushed | It would probably be a pretty big effort to add such a flow.  So | SQLAlchemy finds itself doing like, ever, obviously, we are | be present in some unexpected way. | we are a single row query for the exact entity; polymorphic | TODO: polymorphic_from seems to be a Mapper in all cases. | TODO: we are currently ignoring the case where the | TODO:  allow ""existing"" populator to know this is | TODO: same path"
AZ4INX_LUdMD1-xUqsM3,lib/sqlalchemy/orm/mapper.py,mapper.py,python:S3776,HIGH,MAINTAINABILITY,CODE_SMELL,Refactor this function to reduce its Cognitive Complexity from 26 to the 15 allowed.,201,16min,0.0,0.0,17.0,17.0,535.0,708.0,332.0,4422.0,A,A,14,4,195,2,5.0,"TODO: what happens if polymorphic_on column attribute name | this splits the behavior among the ""regular"" joined inheritance | legacy case we should probably disable. | was a bug, as it could cause configure_mappers() to invoke | TODO: weakref would be a good idea here"
AZ4INX_LUdMD1-xUqsM4,lib/sqlalchemy/orm/mapper.py,mapper.py,python:S3776,HIGH,MAINTAINABILITY,CODE_SMELL,Refactor this function to reduce its Cognitive Complexity from 67 to the 15 allowed.,1185,57min,0.0,0.0,17.0,17.0,535.0,708.0,332.0,4422.0,A,A,14,4,195,2,5.0,"TODO: what happens if polymorphic_on column attribute name | this splits the behavior among the ""regular"" joined inheritance | legacy case we should probably disable. | was a bug, as it could cause configure_mappers() to invoke | TODO: weakref would be a good idea here"
AZ4INX_LUdMD1-xUqsM6,lib/sqlalchemy/orm/mapper.py,mapper.py,python:S3776,HIGH,MAINTAINABILITY,CODE_SMELL,Refactor this function to reduce its Cognitive Complexity from 29 to the 15 allowed.,1456,19min,0.0,0.0,17.0,17.0,535.0,708.0,332.0,4422.0,A,A,14,4,195,2,5.0,"TODO: what happens if polymorphic_on column attribute name | this splits the behavior among the ""regular"" joined inheritance | legacy case we should probably disable. | was a bug, as it could cause configure_mappers() to invoke | TODO: weakref would be a good idea here"
AZ4INX_LUdMD1-xUqsM7,lib/sqlalchemy/orm/mapper.py,mapper.py,python:S3776,HIGH,MAINTAINABILITY,CODE_SMELL,Refactor this function to reduce its Cognitive Complexity from 31 to the 15 allowed.,1579,21min,0.0,0.0,17.0,17.0,535.0,708.0,332.0,4422.0,A,A,14,4,195,2,5.0,"TODO: what happens if polymorphic_on column attribute name | this splits the behavior among the ""regular"" joined inheritance | legacy case we should probably disable. | was a bug, as it could cause configure_mappers() to invoke | TODO: weakref would be a good idea here"
AZ4INX_LUdMD1-xUqsM8,lib/sqlalchemy/orm/mapper.py,mapper.py,python:S3776,HIGH,MAINTAINABILITY,CODE_SMELL,Refactor this function to reduce its Cognitive Complexity from 48 to the 15 allowed.,1706,38min,0.0,0.0,17.0,17.0,535.0,708.0,332.0,4422.0,A,A,14,4,195,2,5.0,"TODO: what happens if polymorphic_on column attribute name | this splits the behavior among the ""regular"" joined inheritance | legacy case we should probably disable. | was a bug, as it could cause configure_mappers() to invoke | TODO: weakref would be a good idea here"
AZ4INX_LUdMD1-xUqsM9,lib/sqlalchemy/orm/mapper.py,mapper.py,python:S3776,HIGH,MAINTAINABILITY,CODE_SMELL,Refactor this function to reduce its Cognitive Complexity from 59 to the 15 allowed.,1822,49min,0.0,0.0,17.0,17.0,535.0,708.0,332.0,4422.0,A,A,14,4,195,2,5.0,"TODO: what happens if polymorphic_on column attribute name | this splits the behavior among the ""regular"" joined inheritance | legacy case we should probably disable. | was a bug, as it could cause configure_mappers() to invoke | TODO: weakref would be a good idea here"
AZ4INX_LUdMD1-xUqsM_,lib/sqlalchemy/orm/mapper.py,mapper.py,python:S3776,HIGH,MAINTAINABILITY,CODE_SMELL,Refactor this function to reduce its Cognitive Complexity from 54 to the 15 allowed.,2076,44min,0.0,0.0,17.0,17.0,535.0,708.0,332.0,4422.0,A,A,14,4,195,2,5.0,"TODO: what happens if polymorphic_on column attribute name | this splits the behavior among the ""regular"" joined inheritance | legacy case we should probably disable. | was a bug, as it could cause configure_mappers() to invoke | TODO: weakref would be a good idea here"
AZ4INX_LUdMD1-xUqsNA,lib/sqlalchemy/orm/mapper.py,mapper.py,python:S3776,HIGH,MAINTAINABILITY,CODE_SMELL,Refactor this function to reduce its Cognitive Complexity from 17 to the 15 allowed.,3297,7min,0.0,0.0,17.0,17.0,535.0,708.0,332.0,4422.0,A,A,14,4,195,2,5.0,"TODO: what happens if polymorphic_on column attribute name | this splits the behavior among the ""regular"" joined inheritance | legacy case we should probably disable. | was a bug, as it could cause configure_mappers() to invoke | TODO: weakref would be a good idea here"
AZ4INX_LUdMD1-xUqsNC,lib/sqlalchemy/orm/mapper.py,mapper.py,python:S3776,HIGH,MAINTAINABILITY,CODE_SMELL,Refactor this function to reduce its Cognitive Complexity from 23 to the 15 allowed.,3606,13min,0.0,0.0,17.0,17.0,535.0,708.0,332.0,4422.0,A,A,14,4,195,2,5.0,"TODO: what happens if polymorphic_on column attribute name | this splits the behavior among the ""regular"" joined inheritance | legacy case we should probably disable. | was a bug, as it could cause configure_mappers() to invoke | TODO: weakref would be a good idea here"
AZ4INX_LUdMD1-xUqsND,lib/sqlalchemy/orm/mapper.py,mapper.py,python:S3776,HIGH,MAINTAINABILITY,CODE_SMELL,Refactor this function to reduce its Cognitive Complexity from 17 to the 15 allowed.,3780,7min,0.0,0.0,17.0,17.0,535.0,708.0,332.0,4422.0,A,A,14,4,195,2,5.0,"TODO: what happens if polymorphic_on column attribute name | this splits the behavior among the ""regular"" joined inheritance | legacy case we should probably disable. | was a bug, as it could cause configure_mappers() to invoke | TODO: weakref would be a good idea here"
AZ4INX_LUdMD1-xUqsNE,lib/sqlalchemy/orm/mapper.py,mapper.py,python:S3776,HIGH,MAINTAINABILITY,CODE_SMELL,Refactor this function to reduce its Cognitive Complexity from 18 to the 15 allowed.,3803,8min,0.0,0.0,17.0,17.0,535.0,708.0,332.0,4422.0,A,A,14,4,195,2,5.0,"TODO: what happens if polymorphic_on column attribute name | this splits the behavior among the ""regular"" joined inheritance | legacy case we should probably disable. | was a bug, as it could cause configure_mappers() to invoke | TODO: weakref would be a good idea here"
AZ4INX_LUdMD1-xUqsNF,lib/sqlalchemy/orm/mapper.py,mapper.py,python:S3776,HIGH,MAINTAINABILITY,CODE_SMELL,Refactor this function to reduce its Cognitive Complexity from 33 to the 15 allowed.,4211,23min,0.0,0.0,17.0,17.0,535.0,708.0,332.0,4422.0,A,A,14,4,195,2,5.0,"TODO: what happens if polymorphic_on column attribute name | this splits the behavior among the ""regular"" joined inheritance | legacy case we should probably disable. | was a bug, as it could cause configure_mappers() to invoke | TODO: weakref would be a good idea here"
AZ4INX_xUdMD1-xUqsPA,lib/sqlalchemy/orm/path_registry.py,path_registry.py,python:S1192,HIGH,MAINTAINABILITY,CODE_SMELL,"Define a constant instead of duplicating this literal ""_InternalEntityType[Any]"" 3 times.",60,6min,0.0,0.0,4.0,4.0,124.0,97.0,19.0,812.0,A,A,4,2,32,48,1.0,TODO: what are we using this for?
AZ4INX_xUdMD1-xUqsO_,lib/sqlalchemy/orm/path_registry.py,path_registry.py,python:S1192,HIGH,MAINTAINABILITY,CODE_SMELL,"Define a constant instead of duplicating this literal ""AliasedInsp[Any]"" 4 times.",468,8min,0.0,0.0,4.0,4.0,124.0,97.0,19.0,812.0,A,A,4,2,32,48,1.0,TODO: what are we using this for?
AZ4INYADUdMD1-xUqsPY,lib/sqlalchemy/orm/persistence.py,persistence.py,python:S3776,HIGH,MAINTAINABILITY,CODE_SMELL,Refactor this function to reduce its Cognitive Complexity from 28 to the 15 allowed.,211,18min,0.0,0.0,25.0,25.0,297.0,607.0,507.0,1783.0,A,A,4,3,19,2,9.0,"call before_XXX extensions | TODO: ordered values, etc | HACK: check for history in other tables, in case the | we can do an executemany UPDATE which is more efficient | we can do an executemany UPDATE which is more efficient | TODO: why with bookkeeping=False? | TODO: why does this ""only warn"" if versioning is turned off, | call after_XXX extensions | TODO: this still goes a little too often.  would be nice to"
AZ4INYADUdMD1-xUqsPZ,lib/sqlalchemy/orm/persistence.py,persistence.py,python:S3776,HIGH,MAINTAINABILITY,CODE_SMELL,Refactor this function to reduce its Cognitive Complexity from 41 to the 15 allowed.,326,31min,0.0,0.0,25.0,25.0,297.0,607.0,507.0,1783.0,A,A,4,3,19,2,9.0,"call before_XXX extensions | TODO: ordered values, etc | HACK: check for history in other tables, in case the | we can do an executemany UPDATE which is more efficient | we can do an executemany UPDATE which is more efficient | TODO: why with bookkeeping=False? | TODO: why does this ""only warn"" if versioning is turned off, | call after_XXX extensions | TODO: this still goes a little too often.  would be nice to"
AZ4INYADUdMD1-xUqsPa,lib/sqlalchemy/orm/persistence.py,persistence.py,python:S3776,HIGH,MAINTAINABILITY,CODE_SMELL,Refactor this function to reduce its Cognitive Complexity from 95 to the 15 allowed.,427,1h25min,0.0,0.0,25.0,25.0,297.0,607.0,507.0,1783.0,A,A,4,3,19,2,9.0,"call before_XXX extensions | TODO: ordered values, etc | HACK: check for history in other tables, in case the | we can do an executemany UPDATE which is more efficient | we can do an executemany UPDATE which is more efficient | TODO: why with bookkeeping=False? | TODO: why does this ""only warn"" if versioning is turned off, | call after_XXX extensions | TODO: this still goes a little too often.  would be nice to"
AZ4INYADUdMD1-xUqsPe,lib/sqlalchemy/orm/persistence.py,persistence.py,python:S3776,HIGH,MAINTAINABILITY,CODE_SMELL,Refactor this function to reduce its Cognitive Complexity from 23 to the 15 allowed.,636,13min,0.0,0.0,25.0,25.0,297.0,607.0,507.0,1783.0,A,A,4,3,19,2,9.0,"call before_XXX extensions | TODO: ordered values, etc | HACK: check for history in other tables, in case the | we can do an executemany UPDATE which is more efficient | we can do an executemany UPDATE which is more efficient | TODO: why with bookkeeping=False? | TODO: why does this ""only warn"" if versioning is turned off, | call after_XXX extensions | TODO: this still goes a little too often.  would be nice to"
AZ4INYADUdMD1-xUqsPi,lib/sqlalchemy/orm/persistence.py,persistence.py,python:S3776,HIGH,MAINTAINABILITY,CODE_SMELL,Refactor this function to reduce its Cognitive Complexity from 71 to the 15 allowed.,728,1h1min,0.0,0.0,25.0,25.0,297.0,607.0,507.0,1783.0,A,A,4,3,19,2,9.0,"call before_XXX extensions | TODO: ordered values, etc | HACK: check for history in other tables, in case the | we can do an executemany UPDATE which is more efficient | we can do an executemany UPDATE which is more efficient | TODO: why with bookkeeping=False? | TODO: why does this ""only warn"" if versioning is turned off, | call after_XXX extensions | TODO: this still goes a little too often.  would be nice to"
AZ4INYADUdMD1-xUqsPk,lib/sqlalchemy/orm/persistence.py,persistence.py,python:S3776,HIGH,MAINTAINABILITY,CODE_SMELL,Refactor this function to reduce its Cognitive Complexity from 167 to the 15 allowed.,962,2h37min,0.0,0.0,25.0,25.0,297.0,607.0,507.0,1783.0,A,A,4,3,19,2,9.0,"call before_XXX extensions | TODO: ordered values, etc | HACK: check for history in other tables, in case the | we can do an executemany UPDATE which is more efficient | we can do an executemany UPDATE which is more efficient | TODO: why with bookkeeping=False? | TODO: why does this ""only warn"" if versioning is turned off, | call after_XXX extensions | TODO: this still goes a little too often.  would be nice to"
AZ4INYADUdMD1-xUqsPl,lib/sqlalchemy/orm/persistence.py,persistence.py,python:S3776,HIGH,MAINTAINABILITY,CODE_SMELL,Refactor this function to reduce its Cognitive Complexity from 26 to the 15 allowed.,1286,16min,0.0,0.0,25.0,25.0,297.0,607.0,507.0,1783.0,A,A,4,3,19,2,9.0,"call before_XXX extensions | TODO: ordered values, etc | HACK: check for history in other tables, in case the | we can do an executemany UPDATE which is more efficient | we can do an executemany UPDATE which is more efficient | TODO: why with bookkeeping=False? | TODO: why does this ""only warn"" if versioning is turned off, | call after_XXX extensions | TODO: this still goes a little too often.  would be nice to"
AZ4INYADUdMD1-xUqsPn,lib/sqlalchemy/orm/persistence.py,persistence.py,python:S3776,HIGH,MAINTAINABILITY,CODE_SMELL,Refactor this function to reduce its Cognitive Complexity from 29 to the 15 allowed.,1404,19min,0.0,0.0,25.0,25.0,297.0,607.0,507.0,1783.0,A,A,4,3,19,2,9.0,"call before_XXX extensions | TODO: ordered values, etc | HACK: check for history in other tables, in case the | we can do an executemany UPDATE which is more efficient | we can do an executemany UPDATE which is more efficient | TODO: why with bookkeeping=False? | TODO: why does this ""only warn"" if versioning is turned off, | call after_XXX extensions | TODO: this still goes a little too often.  would be nice to"
AZ4INYADUdMD1-xUqsPp,lib/sqlalchemy/orm/persistence.py,persistence.py,python:S3776,HIGH,MAINTAINABILITY,CODE_SMELL,Refactor this function to reduce its Cognitive Complexity from 29 to the 15 allowed.,1503,19min,0.0,0.0,25.0,25.0,297.0,607.0,507.0,1783.0,A,A,4,3,19,2,9.0,"call before_XXX extensions | TODO: ordered values, etc | HACK: check for history in other tables, in case the | we can do an executemany UPDATE which is more efficient | we can do an executemany UPDATE which is more efficient | TODO: why with bookkeeping=False? | TODO: why does this ""only warn"" if versioning is turned off, | call after_XXX extensions | TODO: this still goes a little too often.  would be nice to"
AZ4INYADUdMD1-xUqsPq,lib/sqlalchemy/orm/persistence.py,persistence.py,python:S3776,HIGH,MAINTAINABILITY,CODE_SMELL,Refactor this function to reduce its Cognitive Complexity from 16 to the 15 allowed.,1578,6min,0.0,0.0,25.0,25.0,297.0,607.0,507.0,1783.0,A,A,4,3,19,2,9.0,"call before_XXX extensions | TODO: ordered values, etc | HACK: check for history in other tables, in case the | we can do an executemany UPDATE which is more efficient | we can do an executemany UPDATE which is more efficient | TODO: why with bookkeeping=False? | TODO: why does this ""only warn"" if versioning is turned off, | call after_XXX extensions | TODO: this still goes a little too often.  would be nice to"
AZ4INYADUdMD1-xUqsPr,lib/sqlalchemy/orm/persistence.py,persistence.py,python:S3776,HIGH,MAINTAINABILITY,CODE_SMELL,Refactor this function to reduce its Cognitive Complexity from 37 to the 15 allowed.,1628,27min,0.0,0.0,25.0,25.0,297.0,607.0,507.0,1783.0,A,A,4,3,19,2,9.0,"call before_XXX extensions | TODO: ordered values, etc | HACK: check for history in other tables, in case the | we can do an executemany UPDATE which is more efficient | we can do an executemany UPDATE which is more efficient | TODO: why with bookkeeping=False? | TODO: why does this ""only warn"" if versioning is turned off, | call after_XXX extensions | TODO: this still goes a little too often.  would be nice to"
AZ4INYAqUdMD1-xUqsQ6,lib/sqlalchemy/orm/properties.py,properties.py,python:S3776,HIGH,MAINTAINABILITY,CODE_SMELL,Refactor this function to reduce its Cognitive Complexity from 67 to the 15 allowed.,732,57min,0.0,0.0,1.0,1.0,117.0,127.0,57.0,887.0,A,A,10,2,285,2,,
AZ4INYANUdMD1-xUqsP7,lib/sqlalchemy/orm/query.py,query.py,python:S1186,HIGH,MAINTAINABILITY,CODE_SMELL,"Add a nested comment explaining why this method is empty, or complete the implementation.",3327,5min,0.0,0.0,8.0,8.0,250.0,149.0,15.0,3397.0,A,A,9,5,57,2,7.0,"We could find a way to make this collection ""correct"", however | TODO: this event needs to be deprecated, as it currently applies | TODO: deprecate, property has to be supplied | TODO: deprecate | TODO: not sure why we can't use result.scalar() here | an iterable block is broken, so close the result | TODO: isn't this supposed to be a list?"
AZ4INX_WUdMD1-xUqsNg,lib/sqlalchemy/orm/relationships.py,relationships.py,python:S3776,HIGH,MAINTAINABILITY,CODE_SMELL,Refactor this function to reduce its Cognitive Complexity from 25 to the 15 allowed.,767,15min,0.0,0.0,20.0,20.0,463.0,574.0,243.0,3501.0,A,A,9,3,138,2,2.0,"TODO: coverage | (not just ==), perhaps they need to turn on ""viewonly=True""."
AZ4INX_WUdMD1-xUqsNh,lib/sqlalchemy/orm/relationships.py,relationships.py,python:S3776,HIGH,MAINTAINABILITY,CODE_SMELL,Refactor this function to reduce its Cognitive Complexity from 16 to the 15 allowed.,1171,6min,0.0,0.0,20.0,20.0,463.0,574.0,243.0,3501.0,A,A,9,3,138,2,2.0,"TODO: coverage | (not just ==), perhaps they need to turn on ""viewonly=True""."
AZ4INX_WUdMD1-xUqsNi,lib/sqlalchemy/orm/relationships.py,relationships.py,python:S3776,HIGH,MAINTAINABILITY,CODE_SMELL,Refactor this function to reduce its Cognitive Complexity from 31 to the 15 allowed.,1371,21min,0.0,0.0,20.0,20.0,463.0,574.0,243.0,3501.0,A,A,9,3,138,2,2.0,"TODO: coverage | (not just ==), perhaps they need to turn on ""viewonly=True""."
AZ4INX_WUdMD1-xUqsNj,lib/sqlalchemy/orm/relationships.py,relationships.py,python:S3776,HIGH,MAINTAINABILITY,CODE_SMELL,Refactor this function to reduce its Cognitive Complexity from 19 to the 15 allowed.,1493,9min,0.0,0.0,20.0,20.0,463.0,574.0,243.0,3501.0,A,A,9,3,138,2,2.0,"TODO: coverage | (not just ==), perhaps they need to turn on ""viewonly=True""."
AZ4INX_WUdMD1-xUqsNm,lib/sqlalchemy/orm/relationships.py,relationships.py,python:S3776,HIGH,MAINTAINABILITY,CODE_SMELL,Refactor this function to reduce its Cognitive Complexity from 38 to the 15 allowed.,1735,28min,0.0,0.0,20.0,20.0,463.0,574.0,243.0,3501.0,A,A,9,3,138,2,2.0,"TODO: coverage | (not just ==), perhaps they need to turn on ""viewonly=True""."
AZ4INX_WUdMD1-xUqsNn,lib/sqlalchemy/orm/relationships.py,relationships.py,python:S3776,HIGH,MAINTAINABILITY,CODE_SMELL,Refactor this function to reduce its Cognitive Complexity from 23 to the 15 allowed.,2055,13min,0.0,0.0,20.0,20.0,463.0,574.0,243.0,3501.0,A,A,9,3,138,2,2.0,"TODO: coverage | (not just ==), perhaps they need to turn on ""viewonly=True""."
AZ4INX_WUdMD1-xUqsNo,lib/sqlalchemy/orm/relationships.py,relationships.py,python:S3776,HIGH,MAINTAINABILITY,CODE_SMELL,Refactor this function to reduce its Cognitive Complexity from 23 to the 15 allowed.,2158,13min,0.0,0.0,20.0,20.0,463.0,574.0,243.0,3501.0,A,A,9,3,138,2,2.0,"TODO: coverage | (not just ==), perhaps they need to turn on ""viewonly=True""."
AZ4INX_WUdMD1-xUqsNq,lib/sqlalchemy/orm/relationships.py,relationships.py,python:S3776,HIGH,MAINTAINABILITY,CODE_SMELL,Refactor this function to reduce its Cognitive Complexity from 21 to the 15 allowed.,2382,11min,0.0,0.0,20.0,20.0,463.0,574.0,243.0,3501.0,A,A,9,3,138,2,2.0,"TODO: coverage | (not just ==), perhaps they need to turn on ""viewonly=True""."
AZ4INX_WUdMD1-xUqsNt,lib/sqlalchemy/orm/relationships.py,relationships.py,python:S3776,HIGH,MAINTAINABILITY,CODE_SMELL,Refactor this function to reduce its Cognitive Complexity from 32 to the 15 allowed.,2566,22min,0.0,0.0,20.0,20.0,463.0,574.0,243.0,3501.0,A,A,9,3,138,2,2.0,"TODO: coverage | (not just ==), perhaps they need to turn on ""viewonly=True""."
AZ4INX_WUdMD1-xUqsNu,lib/sqlalchemy/orm/relationships.py,relationships.py,python:S3776,HIGH,MAINTAINABILITY,CODE_SMELL,Refactor this function to reduce its Cognitive Complexity from 19 to the 15 allowed.,2964,9min,0.0,0.0,20.0,20.0,463.0,574.0,243.0,3501.0,A,A,9,3,138,2,2.0,"TODO: coverage | (not just ==), perhaps they need to turn on ""viewonly=True""."
AZ4INX_WUdMD1-xUqsNv,lib/sqlalchemy/orm/relationships.py,relationships.py,python:S3776,HIGH,MAINTAINABILITY,CODE_SMELL,Refactor this function to reduce its Cognitive Complexity from 18 to the 15 allowed.,3057,8min,0.0,0.0,20.0,20.0,463.0,574.0,243.0,3501.0,A,A,9,3,138,2,2.0,"TODO: coverage | (not just ==), perhaps they need to turn on ""viewonly=True""."
AZ4INX_WUdMD1-xUqsNw,lib/sqlalchemy/orm/relationships.py,relationships.py,python:S3776,HIGH,MAINTAINABILITY,CODE_SMELL,Refactor this function to reduce its Cognitive Complexity from 17 to the 15 allowed.,3116,7min,0.0,0.0,20.0,20.0,463.0,574.0,243.0,3501.0,A,A,9,3,138,2,2.0,"TODO: coverage | (not just ==), perhaps they need to turn on ""viewonly=True""."
AZ4INX_WUdMD1-xUqsNx,lib/sqlalchemy/orm/relationships.py,relationships.py,python:S3776,HIGH,MAINTAINABILITY,CODE_SMELL,Refactor this function to reduce its Cognitive Complexity from 25 to the 15 allowed.,3247,15min,0.0,0.0,20.0,20.0,463.0,574.0,243.0,3501.0,A,A,9,3,138,2,2.0,"TODO: coverage | (not just ==), perhaps they need to turn on ""viewonly=True""."
AZ4INX_WUdMD1-xUqsNy,lib/sqlalchemy/orm/relationships.py,relationships.py,python:S3776,HIGH,MAINTAINABILITY,CODE_SMELL,Refactor this function to reduce its Cognitive Complexity from 25 to the 15 allowed.,3386,15min,0.0,0.0,20.0,20.0,463.0,574.0,243.0,3501.0,A,A,9,3,138,2,2.0,"TODO: coverage | (not just ==), perhaps they need to turn on ""viewonly=True""."
AZ4INX_tUdMD1-xUqsOr,lib/sqlalchemy/orm/session.py,session.py,python:S3776,HIGH,MAINTAINABILITY,CODE_SMELL,Refactor this function to reduce its Cognitive Complexity from 16 to the 15 allowed.,381,6min,0.0,1.0,19.0,20.0,498.0,583.0,242.0,5302.0,A,E,13,9,147,2,7.0,"we probably can do this conditionally based on | TODO: shouldn't we only be here if not | TODO: these two None sets were historically after the | Why do we need to get rid of them at all?  test_memusage::CycleTest | the idea is that at some point NO_ARG will warn that in the future | TODO: this was being tested before, but this is not possible | have this here since it otherwise causes issues with the proxy"
AZ4INX_tUdMD1-xUqsOs,lib/sqlalchemy/orm/session.py,session.py,python:S3776,HIGH,MAINTAINABILITY,CODE_SMELL,Refactor this function to reduce its Cognitive Complexity from 43 to the 15 allowed.,1155,33min,0.0,1.0,19.0,20.0,498.0,583.0,242.0,5302.0,A,E,13,9,147,2,7.0,"we probably can do this conditionally based on | TODO: shouldn't we only be here if not | TODO: these two None sets were historically after the | Why do we need to get rid of them at all?  test_memusage::CycleTest | the idea is that at some point NO_ARG will warn that in the future | TODO: this was being tested before, but this is not possible | have this here since it otherwise causes issues with the proxy"
AZ4INX_tUdMD1-xUqsOu,lib/sqlalchemy/orm/session.py,session.py,python:S3776,HIGH,MAINTAINABILITY,CODE_SMELL,Refactor this function to reduce its Cognitive Complexity from 18 to the 15 allowed.,1274,8min,0.0,1.0,19.0,20.0,498.0,583.0,242.0,5302.0,A,E,13,9,147,2,7.0,"we probably can do this conditionally based on | TODO: shouldn't we only be here if not | TODO: these two None sets were historically after the | Why do we need to get rid of them at all?  test_memusage::CycleTest | the idea is that at some point NO_ARG will warn that in the future | TODO: this was being tested before, but this is not possible | have this here since it otherwise causes issues with the proxy"
AZ4INX_tUdMD1-xUqsOv,lib/sqlalchemy/orm/session.py,session.py,python:S5754,HIGH,MAINTAINABILITY,CODE_SMELL,Specify an exception class to catch or reraise the exception,1300,5min,0.0,1.0,19.0,20.0,498.0,583.0,242.0,5302.0,A,E,13,9,147,2,7.0,"we probably can do this conditionally based on | TODO: shouldn't we only be here if not | TODO: these two None sets were historically after the | Why do we need to get rid of them at all?  test_memusage::CycleTest | the idea is that at some point NO_ARG will warn that in the future | TODO: this was being tested before, but this is not possible | have this here since it otherwise causes issues with the proxy"
AZ4INX_tUdMD1-xUqsOw,lib/sqlalchemy/orm/session.py,session.py,python:S3776,HIGH,MAINTAINABILITY,CODE_SMELL,Refactor this function to reduce its Cognitive Complexity from 27 to the 15 allowed.,1341,17min,0.0,1.0,19.0,20.0,498.0,583.0,242.0,5302.0,A,E,13,9,147,2,7.0,"we probably can do this conditionally based on | TODO: shouldn't we only be here if not | TODO: these two None sets were historically after the | Why do we need to get rid of them at all?  test_memusage::CycleTest | the idea is that at some point NO_ARG will warn that in the future | TODO: this was being tested before, but this is not possible | have this here since it otherwise causes issues with the proxy"
AZ4INX_tUdMD1-xUqsOz,lib/sqlalchemy/orm/session.py,session.py,python:S3776,HIGH,MAINTAINABILITY,CODE_SMELL,Refactor this function to reduce its Cognitive Complexity from 35 to the 15 allowed.,2134,25min,0.0,1.0,19.0,20.0,498.0,583.0,242.0,5302.0,A,E,13,9,147,2,7.0,"we probably can do this conditionally based on | TODO: shouldn't we only be here if not | TODO: these two None sets were historically after the | Why do we need to get rid of them at all?  test_memusage::CycleTest | the idea is that at some point NO_ARG will warn that in the future | TODO: this was being tested before, but this is not possible | have this here since it otherwise causes issues with the proxy"
AZ4INX_tUdMD1-xUqsO0,lib/sqlalchemy/orm/session.py,session.py,python:S3776,HIGH,MAINTAINABILITY,CODE_SMELL,Refactor this function to reduce its Cognitive Complexity from 58 to the 15 allowed.,2688,48min,0.0,1.0,19.0,20.0,498.0,583.0,242.0,5302.0,A,E,13,9,147,2,7.0,"we probably can do this conditionally based on | TODO: shouldn't we only be here if not | TODO: these two None sets were historically after the | Why do we need to get rid of them at all?  test_memusage::CycleTest | the idea is that at some point NO_ARG will warn that in the future | TODO: this was being tested before, but this is not possible | have this here since it otherwise causes issues with the proxy"
AZ4INX_tUdMD1-xUqsO1,lib/sqlalchemy/orm/session.py,session.py,python:S3776,HIGH,MAINTAINABILITY,CODE_SMELL,Refactor this function to reduce its Cognitive Complexity from 26 to the 15 allowed.,3331,16min,0.0,1.0,19.0,20.0,498.0,583.0,242.0,5302.0,A,E,13,9,147,2,7.0,"we probably can do this conditionally based on | TODO: shouldn't we only be here if not | TODO: these two None sets were historically after the | Why do we need to get rid of them at all?  test_memusage::CycleTest | the idea is that at some point NO_ARG will warn that in the future | TODO: this was being tested before, but this is not possible | have this here since it otherwise causes issues with the proxy"
AZ4INX_tUdMD1-xUqsO3,lib/sqlalchemy/orm/session.py,session.py,python:S3776,HIGH,MAINTAINABILITY,CODE_SMELL,Refactor this function to reduce its Cognitive Complexity from 28 to the 15 allowed.,3756,18min,0.0,1.0,19.0,20.0,498.0,583.0,242.0,5302.0,A,E,13,9,147,2,7.0,"we probably can do this conditionally based on | TODO: shouldn't we only be here if not | TODO: these two None sets were historically after the | Why do we need to get rid of them at all?  test_memusage::CycleTest | the idea is that at some point NO_ARG will warn that in the future | TODO: this was being tested before, but this is not possible | have this here since it otherwise causes issues with the proxy"
AZ4INX_tUdMD1-xUqsO5,lib/sqlalchemy/orm/session.py,session.py,python:S3776,HIGH,MAINTAINABILITY,CODE_SMELL,Refactor this function to reduce its Cognitive Complexity from 36 to the 15 allowed.,3970,26min,0.0,1.0,19.0,20.0,498.0,583.0,242.0,5302.0,A,E,13,9,147,2,7.0,"we probably can do this conditionally based on | TODO: shouldn't we only be here if not | TODO: these two None sets were historically after the | Why do we need to get rid of them at all?  test_memusage::CycleTest | the idea is that at some point NO_ARG will warn that in the future | TODO: this was being tested before, but this is not possible | have this here since it otherwise causes issues with the proxy"
AZ4INX_tUdMD1-xUqsO6,lib/sqlalchemy/orm/session.py,session.py,python:S3776,HIGH,MAINTAINABILITY,CODE_SMELL,Refactor this function to reduce its Cognitive Complexity from 25 to the 15 allowed.,4371,15min,0.0,1.0,19.0,20.0,498.0,583.0,242.0,5302.0,A,E,13,9,147,2,7.0,"we probably can do this conditionally based on | TODO: shouldn't we only be here if not | TODO: these two None sets were historically after the | Why do we need to get rid of them at all?  test_memusage::CycleTest | the idea is that at some point NO_ARG will warn that in the future | TODO: this was being tested before, but this is not possible | have this here since it otherwise causes issues with the proxy"
AZ4INX_tUdMD1-xUqsO7,lib/sqlalchemy/orm/session.py,session.py,python:S5754,HIGH,MAINTAINABILITY,CODE_SMELL,Specify an exception class to catch or reraise the exception,4486,5min,0.0,1.0,19.0,20.0,498.0,583.0,242.0,5302.0,A,E,13,9,147,2,7.0,"we probably can do this conditionally based on | TODO: shouldn't we only be here if not | TODO: these two None sets were historically after the | Why do we need to get rid of them at all?  test_memusage::CycleTest | the idea is that at some point NO_ARG will warn that in the future | TODO: this was being tested before, but this is not possible | have this here since it otherwise causes issues with the proxy"
AZ4INX_tUdMD1-xUqsO8,lib/sqlalchemy/orm/session.py,session.py,python:S5754,HIGH,MAINTAINABILITY,CODE_SMELL,Specify an exception class to catch or reraise the exception,4761,5min,0.0,1.0,19.0,20.0,498.0,583.0,242.0,5302.0,A,E,13,9,147,2,7.0,"we probably can do this conditionally based on | TODO: shouldn't we only be here if not | TODO: these two None sets were historically after the | Why do we need to get rid of them at all?  test_memusage::CycleTest | the idea is that at some point NO_ARG will warn that in the future | TODO: this was being tested before, but this is not possible | have this here since it otherwise causes issues with the proxy"
AZ4INX_tUdMD1-xUqsO-,lib/sqlalchemy/orm/session.py,session.py,secrets:S6698,HIGH,SECURITY,VULNERABILITY,Make sure this PostgreSQL database password gets changed and removed from the code.,4945,30min,0.0,1.0,19.0,20.0,498.0,583.0,242.0,5302.0,A,E,13,9,147,2,7.0,"we probably can do this conditionally based on | TODO: shouldn't we only be here if not | TODO: these two None sets were historically after the | Why do we need to get rid of them at all?  test_memusage::CycleTest | the idea is that at some point NO_ARG will warn that in the future | TODO: this was being tested before, but this is not possible | have this here since it otherwise causes issues with the proxy"
AZ4INX-qUdMD1-xUqsLh,lib/sqlalchemy/orm/state.py,state.py,python:S3776,HIGH,MAINTAINABILITY,CODE_SMELL,Refactor this function to reduce its Cognitive Complexity from 23 to the 15 allowed.,467,13min,0.0,0.0,12.0,12.0,170.0,179.0,114.0,1144.0,A,A,3,2,29,116,2.0,"is mapped with ""noload"" or perhaps ""immediateload"". | loader is reset in the same way as a column loader."
AZ4INX-qUdMD1-xUqsLg,lib/sqlalchemy/orm/state.py,state.py,python:S2710,HIGH,MAINTAINABILITY,CODE_SMELL,"Rename ""self"" to a valid class parameter name or add the missing class parameter.",468,5min,0.0,0.0,12.0,12.0,170.0,179.0,114.0,1144.0,A,A,3,2,29,116,2.0,"is mapped with ""noload"" or perhaps ""immediateload"". | loader is reset in the same way as a column loader."
AZ4INX-qUdMD1-xUqsLj,lib/sqlalchemy/orm/state.py,state.py,python:S5754,HIGH,MAINTAINABILITY,CODE_SMELL,Specify an exception class to catch or reraise the exception,570,5min,0.0,0.0,12.0,12.0,170.0,179.0,114.0,1144.0,A,A,3,2,29,116,2.0,"is mapped with ""noload"" or perhaps ""immediateload"". | loader is reset in the same way as a column loader."
AZ4INX-qUdMD1-xUqsLn,lib/sqlalchemy/orm/state.py,state.py,python:S3776,HIGH,MAINTAINABILITY,CODE_SMELL,Refactor this function to reduce its Cognitive Complexity from 20 to the 15 allowed.,751,10min,0.0,0.0,12.0,12.0,170.0,179.0,114.0,1144.0,A,A,3,2,29,116,2.0,"is mapped with ""noload"" or perhaps ""immediateload"". | loader is reset in the same way as a column loader."
AZ4INX-qUdMD1-xUqsLo,lib/sqlalchemy/orm/state.py,state.py,python:S3776,HIGH,MAINTAINABILITY,CODE_SMELL,Refactor this function to reduce its Cognitive Complexity from 56 to the 15 allowed.,865,46min,0.0,0.0,12.0,12.0,170.0,179.0,114.0,1144.0,A,A,3,2,29,116,2.0,"is mapped with ""noload"" or perhaps ""immediateload"". | loader is reset in the same way as a column loader."
AZ4INX-qUdMD1-xUqsLq,lib/sqlalchemy/orm/state.py,state.py,python:S2710,HIGH,MAINTAINABILITY,CODE_SMELL,"Rename ""self"" to a valid class parameter name or add the missing class parameter.",988,5min,0.0,0.0,12.0,12.0,170.0,179.0,114.0,1144.0,A,A,3,2,29,116,2.0,"is mapped with ""noload"" or perhaps ""immediateload"". | loader is reset in the same way as a column loader."
AZ4INYATUdMD1-xUqsP_,lib/sqlalchemy/orm/state_changes.py,state_changes.py,python:S3776,HIGH,MAINTAINABILITY,CODE_SMELL,Refactor this function to reduce its Cognitive Complexity from 24 to the 15 allowed.,67,14min,0.0,0.0,3.0,3.0,15.0,28.0,24.0,199.0,A,A,5,4,12,116,,
AZ4INX-xUdMD1-xUqsLt,lib/sqlalchemy/orm/strategies.py,strategies.py,python:S3776,HIGH,MAINTAINABILITY,CODE_SMELL,Refactor this function to reduce its Cognitive Complexity from 19 to the 15 allowed.,66,9min,1.0,0.0,27.0,28.0,453.0,577.0,249.0,3403.0,B,A,11,6,92,18,10.0,"typically, ""mapper"" is the same as prop.parent, due to the way | TODO: check all columns ?  check for foreign key as well? | TODO: the ""not self.uselist"" can be taken out entirely; a m2o | compiled query but swapping the params, seems only marginally | self.parent is a subclass mapper.  Fixes #13209. | appear more than once in the path, issue #11449 | conflicting value already loaded, this shouldn't happen | ""in"" expression are in terms of the related entity.  So | as of #8399 we let the loader option itself figure out what it | this sort is really for the benefit of the unit tests"
AZ4INX-xUdMD1-xUqsLu,lib/sqlalchemy/orm/strategies.py,strategies.py,python:S1186,HIGH,MAINTAINABILITY,CODE_SMELL,"Add a nested comment explaining why this method is empty, or complete the implementation.",177,5min,1.0,0.0,27.0,28.0,453.0,577.0,249.0,3403.0,B,A,11,6,92,18,10.0,"typically, ""mapper"" is the same as prop.parent, due to the way | TODO: check all columns ?  check for foreign key as well? | TODO: the ""not self.uselist"" can be taken out entirely; a m2o | compiled query but swapping the params, seems only marginally | self.parent is a subclass mapper.  Fixes #13209. | appear more than once in the path, issue #11449 | conflicting value already loaded, this shouldn't happen | ""in"" expression are in terms of the related entity.  So | as of #8399 we let the loader option itself figure out what it | this sort is really for the benefit of the unit tests"
AZ4INX-xUdMD1-xUqsLx,lib/sqlalchemy/orm/strategies.py,strategies.py,python:S3776,HIGH,MAINTAINABILITY,CODE_SMELL,Refactor this function to reduce its Cognitive Complexity from 33 to the 15 allowed.,867,23min,1.0,0.0,27.0,28.0,453.0,577.0,249.0,3403.0,B,A,11,6,92,18,10.0,"typically, ""mapper"" is the same as prop.parent, due to the way | TODO: check all columns ?  check for foreign key as well? | TODO: the ""not self.uselist"" can be taken out entirely; a m2o | compiled query but swapping the params, seems only marginally | self.parent is a subclass mapper.  Fixes #13209. | appear more than once in the path, issue #11449 | conflicting value already loaded, this shouldn't happen | ""in"" expression are in terms of the related entity.  So | as of #8399 we let the loader option itself figure out what it | this sort is really for the benefit of the unit tests"
AZ4INX-xUdMD1-xUqsLy,lib/sqlalchemy/orm/strategies.py,strategies.py,python:S3776,HIGH,MAINTAINABILITY,CODE_SMELL,Refactor this function to reduce its Cognitive Complexity from 44 to the 15 allowed.,995,34min,1.0,0.0,27.0,28.0,453.0,577.0,249.0,3403.0,B,A,11,6,92,18,10.0,"typically, ""mapper"" is the same as prop.parent, due to the way | TODO: check all columns ?  check for foreign key as well? | TODO: the ""not self.uselist"" can be taken out entirely; a m2o | compiled query but swapping the params, seems only marginally | self.parent is a subclass mapper.  Fixes #13209. | appear more than once in the path, issue #11449 | conflicting value already loaded, this shouldn't happen | ""in"" expression are in terms of the related entity.  So | as of #8399 we let the loader option itself figure out what it | this sort is really for the benefit of the unit tests"
AZ4INX-xUdMD1-xUqsLz,lib/sqlalchemy/orm/strategies.py,strategies.py,python:S3776,HIGH,MAINTAINABILITY,CODE_SMELL,Refactor this function to reduce its Cognitive Complexity from 19 to the 15 allowed.,1281,9min,1.0,0.0,27.0,28.0,453.0,577.0,249.0,3403.0,B,A,11,6,92,18,10.0,"typically, ""mapper"" is the same as prop.parent, due to the way | TODO: check all columns ?  check for foreign key as well? | TODO: the ""not self.uselist"" can be taken out entirely; a m2o | compiled query but swapping the params, seems only marginally | self.parent is a subclass mapper.  Fixes #13209. | appear more than once in the path, issue #11449 | conflicting value already loaded, this shouldn't happen | ""in"" expression are in terms of the related entity.  So | as of #8399 we let the loader option itself figure out what it | this sort is really for the benefit of the unit tests"
AZ4INX-xUdMD1-xUqsLr,lib/sqlalchemy/orm/strategies.py,strategies.py,python:S1192,HIGH,MAINTAINABILITY,CODE_SMELL,"Define a constant instead of duplicating this literal ""'%s' does not support object "" 3 times.",2002,6min,1.0,0.0,27.0,28.0,453.0,577.0,249.0,3403.0,B,A,11,6,92,18,10.0,"typically, ""mapper"" is the same as prop.parent, due to the way | TODO: check all columns ?  check for foreign key as well? | TODO: the ""not self.uselist"" can be taken out entirely; a m2o | compiled query but swapping the params, seems only marginally | self.parent is a subclass mapper.  Fixes #13209. | appear more than once in the path, issue #11449 | conflicting value already loaded, this shouldn't happen | ""in"" expression are in terms of the related entity.  So | as of #8399 we let the loader option itself figure out what it | this sort is really for the benefit of the unit tests"
AZ4INX-xUdMD1-xUqsL7,lib/sqlalchemy/orm/strategies.py,strategies.py,python:S3776,HIGH,MAINTAINABILITY,CODE_SMELL,Refactor this function to reduce its Cognitive Complexity from 23 to the 15 allowed.,2125,13min,1.0,0.0,27.0,28.0,453.0,577.0,249.0,3403.0,B,A,11,6,92,18,10.0,"typically, ""mapper"" is the same as prop.parent, due to the way | TODO: check all columns ?  check for foreign key as well? | TODO: the ""not self.uselist"" can be taken out entirely; a m2o | compiled query but swapping the params, seems only marginally | self.parent is a subclass mapper.  Fixes #13209. | appear more than once in the path, issue #11449 | conflicting value already loaded, this shouldn't happen | ""in"" expression are in terms of the related entity.  So | as of #8399 we let the loader option itself figure out what it | this sort is really for the benefit of the unit tests"
AZ4INX-xUdMD1-xUqsL_,lib/sqlalchemy/orm/strategies.py,strategies.py,python:S3776,HIGH,MAINTAINABILITY,CODE_SMELL,Refactor this function to reduce its Cognitive Complexity from 35 to the 15 allowed.,2416,25min,1.0,0.0,27.0,28.0,453.0,577.0,249.0,3403.0,B,A,11,6,92,18,10.0,"typically, ""mapper"" is the same as prop.parent, due to the way | TODO: check all columns ?  check for foreign key as well? | TODO: the ""not self.uselist"" can be taken out entirely; a m2o | compiled query but swapping the params, seems only marginally | self.parent is a subclass mapper.  Fixes #13209. | appear more than once in the path, issue #11449 | conflicting value already loaded, this shouldn't happen | ""in"" expression are in terms of the related entity.  So | as of #8399 we let the loader option itself figure out what it | this sort is really for the benefit of the unit tests"
AZ4INX-xUdMD1-xUqsMA,lib/sqlalchemy/orm/strategies.py,strategies.py,python:S3776,HIGH,MAINTAINABILITY,CODE_SMELL,Refactor this function to reduce its Cognitive Complexity from 25 to the 15 allowed.,2575,15min,1.0,0.0,27.0,28.0,453.0,577.0,249.0,3403.0,B,A,11,6,92,18,10.0,"typically, ""mapper"" is the same as prop.parent, due to the way | TODO: check all columns ?  check for foreign key as well? | TODO: the ""not self.uselist"" can be taken out entirely; a m2o | compiled query but swapping the params, seems only marginally | self.parent is a subclass mapper.  Fixes #13209. | appear more than once in the path, issue #11449 | conflicting value already loaded, this shouldn't happen | ""in"" expression are in terms of the related entity.  So | as of #8399 we let the loader option itself figure out what it | this sort is really for the benefit of the unit tests"
AZ4INX-xUdMD1-xUqsME,lib/sqlalchemy/orm/strategies.py,strategies.py,python:S3776,HIGH,MAINTAINABILITY,CODE_SMELL,Refactor this function to reduce its Cognitive Complexity from 33 to the 15 allowed.,3063,23min,1.0,0.0,27.0,28.0,453.0,577.0,249.0,3403.0,B,A,11,6,92,18,10.0,"typically, ""mapper"" is the same as prop.parent, due to the way | TODO: check all columns ?  check for foreign key as well? | TODO: the ""not self.uselist"" can be taken out entirely; a m2o | compiled query but swapping the params, seems only marginally | self.parent is a subclass mapper.  Fixes #13209. | appear more than once in the path, issue #11449 | conflicting value already loaded, this shouldn't happen | ""in"" expression are in terms of the related entity.  So | as of #8399 we let the loader option itself figure out what it | this sort is really for the benefit of the unit tests"
AZ4INX-xUdMD1-xUqsMF,lib/sqlalchemy/orm/strategies.py,strategies.py,python:S3776,HIGH,MAINTAINABILITY,CODE_SMELL,Refactor this function to reduce its Cognitive Complexity from 21 to the 15 allowed.,3274,11min,1.0,0.0,27.0,28.0,453.0,577.0,249.0,3403.0,B,A,11,6,92,18,10.0,"typically, ""mapper"" is the same as prop.parent, due to the way | TODO: check all columns ?  check for foreign key as well? | TODO: the ""not self.uselist"" can be taken out entirely; a m2o | compiled query but swapping the params, seems only marginally | self.parent is a subclass mapper.  Fixes #13209. | appear more than once in the path, issue #11449 | conflicting value already loaded, this shouldn't happen | ""in"" expression are in terms of the related entity.  So | as of #8399 we let the loader option itself figure out what it | this sort is really for the benefit of the unit tests"
AZ4INX-xUdMD1-xUqsMG,lib/sqlalchemy/orm/strategies.py,strategies.py,python:S3776,HIGH,MAINTAINABILITY,CODE_SMELL,Refactor this function to reduce its Cognitive Complexity from 21 to the 15 allowed.,3329,11min,1.0,0.0,27.0,28.0,453.0,577.0,249.0,3403.0,B,A,11,6,92,18,10.0,"typically, ""mapper"" is the same as prop.parent, due to the way | TODO: check all columns ?  check for foreign key as well? | TODO: the ""not self.uselist"" can be taken out entirely; a m2o | compiled query but swapping the params, seems only marginally | self.parent is a subclass mapper.  Fixes #13209. | appear more than once in the path, issue #11449 | conflicting value already loaded, this shouldn't happen | ""in"" expression are in terms of the related entity.  So | as of #8399 we let the loader option itself figure out what it | this sort is really for the benefit of the unit tests"
AZ4INX_EUdMD1-xUqsMt,lib/sqlalchemy/orm/strategy_options.py,strategy_options.py,python:S3776,HIGH,MAINTAINABILITY,CODE_SMELL,Refactor this function to reduce its Cognitive Complexity from 27 to the 15 allowed.,1255,17min,0.0,0.0,10.0,10.0,244.0,266.0,76.0,2570.0,A,A,6,4,76,18,4.0,TODO: no cases in test suite where we actually get | TODO: need to figure out this None thing being returned by | TODO: attrs against different classes.  we likely have to | add some extra state to Load of some kind
AZ4INX_EUdMD1-xUqsMx,lib/sqlalchemy/orm/strategy_options.py,strategy_options.py,python:S3776,HIGH,MAINTAINABILITY,CODE_SMELL,Refactor this function to reduce its Cognitive Complexity from 18 to the 15 allowed.,1927,8min,0.0,0.0,10.0,10.0,244.0,266.0,76.0,2570.0,A,A,6,4,76,18,4.0,TODO: no cases in test suite where we actually get | TODO: need to figure out this None thing being returned by | TODO: attrs against different classes.  we likely have to | add some extra state to Load of some kind
AZ4INX_EUdMD1-xUqsMz,lib/sqlalchemy/orm/strategy_options.py,strategy_options.py,python:S3776,HIGH,MAINTAINABILITY,CODE_SMELL,Refactor this function to reduce its Cognitive Complexity from 41 to the 15 allowed.,2298,31min,0.0,0.0,10.0,10.0,244.0,266.0,76.0,2570.0,A,A,6,4,76,18,4.0,TODO: no cases in test suite where we actually get | TODO: need to figure out this None thing being returned by | TODO: attrs against different classes.  we likely have to | add some extra state to Load of some kind
AZ4INYAbUdMD1-xUqsQi,lib/sqlalchemy/orm/unitofwork.py,unitofwork.py,python:S3776,HIGH,MAINTAINABILITY,CODE_SMELL,Refactor this function to reduce its Cognitive Complexity from 55 to the 15 allowed.,43,45min,0.0,0.0,8.0,8.0,162.0,178.0,93.0,797.0,A,A,2,2,7,2,2.0,"the related item may or may not itself be in a | TODO: store the history as (state, object) tuples"
AZ4INYAbUdMD1-xUqsQk,lib/sqlalchemy/orm/unitofwork.py,unitofwork.py,python:S3776,HIGH,MAINTAINABILITY,CODE_SMELL,Refactor this function to reduce its Cognitive Complexity from 25 to the 15 allowed.,389,15min,0.0,0.0,8.0,8.0,162.0,178.0,93.0,797.0,A,A,2,2,7,2,2.0,"the related item may or may not itself be in a | TODO: store the history as (state, object) tuples"
AZ4INYAbUdMD1-xUqsQm,lib/sqlalchemy/orm/unitofwork.py,unitofwork.py,python:S3776,HIGH,MAINTAINABILITY,CODE_SMELL,Refactor this function to reduce its Cognitive Complexity from 20 to the 15 allowed.,518,10min,0.0,0.0,8.0,8.0,162.0,178.0,93.0,797.0,A,A,2,2,7,2,2.0,"the related item may or may not itself be in a | TODO: store the history as (state, object) tuples"
AZ4INYAbUdMD1-xUqsQh,lib/sqlalchemy/orm/unitofwork.py,unitofwork.py,python:S1192,HIGH,MAINTAINABILITY,CODE_SMELL,"Define a constant instead of duplicating this literal ""%s(%s)"" 4 times.",666,8min,0.0,0.0,8.0,8.0,162.0,178.0,93.0,797.0,A,A,2,2,7,2,2.0,"the related item may or may not itself be in a | TODO: store the history as (state, object) tuples"
AZ4INX_2UdMD1-xUqsPF,lib/sqlalchemy/orm/util.py,util.py,python:S3776,HIGH,MAINTAINABILITY,CODE_SMELL,Refactor this function to reduce its Cognitive Complexity from 38 to the 15 allowed.,272,28min,0.0,0.0,11.0,11.0,251.0,294.0,115.0,2424.0,A,A,12,2,187,101,4.0,"to eliminate reference cycles, the AliasedClass is held weakly. | subject can be None but it's much better if it's not. | (probably should), so do some gymnastics to get the entity. | or implicit ON clause, augment it the same way we'd augment the"
AZ4INX_2UdMD1-xUqsPI,lib/sqlalchemy/orm/util.py,util.py,python:S3776,HIGH,MAINTAINABILITY,CODE_SMELL,Refactor this function to reduce its Cognitive Complexity from 16 to the 15 allowed.,338,6min,0.0,0.0,11.0,11.0,251.0,294.0,115.0,2424.0,A,A,12,2,187,101,4.0,"to eliminate reference cycles, the AliasedClass is held weakly. | subject can be None but it's much better if it's not. | (probably should), so do some gymnastics to get the entity. | or implicit ON clause, augment it the same way we'd augment the"
AZ4INX_2UdMD1-xUqsPD,lib/sqlalchemy/orm/util.py,util.py,python:S1192,HIGH,MAINTAINABILITY,CODE_SMELL,"Define a constant instead of duplicating this literal ""_InternalEntityType[Any]"" 3 times.",1394,6min,0.0,0.0,11.0,11.0,251.0,294.0,115.0,2424.0,A,A,12,2,187,101,4.0,"to eliminate reference cycles, the AliasedClass is held weakly. | subject can be None but it's much better if it's not. | (probably should), so do some gymnastics to get the entity. | or implicit ON clause, augment it the same way we'd augment the"
AZ4INX_2UdMD1-xUqsPL,lib/sqlalchemy/orm/util.py,util.py,python:S3776,HIGH,MAINTAINABILITY,CODE_SMELL,Refactor this function to reduce its Cognitive Complexity from 30 to the 15 allowed.,1808,20min,0.0,0.0,11.0,11.0,251.0,294.0,115.0,2424.0,A,A,12,2,187,101,4.0,"to eliminate reference cycles, the AliasedClass is held weakly. | subject can be None but it's much better if it's not. | (probably should), so do some gymnastics to get the entity. | or implicit ON clause, augment it the same way we'd augment the"
AZ4INX_2UdMD1-xUqsPM,lib/sqlalchemy/orm/util.py,util.py,python:S3776,HIGH,MAINTAINABILITY,CODE_SMELL,Refactor this function to reduce its Cognitive Complexity from 16 to the 15 allowed.,2227,6min,0.0,0.0,11.0,11.0,251.0,294.0,115.0,2424.0,A,A,12,2,187,101,4.0,"to eliminate reference cycles, the AliasedClass is held weakly. | subject can be None but it's much better if it's not. | (probably should), so do some gymnastics to get the entity. | or implicit ON clause, augment it the same way we'd augment the"
AZ4INX_2UdMD1-xUqsPQ,lib/sqlalchemy/orm/util.py,util.py,python:S3776,HIGH,MAINTAINABILITY,CODE_SMELL,Refactor this function to reduce its Cognitive Complexity from 29 to the 15 allowed.,2315,19min,0.0,0.0,11.0,11.0,251.0,294.0,115.0,2424.0,A,A,12,2,187,101,4.0,"to eliminate reference cycles, the AliasedClass is held weakly. | subject can be None but it's much better if it's not. | (probably should), so do some gymnastics to get the entity. | or implicit ON clause, augment it the same way we'd augment the"
AZ4INX-1UdMD1-xUqsMJ,lib/sqlalchemy/orm/writeonly.py,writeonly.py,python:S1186,HIGH,MAINTAINABILITY,CODE_SMELL,"Add a nested comment explaining why this method is empty, or complete the implementation.",482,5min,0.0,0.0,3.0,3.0,89.0,58.0,15.0,679.0,A,A,5,2,24,116,2.0,this is a hack to allow the entities.ComparableEntity fixture | this is a hack right now.  The Query only knows how to
AZ4INYCGUdMD1-xUqsSn,lib/sqlalchemy/pool/base.py,base.py,python:S5754,HIGH,MAINTAINABILITY,CODE_SMELL,Catch a more specific exception or reraise the exception,899,5min,0.0,0.0,4.0,4.0,174.0,177.0,69.0,1516.0,A,A,6,4,20,90,2.0,"""invalidation time"" to ""starttime"" should perhaps use >= so that the | TODO: should this be _return_conn?"
AZ4INYCGUdMD1-xUqsSo,lib/sqlalchemy/pool/base.py,base.py,python:S3776,HIGH,MAINTAINABILITY,CODE_SMELL,Refactor this function to reduce its Cognitive Complexity from 44 to the 15 allowed.,917,34min,0.0,0.0,4.0,4.0,174.0,177.0,69.0,1516.0,A,A,6,4,20,90,2.0,"""invalidation time"" to ""starttime"" should perhaps use >= so that the | TODO: should this be _return_conn?"
AZ4INYCGUdMD1-xUqsSp,lib/sqlalchemy/pool/base.py,base.py,python:S3776,HIGH,MAINTAINABILITY,CODE_SMELL,Refactor this function to reduce its Cognitive Complexity from 40 to the 15 allowed.,1256,30min,0.0,0.0,4.0,4.0,174.0,177.0,69.0,1516.0,A,A,6,4,20,90,2.0,"""invalidation time"" to ""starttime"" should perhaps use >= so that the | TODO: should this be _return_conn?"
AZ4INYB-UdMD1-xUqsSi,lib/sqlalchemy/pool/events.py,events.py,secrets:S6698,HIGH,SECURITY,VULNERABILITY,Make sure this PostgreSQL database password gets changed and removed from the code.,49,30min,0.0,1.0,1.0,2.0,16.0,10.0,2.0,371.0,A,E,2,1,29,103,,
AZ4INYCDUdMD1-xUqsSk,lib/sqlalchemy/pool/impl.py,impl.py,python:S3516,HIGH,MAINTAINABILITY,CODE_SMELL,Refactor this method to not always return the same value.,196,2min,0.0,0.0,4.0,4.0,68.0,47.0,22.0,582.0,A,A,6,2,24,2,,
AZ4INYCDUdMD1-xUqsSj,lib/sqlalchemy/pool/impl.py,impl.py,python:S1192,HIGH,MAINTAINABILITY,CODE_SMELL,"Define a constant instead of duplicating this literal ""Pool recreating"" 5 times.",205,10min,0.0,0.0,4.0,4.0,68.0,47.0,22.0,582.0,A,A,6,2,24,2,,
AZ4INYCDUdMD1-xUqsSl,lib/sqlalchemy/pool/impl.py,impl.py,python:S1186,HIGH,MAINTAINABILITY,CODE_SMELL,"Add a nested comment explaining why this method is empty, or complete the implementation.",324,5min,0.0,0.0,4.0,4.0,68.0,47.0,22.0,582.0,A,A,6,2,24,2,,
AZ4INYCDUdMD1-xUqsSm,lib/sqlalchemy/pool/impl.py,impl.py,python:S1186,HIGH,MAINTAINABILITY,CODE_SMELL,"Add a nested comment explaining why this method is empty, or complete the implementation.",503,5min,0.0,0.0,4.0,4.0,68.0,47.0,22.0,582.0,A,A,6,2,24,2,,
AZ4INX8pUdMD1-xUqsJV,lib/sqlalchemy/sql/_typing.py,_typing.py,python:S1192,HIGH,MAINTAINABILITY,CODE_SMELL,"Define a constant instead of duplicating this literal ""ColumnElement[Any]"" 3 times.",79,6min,0.0,0.0,12.0,12.0,37.0,5.0,108.0,461.0,A,A,7,3,40,108,,
AZ4INX8pUdMD1-xUqsJW,lib/sqlalchemy/sql/_typing.py,_typing.py,python:S1192,HIGH,MAINTAINABILITY,CODE_SMELL,"Define a constant instead of duplicating this literal ""ColumnElement[_T]"" 3 times.",141,6min,0.0,0.0,12.0,12.0,37.0,5.0,108.0,461.0,A,A,7,3,40,108,,
AZ4INX8pUdMD1-xUqsJU,lib/sqlalchemy/sql/_typing.py,_typing.py,python:S1192,HIGH,MAINTAINABILITY,CODE_SMELL,"Define a constant instead of duplicating this literal ""SQLCoreOperations[_T]"" 3 times.",149,6min,0.0,0.0,12.0,12.0,37.0,5.0,108.0,461.0,A,A,7,3,40,108,,
AZ4INX7cUdMD1-xUqsE1,lib/sqlalchemy/sql/annotation.py,annotation.py,python:S3776,HIGH,MAINTAINABILITY,CODE_SMELL,Refactor this function to reduce its Cognitive Complexity from 17 to the 15 allowed.,410,7min,1.0,0.0,6.0,7.0,72.0,55.0,37.0,586.0,B,A,4,3,14,116,1.0,annotated objects hack the __hash__() method so if we want to
AZ4INX8GUdMD1-xUqsGO,lib/sqlalchemy/sql/base.py,base.py,python:S1186,HIGH,MAINTAINABILITY,CODE_SMELL,"Add a nested comment explaining why this method is empty, or complete the implementation.",199,5min,0.0,0.0,11.0,11.0,268.0,202.0,63.0,2186.0,A,A,19,6,816,2,7.0,"TODO: cython candidate | TODO: very inefficient.  This is used only in test suites | TODO: fairly inefficient, used only in debugging right now. | don't really know how this part is supposed to work w/ the | TODO: cython candidate | matches a1.c.x->table.c.x better than | operation may very well be occurring"
AZ4INX8GUdMD1-xUqsGV,lib/sqlalchemy/sql/base.py,base.py,python:S3776,HIGH,MAINTAINABILITY,CODE_SMELL,Refactor this function to reduce its Cognitive Complexity from 21 to the 15 allowed.,1810,11min,0.0,0.0,11.0,11.0,268.0,202.0,63.0,2186.0,A,A,19,6,816,2,7.0,"TODO: cython candidate | TODO: very inefficient.  This is used only in test suites | TODO: fairly inefficient, used only in debugging right now. | don't really know how this part is supposed to work w/ the | TODO: cython candidate | matches a1.c.x->table.c.x better than | operation may very well be occurring"
AZ4INX8GUdMD1-xUqsGX,lib/sqlalchemy/sql/base.py,base.py,python:S3776,HIGH,MAINTAINABILITY,CODE_SMELL,Refactor this function to reduce its Cognitive Complexity from 22 to the 15 allowed.,2025,12min,0.0,0.0,11.0,11.0,268.0,202.0,63.0,2186.0,A,A,19,6,816,2,7.0,"TODO: cython candidate | TODO: very inefficient.  This is used only in test suites | TODO: fairly inefficient, used only in debugging right now. | don't really know how this part is supposed to work w/ the | TODO: cython candidate | matches a1.c.x->table.c.x better than | operation may very well be occurring"
AZ4INX7XUdMD1-xUqsEC,lib/sqlalchemy/sql/cache_key.py,cache_key.py,python:S5720,HIGH,MAINTAINABILITY,CODE_SMELL,"Rename ""s"" to ""self"" or add the missing ""self"" parameter.",47,5min,1.0,0.0,46.0,47.0,97.0,120.0,253.0,1058.0,E,A,3,2,49,116,4.0,TODO: wouldn't we instead get this from our superclass? | efficient on startup but simpler. | TODO: see if C code can help here as Python lacks an | efficient switch construct
AZ4INX7XUdMD1-xUqsED,lib/sqlalchemy/sql/cache_key.py,cache_key.py,python:S3776,HIGH,MAINTAINABILITY,CODE_SMELL,Refactor this function to reduce its Cognitive Complexity from 17 to the 15 allowed.,149,7min,1.0,0.0,46.0,47.0,97.0,120.0,253.0,1058.0,E,A,3,2,49,116,4.0,TODO: wouldn't we instead get this from our superclass? | efficient on startup but simpler. | TODO: see if C code can help here as Python lacks an | efficient switch construct
AZ4INX7XUdMD1-xUqsEF,lib/sqlalchemy/sql/cache_key.py,cache_key.py,python:S3776,HIGH,MAINTAINABILITY,CODE_SMELL,Refactor this function to reduce its Cognitive Complexity from 40 to the 15 allowed.,222,30min,1.0,0.0,46.0,47.0,97.0,120.0,253.0,1058.0,E,A,3,2,49,116,4.0,TODO: wouldn't we instead get this from our superclass? | efficient on startup but simpler. | TODO: see if C code can help here as Python lacks an | efficient switch construct
AZ4INX7XUdMD1-xUqsEH,lib/sqlalchemy/sql/cache_key.py,cache_key.py,python:S935,HIGH,RELIABILITY,BUG,Return a value of type `int` here.,442,5min,1.0,0.0,46.0,47.0,97.0,120.0,253.0,1058.0,E,A,3,2,49,116,4.0,TODO: wouldn't we instead get this from our superclass? | efficient on startup but simpler. | TODO: see if C code can help here as Python lacks an | efficient switch construct
AZ4INX7XUdMD1-xUqsEK,lib/sqlalchemy/sql/cache_key.py,cache_key.py,python:S3776,HIGH,MAINTAINABILITY,CODE_SMELL,Refactor this function to reduce its Cognitive Complexity from 18 to the 15 allowed.,492,8min,1.0,0.0,46.0,47.0,97.0,120.0,253.0,1058.0,E,A,3,2,49,116,4.0,TODO: wouldn't we instead get this from our superclass? | efficient on startup but simpler. | TODO: see if C code can help here as Python lacks an | efficient switch construct
AZ4INX7_UdMD1-xUqsGE,lib/sqlalchemy/sql/coercions.py,coercions.py,python:S3776,HIGH,MAINTAINABILITY,CODE_SMELL,Refactor this function to reduce its Cognitive Complexity from 63 to the 15 allowed.,314,53min,1.0,0.0,9.0,10.0,203.0,249.0,84.0,1406.0,B,A,5,3,13,116,6.0,"TODO: there's no test coverage now for the | this is a hack right now as we want to use coercion on an | ORM context _join and _legacy_join() would need to be improved | see #5754 for why we can't easily deprecate this coercion. | TODO: doing _implicit_subquery here causes tests to fail, | how was this working before?  probably that ORM"
AZ4INX7_UdMD1-xUqsGK,lib/sqlalchemy/sql/coercions.py,coercions.py,python:S3776,HIGH,MAINTAINABILITY,CODE_SMELL,Refactor this function to reduce its Cognitive Complexity from 19 to the 15 allowed.,846,9min,1.0,0.0,9.0,10.0,203.0,249.0,84.0,1406.0,B,A,5,3,13,116,6.0,"TODO: there's no test coverage now for the | this is a hack right now as we want to use coercion on an | ORM context _join and _legacy_join() would need to be improved | see #5754 for why we can't easily deprecate this coercion. | TODO: doing _implicit_subquery here causes tests to fail, | how was this working before?  probably that ORM"
AZ4INX8kUdMD1-xUqsG_,lib/sqlalchemy/sql/compiler.py,compiler.py,python:S1186,HIGH,MAINTAINABILITY,CODE_SMELL,"Add a nested comment explaining why this method is empty, or complete the implementation.",888,5min,1.0,0.0,153.0,154.0,1158.0,1323.0,1258.0,7819.0,B,A,37,12,879,2,17.0,"way.   The parameters present in self.bind_names may be clones of | elsewhere in the statement already (e.g. a subquery or perhaps a | TODO: would need a fast cast again here, | for postcompile w/ expanding, move the ""wrapped"" part | TODO: this condition is not well understood. | TODO: accumulate_bind_names is passed by crud.py to gather | TODO: can we get at the .columns_plus_names collection | TODO: proxy_name is not technically safe, | as the better target for this now however for 1.4 we will keep | this is a hack to allow legacy result column lookups | TODO: this only seems to be tested indirectly | TODO: likely need asfrom=True here? | TODO: do we want non-primary key explicit sentinel cols | insert_sentinel=""degrade"" perhaps.  not for the initial release. | params inside them.   After multiple attempts to figure this out, | TODO: remove in 2.1 | TODO: no coverage here"
AZ4INX8kUdMD1-xUqsHC,lib/sqlalchemy/sql/compiler.py,compiler.py,python:S3776,HIGH,MAINTAINABILITY,CODE_SMELL,Refactor this function to reduce its Cognitive Complexity from 36 to the 15 allowed.,1340,26min,1.0,0.0,153.0,154.0,1158.0,1323.0,1258.0,7819.0,B,A,37,12,879,2,17.0,"way.   The parameters present in self.bind_names may be clones of | elsewhere in the statement already (e.g. a subquery or perhaps a | TODO: would need a fast cast again here, | for postcompile w/ expanding, move the ""wrapped"" part | TODO: this condition is not well understood. | TODO: accumulate_bind_names is passed by crud.py to gather | TODO: can we get at the .columns_plus_names collection | TODO: proxy_name is not technically safe, | as the better target for this now however for 1.4 we will keep | this is a hack to allow legacy result column lookups | TODO: this only seems to be tested indirectly | TODO: likely need asfrom=True here? | TODO: do we want non-primary key explicit sentinel cols | insert_sentinel=""degrade"" perhaps.  not for the initial release. | params inside them.   After multiple attempts to figure this out, | TODO: remove in 2.1 | TODO: no coverage here"
AZ4INX8kUdMD1-xUqsHE,lib/sqlalchemy/sql/compiler.py,compiler.py,python:S3776,HIGH,MAINTAINABILITY,CODE_SMELL,Refactor this function to reduce its Cognitive Complexity from 62 to the 15 allowed.,1820,52min,1.0,0.0,153.0,154.0,1158.0,1323.0,1258.0,7819.0,B,A,37,12,879,2,17.0,"way.   The parameters present in self.bind_names may be clones of | elsewhere in the statement already (e.g. a subquery or perhaps a | TODO: would need a fast cast again here, | for postcompile w/ expanding, move the ""wrapped"" part | TODO: this condition is not well understood. | TODO: accumulate_bind_names is passed by crud.py to gather | TODO: can we get at the .columns_plus_names collection | TODO: proxy_name is not technically safe, | as the better target for this now however for 1.4 we will keep | this is a hack to allow legacy result column lookups | TODO: this only seems to be tested indirectly | TODO: likely need asfrom=True here? | TODO: do we want non-primary key explicit sentinel cols | insert_sentinel=""degrade"" perhaps.  not for the initial release. | params inside them.   After multiple attempts to figure this out, | TODO: remove in 2.1 | TODO: no coverage here"
AZ4INX8kUdMD1-xUqsHF,lib/sqlalchemy/sql/compiler.py,compiler.py,python:S3776,HIGH,MAINTAINABILITY,CODE_SMELL,Refactor this function to reduce its Cognitive Complexity from 46 to the 15 allowed.,2000,36min,1.0,0.0,153.0,154.0,1158.0,1323.0,1258.0,7819.0,B,A,37,12,879,2,17.0,"way.   The parameters present in self.bind_names may be clones of | elsewhere in the statement already (e.g. a subquery or perhaps a | TODO: would need a fast cast again here, | for postcompile w/ expanding, move the ""wrapped"" part | TODO: this condition is not well understood. | TODO: accumulate_bind_names is passed by crud.py to gather | TODO: can we get at the .columns_plus_names collection | TODO: proxy_name is not technically safe, | as the better target for this now however for 1.4 we will keep | this is a hack to allow legacy result column lookups | TODO: this only seems to be tested indirectly | TODO: likely need asfrom=True here? | TODO: do we want non-primary key explicit sentinel cols | insert_sentinel=""degrade"" perhaps.  not for the initial release. | params inside them.   After multiple attempts to figure this out, | TODO: remove in 2.1 | TODO: no coverage here"
AZ4INX8kUdMD1-xUqsHG,lib/sqlalchemy/sql/compiler.py,compiler.py,python:S3776,HIGH,MAINTAINABILITY,CODE_SMELL,Refactor this function to reduce its Cognitive Complexity from 22 to the 15 allowed.,2215,12min,1.0,0.0,153.0,154.0,1158.0,1323.0,1258.0,7819.0,B,A,37,12,879,2,17.0,"way.   The parameters present in self.bind_names may be clones of | elsewhere in the statement already (e.g. a subquery or perhaps a | TODO: would need a fast cast again here, | for postcompile w/ expanding, move the ""wrapped"" part | TODO: this condition is not well understood. | TODO: accumulate_bind_names is passed by crud.py to gather | TODO: can we get at the .columns_plus_names collection | TODO: proxy_name is not technically safe, | as the better target for this now however for 1.4 we will keep | this is a hack to allow legacy result column lookups | TODO: this only seems to be tested indirectly | TODO: likely need asfrom=True here? | TODO: do we want non-primary key explicit sentinel cols | insert_sentinel=""degrade"" perhaps.  not for the initial release. | params inside them.   After multiple attempts to figure this out, | TODO: remove in 2.1 | TODO: no coverage here"
AZ4INX8kUdMD1-xUqsHH,lib/sqlalchemy/sql/compiler.py,compiler.py,python:S3776,HIGH,MAINTAINABILITY,CODE_SMELL,Refactor this function to reduce its Cognitive Complexity from 16 to the 15 allowed.,2354,6min,1.0,0.0,153.0,154.0,1158.0,1323.0,1258.0,7819.0,B,A,37,12,879,2,17.0,"way.   The parameters present in self.bind_names may be clones of | elsewhere in the statement already (e.g. a subquery or perhaps a | TODO: would need a fast cast again here, | for postcompile w/ expanding, move the ""wrapped"" part | TODO: this condition is not well understood. | TODO: accumulate_bind_names is passed by crud.py to gather | TODO: can we get at the .columns_plus_names collection | TODO: proxy_name is not technically safe, | as the better target for this now however for 1.4 we will keep | this is a hack to allow legacy result column lookups | TODO: this only seems to be tested indirectly | TODO: likely need asfrom=True here? | TODO: do we want non-primary key explicit sentinel cols | insert_sentinel=""degrade"" perhaps.  not for the initial release. | params inside them.   After multiple attempts to figure this out, | TODO: remove in 2.1 | TODO: no coverage here"
AZ4INX8kUdMD1-xUqsG5,lib/sqlalchemy/sql/compiler.py,compiler.py,python:S1192,HIGH,MAINTAINABILITY,CODE_SMELL,"Define a constant instead of duplicating this literal ""Can't resolve label reference for ORDER BY / "" 3 times.",2435,6min,1.0,0.0,153.0,154.0,1158.0,1323.0,1258.0,7819.0,B,A,37,12,879,2,17.0,"way.   The parameters present in self.bind_names may be clones of | elsewhere in the statement already (e.g. a subquery or perhaps a | TODO: would need a fast cast again here, | for postcompile w/ expanding, move the ""wrapped"" part | TODO: this condition is not well understood. | TODO: accumulate_bind_names is passed by crud.py to gather | TODO: can we get at the .columns_plus_names collection | TODO: proxy_name is not technically safe, | as the better target for this now however for 1.4 we will keep | this is a hack to allow legacy result column lookups | TODO: this only seems to be tested indirectly | TODO: likely need asfrom=True here? | TODO: do we want non-primary key explicit sentinel cols | insert_sentinel=""degrade"" perhaps.  not for the initial release. | params inside them.   After multiple attempts to figure this out, | TODO: remove in 2.1 | TODO: no coverage here"
AZ4INX8kUdMD1-xUqsHL,lib/sqlalchemy/sql/compiler.py,compiler.py,python:S3776,HIGH,MAINTAINABILITY,CODE_SMELL,Refactor this function to reduce its Cognitive Complexity from 21 to the 15 allowed.,2574,11min,1.0,0.0,153.0,154.0,1158.0,1323.0,1258.0,7819.0,B,A,37,12,879,2,17.0,"way.   The parameters present in self.bind_names may be clones of | elsewhere in the statement already (e.g. a subquery or perhaps a | TODO: would need a fast cast again here, | for postcompile w/ expanding, move the ""wrapped"" part | TODO: this condition is not well understood. | TODO: accumulate_bind_names is passed by crud.py to gather | TODO: can we get at the .columns_plus_names collection | TODO: proxy_name is not technically safe, | as the better target for this now however for 1.4 we will keep | this is a hack to allow legacy result column lookups | TODO: this only seems to be tested indirectly | TODO: likely need asfrom=True here? | TODO: do we want non-primary key explicit sentinel cols | insert_sentinel=""degrade"" perhaps.  not for the initial release. | params inside them.   After multiple attempts to figure this out, | TODO: remove in 2.1 | TODO: no coverage here"
AZ4INX8kUdMD1-xUqsHa,lib/sqlalchemy/sql/compiler.py,compiler.py,python:S3776,HIGH,MAINTAINABILITY,CODE_SMELL,Refactor this function to reduce its Cognitive Complexity from 17 to the 15 allowed.,2932,7min,1.0,0.0,153.0,154.0,1158.0,1323.0,1258.0,7819.0,B,A,37,12,879,2,17.0,"way.   The parameters present in self.bind_names may be clones of | elsewhere in the statement already (e.g. a subquery or perhaps a | TODO: would need a fast cast again here, | for postcompile w/ expanding, move the ""wrapped"" part | TODO: this condition is not well understood. | TODO: accumulate_bind_names is passed by crud.py to gather | TODO: can we get at the .columns_plus_names collection | TODO: proxy_name is not technically safe, | as the better target for this now however for 1.4 we will keep | this is a hack to allow legacy result column lookups | TODO: this only seems to be tested indirectly | TODO: likely need asfrom=True here? | TODO: do we want non-primary key explicit sentinel cols | insert_sentinel=""degrade"" perhaps.  not for the initial release. | params inside them.   After multiple attempts to figure this out, | TODO: remove in 2.1 | TODO: no coverage here"
AZ4INX8kUdMD1-xUqsHm,lib/sqlalchemy/sql/compiler.py,compiler.py,python:S3776,HIGH,MAINTAINABILITY,CODE_SMELL,Refactor this function to reduce its Cognitive Complexity from 19 to the 15 allowed.,3206,9min,1.0,0.0,153.0,154.0,1158.0,1323.0,1258.0,7819.0,B,A,37,12,879,2,17.0,"way.   The parameters present in self.bind_names may be clones of | elsewhere in the statement already (e.g. a subquery or perhaps a | TODO: would need a fast cast again here, | for postcompile w/ expanding, move the ""wrapped"" part | TODO: this condition is not well understood. | TODO: accumulate_bind_names is passed by crud.py to gather | TODO: can we get at the .columns_plus_names collection | TODO: proxy_name is not technically safe, | as the better target for this now however for 1.4 we will keep | this is a hack to allow legacy result column lookups | TODO: this only seems to be tested indirectly | TODO: likely need asfrom=True here? | TODO: do we want non-primary key explicit sentinel cols | insert_sentinel=""degrade"" perhaps.  not for the initial release. | params inside them.   After multiple attempts to figure this out, | TODO: remove in 2.1 | TODO: no coverage here"
AZ4INX8kUdMD1-xUqsG9,lib/sqlalchemy/sql/compiler.py,compiler.py,python:S1192,HIGH,MAINTAINABILITY,CODE_SMELL,"Define a constant instead of duplicating this literal ""VALUES "" 3 times.",3218,6min,1.0,0.0,153.0,154.0,1158.0,1323.0,1258.0,7819.0,B,A,37,12,879,2,17.0,"way.   The parameters present in self.bind_names may be clones of | elsewhere in the statement already (e.g. a subquery or perhaps a | TODO: would need a fast cast again here, | for postcompile w/ expanding, move the ""wrapped"" part | TODO: this condition is not well understood. | TODO: accumulate_bind_names is passed by crud.py to gather | TODO: can we get at the .columns_plus_names collection | TODO: proxy_name is not technically safe, | as the better target for this now however for 1.4 we will keep | this is a hack to allow legacy result column lookups | TODO: this only seems to be tested indirectly | TODO: likely need asfrom=True here? | TODO: do we want non-primary key explicit sentinel cols | insert_sentinel=""degrade"" perhaps.  not for the initial release. | params inside them.   After multiple attempts to figure this out, | TODO: remove in 2.1 | TODO: no coverage here"
AZ4INX8kUdMD1-xUqsHn,lib/sqlalchemy/sql/compiler.py,compiler.py,python:S3776,HIGH,MAINTAINABILITY,CODE_SMELL,Refactor this function to reduce its Cognitive Complexity from 16 to the 15 allowed.,3280,6min,1.0,0.0,153.0,154.0,1158.0,1323.0,1258.0,7819.0,B,A,37,12,879,2,17.0,"way.   The parameters present in self.bind_names may be clones of | elsewhere in the statement already (e.g. a subquery or perhaps a | TODO: would need a fast cast again here, | for postcompile w/ expanding, move the ""wrapped"" part | TODO: this condition is not well understood. | TODO: accumulate_bind_names is passed by crud.py to gather | TODO: can we get at the .columns_plus_names collection | TODO: proxy_name is not technically safe, | as the better target for this now however for 1.4 we will keep | this is a hack to allow legacy result column lookups | TODO: this only seems to be tested indirectly | TODO: likely need asfrom=True here? | TODO: do we want non-primary key explicit sentinel cols | insert_sentinel=""degrade"" perhaps.  not for the initial release. | params inside them.   After multiple attempts to figure this out, | TODO: remove in 2.1 | TODO: no coverage here"
AZ4INX8kUdMD1-xUqsHv,lib/sqlalchemy/sql/compiler.py,compiler.py,python:S3776,HIGH,MAINTAINABILITY,CODE_SMELL,Refactor this function to reduce its Cognitive Complexity from 50 to the 15 allowed.,3639,40min,1.0,0.0,153.0,154.0,1158.0,1323.0,1258.0,7819.0,B,A,37,12,879,2,17.0,"way.   The parameters present in self.bind_names may be clones of | elsewhere in the statement already (e.g. a subquery or perhaps a | TODO: would need a fast cast again here, | for postcompile w/ expanding, move the ""wrapped"" part | TODO: this condition is not well understood. | TODO: accumulate_bind_names is passed by crud.py to gather | TODO: can we get at the .columns_plus_names collection | TODO: proxy_name is not technically safe, | as the better target for this now however for 1.4 we will keep | this is a hack to allow legacy result column lookups | TODO: this only seems to be tested indirectly | TODO: likely need asfrom=True here? | TODO: do we want non-primary key explicit sentinel cols | insert_sentinel=""degrade"" perhaps.  not for the initial release. | params inside them.   After multiple attempts to figure this out, | TODO: remove in 2.1 | TODO: no coverage here"
AZ4INX8kUdMD1-xUqsH0,lib/sqlalchemy/sql/compiler.py,compiler.py,python:S3776,HIGH,MAINTAINABILITY,CODE_SMELL,Refactor this function to reduce its Cognitive Complexity from 20 to the 15 allowed.,3914,10min,1.0,0.0,153.0,154.0,1158.0,1323.0,1258.0,7819.0,B,A,37,12,879,2,17.0,"way.   The parameters present in self.bind_names may be clones of | elsewhere in the statement already (e.g. a subquery or perhaps a | TODO: would need a fast cast again here, | for postcompile w/ expanding, move the ""wrapped"" part | TODO: this condition is not well understood. | TODO: accumulate_bind_names is passed by crud.py to gather | TODO: can we get at the .columns_plus_names collection | TODO: proxy_name is not technically safe, | as the better target for this now however for 1.4 we will keep | this is a hack to allow legacy result column lookups | TODO: this only seems to be tested indirectly | TODO: likely need asfrom=True here? | TODO: do we want non-primary key explicit sentinel cols | insert_sentinel=""degrade"" perhaps.  not for the initial release. | params inside them.   After multiple attempts to figure this out, | TODO: remove in 2.1 | TODO: no coverage here"
AZ4INX8kUdMD1-xUqsH4,lib/sqlalchemy/sql/compiler.py,compiler.py,python:S3776,HIGH,MAINTAINABILITY,CODE_SMELL,Refactor this function to reduce its Cognitive Complexity from 67 to the 15 allowed.,3989,57min,1.0,0.0,153.0,154.0,1158.0,1323.0,1258.0,7819.0,B,A,37,12,879,2,17.0,"way.   The parameters present in self.bind_names may be clones of | elsewhere in the statement already (e.g. a subquery or perhaps a | TODO: would need a fast cast again here, | for postcompile w/ expanding, move the ""wrapped"" part | TODO: this condition is not well understood. | TODO: accumulate_bind_names is passed by crud.py to gather | TODO: can we get at the .columns_plus_names collection | TODO: proxy_name is not technically safe, | as the better target for this now however for 1.4 we will keep | this is a hack to allow legacy result column lookups | TODO: this only seems to be tested indirectly | TODO: likely need asfrom=True here? | TODO: do we want non-primary key explicit sentinel cols | insert_sentinel=""degrade"" perhaps.  not for the initial release. | params inside them.   After multiple attempts to figure this out, | TODO: remove in 2.1 | TODO: no coverage here"
AZ4INX8kUdMD1-xUqsH8,lib/sqlalchemy/sql/compiler.py,compiler.py,python:S3776,HIGH,MAINTAINABILITY,CODE_SMELL,Refactor this function to reduce its Cognitive Complexity from 34 to the 15 allowed.,4203,24min,1.0,0.0,153.0,154.0,1158.0,1323.0,1258.0,7819.0,B,A,37,12,879,2,17.0,"way.   The parameters present in self.bind_names may be clones of | elsewhere in the statement already (e.g. a subquery or perhaps a | TODO: would need a fast cast again here, | for postcompile w/ expanding, move the ""wrapped"" part | TODO: this condition is not well understood. | TODO: accumulate_bind_names is passed by crud.py to gather | TODO: can we get at the .columns_plus_names collection | TODO: proxy_name is not technically safe, | as the better target for this now however for 1.4 we will keep | this is a hack to allow legacy result column lookups | TODO: this only seems to be tested indirectly | TODO: likely need asfrom=True here? | TODO: do we want non-primary key explicit sentinel cols | insert_sentinel=""degrade"" perhaps.  not for the initial release. | params inside them.   After multiple attempts to figure this out, | TODO: remove in 2.1 | TODO: no coverage here"
AZ4INX8kUdMD1-xUqsIA,lib/sqlalchemy/sql/compiler.py,compiler.py,python:S3776,HIGH,MAINTAINABILITY,CODE_SMELL,Refactor this function to reduce its Cognitive Complexity from 34 to the 15 allowed.,4428,24min,1.0,0.0,153.0,154.0,1158.0,1323.0,1258.0,7819.0,B,A,37,12,879,2,17.0,"way.   The parameters present in self.bind_names may be clones of | elsewhere in the statement already (e.g. a subquery or perhaps a | TODO: would need a fast cast again here, | for postcompile w/ expanding, move the ""wrapped"" part | TODO: this condition is not well understood. | TODO: accumulate_bind_names is passed by crud.py to gather | TODO: can we get at the .columns_plus_names collection | TODO: proxy_name is not technically safe, | as the better target for this now however for 1.4 we will keep | this is a hack to allow legacy result column lookups | TODO: this only seems to be tested indirectly | TODO: likely need asfrom=True here? | TODO: do we want non-primary key explicit sentinel cols | insert_sentinel=""degrade"" perhaps.  not for the initial release. | params inside them.   After multiple attempts to figure this out, | TODO: remove in 2.1 | TODO: no coverage here"
AZ4INX8kUdMD1-xUqsIM,lib/sqlalchemy/sql/compiler.py,compiler.py,python:S3776,HIGH,MAINTAINABILITY,CODE_SMELL,Refactor this function to reduce its Cognitive Complexity from 28 to the 15 allowed.,4653,18min,1.0,0.0,153.0,154.0,1158.0,1323.0,1258.0,7819.0,B,A,37,12,879,2,17.0,"way.   The parameters present in self.bind_names may be clones of | elsewhere in the statement already (e.g. a subquery or perhaps a | TODO: would need a fast cast again here, | for postcompile w/ expanding, move the ""wrapped"" part | TODO: this condition is not well understood. | TODO: accumulate_bind_names is passed by crud.py to gather | TODO: can we get at the .columns_plus_names collection | TODO: proxy_name is not technically safe, | as the better target for this now however for 1.4 we will keep | this is a hack to allow legacy result column lookups | TODO: this only seems to be tested indirectly | TODO: likely need asfrom=True here? | TODO: do we want non-primary key explicit sentinel cols | insert_sentinel=""degrade"" perhaps.  not for the initial release. | params inside them.   After multiple attempts to figure this out, | TODO: remove in 2.1 | TODO: no coverage here"
AZ4INX8kUdMD1-xUqsIO,lib/sqlalchemy/sql/compiler.py,compiler.py,python:S3776,HIGH,MAINTAINABILITY,CODE_SMELL,Refactor this function to reduce its Cognitive Complexity from 21 to the 15 allowed.,4922,11min,1.0,0.0,153.0,154.0,1158.0,1323.0,1258.0,7819.0,B,A,37,12,879,2,17.0,"way.   The parameters present in self.bind_names may be clones of | elsewhere in the statement already (e.g. a subquery or perhaps a | TODO: would need a fast cast again here, | for postcompile w/ expanding, move the ""wrapped"" part | TODO: this condition is not well understood. | TODO: accumulate_bind_names is passed by crud.py to gather | TODO: can we get at the .columns_plus_names collection | TODO: proxy_name is not technically safe, | as the better target for this now however for 1.4 we will keep | this is a hack to allow legacy result column lookups | TODO: this only seems to be tested indirectly | TODO: likely need asfrom=True here? | TODO: do we want non-primary key explicit sentinel cols | insert_sentinel=""degrade"" perhaps.  not for the initial release. | params inside them.   After multiple attempts to figure this out, | TODO: remove in 2.1 | TODO: no coverage here"
AZ4INX8kUdMD1-xUqsIQ,lib/sqlalchemy/sql/compiler.py,compiler.py,python:S3776,HIGH,MAINTAINABILITY,CODE_SMELL,Refactor this function to reduce its Cognitive Complexity from 18 to the 15 allowed.,5027,8min,1.0,0.0,153.0,154.0,1158.0,1323.0,1258.0,7819.0,B,A,37,12,879,2,17.0,"way.   The parameters present in self.bind_names may be clones of | elsewhere in the statement already (e.g. a subquery or perhaps a | TODO: would need a fast cast again here, | for postcompile w/ expanding, move the ""wrapped"" part | TODO: this condition is not well understood. | TODO: accumulate_bind_names is passed by crud.py to gather | TODO: can we get at the .columns_plus_names collection | TODO: proxy_name is not technically safe, | as the better target for this now however for 1.4 we will keep | this is a hack to allow legacy result column lookups | TODO: this only seems to be tested indirectly | TODO: likely need asfrom=True here? | TODO: do we want non-primary key explicit sentinel cols | insert_sentinel=""degrade"" perhaps.  not for the initial release. | params inside them.   After multiple attempts to figure this out, | TODO: remove in 2.1 | TODO: no coverage here"
AZ4INX8kUdMD1-xUqsIY,lib/sqlalchemy/sql/compiler.py,compiler.py,python:S3776,HIGH,MAINTAINABILITY,CODE_SMELL,Refactor this function to reduce its Cognitive Complexity from 71 to the 15 allowed.,5395,1h1min,1.0,0.0,153.0,154.0,1158.0,1323.0,1258.0,7819.0,B,A,37,12,879,2,17.0,"way.   The parameters present in self.bind_names may be clones of | elsewhere in the statement already (e.g. a subquery or perhaps a | TODO: would need a fast cast again here, | for postcompile w/ expanding, move the ""wrapped"" part | TODO: this condition is not well understood. | TODO: accumulate_bind_names is passed by crud.py to gather | TODO: can we get at the .columns_plus_names collection | TODO: proxy_name is not technically safe, | as the better target for this now however for 1.4 we will keep | this is a hack to allow legacy result column lookups | TODO: this only seems to be tested indirectly | TODO: likely need asfrom=True here? | TODO: do we want non-primary key explicit sentinel cols | insert_sentinel=""degrade"" perhaps.  not for the initial release. | params inside them.   After multiple attempts to figure this out, | TODO: remove in 2.1 | TODO: no coverage here"
AZ4INX8kUdMD1-xUqsIa,lib/sqlalchemy/sql/compiler.py,compiler.py,python:S3776,HIGH,MAINTAINABILITY,CODE_SMELL,Refactor this function to reduce its Cognitive Complexity from 99 to the 15 allowed.,5742,1h29min,1.0,0.0,153.0,154.0,1158.0,1323.0,1258.0,7819.0,B,A,37,12,879,2,17.0,"way.   The parameters present in self.bind_names may be clones of | elsewhere in the statement already (e.g. a subquery or perhaps a | TODO: would need a fast cast again here, | for postcompile w/ expanding, move the ""wrapped"" part | TODO: this condition is not well understood. | TODO: accumulate_bind_names is passed by crud.py to gather | TODO: can we get at the .columns_plus_names collection | TODO: proxy_name is not technically safe, | as the better target for this now however for 1.4 we will keep | this is a hack to allow legacy result column lookups | TODO: this only seems to be tested indirectly | TODO: likely need asfrom=True here? | TODO: do we want non-primary key explicit sentinel cols | insert_sentinel=""degrade"" perhaps.  not for the initial release. | params inside them.   After multiple attempts to figure this out, | TODO: remove in 2.1 | TODO: no coverage here"
AZ4INX8kUdMD1-xUqsG7,lib/sqlalchemy/sql/compiler.py,compiler.py,python:S1192,HIGH,MAINTAINABILITY,CODE_SMELL,"Define a constant instead of duplicating this literal ""List[crud._CrudParamElementStr]"" 3 times.",5971,6min,1.0,0.0,153.0,154.0,1158.0,1323.0,1258.0,7819.0,B,A,37,12,879,2,17.0,"way.   The parameters present in self.bind_names may be clones of | elsewhere in the statement already (e.g. a subquery or perhaps a | TODO: would need a fast cast again here, | for postcompile w/ expanding, move the ""wrapped"" part | TODO: this condition is not well understood. | TODO: accumulate_bind_names is passed by crud.py to gather | TODO: can we get at the .columns_plus_names collection | TODO: proxy_name is not technically safe, | as the better target for this now however for 1.4 we will keep | this is a hack to allow legacy result column lookups | TODO: this only seems to be tested indirectly | TODO: likely need asfrom=True here? | TODO: do we want non-primary key explicit sentinel cols | insert_sentinel=""degrade"" perhaps.  not for the initial release. | params inside them.   After multiple attempts to figure this out, | TODO: remove in 2.1 | TODO: no coverage here"
AZ4INX8kUdMD1-xUqsIf,lib/sqlalchemy/sql/compiler.py,compiler.py,python:S3776,HIGH,MAINTAINABILITY,CODE_SMELL,Refactor this function to reduce its Cognitive Complexity from 37 to the 15 allowed.,6140,27min,1.0,0.0,153.0,154.0,1158.0,1323.0,1258.0,7819.0,B,A,37,12,879,2,17.0,"way.   The parameters present in self.bind_names may be clones of | elsewhere in the statement already (e.g. a subquery or perhaps a | TODO: would need a fast cast again here, | for postcompile w/ expanding, move the ""wrapped"" part | TODO: this condition is not well understood. | TODO: accumulate_bind_names is passed by crud.py to gather | TODO: can we get at the .columns_plus_names collection | TODO: proxy_name is not technically safe, | as the better target for this now however for 1.4 we will keep | this is a hack to allow legacy result column lookups | TODO: this only seems to be tested indirectly | TODO: likely need asfrom=True here? | TODO: do we want non-primary key explicit sentinel cols | insert_sentinel=""degrade"" perhaps.  not for the initial release. | params inside them.   After multiple attempts to figure this out, | TODO: remove in 2.1 | TODO: no coverage here"
AZ4INX8kUdMD1-xUqsIi,lib/sqlalchemy/sql/compiler.py,compiler.py,python:S3776,HIGH,MAINTAINABILITY,CODE_SMELL,Refactor this function to reduce its Cognitive Complexity from 36 to the 15 allowed.,6302,26min,1.0,0.0,153.0,154.0,1158.0,1323.0,1258.0,7819.0,B,A,37,12,879,2,17.0,"way.   The parameters present in self.bind_names may be clones of | elsewhere in the statement already (e.g. a subquery or perhaps a | TODO: would need a fast cast again here, | for postcompile w/ expanding, move the ""wrapped"" part | TODO: this condition is not well understood. | TODO: accumulate_bind_names is passed by crud.py to gather | TODO: can we get at the .columns_plus_names collection | TODO: proxy_name is not technically safe, | as the better target for this now however for 1.4 we will keep | this is a hack to allow legacy result column lookups | TODO: this only seems to be tested indirectly | TODO: likely need asfrom=True here? | TODO: do we want non-primary key explicit sentinel cols | insert_sentinel=""degrade"" perhaps.  not for the initial release. | params inside them.   After multiple attempts to figure this out, | TODO: remove in 2.1 | TODO: no coverage here"
AZ4INX8kUdMD1-xUqsG6,lib/sqlalchemy/sql/compiler.py,compiler.py,python:S1192,HIGH,MAINTAINABILITY,CODE_SMELL,"Define a constant instead of duplicating this literal ""IF NOT EXISTS "" 4 times.",6608,8min,1.0,0.0,153.0,154.0,1158.0,1323.0,1258.0,7819.0,B,A,37,12,879,2,17.0,"way.   The parameters present in self.bind_names may be clones of | elsewhere in the statement already (e.g. a subquery or perhaps a | TODO: would need a fast cast again here, | for postcompile w/ expanding, move the ""wrapped"" part | TODO: this condition is not well understood. | TODO: accumulate_bind_names is passed by crud.py to gather | TODO: can we get at the .columns_plus_names collection | TODO: proxy_name is not technically safe, | as the better target for this now however for 1.4 we will keep | this is a hack to allow legacy result column lookups | TODO: this only seems to be tested indirectly | TODO: likely need asfrom=True here? | TODO: do we want non-primary key explicit sentinel cols | insert_sentinel=""degrade"" perhaps.  not for the initial release. | params inside them.   After multiple attempts to figure this out, | TODO: remove in 2.1 | TODO: no coverage here"
AZ4INX8kUdMD1-xUqsG4,lib/sqlalchemy/sql/compiler.py,compiler.py,python:S1192,HIGH,MAINTAINABILITY,CODE_SMELL,"Define a constant instead of duplicating this literal ""IF EXISTS "" 5 times.",6614,10min,1.0,0.0,153.0,154.0,1158.0,1323.0,1258.0,7819.0,B,A,37,12,879,2,17.0,"way.   The parameters present in self.bind_names may be clones of | elsewhere in the statement already (e.g. a subquery or perhaps a | TODO: would need a fast cast again here, | for postcompile w/ expanding, move the ""wrapped"" part | TODO: this condition is not well understood. | TODO: accumulate_bind_names is passed by crud.py to gather | TODO: can we get at the .columns_plus_names collection | TODO: proxy_name is not technically safe, | as the better target for this now however for 1.4 we will keep | this is a hack to allow legacy result column lookups | TODO: this only seems to be tested indirectly | TODO: likely need asfrom=True here? | TODO: do we want non-primary key explicit sentinel cols | insert_sentinel=""degrade"" perhaps.  not for the initial release. | params inside them.   After multiple attempts to figure this out, | TODO: remove in 2.1 | TODO: no coverage here"
AZ4INX8kUdMD1-xUqsG8,lib/sqlalchemy/sql/compiler.py,compiler.py,python:S1192,HIGH,MAINTAINABILITY,CODE_SMELL,"Define a constant instead of duplicating this literal ""CONSTRAINT %s "" 5 times.",6956,10min,1.0,0.0,153.0,154.0,1158.0,1323.0,1258.0,7819.0,B,A,37,12,879,2,17.0,"way.   The parameters present in self.bind_names may be clones of | elsewhere in the statement already (e.g. a subquery or perhaps a | TODO: would need a fast cast again here, | for postcompile w/ expanding, move the ""wrapped"" part | TODO: this condition is not well understood. | TODO: accumulate_bind_names is passed by crud.py to gather | TODO: can we get at the .columns_plus_names collection | TODO: proxy_name is not technically safe, | as the better target for this now however for 1.4 we will keep | this is a hack to allow legacy result column lookups | TODO: this only seems to be tested indirectly | TODO: likely need asfrom=True here? | TODO: do we want non-primary key explicit sentinel cols | insert_sentinel=""degrade"" perhaps.  not for the initial release. | params inside them.   After multiple attempts to figure this out, | TODO: remove in 2.1 | TODO: no coverage here"
AZ4INX8kUdMD1-xUqsJI,lib/sqlalchemy/sql/compiler.py,compiler.py,python:S1845,HIGH,MAINTAINABILITY,CODE_SMELL,"Rename method ""visit_uuid"" to prevent any misunderstanding/clash with method ""visit_UUID"" defined on line 7180",7195,10min,1.0,0.0,153.0,154.0,1158.0,1323.0,1258.0,7819.0,B,A,37,12,879,2,17.0,"way.   The parameters present in self.bind_names may be clones of | elsewhere in the statement already (e.g. a subquery or perhaps a | TODO: would need a fast cast again here, | for postcompile w/ expanding, move the ""wrapped"" part | TODO: this condition is not well understood. | TODO: accumulate_bind_names is passed by crud.py to gather | TODO: can we get at the .columns_plus_names collection | TODO: proxy_name is not technically safe, | as the better target for this now however for 1.4 we will keep | this is a hack to allow legacy result column lookups | TODO: this only seems to be tested indirectly | TODO: likely need asfrom=True here? | TODO: do we want non-primary key explicit sentinel cols | insert_sentinel=""degrade"" perhaps.  not for the initial release. | params inside them.   After multiple attempts to figure this out, | TODO: remove in 2.1 | TODO: no coverage here"
AZ4INX8kUdMD1-xUqsJJ,lib/sqlalchemy/sql/compiler.py,compiler.py,python:S1845,HIGH,MAINTAINABILITY,CODE_SMELL,"Rename method ""visit_boolean"" to prevent any misunderstanding/clash with method ""visit_BOOLEAN"" defined on line 7192",7204,10min,1.0,0.0,153.0,154.0,1158.0,1323.0,1258.0,7819.0,B,A,37,12,879,2,17.0,"way.   The parameters present in self.bind_names may be clones of | elsewhere in the statement already (e.g. a subquery or perhaps a | TODO: would need a fast cast again here, | for postcompile w/ expanding, move the ""wrapped"" part | TODO: this condition is not well understood. | TODO: accumulate_bind_names is passed by crud.py to gather | TODO: can we get at the .columns_plus_names collection | TODO: proxy_name is not technically safe, | as the better target for this now however for 1.4 we will keep | this is a hack to allow legacy result column lookups | TODO: this only seems to be tested indirectly | TODO: likely need asfrom=True here? | TODO: do we want non-primary key explicit sentinel cols | insert_sentinel=""degrade"" perhaps.  not for the initial release. | params inside them.   After multiple attempts to figure this out, | TODO: remove in 2.1 | TODO: no coverage here"
AZ4INX8kUdMD1-xUqsJK,lib/sqlalchemy/sql/compiler.py,compiler.py,python:S1845,HIGH,MAINTAINABILITY,CODE_SMELL,"Rename method ""visit_time"" to prevent any misunderstanding/clash with method ""visit_TIME"" defined on line 7146",7207,10min,1.0,0.0,153.0,154.0,1158.0,1323.0,1258.0,7819.0,B,A,37,12,879,2,17.0,"way.   The parameters present in self.bind_names may be clones of | elsewhere in the statement already (e.g. a subquery or perhaps a | TODO: would need a fast cast again here, | for postcompile w/ expanding, move the ""wrapped"" part | TODO: this condition is not well understood. | TODO: accumulate_bind_names is passed by crud.py to gather | TODO: can we get at the .columns_plus_names collection | TODO: proxy_name is not technically safe, | as the better target for this now however for 1.4 we will keep | this is a hack to allow legacy result column lookups | TODO: this only seems to be tested indirectly | TODO: likely need asfrom=True here? | TODO: do we want non-primary key explicit sentinel cols | insert_sentinel=""degrade"" perhaps.  not for the initial release. | params inside them.   After multiple attempts to figure this out, | TODO: remove in 2.1 | TODO: no coverage here"
AZ4INX8kUdMD1-xUqsJL,lib/sqlalchemy/sql/compiler.py,compiler.py,python:S1845,HIGH,MAINTAINABILITY,CODE_SMELL,"Rename method ""visit_datetime"" to prevent any misunderstanding/clash with method ""visit_DATETIME"" defined on line 7140",7210,10min,1.0,0.0,153.0,154.0,1158.0,1323.0,1258.0,7819.0,B,A,37,12,879,2,17.0,"way.   The parameters present in self.bind_names may be clones of | elsewhere in the statement already (e.g. a subquery or perhaps a | TODO: would need a fast cast again here, | for postcompile w/ expanding, move the ""wrapped"" part | TODO: this condition is not well understood. | TODO: accumulate_bind_names is passed by crud.py to gather | TODO: can we get at the .columns_plus_names collection | TODO: proxy_name is not technically safe, | as the better target for this now however for 1.4 we will keep | this is a hack to allow legacy result column lookups | TODO: this only seems to be tested indirectly | TODO: likely need asfrom=True here? | TODO: do we want non-primary key explicit sentinel cols | insert_sentinel=""degrade"" perhaps.  not for the initial release. | params inside them.   After multiple attempts to figure this out, | TODO: remove in 2.1 | TODO: no coverage here"
AZ4INX8kUdMD1-xUqsJM,lib/sqlalchemy/sql/compiler.py,compiler.py,python:S1845,HIGH,MAINTAINABILITY,CODE_SMELL,"Rename method ""visit_date"" to prevent any misunderstanding/clash with method ""visit_DATE"" defined on line 7143",7213,10min,1.0,0.0,153.0,154.0,1158.0,1323.0,1258.0,7819.0,B,A,37,12,879,2,17.0,"way.   The parameters present in self.bind_names may be clones of | elsewhere in the statement already (e.g. a subquery or perhaps a | TODO: would need a fast cast again here, | for postcompile w/ expanding, move the ""wrapped"" part | TODO: this condition is not well understood. | TODO: accumulate_bind_names is passed by crud.py to gather | TODO: can we get at the .columns_plus_names collection | TODO: proxy_name is not technically safe, | as the better target for this now however for 1.4 we will keep | this is a hack to allow legacy result column lookups | TODO: this only seems to be tested indirectly | TODO: likely need asfrom=True here? | TODO: do we want non-primary key explicit sentinel cols | insert_sentinel=""degrade"" perhaps.  not for the initial release. | params inside them.   After multiple attempts to figure this out, | TODO: remove in 2.1 | TODO: no coverage here"
AZ4INX8kUdMD1-xUqsJN,lib/sqlalchemy/sql/compiler.py,compiler.py,python:S1845,HIGH,MAINTAINABILITY,CODE_SMELL,"Rename method ""visit_integer"" to prevent any misunderstanding/clash with method ""visit_INTEGER"" defined on line 7128",7222,10min,1.0,0.0,153.0,154.0,1158.0,1323.0,1258.0,7819.0,B,A,37,12,879,2,17.0,"way.   The parameters present in self.bind_names may be clones of | elsewhere in the statement already (e.g. a subquery or perhaps a | TODO: would need a fast cast again here, | for postcompile w/ expanding, move the ""wrapped"" part | TODO: this condition is not well understood. | TODO: accumulate_bind_names is passed by crud.py to gather | TODO: can we get at the .columns_plus_names collection | TODO: proxy_name is not technically safe, | as the better target for this now however for 1.4 we will keep | this is a hack to allow legacy result column lookups | TODO: this only seems to be tested indirectly | TODO: likely need asfrom=True here? | TODO: do we want non-primary key explicit sentinel cols | insert_sentinel=""degrade"" perhaps.  not for the initial release. | params inside them.   After multiple attempts to figure this out, | TODO: remove in 2.1 | TODO: no coverage here"
AZ4INX8kUdMD1-xUqsJO,lib/sqlalchemy/sql/compiler.py,compiler.py,python:S1845,HIGH,MAINTAINABILITY,CODE_SMELL,"Rename method ""visit_real"" to prevent any misunderstanding/clash with method ""visit_REAL"" defined on line 7103",7225,10min,1.0,0.0,153.0,154.0,1158.0,1323.0,1258.0,7819.0,B,A,37,12,879,2,17.0,"way.   The parameters present in self.bind_names may be clones of | elsewhere in the statement already (e.g. a subquery or perhaps a | TODO: would need a fast cast again here, | for postcompile w/ expanding, move the ""wrapped"" part | TODO: this condition is not well understood. | TODO: accumulate_bind_names is passed by crud.py to gather | TODO: can we get at the .columns_plus_names collection | TODO: proxy_name is not technically safe, | as the better target for this now however for 1.4 we will keep | this is a hack to allow legacy result column lookups | TODO: this only seems to be tested indirectly | TODO: likely need asfrom=True here? | TODO: do we want non-primary key explicit sentinel cols | insert_sentinel=""degrade"" perhaps.  not for the initial release. | params inside them.   After multiple attempts to figure this out, | TODO: remove in 2.1 | TODO: no coverage here"
AZ4INX8kUdMD1-xUqsJP,lib/sqlalchemy/sql/compiler.py,compiler.py,python:S1845,HIGH,MAINTAINABILITY,CODE_SMELL,"Rename method ""visit_float"" to prevent any misunderstanding/clash with method ""visit_FLOAT"" defined on line 7094",7228,10min,1.0,0.0,153.0,154.0,1158.0,1323.0,1258.0,7819.0,B,A,37,12,879,2,17.0,"way.   The parameters present in self.bind_names may be clones of | elsewhere in the statement already (e.g. a subquery or perhaps a | TODO: would need a fast cast again here, | for postcompile w/ expanding, move the ""wrapped"" part | TODO: this condition is not well understood. | TODO: accumulate_bind_names is passed by crud.py to gather | TODO: can we get at the .columns_plus_names collection | TODO: proxy_name is not technically safe, | as the better target for this now however for 1.4 we will keep | this is a hack to allow legacy result column lookups | TODO: this only seems to be tested indirectly | TODO: likely need asfrom=True here? | TODO: do we want non-primary key explicit sentinel cols | insert_sentinel=""degrade"" perhaps.  not for the initial release. | params inside them.   After multiple attempts to figure this out, | TODO: remove in 2.1 | TODO: no coverage here"
AZ4INX8kUdMD1-xUqsJQ,lib/sqlalchemy/sql/compiler.py,compiler.py,python:S1845,HIGH,MAINTAINABILITY,CODE_SMELL,"Rename method ""visit_double"" to prevent any misunderstanding/clash with method ""visit_DOUBLE"" defined on line 7097",7231,10min,1.0,0.0,153.0,154.0,1158.0,1323.0,1258.0,7819.0,B,A,37,12,879,2,17.0,"way.   The parameters present in self.bind_names may be clones of | elsewhere in the statement already (e.g. a subquery or perhaps a | TODO: would need a fast cast again here, | for postcompile w/ expanding, move the ""wrapped"" part | TODO: this condition is not well understood. | TODO: accumulate_bind_names is passed by crud.py to gather | TODO: can we get at the .columns_plus_names collection | TODO: proxy_name is not technically safe, | as the better target for this now however for 1.4 we will keep | this is a hack to allow legacy result column lookups | TODO: this only seems to be tested indirectly | TODO: likely need asfrom=True here? | TODO: do we want non-primary key explicit sentinel cols | insert_sentinel=""degrade"" perhaps.  not for the initial release. | params inside them.   After multiple attempts to figure this out, | TODO: remove in 2.1 | TODO: no coverage here"
AZ4INX8kUdMD1-xUqsJR,lib/sqlalchemy/sql/compiler.py,compiler.py,python:S1845,HIGH,MAINTAINABILITY,CODE_SMELL,"Rename method ""visit_numeric"" to prevent any misunderstanding/clash with method ""visit_NUMERIC"" defined on line 7106",7234,10min,1.0,0.0,153.0,154.0,1158.0,1323.0,1258.0,7819.0,B,A,37,12,879,2,17.0,"way.   The parameters present in self.bind_names may be clones of | elsewhere in the statement already (e.g. a subquery or perhaps a | TODO: would need a fast cast again here, | for postcompile w/ expanding, move the ""wrapped"" part | TODO: this condition is not well understood. | TODO: accumulate_bind_names is passed by crud.py to gather | TODO: can we get at the .columns_plus_names collection | TODO: proxy_name is not technically safe, | as the better target for this now however for 1.4 we will keep | this is a hack to allow legacy result column lookups | TODO: this only seems to be tested indirectly | TODO: likely need asfrom=True here? | TODO: do we want non-primary key explicit sentinel cols | insert_sentinel=""degrade"" perhaps.  not for the initial release. | params inside them.   After multiple attempts to figure this out, | TODO: remove in 2.1 | TODO: no coverage here"
AZ4INX8kUdMD1-xUqsJS,lib/sqlalchemy/sql/compiler.py,compiler.py,python:S1845,HIGH,MAINTAINABILITY,CODE_SMELL,"Rename method ""visit_text"" to prevent any misunderstanding/clash with method ""visit_TEXT"" defined on line 7177",7243,10min,1.0,0.0,153.0,154.0,1158.0,1323.0,1258.0,7819.0,B,A,37,12,879,2,17.0,"way.   The parameters present in self.bind_names may be clones of | elsewhere in the statement already (e.g. a subquery or perhaps a | TODO: would need a fast cast again here, | for postcompile w/ expanding, move the ""wrapped"" part | TODO: this condition is not well understood. | TODO: accumulate_bind_names is passed by crud.py to gather | TODO: can we get at the .columns_plus_names collection | TODO: proxy_name is not technically safe, | as the better target for this now however for 1.4 we will keep | this is a hack to allow legacy result column lookups | TODO: this only seems to be tested indirectly | TODO: likely need asfrom=True here? | TODO: do we want non-primary key explicit sentinel cols | insert_sentinel=""degrade"" perhaps.  not for the initial release. | params inside them.   After multiple attempts to figure this out, | TODO: remove in 2.1 | TODO: no coverage here"
AZ4INX82UdMD1-xUqsJj,lib/sqlalchemy/sql/crud.py,crud.py,python:S3776,HIGH,MAINTAINABILITY,CODE_SMELL,Refactor this function to reduce its Cognitive Complexity from 28 to the 15 allowed.,114,18min,0.0,0.0,28.0,28.0,237.0,314.0,228.0,1670.0,A,A,8,3,159,2,6.0,"TODO - see TODO(return_defaults_columns) below | TODO - see TODO(return_defaults_columns) below | TODO(return_defaults_columns): there can still be more columns in | kw,  # TODO: no test coverage for literal binds here | TODO: not sure if accumulated_bind_names applies here | TODO: this is weird.  See #9685 where we have to"
AZ4INX82UdMD1-xUqsJm,lib/sqlalchemy/sql/crud.py,crud.py,python:S3776,HIGH,MAINTAINABILITY,CODE_SMELL,Refactor this function to reduce its Cognitive Complexity from 20 to the 15 allowed.,468,10min,0.0,0.0,28.0,28.0,237.0,314.0,228.0,1670.0,A,A,8,3,159,2,6.0,"TODO - see TODO(return_defaults_columns) below | TODO - see TODO(return_defaults_columns) below | TODO(return_defaults_columns): there can still be more columns in | kw,  # TODO: no test coverage for literal binds here | TODO: not sure if accumulated_bind_names applies here | TODO: this is weird.  See #9685 where we have to"
AZ4INX82UdMD1-xUqsJp,lib/sqlalchemy/sql/crud.py,crud.py,python:S3776,HIGH,MAINTAINABILITY,CODE_SMELL,Refactor this function to reduce its Cognitive Complexity from 45 to the 15 allowed.,591,35min,0.0,0.0,28.0,28.0,237.0,314.0,228.0,1670.0,A,A,8,3,159,2,6.0,"TODO - see TODO(return_defaults_columns) below | TODO - see TODO(return_defaults_columns) below | TODO(return_defaults_columns): there can still be more columns in | kw,  # TODO: no test coverage for literal binds here | TODO: not sure if accumulated_bind_names applies here | TODO: this is weird.  See #9685 where we have to"
AZ4INX82UdMD1-xUqsJ0,lib/sqlalchemy/sql/crud.py,crud.py,python:S3776,HIGH,MAINTAINABILITY,CODE_SMELL,Refactor this function to reduce its Cognitive Complexity from 42 to the 15 allowed.,817,32min,0.0,0.0,28.0,28.0,237.0,314.0,228.0,1670.0,A,A,8,3,159,2,6.0,"TODO - see TODO(return_defaults_columns) below | TODO - see TODO(return_defaults_columns) below | TODO(return_defaults_columns): there can still be more columns in | kw,  # TODO: no test coverage for literal binds here | TODO: not sure if accumulated_bind_names applies here | TODO: this is weird.  See #9685 where we have to"
AZ4INX82UdMD1-xUqsJ2,lib/sqlalchemy/sql/crud.py,crud.py,python:S3776,HIGH,MAINTAINABILITY,CODE_SMELL,Refactor this function to reduce its Cognitive Complexity from 16 to the 15 allowed.,1070,6min,0.0,0.0,28.0,28.0,237.0,314.0,228.0,1670.0,A,A,8,3,159,2,6.0,"TODO - see TODO(return_defaults_columns) below | TODO - see TODO(return_defaults_columns) below | TODO(return_defaults_columns): there can still be more columns in | kw,  # TODO: no test coverage for literal binds here | TODO: not sure if accumulated_bind_names applies here | TODO: this is weird.  See #9685 where we have to"
AZ4INX82UdMD1-xUqsJ4,lib/sqlalchemy/sql/crud.py,crud.py,python:S3776,HIGH,MAINTAINABILITY,CODE_SMELL,Refactor this function to reduce its Cognitive Complexity from 18 to the 15 allowed.,1166,8min,0.0,0.0,28.0,28.0,237.0,314.0,228.0,1670.0,A,A,8,3,159,2,6.0,"TODO - see TODO(return_defaults_columns) below | TODO - see TODO(return_defaults_columns) below | TODO(return_defaults_columns): there can still be more columns in | kw,  # TODO: no test coverage for literal binds here | TODO: not sure if accumulated_bind_names applies here | TODO: this is weird.  See #9685 where we have to"
AZ4INX82UdMD1-xUqsJ6,lib/sqlalchemy/sql/crud.py,crud.py,python:S3776,HIGH,MAINTAINABILITY,CODE_SMELL,Refactor this function to reduce its Cognitive Complexity from 27 to the 15 allowed.,1345,17min,0.0,0.0,28.0,28.0,237.0,314.0,228.0,1670.0,A,A,8,3,159,2,6.0,"TODO - see TODO(return_defaults_columns) below | TODO - see TODO(return_defaults_columns) below | TODO(return_defaults_columns): there can still be more columns in | kw,  # TODO: no test coverage for literal binds here | TODO: not sure if accumulated_bind_names applies here | TODO: this is weird.  See #9685 where we have to"
AZ4INX82UdMD1-xUqsJ9,lib/sqlalchemy/sql/crud.py,crud.py,python:S3776,HIGH,MAINTAINABILITY,CODE_SMELL,Refactor this function to reduce its Cognitive Complexity from 27 to the 15 allowed.,1513,17min,0.0,0.0,28.0,28.0,237.0,314.0,228.0,1670.0,A,A,8,3,159,2,6.0,"TODO - see TODO(return_defaults_columns) below | TODO - see TODO(return_defaults_columns) below | TODO(return_defaults_columns): there can still be more columns in | kw,  # TODO: no test coverage for literal binds here | TODO: not sure if accumulated_bind_names applies here | TODO: this is weird.  See #9685 where we have to"
AZ4INX8-UdMD1-xUqsKA,lib/sqlalchemy/sql/ddl.py,ddl.py,python:S3776,HIGH,MAINTAINABILITY,CODE_SMELL,Refactor this function to reduce its Cognitive Complexity from 27 to the 15 allowed.,928,17min,0.0,0.0,4.0,4.0,152.0,153.0,57.0,1379.0,A,A,12,5,1214,2,2.0,"drop is performed in the usual way, via drop_all | drop is performed in the usual way, via drop_all"
AZ4INX8-UdMD1-xUqsKB,lib/sqlalchemy/sql/ddl.py,ddl.py,python:S3776,HIGH,MAINTAINABILITY,CODE_SMELL,Refactor this function to reduce its Cognitive Complexity from 16 to the 15 allowed.,1011,6min,0.0,0.0,4.0,4.0,152.0,153.0,57.0,1379.0,A,A,12,5,1214,2,2.0,"drop is performed in the usual way, via drop_all | drop is performed in the usual way, via drop_all"
AZ4INX8-UdMD1-xUqsKD,lib/sqlalchemy/sql/ddl.py,ddl.py,python:S3776,HIGH,MAINTAINABILITY,CODE_SMELL,Refactor this function to reduce its Cognitive Complexity from 39 to the 15 allowed.,1262,29min,0.0,0.0,4.0,4.0,152.0,153.0,57.0,1379.0,A,A,12,5,1214,2,2.0,"drop is performed in the usual way, via drop_all | drop is performed in the usual way, via drop_all"
AZ4INX8xUdMD1-xUqsJh,lib/sqlalchemy/sql/default_comparator.py,default_comparator.py,python:S3776,HIGH,MAINTAINABILITY,CODE_SMELL,Refactor this function to reduce its Cognitive Complexity from 16 to the 15 allowed.,51,6min,0.0,0.0,2.0,2.0,36.0,36.0,16.0,553.0,A,A,3,2,366,116,,
AZ4INX9FUdMD1-xUqsKE,lib/sqlalchemy/sql/dml.py,dml.py,python:S3776,HIGH,MAINTAINABILITY,CODE_SMELL,Refactor this function to reduce its Cognitive Complexity from 21 to the 15 allowed.,1001,11min,0.0,0.0,1.0,1.0,128.0,83.0,11.0,1818.0,A,A,10,3,105,2,,
AZ4INX9TUdMD1-xUqsKQ,lib/sqlalchemy/sql/elements.py,elements.py,python:S935,HIGH,RELIABILITY,BUG,Return a value of type `int` in this method. Consider explicitly raising a TypeError if this class is not meant to support this method.,877,5min,1.0,0.0,18.0,19.0,666.0,408.0,125.0,5500.0,E,A,27,10,1450,2,10.0,"process leaves around a lot of remnants of the previous clause | TODO: this code is uncovered and in all likelihood is not included | 16 bits leftward.  fill extra add_hash on right | regular namespace.  eliminates chance of these | ""CAST(casttest.v1 AS DECIMAL) AS casttest_v1__1"" looks better than | TODO: set up protocol for bind parameter callable | TODO: this seems wrong, it seems like we might not | doesn't make too much sense but we should | TODO: this is only covered in test_text.py, but nothing | TODO: no coverage for this block, again would be in"
AZ4INX9TUdMD1-xUqsKR,lib/sqlalchemy/sql/elements.py,elements.py,python:S3776,HIGH,MAINTAINABILITY,CODE_SMELL,Refactor this function to reduce its Cognitive Complexity from 33 to the 15 allowed.,1951,23min,1.0,0.0,18.0,19.0,666.0,408.0,125.0,5500.0,E,A,27,10,1450,2,10.0,"process leaves around a lot of remnants of the previous clause | TODO: this code is uncovered and in all likelihood is not included | 16 bits leftward.  fill extra add_hash on right | regular namespace.  eliminates chance of these | ""CAST(casttest.v1 AS DECIMAL) AS casttest_v1__1"" looks better than | TODO: set up protocol for bind parameter callable | TODO: this seems wrong, it seems like we might not | doesn't make too much sense but we should | TODO: this is only covered in test_text.py, but nothing | TODO: no coverage for this block, again would be in"
AZ4INX9TUdMD1-xUqsKW,lib/sqlalchemy/sql/elements.py,elements.py,python:S5655,HIGH,MAINTAINABILITY,CODE_SMELL,"Change this argument; Function ""_construct_raw"" expects a different type",3084,20min,1.0,0.0,18.0,19.0,666.0,408.0,125.0,5500.0,E,A,27,10,1450,2,10.0,"process leaves around a lot of remnants of the previous clause | TODO: this code is uncovered and in all likelihood is not included | 16 bits leftward.  fill extra add_hash on right | regular namespace.  eliminates chance of these | ""CAST(casttest.v1 AS DECIMAL) AS casttest_v1__1"" looks better than | TODO: set up protocol for bind parameter callable | TODO: this seems wrong, it seems like we might not | doesn't make too much sense but we should | TODO: this is only covered in test_text.py, but nothing | TODO: no coverage for this block, again would be in"
AZ4INX9TUdMD1-xUqsKX,lib/sqlalchemy/sql/elements.py,elements.py,python:S3776,HIGH,MAINTAINABILITY,CODE_SMELL,Refactor this function to reduce its Cognitive Complexity from 20 to the 15 allowed.,4225,10min,1.0,0.0,18.0,19.0,666.0,408.0,125.0,5500.0,E,A,27,10,1450,2,10.0,"process leaves around a lot of remnants of the previous clause | TODO: this code is uncovered and in all likelihood is not included | 16 bits leftward.  fill extra add_hash on right | regular namespace.  eliminates chance of these | ""CAST(casttest.v1 AS DECIMAL) AS casttest_v1__1"" looks better than | TODO: set up protocol for bind parameter callable | TODO: this seems wrong, it seems like we might not | doesn't make too much sense but we should | TODO: this is only covered in test_text.py, but nothing | TODO: no coverage for this block, again would be in"
AZ4INX9TUdMD1-xUqsKY,lib/sqlalchemy/sql/elements.py,elements.py,python:S5727,HIGH,MAINTAINABILITY,CODE_SMELL,Remove this identity check; it will always be True.,4320,10min,1.0,0.0,18.0,19.0,666.0,408.0,125.0,5500.0,E,A,27,10,1450,2,10.0,"process leaves around a lot of remnants of the previous clause | TODO: this code is uncovered and in all likelihood is not included | 16 bits leftward.  fill extra add_hash on right | regular namespace.  eliminates chance of these | ""CAST(casttest.v1 AS DECIMAL) AS casttest_v1__1"" looks better than | TODO: set up protocol for bind parameter callable | TODO: this seems wrong, it seems like we might not | doesn't make too much sense but we should | TODO: this is only covered in test_text.py, but nothing | TODO: no coverage for this block, again would be in"
AZ4INX9TUdMD1-xUqsKb,lib/sqlalchemy/sql/elements.py,elements.py,python:S3776,HIGH,MAINTAINABILITY,CODE_SMELL,Refactor this function to reduce its Cognitive Complexity from 27 to the 15 allowed.,4972,17min,1.0,0.0,18.0,19.0,666.0,408.0,125.0,5500.0,E,A,27,10,1450,2,10.0,"process leaves around a lot of remnants of the previous clause | TODO: this code is uncovered and in all likelihood is not included | 16 bits leftward.  fill extra add_hash on right | regular namespace.  eliminates chance of these | ""CAST(casttest.v1 AS DECIMAL) AS casttest_v1__1"" looks better than | TODO: set up protocol for bind parameter callable | TODO: this seems wrong, it seems like we might not | doesn't make too much sense but we should | TODO: this is only covered in test_text.py, but nothing | TODO: no coverage for this block, again would be in"
AZ4INX7TUdMD1-xUqsEB,lib/sqlalchemy/sql/events.py,events.py,secrets:S6698,HIGH,SECURITY,VULNERABILITY,Make sure this PostgreSQL database password gets changed and removed from the code.,75,30min,0.0,1.0,0.0,1.0,9.0,1.0,0.0,456.0,A,E,1,1,2,116,,
AZ4INX75UdMD1-xUqsFq,lib/sqlalchemy/sql/lambdas.py,lambdas.py,python:S3776,HIGH,MAINTAINABILITY,CODE_SMELL,Refactor this function to reduce its Cognitive Complexity from 32 to the 15 allowed.,220,22min,1.0,0.0,24.0,25.0,166.0,184.0,125.0,1450.0,B,A,6,3,32,2,9.0,"TODO: this needs A LOT of tests | that is exactly what people will be doing, it doesn't work, so | I'm not really sure how to handle this right now. | TODO: TEST TEST TEST, this is very out there | TODO: A LOT A LOT of tests.   for _resolve_with_args, we don't know | TODO: validate kw haven't changed? | TODO: should we coerce consts None/True/False here? | TODO: coverage where an ORM option or similar is here | TODO: coverage"
AZ4INX75UdMD1-xUqsF5,lib/sqlalchemy/sql/lambdas.py,lambdas.py,python:S3776,HIGH,MAINTAINABILITY,CODE_SMELL,Refactor this function to reduce its Cognitive Complexity from 32 to the 15 allowed.,972,22min,1.0,0.0,24.0,25.0,166.0,184.0,125.0,1450.0,B,A,6,3,32,2,9.0,"TODO: this needs A LOT of tests | that is exactly what people will be doing, it doesn't work, so | I'm not really sure how to handle this right now. | TODO: TEST TEST TEST, this is very out there | TODO: A LOT A LOT of tests.   for _resolve_with_args, we don't know | TODO: validate kw haven't changed? | TODO: should we coerce consts None/True/False here? | TODO: coverage where an ORM option or similar is here | TODO: coverage"
AZ4INX8PUdMD1-xUqsGh,lib/sqlalchemy/sql/naming.py,naming.py,python:S3776,HIGH,MAINTAINABILITY,CODE_SMELL,Refactor this function to reduce its Cognitive Complexity from 31 to the 15 allowed.,100,21min,0.0,0.0,9.0,9.0,39.0,64.0,61.0,213.0,A,A,2,2,7,116,,
AZ4INX86UdMD1-xUqsJ_,lib/sqlalchemy/sql/operators.py,operators.py,python:S935,HIGH,RELIABILITY,BUG,Return a value of type `int` in this method. Consider explicitly raising a TypeError if this class is not meant to support this method.,570,5min,1.0,0.0,0.0,1.0,210.0,72.0,0.0,2580.0,E,A,7,3,481,116,,
AZ4INX7qUdMD1-xUqsE6,lib/sqlalchemy/sql/schema.py,schema.py,python:S3776,HIGH,MAINTAINABILITY,CODE_SMELL,Refactor this function to reduce its Cognitive Complexity from 18 to the 15 allowed.,430,8min,1.0,1.0,32.0,34.0,563.0,612.0,380.0,6159.0,C,E,15,5,998,2,7.0,"TODO: likely should be copied in all cases | TODO: if a Sequence, we would need to transfer the Sequence | TODO: DefaultGenerator is not copied here!  it's just used again | would be doing so via another Column, so that's what would | TODO: no test coverage for self not in memos | TODO: consider ""table"" argument being public, but for | overload needed to work around mypy this mypy"
AZ4INX7qUdMD1-xUqsE9,lib/sqlalchemy/sql/schema.py,schema.py,python:S1186,HIGH,MAINTAINABILITY,CODE_SMELL,"Add a nested comment explaining why this method is empty, or complete the implementation.",1001,5min,1.0,1.0,32.0,34.0,563.0,612.0,380.0,6159.0,C,E,15,5,998,2,7.0,"TODO: likely should be copied in all cases | TODO: if a Sequence, we would need to transfer the Sequence | TODO: DefaultGenerator is not copied here!  it's just used again | would be doing so via another Column, so that's what would | TODO: no test coverage for self not in memos | TODO: consider ""table"" argument being public, but for | overload needed to work around mypy this mypy"
AZ4INX7qUdMD1-xUqsE-,lib/sqlalchemy/sql/schema.py,schema.py,python:S1186,HIGH,MAINTAINABILITY,CODE_SMELL,"Add a nested comment explaining why this method is empty, or complete the implementation.",1004,5min,1.0,1.0,32.0,34.0,563.0,612.0,380.0,6159.0,C,E,15,5,998,2,7.0,"TODO: likely should be copied in all cases | TODO: if a Sequence, we would need to transfer the Sequence | TODO: DefaultGenerator is not copied here!  it's just used again | would be doing so via another Column, so that's what would | TODO: no test coverage for self not in memos | TODO: consider ""table"" argument being public, but for | overload needed to work around mypy this mypy"
AZ4INX7qUdMD1-xUqsE_,lib/sqlalchemy/sql/schema.py,schema.py,python:S3776,HIGH,MAINTAINABILITY,CODE_SMELL,Refactor this function to reduce its Cognitive Complexity from 63 to the 15 allowed.,1012,53min,1.0,1.0,32.0,34.0,563.0,612.0,380.0,6159.0,C,E,15,5,998,2,7.0,"TODO: likely should be copied in all cases | TODO: if a Sequence, we would need to transfer the Sequence | TODO: DefaultGenerator is not copied here!  it's just used again | would be doing so via another Column, so that's what would | TODO: no test coverage for self not in memos | TODO: consider ""table"" argument being public, but for | overload needed to work around mypy this mypy"
AZ4INX7qUdMD1-xUqsFA,lib/sqlalchemy/sql/schema.py,schema.py,python:S3776,HIGH,MAINTAINABILITY,CODE_SMELL,Refactor this function to reduce its Cognitive Complexity from 24 to the 15 allowed.,1329,14min,1.0,1.0,32.0,34.0,563.0,612.0,380.0,6159.0,C,E,15,5,998,2,7.0,"TODO: likely should be copied in all cases | TODO: if a Sequence, we would need to transfer the Sequence | TODO: DefaultGenerator is not copied here!  it's just used again | would be doing so via another Column, so that's what would | TODO: no test coverage for self not in memos | TODO: consider ""table"" argument being public, but for | overload needed to work around mypy this mypy"
AZ4INX7qUdMD1-xUqsFC,lib/sqlalchemy/sql/schema.py,schema.py,python:S3776,HIGH,MAINTAINABILITY,CODE_SMELL,Refactor this function to reduce its Cognitive Complexity from 41 to the 15 allowed.,1501,31min,1.0,1.0,32.0,34.0,563.0,612.0,380.0,6159.0,C,E,15,5,998,2,7.0,"TODO: likely should be copied in all cases | TODO: if a Sequence, we would need to transfer the Sequence | TODO: DefaultGenerator is not copied here!  it's just used again | would be doing so via another Column, so that's what would | TODO: no test coverage for self not in memos | TODO: consider ""table"" argument being public, but for | overload needed to work around mypy this mypy"
AZ4INX7qUdMD1-xUqsFa,lib/sqlalchemy/sql/schema.py,schema.py,secrets:S6698,HIGH,SECURITY,VULNERABILITY,Make sure this PostgreSQL database password gets changed and removed from the code.,1887,30min,1.0,1.0,32.0,34.0,563.0,612.0,380.0,6159.0,C,E,15,5,998,2,7.0,"TODO: likely should be copied in all cases | TODO: if a Sequence, we would need to transfer the Sequence | TODO: DefaultGenerator is not copied here!  it's just used again | would be doing so via another Column, so that's what would | TODO: no test coverage for self not in memos | TODO: consider ""table"" argument being public, but for | overload needed to work around mypy this mypy"
AZ4INX7qUdMD1-xUqsFE,lib/sqlalchemy/sql/schema.py,schema.py,python:S3776,HIGH,MAINTAINABILITY,CODE_SMELL,Refactor this function to reduce its Cognitive Complexity from 42 to the 15 allowed.,2300,32min,1.0,1.0,32.0,34.0,563.0,612.0,380.0,6159.0,C,E,15,5,998,2,7.0,"TODO: likely should be copied in all cases | TODO: if a Sequence, we would need to transfer the Sequence | TODO: DefaultGenerator is not copied here!  it's just used again | would be doing so via another Column, so that's what would | TODO: no test coverage for self not in memos | TODO: consider ""table"" argument being public, but for | overload needed to work around mypy this mypy"
AZ4INX7qUdMD1-xUqsFJ,lib/sqlalchemy/sql/schema.py,schema.py,python:S3776,HIGH,MAINTAINABILITY,CODE_SMELL,Refactor this function to reduce its Cognitive Complexity from 43 to the 15 allowed.,2520,33min,1.0,1.0,32.0,34.0,563.0,612.0,380.0,6159.0,C,E,15,5,998,2,7.0,"TODO: likely should be copied in all cases | TODO: if a Sequence, we would need to transfer the Sequence | TODO: DefaultGenerator is not copied here!  it's just used again | would be doing so via another Column, so that's what would | TODO: no test coverage for self not in memos | TODO: consider ""table"" argument being public, but for | overload needed to work around mypy this mypy"
AZ4INX7qUdMD1-xUqsFN,lib/sqlalchemy/sql/schema.py,schema.py,python:S3776,HIGH,MAINTAINABILITY,CODE_SMELL,Refactor this function to reduce its Cognitive Complexity from 18 to the 15 allowed.,2948,8min,1.0,1.0,32.0,34.0,563.0,612.0,380.0,6159.0,C,E,15,5,998,2,7.0,"TODO: likely should be copied in all cases | TODO: if a Sequence, we would need to transfer the Sequence | TODO: DefaultGenerator is not copied here!  it's just used again | would be doing so via another Column, so that's what would | TODO: no test coverage for self not in memos | TODO: consider ""table"" argument being public, but for | overload needed to work around mypy this mypy"
AZ4INX7qUdMD1-xUqsFR,lib/sqlalchemy/sql/schema.py,schema.py,python:S1186,HIGH,MAINTAINABILITY,CODE_SMELL,"Add a nested comment explaining why this method is empty, or complete the implementation.",3500,5min,1.0,1.0,32.0,34.0,563.0,612.0,380.0,6159.0,C,E,15,5,998,2,7.0,"TODO: likely should be copied in all cases | TODO: if a Sequence, we would need to transfer the Sequence | TODO: DefaultGenerator is not copied here!  it's just used again | would be doing so via another Column, so that's what would | TODO: no test coverage for self not in memos | TODO: consider ""table"" argument being public, but for | overload needed to work around mypy this mypy"
AZ4INX7qUdMD1-xUqsFT,lib/sqlalchemy/sql/schema.py,schema.py,python:S3776,HIGH,MAINTAINABILITY,CODE_SMELL,Refactor this function to reduce its Cognitive Complexity from 20 to the 15 allowed.,4230,10min,1.0,1.0,32.0,34.0,563.0,612.0,380.0,6159.0,C,E,15,5,998,2,7.0,"TODO: likely should be copied in all cases | TODO: if a Sequence, we would need to transfer the Sequence | TODO: DefaultGenerator is not copied here!  it's just used again | would be doing so via another Column, so that's what would | TODO: no test coverage for self not in memos | TODO: consider ""table"" argument being public, but for | overload needed to work around mypy this mypy"
AZ4INX7qUdMD1-xUqsFX,lib/sqlalchemy/sql/schema.py,schema.py,python:S3776,HIGH,MAINTAINABILITY,CODE_SMELL,Refactor this function to reduce its Cognitive Complexity from 30 to the 15 allowed.,5019,20min,1.0,1.0,32.0,34.0,563.0,612.0,380.0,6159.0,C,E,15,5,998,2,7.0,"TODO: likely should be copied in all cases | TODO: if a Sequence, we would need to transfer the Sequence | TODO: DefaultGenerator is not copied here!  it's just used again | would be doing so via another Column, so that's what would | TODO: no test coverage for self not in memos | TODO: consider ""table"" argument being public, but for | overload needed to work around mypy this mypy"
AZ4INX7qUdMD1-xUqsFZ,lib/sqlalchemy/sql/schema.py,schema.py,python:S3776,HIGH,MAINTAINABILITY,CODE_SMELL,Refactor this function to reduce its Cognitive Complexity from 21 to the 15 allowed.,5663,11min,1.0,1.0,32.0,34.0,563.0,612.0,380.0,6159.0,C,E,15,5,998,2,7.0,"TODO: likely should be copied in all cases | TODO: if a Sequence, we would need to transfer the Sequence | TODO: DefaultGenerator is not copied here!  it's just used again | would be doing so via another Column, so that's what would | TODO: no test coverage for self not in memos | TODO: consider ""table"" argument being public, but for | overload needed to work around mypy this mypy"
AZ4INX70UdMD1-xUqsFd,lib/sqlalchemy/sql/selectable.py,selectable.py,python:S3776,HIGH,MAINTAINABILITY,CODE_SMELL,Refactor this function to reduce its Cognitive Complexity from 46 to the 15 allowed.,1418,36min,0.0,0.0,15.0,15.0,542.0,403.0,191.0,7005.0,A,A,34,10,672,2,9.0,a fixed counter rather than hash() identity. | it seems like this could be _proxy_key and we would | you need two levels of duplication to be here | TODO: this is hacky and slow | this is a slightly hacky thing - the union exports a | a compound embedded in a compound.  it's probably more appropriate | i haven't tried to think what it means for compound nested in | TODO: this seems like we should be using coercions for this | designed around expecting that inner elements inside of
AZ4INX70UdMD1-xUqsFe,lib/sqlalchemy/sql/selectable.py,selectable.py,python:S3776,HIGH,MAINTAINABILITY,CODE_SMELL,Refactor this function to reduce its Cognitive Complexity from 18 to the 15 allowed.,1540,8min,0.0,0.0,15.0,15.0,542.0,403.0,191.0,7005.0,A,A,34,10,672,2,9.0,a fixed counter rather than hash() identity. | it seems like this could be _proxy_key and we would | you need two levels of duplication to be here | TODO: this is hacky and slow | this is a slightly hacky thing - the union exports a | a compound embedded in a compound.  it's probably more appropriate | i haven't tried to think what it means for compound nested in | TODO: this seems like we should be using coercions for this | designed around expecting that inner elements inside of
AZ4INX70UdMD1-xUqsFf,lib/sqlalchemy/sql/selectable.py,selectable.py,python:S2638,HIGH,MAINTAINABILITY,CODE_SMELL,Change this method signature to accept the same arguments as the method it overrides.,1793,15min,0.0,0.0,15.0,15.0,542.0,403.0,191.0,7005.0,A,A,34,10,672,2,9.0,a fixed counter rather than hash() identity. | it seems like this could be _proxy_key and we would | you need two levels of duplication to be here | TODO: this is hacky and slow | this is a slightly hacky thing - the union exports a | a compound embedded in a compound.  it's probably more appropriate | i haven't tried to think what it means for compound nested in | TODO: this seems like we should be using coercions for this | designed around expecting that inner elements inside of
AZ4INX70UdMD1-xUqsFg,lib/sqlalchemy/sql/selectable.py,selectable.py,python:S2638,HIGH,MAINTAINABILITY,CODE_SMELL,Change this method signature to accept the same arguments as the method it overrides.,2087,15min,0.0,0.0,15.0,15.0,542.0,403.0,191.0,7005.0,A,A,34,10,672,2,9.0,a fixed counter rather than hash() identity. | it seems like this could be _proxy_key and we would | you need two levels of duplication to be here | TODO: this is hacky and slow | this is a slightly hacky thing - the union exports a | a compound embedded in a compound.  it's probably more appropriate | i haven't tried to think what it means for compound nested in | TODO: this seems like we should be using coercions for this | designed around expecting that inner elements inside of
AZ4INX70UdMD1-xUqsFh,lib/sqlalchemy/sql/selectable.py,selectable.py,python:S3776,HIGH,MAINTAINABILITY,CODE_SMELL,Refactor this function to reduce its Cognitive Complexity from 78 to the 15 allowed.,2251,1h8min,0.0,0.0,15.0,15.0,542.0,403.0,191.0,7005.0,A,A,34,10,672,2,9.0,a fixed counter rather than hash() identity. | it seems like this could be _proxy_key and we would | you need two levels of duplication to be here | TODO: this is hacky and slow | this is a slightly hacky thing - the union exports a | a compound embedded in a compound.  it's probably more appropriate | i haven't tried to think what it means for compound nested in | TODO: this seems like we should be using coercions for this | designed around expecting that inner elements inside of
AZ4INX70UdMD1-xUqsFi,lib/sqlalchemy/sql/selectable.py,selectable.py,python:S1186,HIGH,MAINTAINABILITY,CODE_SMELL,"Add a nested comment explaining why this method is empty, or complete the implementation.",2883,5min,0.0,0.0,15.0,15.0,542.0,403.0,191.0,7005.0,A,A,34,10,672,2,9.0,a fixed counter rather than hash() identity. | it seems like this could be _proxy_key and we would | you need two levels of duplication to be here | TODO: this is hacky and slow | this is a slightly hacky thing - the union exports a | a compound embedded in a compound.  it's probably more appropriate | i haven't tried to think what it means for compound nested in | TODO: this seems like we should be using coercions for this | designed around expecting that inner elements inside of
AZ4INX70UdMD1-xUqsFj,lib/sqlalchemy/sql/selectable.py,selectable.py,python:S1186,HIGH,MAINTAINABILITY,CODE_SMELL,"Add a nested comment explaining why this method is empty, or complete the implementation.",3042,5min,0.0,0.0,15.0,15.0,542.0,403.0,191.0,7005.0,A,A,34,10,672,2,9.0,a fixed counter rather than hash() identity. | it seems like this could be _proxy_key and we would | you need two levels of duplication to be here | TODO: this is hacky and slow | this is a slightly hacky thing - the union exports a | a compound embedded in a compound.  it's probably more appropriate | i haven't tried to think what it means for compound nested in | TODO: this seems like we should be using coercions for this | designed around expecting that inner elements inside of
AZ4INX70UdMD1-xUqsFk,lib/sqlalchemy/sql/selectable.py,selectable.py,python:S1186,HIGH,MAINTAINABILITY,CODE_SMELL,"Add a nested comment explaining why this method is empty, or complete the implementation.",3045,5min,0.0,0.0,15.0,15.0,542.0,403.0,191.0,7005.0,A,A,34,10,672,2,9.0,a fixed counter rather than hash() identity. | it seems like this could be _proxy_key and we would | you need two levels of duplication to be here | TODO: this is hacky and slow | this is a slightly hacky thing - the union exports a | a compound embedded in a compound.  it's probably more appropriate | i haven't tried to think what it means for compound nested in | TODO: this seems like we should be using coercions for this | designed around expecting that inner elements inside of
AZ4INX70UdMD1-xUqsFn,lib/sqlalchemy/sql/selectable.py,selectable.py,python:S3776,HIGH,MAINTAINABILITY,CODE_SMELL,Refactor this function to reduce its Cognitive Complexity from 21 to the 15 allowed.,4609,11min,0.0,0.0,15.0,15.0,542.0,403.0,191.0,7005.0,A,A,34,10,672,2,9.0,a fixed counter rather than hash() identity. | it seems like this could be _proxy_key and we would | you need two levels of duplication to be here | TODO: this is hacky and slow | this is a slightly hacky thing - the union exports a | a compound embedded in a compound.  it's probably more appropriate | i haven't tried to think what it means for compound nested in | TODO: this seems like we should be using coercions for this | designed around expecting that inner elements inside of
AZ4INX70UdMD1-xUqsFo,lib/sqlalchemy/sql/selectable.py,selectable.py,python:S3776,HIGH,MAINTAINABILITY,CODE_SMELL,Refactor this function to reduce its Cognitive Complexity from 17 to the 15 allowed.,4840,7min,0.0,0.0,15.0,15.0,542.0,403.0,191.0,7005.0,A,A,34,10,672,2,9.0,a fixed counter rather than hash() identity. | it seems like this could be _proxy_key and we would | you need two levels of duplication to be here | TODO: this is hacky and slow | this is a slightly hacky thing - the union exports a | a compound embedded in a compound.  it's probably more appropriate | i haven't tried to think what it means for compound nested in | TODO: this seems like we should be using coercions for this | designed around expecting that inner elements inside of
AZ4INX70UdMD1-xUqsFb,lib/sqlalchemy/sql/selectable.py,selectable.py,python:S1192,HIGH,MAINTAINABILITY,CODE_SMELL,"Define a constant instead of duplicating this literal ""Select[Any]"" 3 times.",6599,6min,0.0,0.0,15.0,15.0,542.0,403.0,191.0,7005.0,A,A,34,10,672,2,9.0,a fixed counter rather than hash() identity. | it seems like this could be _proxy_key and we would | you need two levels of duplication to be here | TODO: this is hacky and slow | this is a slightly hacky thing - the union exports a | a compound embedded in a compound.  it's probably more appropriate | i haven't tried to think what it means for compound nested in | TODO: this seems like we should be using coercions for this | designed around expecting that inner elements inside of
AZ4INX8VUdMD1-xUqsGo,lib/sqlalchemy/sql/sqltypes.py,sqltypes.py,python:S3776,HIGH,MAINTAINABILITY,CODE_SMELL,Refactor this function to reduce its Cognitive Complexity from 21 to the 15 allowed.,3640,11min,0.0,0.0,6.0,6.0,408.0,329.0,28.0,3822.0,A,A,25,4,471,2,2.0,TODO: this is useless for real world scenarios; implement | for now we're staying conservative w/ behavioral changes (perhaps
AZ4INX7NUdMD1-xUqsD3,lib/sqlalchemy/sql/traversals.py,traversals.py,python:S3776,HIGH,MAINTAINABILITY,CODE_SMELL,Refactor this function to reduce its Cognitive Complexity from 39 to the 15 allowed.,482,29min,0.0,0.0,59.0,59.0,222.0,241.0,349.0,1025.0,A,A,3,2,8,2,2.0,"TODO: use abc classes | TODO: look at attrname for ""legacy_join"" and use different structure"
AZ4INX7NUdMD1-xUqsD4,lib/sqlalchemy/sql/traversals.py,traversals.py,python:S1186,HIGH,MAINTAINABILITY,CODE_SMELL,"Add a nested comment explaining why this method is empty, or complete the implementation.",646,5min,0.0,0.0,59.0,59.0,222.0,241.0,349.0,1025.0,A,A,3,2,8,2,2.0,"TODO: use abc classes | TODO: look at attrname for ""legacy_join"" and use different structure"
AZ4INX7NUdMD1-xUqsD9,lib/sqlalchemy/sql/traversals.py,traversals.py,python:S3776,HIGH,MAINTAINABILITY,CODE_SMELL,Refactor this function to reduce its Cognitive Complexity from 18 to the 15 allowed.,904,8min,0.0,0.0,59.0,59.0,222.0,241.0,349.0,1025.0,A,A,3,2,8,2,2.0,"TODO: use abc classes | TODO: look at attrname for ""legacy_join"" and use different structure"
AZ4INX7NUdMD1-xUqsD-,lib/sqlalchemy/sql/traversals.py,traversals.py,python:S3516,HIGH,MAINTAINABILITY,CODE_SMELL,Refactor this method to not always return the same value.,927,2min,0.0,0.0,59.0,59.0,222.0,241.0,349.0,1025.0,A,A,3,2,8,2,2.0,"TODO: use abc classes | TODO: look at attrname for ""legacy_join"" and use different structure"
AZ4INX8bUdMD1-xUqsGp,lib/sqlalchemy/sql/util.py,util.py,python:S3776,HIGH,MAINTAINABILITY,CODE_SMELL,Refactor this function to reduce its Cognitive Complexity from 18 to the 15 allowed.,159,8min,0.0,0.0,15.0,15.0,256.0,382.0,180.0,1487.0,A,A,9,2,36,2,6.0,"TODO: add specific coverage here | TODO: add specific coverage here | Ideally there could be overloads specific to ColumnElement and | TODO: cython candidate | we are doing here and we would do better to have an inlined | TODO: typing is finding a few gaps in here, see if they can be"
AZ4INX8bUdMD1-xUqsGq,lib/sqlalchemy/sql/util.py,util.py,python:S3776,HIGH,MAINTAINABILITY,CODE_SMELL,Refactor this function to reduce its Cognitive Complexity from 19 to the 15 allowed.,203,9min,0.0,0.0,15.0,15.0,256.0,382.0,180.0,1487.0,A,A,9,2,36,2,6.0,"TODO: add specific coverage here | TODO: add specific coverage here | Ideally there could be overloads specific to ColumnElement and | TODO: cython candidate | we are doing here and we would do better to have an inlined | TODO: typing is finding a few gaps in here, see if they can be"
AZ4INX8bUdMD1-xUqsGr,lib/sqlalchemy/sql/util.py,util.py,python:S3776,HIGH,MAINTAINABILITY,CODE_SMELL,Refactor this function to reduce its Cognitive Complexity from 21 to the 15 allowed.,260,11min,0.0,0.0,15.0,15.0,256.0,382.0,180.0,1487.0,A,A,9,2,36,2,6.0,"TODO: add specific coverage here | TODO: add specific coverage here | Ideally there could be overloads specific to ColumnElement and | TODO: cython candidate | we are doing here and we would do better to have an inlined | TODO: typing is finding a few gaps in here, see if they can be"
AZ4INX8bUdMD1-xUqsGs,lib/sqlalchemy/sql/util.py,util.py,python:S3776,HIGH,MAINTAINABILITY,CODE_SMELL,Refactor this function to reduce its Cognitive Complexity from 24 to the 15 allowed.,370,14min,0.0,0.0,15.0,15.0,256.0,382.0,180.0,1487.0,A,A,9,2,36,2,6.0,"TODO: add specific coverage here | TODO: add specific coverage here | Ideally there could be overloads specific to ColumnElement and | TODO: cython candidate | we are doing here and we would do better to have an inlined | TODO: typing is finding a few gaps in here, see if they can be"
AZ4INX8bUdMD1-xUqsGu,lib/sqlalchemy/sql/util.py,util.py,python:S3776,HIGH,MAINTAINABILITY,CODE_SMELL,Refactor this function to reduce its Cognitive Complexity from 63 to the 15 allowed.,892,53min,0.0,0.0,15.0,15.0,256.0,382.0,180.0,1487.0,A,A,9,2,36,2,6.0,"TODO: add specific coverage here | TODO: add specific coverage here | Ideally there could be overloads specific to ColumnElement and | TODO: cython candidate | we are doing here and we would do better to have an inlined | TODO: typing is finding a few gaps in here, see if they can be"
AZ4INX8bUdMD1-xUqsGx,lib/sqlalchemy/sql/util.py,util.py,python:S3776,HIGH,MAINTAINABILITY,CODE_SMELL,Refactor this function to reduce its Cognitive Complexity from 37 to the 15 allowed.,976,27min,0.0,0.0,15.0,15.0,256.0,382.0,180.0,1487.0,A,A,9,2,36,2,6.0,"TODO: add specific coverage here | TODO: add specific coverage here | Ideally there could be overloads specific to ColumnElement and | TODO: cython candidate | we are doing here and we would do better to have an inlined | TODO: typing is finding a few gaps in here, see if they can be"
AZ4INX8bUdMD1-xUqsGz,lib/sqlalchemy/sql/util.py,util.py,python:S3776,HIGH,MAINTAINABILITY,CODE_SMELL,Refactor this function to reduce its Cognitive Complexity from 38 to the 15 allowed.,1142,28min,0.0,0.0,15.0,15.0,256.0,382.0,180.0,1487.0,A,A,9,2,36,2,6.0,"TODO: add specific coverage here | TODO: add specific coverage here | Ideally there could be overloads specific to ColumnElement and | TODO: cython candidate | we are doing here and we would do better to have an inlined | TODO: typing is finding a few gaps in here, see if they can be"
AZ4INX8bUdMD1-xUqsG2,lib/sqlalchemy/sql/util.py,util.py,python:S3776,HIGH,MAINTAINABILITY,CODE_SMELL,Refactor this function to reduce its Cognitive Complexity from 20 to the 15 allowed.,1436,10min,0.0,0.0,15.0,15.0,256.0,382.0,180.0,1487.0,A,A,9,2,36,2,6.0,"TODO: add specific coverage here | TODO: add specific coverage here | Ideally there could be overloads specific to ColumnElement and | TODO: cython candidate | we are doing here and we would do better to have an inlined | TODO: typing is finding a few gaps in here, see if they can be"
AZ4INX9NUdMD1-xUqsKG,lib/sqlalchemy/sql/visitors.py,visitors.py,python:S5720,HIGH,MAINTAINABILITY,CODE_SMELL,"Rename ""_self"" to ""self"" or add the missing ""self"" parameter.",75,5min,0.0,0.0,5.0,5.0,95.0,90.0,44.0,1166.0,A,A,5,3,14,116,2.0,*could* in theory replace with an entirely different kind of element. | however this is really not how cloned_traverse is ever used internally
AZ4INX9NUdMD1-xUqsKH,lib/sqlalchemy/sql/visitors.py,visitors.py,python:S5720,HIGH,MAINTAINABILITY,CODE_SMELL,"Rename ""s"" to ""self"" or add the missing ""self"" parameter.",494,5min,0.0,0.0,5.0,5.0,95.0,90.0,44.0,1166.0,A,A,5,3,14,116,2.0,*could* in theory replace with an entirely different kind of element. | however this is really not how cloned_traverse is ever used internally
AZ4INX9NUdMD1-xUqsKJ,lib/sqlalchemy/sql/visitors.py,visitors.py,python:S3776,HIGH,MAINTAINABILITY,CODE_SMELL,Refactor this function to reduce its Cognitive Complexity from 25 to the 15 allowed.,982,15min,0.0,0.0,5.0,5.0,95.0,90.0,44.0,1166.0,A,A,5,3,14,116,2.0,*could* in theory replace with an entirely different kind of element. | however this is really not how cloned_traverse is ever used internally
AZ4INX9NUdMD1-xUqsKK,lib/sqlalchemy/sql/visitors.py,visitors.py,python:S3776,HIGH,MAINTAINABILITY,CODE_SMELL,Refactor this function to reduce its Cognitive Complexity from 24 to the 15 allowed.,1097,14min,0.0,0.0,5.0,5.0,95.0,90.0,44.0,1166.0,A,A,5,3,14,116,2.0,*could* in theory replace with an entirely different kind of element. | however this is really not how cloned_traverse is ever used internally
AZ4INX61UdMD1-xUqsCo,lib/sqlalchemy/testing/assertions.py,assertions.py,python:S3776,HIGH,MAINTAINABILITY,CODE_SMELL,Refactor this function to reduce its Cognitive Complexity from 47 to the 15 allowed.,171,37min,2.0,0.0,9.0,11.0,182.0,211.0,159.0,990.0,C,A,4,1,18,116,3.0,it's generally a good idea to not carry traceback objects outside | this seems to fix: | assert outside the block so it works for AssertionError too !
AZ4INX61UdMD1-xUqsCn,lib/sqlalchemy/testing/assertions.py,assertions.py,python:S1192,HIGH,MAINTAINABILITY,CODE_SMELL,"Define a constant instead of duplicating this literal ""%r != %r"" 3 times.",283,6min,2.0,0.0,9.0,11.0,182.0,211.0,159.0,990.0,C,A,4,1,18,116,3.0,it's generally a good idea to not carry traceback objects outside | this seems to fix: | assert outside the block so it works for AssertionError too !
AZ4INX61UdMD1-xUqsCr,lib/sqlalchemy/testing/assertions.py,assertions.py,python:S5361,HIGH,MAINTAINABILITY,CODE_SMELL,"Replace this ""re.sub()"" call by a ""str.replace()"" function call.",355,2min,2.0,0.0,9.0,11.0,182.0,211.0,159.0,990.0,C,A,4,1,18,116,3.0,it's generally a good idea to not carry traceback objects outside | this seems to fix: | assert outside the block so it works for AssertionError too !
AZ4INX61UdMD1-xUqsCu,lib/sqlalchemy/testing/assertions.py,assertions.py,python:S5361,HIGH,MAINTAINABILITY,CODE_SMELL,"Replace this ""re.sub()"" call by a ""str.replace()"" function call.",358,2min,2.0,0.0,9.0,11.0,182.0,211.0,159.0,990.0,C,A,4,1,18,116,3.0,it's generally a good idea to not carry traceback objects outside | this seems to fix: | assert outside the block so it works for AssertionError too !
AZ4INX61UdMD1-xUqsCw,lib/sqlalchemy/testing/assertions.py,assertions.py,python:S3776,HIGH,MAINTAINABILITY,CODE_SMELL,Refactor this function to reduce its Cognitive Complexity from 69 to the 15 allowed.,501,59min,2.0,0.0,9.0,11.0,182.0,211.0,159.0,990.0,C,A,4,1,18,116,3.0,it's generally a good idea to not carry traceback objects outside | this seems to fix: | assert outside the block so it works for AssertionError too !
AZ4INX61UdMD1-xUqsCx,lib/sqlalchemy/testing/assertions.py,assertions.py,python:S3776,HIGH,MAINTAINABILITY,CODE_SMELL,Refactor this function to reduce its Cognitive Complexity from 23 to the 15 allowed.,851,13min,2.0,0.0,9.0,11.0,182.0,211.0,159.0,990.0,C,A,4,1,18,116,3.0,it's generally a good idea to not carry traceback objects outside | this seems to fix: | assert outside the block so it works for AssertionError too !
AZ4INX6HUdMD1-xUqsBn,lib/sqlalchemy/testing/assertsql.py,assertsql.py,python:S1186,HIGH,MAINTAINABILITY,CODE_SMELL,"Add a nested comment explaining why this method is empty, or complete the implementation.",28,5min,0.0,0.0,13.0,13.0,88.0,108.0,79.0,517.0,A,A,3,1,9,116,1.0,TODO: why do we need this part?
AZ4INX6HUdMD1-xUqsBl,lib/sqlalchemy/testing/assertsql.py,assertsql.py,python:S1192,HIGH,MAINTAINABILITY,CODE_SMELL,"Define a constant instead of duplicating this literal r""[\n\t]"" 4 times.",80,8min,0.0,0.0,13.0,13.0,88.0,108.0,79.0,517.0,A,A,3,1,9,116,1.0,TODO: why do we need this part?
AZ4INX6HUdMD1-xUqsBr,lib/sqlalchemy/testing/assertsql.py,assertsql.py,python:S3776,HIGH,MAINTAINABILITY,CODE_SMELL,Refactor this function to reduce its Cognitive Complexity from 31 to the 15 allowed.,162,21min,0.0,0.0,13.0,13.0,88.0,108.0,79.0,517.0,A,A,3,1,9,116,1.0,TODO: why do we need this part?
AZ4INX6rUdMD1-xUqsCX,lib/sqlalchemy/testing/engines.py,engines.py,python:S3776,HIGH,MAINTAINABILITY,CODE_SMELL,Refactor this function to reduce its Cognitive Complexity from 26 to the 15 allowed.,304,16min,0.0,0.0,3.0,3.0,100.0,77.0,21.0,473.0,A,A,6,2,138,2,3.0,"TODO: this doesn't cover all cases | as nicely as we'd like, namely MySQLdb. | proxy server idea to get better"
AZ4INX6-UdMD1-xUqsC7,lib/sqlalchemy/testing/entities.py,entities.py,python:S3776,HIGH,MAINTAINABILITY,CODE_SMELL,Refactor this function to reduce its Cognitive Complexity from 35 to the 15 allowed.,50,25min,0.0,0.0,3.0,3.0,22.0,37.0,37.0,118.0,A,A,1,1,2,116,,
AZ4INX67UdMD1-xUqsC2,lib/sqlalchemy/testing/exclusions.py,exclusions.py,python:S2638,HIGH,MAINTAINABILITY,CODE_SMELL,Add a default value to parameter config.,230,15min,0.0,0.0,6.0,6.0,101.0,85.0,80.0,436.0,A,A,3,1,49,116,,
AZ4INX67UdMD1-xUqsC3,lib/sqlalchemy/testing/exclusions.py,exclusions.py,python:S2638,HIGH,MAINTAINABILITY,CODE_SMELL,Add a default value to parameter config.,279,15min,0.0,0.0,6.0,6.0,101.0,85.0,80.0,436.0,A,A,3,1,49,116,,
AZ4INX67UdMD1-xUqsC4,lib/sqlalchemy/testing/exclusions.py,exclusions.py,python:S2638,HIGH,MAINTAINABILITY,CODE_SMELL,Add a default value to parameter config.,313,15min,0.0,0.0,6.0,6.0,101.0,85.0,80.0,436.0,A,A,3,1,49,116,,
AZ4INX67UdMD1-xUqsC5,lib/sqlalchemy/testing/exclusions.py,exclusions.py,python:S2638,HIGH,MAINTAINABILITY,CODE_SMELL,Add a default value to parameter config.,325,15min,0.0,0.0,6.0,6.0,101.0,85.0,80.0,436.0,A,A,3,1,49,116,,
AZ4INX67UdMD1-xUqsC6,lib/sqlalchemy/testing/exclusions.py,exclusions.py,python:S2638,HIGH,MAINTAINABILITY,CODE_SMELL,Add a default value to parameter config.,358,15min,0.0,0.0,6.0,6.0,101.0,85.0,80.0,436.0,A,A,3,1,49,116,,
AZ4INX6NUdMD1-xUqsB2,lib/sqlalchemy/testing/fixtures/base.py,base.py,python:S5754,HIGH,MAINTAINABILITY,CODE_SMELL,Specify an exception class to catch or reraise the exception,100,5min,0.0,0.0,3.0,3.0,50.0,111.0,95.0,367.0,A,A,4,2,30,79,1.0,block itself would be committed
AZ4INX6NUdMD1-xUqsB3,lib/sqlalchemy/testing/fixtures/base.py,base.py,python:S5754,HIGH,MAINTAINABILITY,CODE_SMELL,Specify an exception class to catch or reraise the exception,105,5min,0.0,0.0,3.0,3.0,50.0,111.0,95.0,367.0,A,A,4,2,30,79,1.0,block itself would be committed
AZ4INX6NUdMD1-xUqsB4,lib/sqlalchemy/testing/fixtures/base.py,base.py,python:S3776,HIGH,MAINTAINABILITY,CODE_SMELL,Refactor this function to reduce its Cognitive Complexity from 95 to the 15 allowed.,232,1h25min,0.0,0.0,3.0,3.0,50.0,111.0,95.0,367.0,A,A,4,2,30,79,1.0,block itself would be committed
AZ4INX6cUdMD1-xUqsB-,lib/sqlalchemy/testing/fixtures/mypy.py,mypy.py,python:S3776,HIGH,MAINTAINABILITY,CODE_SMELL,Refactor this function to reduce its Cognitive Complexity from 28 to the 15 allowed.,142,18min,0.0,0.0,7.0,7.0,42.0,87.0,77.0,313.0,A,A,4,3,87,2,3.0,"as of mypy 0.971 i think we need to keep mypy_path empty | manipulate sys.path and/or guess what mypy is doing | 1 or a 0 return code here, could be either depending on if"
AZ4INX6cUdMD1-xUqsCB,lib/sqlalchemy/testing/fixtures/mypy.py,mypy.py,python:S5361,HIGH,MAINTAINABILITY,CODE_SMELL,"Replace this ""re.sub()"" call by a ""str.replace()"" function call.",188,2min,0.0,0.0,7.0,7.0,42.0,87.0,77.0,313.0,A,A,4,3,87,2,3.0,"as of mypy 0.971 i think we need to keep mypy_path empty | manipulate sys.path and/or guess what mypy is doing | 1 or a 0 return code here, could be either depending on if"
AZ4INX6cUdMD1-xUqsCD,lib/sqlalchemy/testing/fixtures/mypy.py,mypy.py,python:S3776,HIGH,MAINTAINABILITY,CODE_SMELL,Refactor this function to reduce its Cognitive Complexity from 47 to the 15 allowed.,246,37min,0.0,0.0,7.0,7.0,42.0,87.0,77.0,313.0,A,A,4,3,87,2,3.0,"as of mypy 0.971 i think we need to keep mypy_path empty | manipulate sys.path and/or guess what mypy is doing | 1 or a 0 return code here, could be either depending on if"
AZ4INX6LUdMD1-xUqsBy,lib/sqlalchemy/testing/fixtures/orm.py,orm.py,python:S1186,HIGH,MAINTAINABILITY,CODE_SMELL,"Add a nested comment explaining why this method is empty, or complete the implementation.",145,5min,0.0,0.0,4.0,4.0,34.0,11.0,20.0,228.0,A,A,1,1,2,116,,
AZ4INX6LUdMD1-xUqsBz,lib/sqlalchemy/testing/fixtures/orm.py,orm.py,python:S1186,HIGH,MAINTAINABILITY,CODE_SMELL,"Add a nested comment explaining why this method is empty, or complete the implementation.",149,5min,0.0,0.0,4.0,4.0,34.0,11.0,20.0,228.0,A,A,1,1,2,116,,
AZ4INX6LUdMD1-xUqsB0,lib/sqlalchemy/testing/fixtures/orm.py,orm.py,python:S1186,HIGH,MAINTAINABILITY,CODE_SMELL,"Add a nested comment explaining why this method is empty, or complete the implementation.",158,5min,0.0,0.0,4.0,4.0,34.0,11.0,20.0,228.0,A,A,1,1,2,116,,
AZ4INX6QUdMD1-xUqsB5,lib/sqlalchemy/testing/fixtures/sql.py,sql.py,python:S3776,HIGH,MAINTAINABILITY,CODE_SMELL,Refactor this function to reduce its Cognitive Complexity from 16 to the 15 allowed.,127,6min,0.0,0.0,4.0,4.0,89.0,114.0,56.0,504.0,A,A,3,1,35,116,1.0,note we're asserting the order of the params as well as
AZ4INX6QUdMD1-xUqsB6,lib/sqlalchemy/testing/fixtures/sql.py,sql.py,python:S1186,HIGH,MAINTAINABILITY,CODE_SMELL,"Add a nested comment explaining why this method is empty, or complete the implementation.",193,5min,0.0,0.0,4.0,4.0,89.0,114.0,56.0,504.0,A,A,3,1,35,116,1.0,note we're asserting the order of the params as well as
AZ4INX6QUdMD1-xUqsB7,lib/sqlalchemy/testing/fixtures/sql.py,sql.py,python:S1186,HIGH,MAINTAINABILITY,CODE_SMELL,"Add a nested comment explaining why this method is empty, or complete the implementation.",201,5min,0.0,0.0,4.0,4.0,89.0,114.0,56.0,504.0,A,A,3,1,35,116,1.0,note we're asserting the order of the params as well as
AZ4INX6QUdMD1-xUqsB8,lib/sqlalchemy/testing/fixtures/sql.py,sql.py,python:S3776,HIGH,MAINTAINABILITY,CODE_SMELL,Refactor this function to reduce its Cognitive Complexity from 50 to the 15 allowed.,360,40min,0.0,0.0,4.0,4.0,89.0,114.0,56.0,504.0,A,A,3,1,35,116,1.0,note we're asserting the order of the params as well as
AZ4INX64UdMD1-xUqsCz,lib/sqlalchemy/testing/pickleable.py,pickleable.py,python:S5712,HIGH,MAINTAINABILITY,CODE_SMELL,"Return ""NotImplemented"" instead of raising ""NotImplementedError""",152,5min,0.0,0.0,3.0,3.0,25.0,3.0,10.0,156.0,A,A,1,1,2,116,1.0,TODO: these are kind of arbitrary....
AZ4INX64UdMD1-xUqsC0,lib/sqlalchemy/testing/pickleable.py,pickleable.py,python:S5712,HIGH,MAINTAINABILITY,CODE_SMELL,"Return ""NotImplemented"" instead of raising ""NotImplementedError""",155,5min,0.0,0.0,3.0,3.0,25.0,3.0,10.0,156.0,A,A,1,1,2,116,1.0,TODO: these are kind of arbitrary....
AZ4INX5-UdMD1-xUqsBT,lib/sqlalchemy/testing/plugin/plugin_base.py,plugin_base.py,python:S930,HIGH,RELIABILITY,BUG,Remove this unexpected named argument 'raise_'.,402,10min,1.0,0.0,8.0,9.0,112.0,113.0,79.0,780.0,E,A,6,2,65,116,,
AZ4INX5-UdMD1-xUqsBU,lib/sqlalchemy/testing/plugin/plugin_base.py,plugin_base.py,python:S3776,HIGH,MAINTAINABILITY,CODE_SMELL,Refactor this function to reduce its Cognitive Complexity from 22 to the 15 allowed.,424,12min,1.0,0.0,8.0,9.0,112.0,113.0,79.0,780.0,E,A,6,2,65,116,,
AZ4INX5-UdMD1-xUqsBZ,lib/sqlalchemy/testing/plugin/plugin_base.py,plugin_base.py,python:S3776,HIGH,MAINTAINABILITY,CODE_SMELL,Refactor this function to reduce its Cognitive Complexity from 46 to the 15 allowed.,632,36min,1.0,0.0,8.0,9.0,112.0,113.0,79.0,780.0,E,A,6,2,65,116,,
AZ4INX5-UdMD1-xUqsBa,lib/sqlalchemy/testing/plugin/plugin_base.py,plugin_base.py,python:S3776,HIGH,MAINTAINABILITY,CODE_SMELL,Refactor this function to reduce its Cognitive Complexity from 16 to the 15 allowed.,698,6min,1.0,0.0,8.0,9.0,112.0,113.0,79.0,780.0,E,A,6,2,65,116,,
AZ4INX6BUdMD1-xUqsBg,lib/sqlalchemy/testing/plugin/pytestplugin.py,pytestplugin.py,python:S3776,HIGH,MAINTAINABILITY,CODE_SMELL,Refactor this function to reduce its Cognitive Complexity from 39 to the 15 allowed.,236,29min,0.0,0.0,8.0,8.0,148.0,201.0,97.0,869.0,A,A,5,2,48,2,4.0,"this is much easier to do within pytest_pycollect_makeitem, however | is that true and why's that? (when using unittest, they're sorted) | this is the pytest hacky part.  don't do a full update wrapper | because pytest is really being sneaky about finding the args"
AZ4INX6BUdMD1-xUqsBi,lib/sqlalchemy/testing/plugin/pytestplugin.py,pytestplugin.py,python:S3776,HIGH,MAINTAINABILITY,CODE_SMELL,Refactor this function to reduce its Cognitive Complexity from 17 to the 15 allowed.,366,7min,0.0,0.0,8.0,8.0,148.0,201.0,97.0,869.0,A,A,5,2,48,2,4.0,"this is much easier to do within pytest_pycollect_makeitem, however | is that true and why's that? (when using unittest, they're sorted) | this is the pytest hacky part.  don't do a full update wrapper | because pytest is really being sneaky about finding the args"
AZ4INX6BUdMD1-xUqsBj,lib/sqlalchemy/testing/plugin/pytestplugin.py,pytestplugin.py,python:S3776,HIGH,MAINTAINABILITY,CODE_SMELL,Refactor this function to reduce its Cognitive Complexity from 50 to the 15 allowed.,683,40min,0.0,0.0,8.0,8.0,148.0,201.0,97.0,869.0,A,A,5,2,48,2,4.0,"this is much easier to do within pytest_pycollect_makeitem, however | is that true and why's that? (when using unittest, they're sorted) | this is the pytest hacky part.  don't do a full update wrapper | because pytest is really being sneaky about finding the args"
AZ4INX7EUdMD1-xUqsC-,lib/sqlalchemy/testing/provision.py,provision.py,python:S1186,HIGH,MAINTAINABILITY,CODE_SMELL,"Add a nested comment explaining why this function is empty, or complete the implementation.",235,5min,0.0,0.0,4.0,4.0,73.0,71.0,20.0,497.0,A,A,9,2,125,2,,
AZ4INX7EUdMD1-xUqsC_,lib/sqlalchemy/testing/provision.py,provision.py,python:S1186,HIGH,MAINTAINABILITY,CODE_SMELL,"Add a nested comment explaining why this function is empty, or complete the implementation.",240,5min,0.0,0.0,4.0,4.0,73.0,71.0,20.0,497.0,A,A,9,2,125,2,,
AZ4INX7EUdMD1-xUqsDA,lib/sqlalchemy/testing/provision.py,provision.py,python:S1186,HIGH,MAINTAINABILITY,CODE_SMELL,"Add a nested comment explaining why this function is empty, or complete the implementation.",439,5min,0.0,0.0,4.0,4.0,73.0,71.0,20.0,497.0,A,A,9,2,125,2,,
AZ4INX7EUdMD1-xUqsDB,lib/sqlalchemy/testing/provision.py,provision.py,python:S1186,HIGH,MAINTAINABILITY,CODE_SMELL,"Add a nested comment explaining why this function is empty, or complete the implementation.",444,5min,0.0,0.0,4.0,4.0,73.0,71.0,20.0,497.0,A,A,9,2,125,2,,
AZ4INX7JUdMD1-xUqsDD,lib/sqlalchemy/testing/requirements.py,requirements.py,python:S5754,HIGH,MAINTAINABILITY,CODE_SMELL,Specify an exception class to catch or reraise the exception,1092,5min,0.0,0.0,4.0,4.0,251.0,32.0,15.0,1819.0,A,A,19,7,152,96,1.0,"TODO: exclusions should be composable,"
AZ4INX6uUdMD1-xUqsCa,lib/sqlalchemy/testing/schema.py,schema.py,python:S3776,HIGH,MAINTAINABILITY,CODE_SMELL,Refactor this function to reduce its Cognitive Complexity from 18 to the 15 allowed.,26,8min,0.0,0.0,4.0,4.0,42.0,34.0,33.0,225.0,A,A,2,1,32,116,2.0,hardcoded rule for oracle; this should | be moved out
AZ4INX6yUdMD1-xUqsCd,lib/sqlalchemy/testing/util.py,util.py,python:S1186,HIGH,MAINTAINABILITY,CODE_SMELL,"Add a nested comment explaining why this function is empty, or complete the implementation.",53,5min,0.0,0.0,8.0,8.0,77.0,80.0,37.0,538.0,A,A,4,2,18,2,2.0,TODO: this warning can be used to find all the places | TODO:
AZ4INX6yUdMD1-xUqsCi,lib/sqlalchemy/testing/util.py,util.py,python:S3776,HIGH,MAINTAINABILITY,CODE_SMELL,Refactor this function to reduce its Cognitive Complexity from 16 to the 15 allowed.,122,6min,0.0,0.0,8.0,8.0,77.0,80.0,37.0,538.0,A,A,4,2,18,2,2.0,TODO: this warning can be used to find all the places | TODO:
AZ4INX6yUdMD1-xUqsCm,lib/sqlalchemy/testing/util.py,util.py,python:S3776,HIGH,MAINTAINABILITY,CODE_SMELL,Refactor this function to reduce its Cognitive Complexity from 21 to the 15 allowed.,398,11min,0.0,0.0,8.0,8.0,77.0,80.0,37.0,538.0,A,A,4,2,18,2,2.0,TODO: this warning can be used to find all the places | TODO:
AZ4INX2AUdMD1-xUqr5l,lib/sqlalchemy/util/_concurrency_py3k.py,_concurrency_py3k.py,python:S5754,HIGH,MAINTAINABILITY,CODE_SMELL,Catch a more specific exception or reraise the exception,197,5min,0.0,0.0,1.0,1.0,39.0,24.0,5.0,289.0,A,A,0,0,0,0,,
AZ4INX18UdMD1-xUqr5i,lib/sqlalchemy/util/_py_collections.py,_py_collections.py,python:S1186,HIGH,MAINTAINABILITY,CODE_SMELL,"Add a nested comment explaining why this method is empty, or complete the implementation.",91,5min,0.0,0.0,3.0,3.0,149.0,67.0,15.0,542.0,A,A,0,0,0,0,,
AZ4INX14UdMD1-xUqr5h,lib/sqlalchemy/util/compat.py,compat.py,python:S3776,HIGH,MAINTAINABILITY,CODE_SMELL,Refactor this function to reduce its Cognitive Complexity from 23 to the 15 allowed.,199,13min,0.0,0.0,1.0,1.0,54.0,57.0,13.0,301.0,A,A,6,4,112,24,,
AZ4INX2TUdMD1-xUqr6N,lib/sqlalchemy/util/deprecations.py,deprecations.py,python:S1192,HIGH,MAINTAINABILITY,CODE_SMELL,"Define a constant instead of duplicating this literal "".. deprecated:: %s %s"" 3 times.",84,6min,0.0,0.0,3.0,3.0,59.0,75.0,38.0,402.0,A,A,1,1,2,116,,
AZ4INX2TUdMD1-xUqr6O,lib/sqlalchemy/util/deprecations.py,deprecations.py,python:S3776,HIGH,MAINTAINABILITY,CODE_SMELL,Refactor this function to reduce its Cognitive Complexity from 34 to the 15 allowed.,199,24min,0.0,0.0,3.0,3.0,59.0,75.0,38.0,402.0,A,A,1,1,2,116,,
AZ4INX2TUdMD1-xUqr6R,lib/sqlalchemy/util/deprecations.py,deprecations.py,python:S3776,HIGH,MAINTAINABILITY,CODE_SMELL,Refactor this function to reduce its Cognitive Complexity from 18 to the 15 allowed.,311,8min,0.0,0.0,3.0,3.0,59.0,75.0,38.0,402.0,A,A,1,1,2,116,,
AZ4INX2EUdMD1-xUqr5p,lib/sqlalchemy/util/langhelpers.py,langhelpers.py,python:S3776,HIGH,MAINTAINABILITY,CODE_SMELL,Refactor this function to reduce its Cognitive Complexity from 18 to the 15 allowed.,424,8min,0.0,0.0,23.0,23.0,359.0,435.0,211.0,2219.0,A,A,12,3,434,2,8.0,"such as when a kw-only indicator ""*"" is present, which is why | detail, and can be removed or deprecated in future Python releases. | way other than completely deceiving the type checker into thinking there | way to achieve this. | NOTE: we should ultimately get rid of this global thing, | however, currently it is to support pickling.  The best | TODO: this is not working for params like "":param case_sensitive=True:"" | TODO: this still won't cover if the code example itself has"
AZ4INX2EUdMD1-xUqr5q,lib/sqlalchemy/util/langhelpers.py,langhelpers.py,python:S3776,HIGH,MAINTAINABILITY,CODE_SMELL,Refactor this function to reduce its Cognitive Complexity from 19 to the 15 allowed.,488,9min,0.0,0.0,23.0,23.0,359.0,435.0,211.0,2219.0,A,A,12,3,434,2,8.0,"such as when a kw-only indicator ""*"" is present, which is why | detail, and can be removed or deprecated in future Python releases. | way other than completely deceiving the type checker into thinking there | way to achieve this. | NOTE: we should ultimately get rid of this global thing, | however, currently it is to support pickling.  The best | TODO: this is not working for params like "":param case_sensitive=True:"" | TODO: this still won't cover if the code example itself has"
AZ4INX2EUdMD1-xUqr5y,lib/sqlalchemy/util/langhelpers.py,langhelpers.py,python:S3776,HIGH,MAINTAINABILITY,CODE_SMELL,Refactor this function to reduce its Cognitive Complexity from 45 to the 15 allowed.,747,35min,0.0,0.0,23.0,23.0,359.0,435.0,211.0,2219.0,A,A,12,3,434,2,8.0,"such as when a kw-only indicator ""*"" is present, which is why | detail, and can be removed or deprecated in future Python releases. | way other than completely deceiving the type checker into thinking there | way to achieve this. | NOTE: we should ultimately get rid of this global thing, | however, currently it is to support pickling.  The best | TODO: this is not working for params like "":param case_sensitive=True:"" | TODO: this still won't cover if the code example itself has"
AZ4INX2EUdMD1-xUqr5z,lib/sqlalchemy/util/langhelpers.py,langhelpers.py,python:S3776,HIGH,MAINTAINABILITY,CODE_SMELL,Refactor this function to reduce its Cognitive Complexity from 16 to the 15 allowed.,909,6min,0.0,0.0,23.0,23.0,359.0,435.0,211.0,2219.0,A,A,12,3,434,2,8.0,"such as when a kw-only indicator ""*"" is present, which is why | detail, and can be removed or deprecated in future Python releases. | way other than completely deceiving the type checker into thinking there | way to achieve this. | NOTE: we should ultimately get rid of this global thing, | however, currently it is to support pickling.  The best | TODO: this is not working for params like "":param case_sensitive=True:"" | TODO: this still won't cover if the code example itself has"
AZ4INX2EUdMD1-xUqr50,lib/sqlalchemy/util/langhelpers.py,langhelpers.py,python:S3776,HIGH,MAINTAINABILITY,CODE_SMELL,Refactor this function to reduce its Cognitive Complexity from 19 to the 15 allowed.,984,9min,0.0,0.0,23.0,23.0,359.0,435.0,211.0,2219.0,A,A,12,3,434,2,8.0,"such as when a kw-only indicator ""*"" is present, which is why | detail, and can be removed or deprecated in future Python releases. | way other than completely deceiving the type checker into thinking there | way to achieve this. | NOTE: we should ultimately get rid of this global thing, | however, currently it is to support pickling.  The best | TODO: this is not working for params like "":param case_sensitive=True:"" | TODO: this still won't cover if the code example itself has"
AZ4INX2EUdMD1-xUqr53,lib/sqlalchemy/util/langhelpers.py,langhelpers.py,python:S3776,HIGH,MAINTAINABILITY,CODE_SMELL,Refactor this function to reduce its Cognitive Complexity from 20 to the 15 allowed.,1846,10min,0.0,0.0,23.0,23.0,359.0,435.0,211.0,2219.0,A,A,12,3,434,2,8.0,"such as when a kw-only indicator ""*"" is present, which is why | detail, and can be removed or deprecated in future Python releases. | way other than completely deceiving the type checker into thinking there | way to achieve this. | NOTE: we should ultimately get rid of this global thing, | however, currently it is to support pickling.  The best | TODO: this is not working for params like "":param case_sensitive=True:"" | TODO: this still won't cover if the code example itself has"
AZ4INX2EUdMD1-xUqr54,lib/sqlalchemy/util/langhelpers.py,langhelpers.py,python:S5754,HIGH,MAINTAINABILITY,CODE_SMELL,Specify an exception class to catch or reraise the exception,1858,5min,0.0,0.0,23.0,23.0,359.0,435.0,211.0,2219.0,A,A,12,3,434,2,8.0,"such as when a kw-only indicator ""*"" is present, which is why | detail, and can be removed or deprecated in future Python releases. | way other than completely deceiving the type checker into thinking there | way to achieve this. | NOTE: we should ultimately get rid of this global thing, | however, currently it is to support pickling.  The best | TODO: this is not working for params like "":param case_sensitive=True:"" | TODO: this still won't cover if the code example itself has"
AZ4INX2EUdMD1-xUqr56,lib/sqlalchemy/util/langhelpers.py,langhelpers.py,python:S3776,HIGH,MAINTAINABILITY,CODE_SMELL,Refactor this function to reduce its Cognitive Complexity from 24 to the 15 allowed.,2144,14min,0.0,0.0,23.0,23.0,359.0,435.0,211.0,2219.0,A,A,12,3,434,2,8.0,"such as when a kw-only indicator ""*"" is present, which is why | detail, and can be removed or deprecated in future Python releases. | way other than completely deceiving the type checker into thinking there | way to achieve this. | NOTE: we should ultimately get rid of this global thing, | however, currently it is to support pickling.  The best | TODO: this is not working for params like "":param case_sensitive=True:"" | TODO: this still won't cover if the code example itself has"
AZ4INX11UdMD1-xUqr5e,lib/sqlalchemy/util/topological.py,topological.py,python:S3776,HIGH,MAINTAINABILITY,CODE_SMELL,Refactor this function to reduce its Cognitive Complexity from 16 to the 15 allowed.,77,6min,0.0,0.0,3.0,3.0,17.0,26.0,16.0,121.0,A,A,1,1,2,116,,
AZ4INX2MUdMD1-xUqr6I,lib/sqlalchemy/util/typing.py,typing.py,python:S5797,HIGH,MAINTAINABILITY,CODE_SMELL,Replace this expression; used as a condition it will always be constant.,37,2min,1.0,0.0,2.0,3.0,86.0,71.0,7.0,630.0,C,A,8,3,132,17,2.0,is not the usual way variables would resolve. | python 3.10. For sqlalchemy use cases it's fine to consider it a TAT
AZ4INYCJUdMD1-xUqsSr,lib/sqlalchemy/__init__.py,__init__.py,python:S1172,MEDIUM,MAINTAINABILITY,CODE_SMELL,"Remove the unused function parameter ""lcls"".",275,5min,0.0,0.0,1.0,1.0,3.0,1.0,5.0,295.0,A,A,17,5,42,24,,
AZ4INX28UdMD1-xUqr7b,lib/sqlalchemy/dialects/mssql/base.py,base.py,python:S6660,MEDIUM,MAINTAINABILITY,CODE_SMELL,Use the `isinstance()` function here.,1225,2min,0.0,0.0,22.0,22.0,422.0,409.0,162.0,4012.0,A,A,19,8,396,2,4.0,"TODO: Why?  shouldn't we use TOP always ? | TODO: does this comment (from mysql) apply to here, too? | TODO: try to avoid having to run a separate query here | TODO: we support match=<keyword> for foreign keys so"
AZ4INX28UdMD1-xUqr7c,lib/sqlalchemy/dialects/mssql/base.py,base.py,python:S1172,MEDIUM,MAINTAINABILITY,CODE_SMELL,"Remove the unused function parameter ""dialect"".",1301,5min,0.0,0.0,22.0,22.0,422.0,409.0,162.0,4012.0,A,A,19,8,396,2,4.0,"TODO: Why?  shouldn't we use TOP always ? | TODO: does this comment (from mysql) apply to here, too? | TODO: try to avoid having to run a separate query here | TODO: we support match=<keyword> for foreign keys so"
AZ4INX28UdMD1-xUqr7d,lib/sqlalchemy/dialects/mssql/base.py,base.py,python:S6660,MEDIUM,MAINTAINABILITY,CODE_SMELL,Use the `isinstance()` function here.,1303,2min,0.0,0.0,22.0,22.0,422.0,409.0,162.0,4012.0,A,A,19,8,396,2,4.0,"TODO: Why?  shouldn't we use TOP always ? | TODO: does this comment (from mysql) apply to here, too? | TODO: try to avoid having to run a separate query here | TODO: we support match=<keyword> for foreign keys so"
AZ4INX28UdMD1-xUqr7n,lib/sqlalchemy/dialects/mssql/base.py,base.py,python:S6035,MEDIUM,MAINTAINABILITY,CODE_SMELL,Replace this alternation with a character class.,2919,5min,0.0,0.0,22.0,22.0,422.0,409.0,162.0,4012.0,A,A,19,8,396,2,4.0,"TODO: Why?  shouldn't we use TOP always ? | TODO: does this comment (from mysql) apply to here, too? | TODO: try to avoid having to run a separate query here | TODO: we support match=<keyword> for foreign keys so"
AZ4INX28UdMD1-xUqr7s,lib/sqlalchemy/dialects/mssql/base.py,base.py,python:S1871,MEDIUM,MAINTAINABILITY,CODE_SMELL,"Either merge this branch with the identical one on line ""3742"" or change one of the implementations.",3745,10min,0.0,0.0,22.0,22.0,422.0,409.0,162.0,4012.0,A,A,19,8,396,2,4.0,"TODO: Why?  shouldn't we use TOP always ? | TODO: does this comment (from mysql) apply to here, too? | TODO: try to avoid having to run a separate query here | TODO: we support match=<keyword> for foreign keys so"
AZ4INX2yUdMD1-xUqr7H,lib/sqlalchemy/dialects/mssql/pymssql.py,pymssql.py,python:S2836,MEDIUM,MAINTAINABILITY,CODE_SMELL,"Add a ""break"" statement or remove this ""else"" clause.",110,5min,0.0,0.0,5.0,5.0,18.0,16.0,20.0,127.0,A,A,2,2,3,2,1.0,TODO: monkeypatching here is less than ideal
AZ4INX21UdMD1-xUqr7L,lib/sqlalchemy/dialects/mssql/pyodbc.py,pyodbc.py,python:S1172,MEDIUM,MAINTAINABILITY,CODE_SMELL,"Remove the unused function parameter ""dialect"".",469,5min,0.0,1.0,15.0,16.0,65.0,73.0,69.0,746.0,A,E,3,2,67,2,,
AZ4INX4RUdMD1-xUqr-Z,lib/sqlalchemy/dialects/mysql/asyncmy.py,asyncmy.py,python:S1542,MEDIUM,MAINTAINABILITY,CODE_SMELL,"Rename function ""_Binary"" to match the regular expression ^[a-z_][a-z0-9_]*$.",238,10min,0.0,0.0,14.0,14.0,55.0,19.0,72.0,338.0,A,A,8,3,122,2,,
AZ4INX3_UdMD1-xUqr9l,lib/sqlalchemy/dialects/mysql/base.py,base.py,python:S1515,MEDIUM,MAINTAINABILITY,CODE_SMELL,"Add a parameter to function ""replace"" and use variable ""column"" as its default value;The value of ""column"" might change at the next loop iteration.",1377,30min,0.0,7.0,13.0,20.0,391.0,384.0,113.0,3450.0,A,E,17,9,1405,2,3.0,that hits each backend and maybe make a requires rule for it? | TODO: remove ?? | is very slow since mysql does not seem able to properly use indexse.
AZ4INX3_UdMD1-xUqr9r,lib/sqlalchemy/dialects/mysql/base.py,base.py,python:S6035,MEDIUM,MAINTAINABILITY,CODE_SMELL,Replace this alternation with a character class.,2596,5min,0.0,7.0,13.0,20.0,391.0,384.0,113.0,3450.0,A,E,17,9,1405,2,3.0,that hits each backend and maybe make a requires rule for it? | TODO: remove ?? | is very slow since mysql does not seem able to properly use indexse.
AZ4INX3_UdMD1-xUqr9u,lib/sqlalchemy/dialects/mysql/base.py,base.py,python:S108,MEDIUM,MAINTAINABILITY,CODE_SMELL,Either remove or fill this block of code.,3153,5min,0.0,7.0,13.0,20.0,391.0,384.0,113.0,3450.0,A,E,17,9,1405,2,3.0,that hits each backend and maybe make a requires rule for it? | TODO: remove ?? | is very slow since mysql does not seem able to properly use indexse.
AZ4INX34UdMD1-xUqr9Z,lib/sqlalchemy/dialects/mysql/reflection.py,reflection.py,python:S108,MEDIUM,MAINTAINABILITY,CODE_SMELL,Either remove or fill this block of code.,54,5min,0.0,0.0,12.0,12.0,98.0,138.0,102.0,678.0,A,A,4,3,127,2,,
AZ4INX34UdMD1-xUqr9a,lib/sqlalchemy/dialects/mysql/reflection.py,reflection.py,python:S108,MEDIUM,MAINTAINABILITY,CODE_SMELL,Either remove or fill this block of code.,62,5min,0.0,0.0,12.0,12.0,98.0,138.0,102.0,678.0,A,A,4,3,127,2,,
AZ4INX34UdMD1-xUqr9b,lib/sqlalchemy/dialects/mysql/reflection.py,reflection.py,python:S108,MEDIUM,MAINTAINABILITY,CODE_SMELL,Either remove or fill this block of code.,74,5min,0.0,0.0,12.0,12.0,98.0,138.0,102.0,678.0,A,A,4,3,127,2,,
AZ4INX34UdMD1-xUqr9W,lib/sqlalchemy/dialects/mysql/reflection.py,reflection.py,python:S1066,MEDIUM,MAINTAINABILITY,CODE_SMELL,Merge this if statement with the enclosing one.,189,5min,0.0,0.0,12.0,12.0,98.0,138.0,102.0,678.0,A,A,4,3,127,2,,
AZ4INX34UdMD1-xUqr9X,lib/sqlalchemy/dialects/mysql/reflection.py,reflection.py,python:S1066,MEDIUM,MAINTAINABILITY,CODE_SMELL,Merge this if statement with the enclosing one.,269,5min,0.0,0.0,12.0,12.0,98.0,138.0,102.0,678.0,A,A,4,3,127,2,,
AZ4INX34UdMD1-xUqr9f,lib/sqlalchemy/dialects/mysql/reflection.py,reflection.py,python:S108,MEDIUM,MAINTAINABILITY,CODE_SMELL,Either remove or fill this block of code.,354,5min,0.0,0.0,12.0,12.0,98.0,138.0,102.0,678.0,A,A,4,3,127,2,,
AZ4INX34UdMD1-xUqr9e,lib/sqlalchemy/dialects/mysql/reflection.py,reflection.py,python:S1871,MEDIUM,MAINTAINABILITY,CODE_SMELL,"Either merge this branch with the identical one on line ""358"" or change one of the implementations.",361,10min,0.0,0.0,12.0,12.0,98.0,138.0,102.0,678.0,A,A,4,3,127,2,,
AZ4INX34UdMD1-xUqr9g,lib/sqlalchemy/dialects/mysql/reflection.py,reflection.py,python:S5799,MEDIUM,MAINTAINABILITY,CODE_SMELL,Merge these implicitly concatenated strings; or did you forget a comma?,498,1min,0.0,0.0,12.0,12.0,98.0,138.0,102.0,678.0,A,A,4,3,127,2,,
AZ4INX42UdMD1-xUqr_Z,lib/sqlalchemy/dialects/oracle/base.py,base.py,python:S3923,MEDIUM,RELIABILITY,BUG,Remove this if statement or edit its code blocks so that they're not all the same.,1106,15min,1.0,0.0,11.0,12.0,400.0,473.0,208.0,3273.0,C,A,7,7,272,54,3.0,"technically, this could be supported, but as it would be | This type seems to be very hard to cast into something else | outerjoin + where null works better on oracle 21 but 11 does"
AZ4INX4mUdMD1-xUqr-v,lib/sqlalchemy/dialects/oracle/cx_oracle.py,cx_oracle.py,python:S3923,MEDIUM,RELIABILITY,BUG,Remove this if statement or edit its code blocks so that they're not all the same.,506,15min,1.0,0.0,21.0,22.0,163.0,186.0,113.0,1484.0,C,A,5,4,98,2,9.0,TODO: the names used across CHAR / VARCHAR / NCHAR / NVARCHAR | here are inconsistent and not very good | take care of reserved words | TODO: we could likely do away with quoting altogether for | this is the only way to ensure a transaction is started without | TODO: Others ? | TODO: others? | TODO: need to end XA state here | TODO: need to end XA state here
AZ4INX4mUdMD1-xUqr-5,lib/sqlalchemy/dialects/oracle/cx_oracle.py,cx_oracle.py,python:S125,MEDIUM,MAINTAINABILITY,CODE_SMELL,Remove this commented out code.,1081,5min,1.0,0.0,21.0,22.0,163.0,186.0,113.0,1484.0,C,A,5,4,98,2,9.0,TODO: the names used across CHAR / VARCHAR / NCHAR / NVARCHAR | here are inconsistent and not very good | take care of reserved words | TODO: we could likely do away with quoting altogether for | this is the only way to ensure a transaction is started without | TODO: Others ? | TODO: others? | TODO: need to end XA state here | TODO: need to end XA state here
AZ4INX4pUdMD1-xUqr_F,lib/sqlalchemy/dialects/oracle/types.py,types.py,python:S1172,MEDIUM,MAINTAINABILITY,CODE_SMELL,"Remove the unused function parameter ""dialect"".",128,5min,0.0,0.0,5.0,5.0,30.0,12.0,35.0,288.0,A,A,5,4,55,54,,
AZ4INX4pUdMD1-xUqr_G,lib/sqlalchemy/dialects/oracle/types.py,types.py,python:S1172,MEDIUM,MAINTAINABILITY,CODE_SMELL,"Remove the unused function parameter ""dialect"".",146,5min,0.0,0.0,5.0,5.0,30.0,12.0,35.0,288.0,A,A,5,4,55,54,,
AZ4INX4pUdMD1-xUqr_H,lib/sqlalchemy/dialects/oracle/types.py,types.py,python:S4144,MEDIUM,MAINTAINABILITY,CODE_SMELL,Update this function so that its implementation is not identical to _adapt_from_generic_interval on line 209.,216,15min,0.0,0.0,5.0,5.0,30.0,12.0,35.0,288.0,A,A,5,4,55,54,,
AZ4INX3qUdMD1-xUqr9P,lib/sqlalchemy/dialects/postgresql/array.py,array.py,python:S1542,MEDIUM,MAINTAINABILITY,CODE_SMELL,"Rename function ""Any"" to match the regular expression ^[a-z_][a-z0-9_]*$.",30,10min,0.0,0.0,3.0,3.0,45.0,40.0,25.0,426.0,A,A,5,2,41,116,,
AZ4INX3qUdMD1-xUqr9Q,lib/sqlalchemy/dialects/postgresql/array.py,array.py,python:S1542,MEDIUM,MAINTAINABILITY,CODE_SMELL,"Rename function ""All"" to match the regular expression ^[a-z_][a-z0-9_]*$.",39,10min,0.0,0.0,3.0,3.0,45.0,40.0,25.0,426.0,A,A,5,2,41,116,,
AZ4INX3qUdMD1-xUqr9R,lib/sqlalchemy/dialects/postgresql/array.py,array.py,python:S3358,MEDIUM,MAINTAINABILITY,CODE_SMELL,Extract this nested conditional expression into an independent statement.,112,5min,0.0,0.0,3.0,3.0,45.0,40.0,25.0,426.0,A,A,5,2,41,116,,
AZ4INX3WUdMD1-xUqr8h,lib/sqlalchemy/dialects/postgresql/asyncpg.py,asyncpg.py,python:S5806,MEDIUM,MAINTAINABILITY,CODE_SMELL,Rename this variable; it shadows a builtin.,396,5min,0.0,0.0,17.0,17.0,164.0,141.0,67.0,1279.0,A,A,14,4,290,23,2.0,TODO: looks like we have to hand-roll some kind of batching here. | hardcoding for the moment but this should be improved.
AZ4INX3WUdMD1-xUqr8q,lib/sqlalchemy/dialects/postgresql/asyncpg.py,asyncpg.py,python:S2836,MEDIUM,MAINTAINABILITY,CODE_SMELL,"Add a ""break"" statement or remove this ""else"" clause.",785,5min,0.0,0.0,17.0,17.0,164.0,141.0,67.0,1279.0,A,A,14,4,290,23,2.0,TODO: looks like we have to hand-roll some kind of batching here. | hardcoding for the moment but this should be improved.
AZ4INX3eUdMD1-xUqr8y,lib/sqlalchemy/dialects/postgresql/base.py,base.py,python:S5869,MEDIUM,MAINTAINABILITY,CODE_SMELL,Remove duplicates in this character class.,1544,5min,1.0,4.0,21.0,26.0,478.0,538.0,296.0,5008.0,C,E,32,12,1353,27,4.0,"FIXME: ugly hack to get out of transaction | NOTE: pg_index is used as from two times to improve performance, | NOTE: repeating oids clause improve query performance | it *might* be nice to include that this is 'btree' in the"
AZ4INX3eUdMD1-xUqr8z,lib/sqlalchemy/dialects/postgresql/base.py,base.py,python:S5855,MEDIUM,RELIABILITY,BUG,Remove or rework this redundant alternative.,1544,5min,1.0,4.0,21.0,26.0,478.0,538.0,296.0,5008.0,C,E,32,12,1353,27,4.0,"FIXME: ugly hack to get out of transaction | NOTE: pg_index is used as from two times to improve performance, | NOTE: repeating oids clause improve query performance | it *might* be nice to include that this is 'btree' in the"
AZ4INX3eUdMD1-xUqr85,lib/sqlalchemy/dialects/postgresql/base.py,base.py,python:S4144,MEDIUM,MAINTAINABILITY,CODE_SMELL,Update this function so that its implementation is not identical to visit_ENUM on line 2632.,2637,15min,1.0,4.0,21.0,26.0,478.0,538.0,296.0,5008.0,C,E,32,12,1353,27,4.0,"FIXME: ugly hack to get out of transaction | NOTE: pg_index is used as from two times to improve performance, | NOTE: repeating oids clause improve query performance | it *might* be nice to include that this is 'btree' in the"
AZ4INX3eUdMD1-xUqr8w,lib/sqlalchemy/dialects/postgresql/base.py,base.py,python:S1066,MEDIUM,MAINTAINABILITY,CODE_SMELL,Merge this if statement with the enclosing one.,3245,5min,1.0,4.0,21.0,26.0,478.0,538.0,296.0,5008.0,C,E,32,12,1353,27,4.0,"FIXME: ugly hack to get out of transaction | NOTE: pg_index is used as from two times to improve performance, | NOTE: repeating oids clause improve query performance | it *might* be nice to include that this is 'btree' in the"
AZ4INX3eUdMD1-xUqr88,lib/sqlalchemy/dialects/postgresql/base.py,base.py,python:S1134,MEDIUM,MAINTAINABILITY,CODE_SMELL,"Take the required action to fix the issue indicated by this ""FIXME"" comment.",3261,0min,1.0,4.0,21.0,26.0,478.0,538.0,296.0,5008.0,C,E,32,12,1353,27,4.0,"FIXME: ugly hack to get out of transaction | NOTE: pg_index is used as from two times to improve performance, | NOTE: repeating oids clause improve query performance | it *might* be nice to include that this is 'btree' in the"
AZ4INX3eUdMD1-xUqr8x,lib/sqlalchemy/dialects/postgresql/base.py,base.py,python:S1066,MEDIUM,MAINTAINABILITY,CODE_SMELL,Merge this if statement with the enclosing one.,4655,5min,1.0,4.0,21.0,26.0,478.0,538.0,296.0,5008.0,C,E,32,12,1353,27,4.0,"FIXME: ugly hack to get out of transaction | NOTE: pg_index is used as from two times to improve performance, | NOTE: repeating oids clause improve query performance | it *might* be nice to include that this is 'btree' in the"
AZ4INX3eUdMD1-xUqr9H,lib/sqlalchemy/dialects/postgresql/base.py,base.py,python:S5869,MEDIUM,MAINTAINABILITY,CODE_SMELL,Remove duplicates in this character class.,4813,5min,1.0,4.0,21.0,26.0,478.0,538.0,296.0,5008.0,C,E,32,12,1353,27,4.0,"FIXME: ugly hack to get out of transaction | NOTE: pg_index is used as from two times to improve performance, | NOTE: repeating oids clause improve query performance | it *might* be nice to include that this is 'btree' in the"
AZ4INX3eUdMD1-xUqr9I,lib/sqlalchemy/dialects/postgresql/base.py,base.py,python:S5869,MEDIUM,MAINTAINABILITY,CODE_SMELL,Remove duplicates in this character class.,4813,5min,1.0,4.0,21.0,26.0,478.0,538.0,296.0,5008.0,C,E,32,12,1353,27,4.0,"FIXME: ugly hack to get out of transaction | NOTE: pg_index is used as from two times to improve performance, | NOTE: repeating oids clause improve query performance | it *might* be nice to include that this is 'btree' in the"
AZ4INX3MUdMD1-xUqr8W,lib/sqlalchemy/dialects/postgresql/dml.py,dml.py,python:S1066,MEDIUM,MAINTAINABILITY,CODE_SMELL,Merge this if statement with the enclosing one.,225,5min,0.0,0.0,1.0,1.0,18.0,22.0,5.0,311.0,A,A,1,1,2,116,,
AZ4INX3AUdMD1-xUqr72,lib/sqlalchemy/dialects/postgresql/pg8000.py,pg8000.py,python:S125,MEDIUM,MAINTAINABILITY,CODE_SMELL,Remove this commented out code.,422,5min,0.0,2.0,9.0,11.0,84.0,51.0,39.0,663.0,A,E,4,3,23,2,,
AZ4INX3AUdMD1-xUqr73,lib/sqlalchemy/dialects/postgresql/pg8000.py,pg8000.py,python:S5780,MEDIUM,MAINTAINABILITY,CODE_SMELL,Change or remove duplicates of this key.,441,5min,0.0,2.0,9.0,11.0,84.0,51.0,39.0,663.0,A,E,4,3,23,2,,
AZ4INX3TUdMD1-xUqr8c,lib/sqlalchemy/dialects/postgresql/pg_catalog.py,pg_catalog.py,python:S1172,MEDIUM,MAINTAINABILITY,CODE_SMELL,"Remove the unused function parameter ""dialect"".",49,5min,0.0,0.0,3.0,3.0,3.0,1.0,15.0,301.0,A,A,3,3,34,116,,
AZ4INX3TUdMD1-xUqr8d,lib/sqlalchemy/dialects/postgresql/pg_catalog.py,pg_catalog.py,python:S1172,MEDIUM,MAINTAINABILITY,CODE_SMELL,"Remove the unused function parameter ""coltype"".",49,5min,0.0,0.0,3.0,3.0,3.0,1.0,15.0,301.0,A,A,3,3,34,116,,
AZ4INX3GUdMD1-xUqr7_,lib/sqlalchemy/dialects/postgresql/psycopg.py,psycopg.py,python:S5806,MEDIUM,MAINTAINABILITY,CODE_SMELL,Rename this variable; it shadows a builtin.,234,5min,0.0,3.0,15.0,18.0,123.0,66.0,60.0,777.0,A,E,9,4,166,2,,
AZ4INX3PUdMD1-xUqr8a,lib/sqlalchemy/dialects/postgresql/ranges.py,ranges.py,python:S1172,MEDIUM,MAINTAINABILITY,CODE_SMELL,"Remove the unused function parameter ""kw"".",757,5min,0.0,0.0,4.0,4.0,178.0,211.0,86.0,1030.0,A,A,4,2,49,116,,
AZ4INX2jUdMD1-xUqr60,lib/sqlalchemy/dialects/sqlite/aiosqlite.py,aiosqlite.py,python:S5806,MEDIUM,MAINTAINABILITY,CODE_SMELL,Rename this variable; it shadows a builtin.,236,5min,0.0,0.0,12.0,12.0,53.0,38.0,51.0,397.0,A,A,7,3,159,2,1.0,"for improved stability, we instead invent our own awaitable version"
AZ4INX2cUdMD1-xUqr6d,lib/sqlalchemy/dialects/sqlite/base.py,base.py,python:S4144,MEDIUM,MAINTAINABILITY,CODE_SMELL,Update this function so that its implementation is not identical to visit_json_getitem_op_binary on line 1392.,1403,15min,2.0,0.0,11.0,13.0,262.0,315.0,119.0,2807.0,C,A,18,10,569,2,11.0,"`sqlite3 SELECT does not BEGIN a transaction, but should according to spec <https://github.com/python/cpython/issues/54133>`_ - imported Python standard library issue on github | not recommended**.   While this is generally a bad idea for relational | Core and ORM queries that use UNION may not function properly**. | TODO: detect SQLite version 3.10.0 or greater; | this flag used by pysqlite dialect, and perhaps others in the | conversions (and perhaps datetime/time as well on some hypothetical | so parsing the columns is really about matching it up to what | Extract CHECK constraints by properly handling balanced parentheses | index. this could fail to extract the predicate correctly on | unless the regex is broken this case shouldn't happen | work around SQLite issue whereby cursor.description"
AZ4INX2cUdMD1-xUqr6k,lib/sqlalchemy/dialects/sqlite/base.py,base.py,python:S5850,MEDIUM,RELIABILITY,BUG,Group parts of the regex together to make the intended operator precedence explicit.,2423,10min,2.0,0.0,11.0,13.0,262.0,315.0,119.0,2807.0,C,A,18,10,569,2,11.0,"`sqlite3 SELECT does not BEGIN a transaction, but should according to spec <https://github.com/python/cpython/issues/54133>`_ - imported Python standard library issue on github | not recommended**.   While this is generally a bad idea for relational | Core and ORM queries that use UNION may not function properly**. | TODO: detect SQLite version 3.10.0 or greater; | this flag used by pysqlite dialect, and perhaps others in the | conversions (and perhaps datetime/time as well on some hypothetical | so parsing the columns is really about matching it up to what | Extract CHECK constraints by properly handling balanced parentheses | index. this could fail to extract the predicate correctly on | unless the regex is broken this case shouldn't happen | work around SQLite issue whereby cursor.description"
AZ4INX2cUdMD1-xUqr6m,lib/sqlalchemy/dialects/sqlite/base.py,base.py,python:S6395,MEDIUM,MAINTAINABILITY,CODE_SMELL,Unwrap this unnecessarily grouped subpattern.,2561,5min,2.0,0.0,11.0,13.0,262.0,315.0,119.0,2807.0,C,A,18,10,569,2,11.0,"`sqlite3 SELECT does not BEGIN a transaction, but should according to spec <https://github.com/python/cpython/issues/54133>`_ - imported Python standard library issue on github | not recommended**.   While this is generally a bad idea for relational | Core and ORM queries that use UNION may not function properly**. | TODO: detect SQLite version 3.10.0 or greater; | this flag used by pysqlite dialect, and perhaps others in the | conversions (and perhaps datetime/time as well on some hypothetical | so parsing the columns is really about matching it up to what | Extract CHECK constraints by properly handling balanced parentheses | index. this could fail to extract the predicate correctly on | unless the regex is broken this case shouldn't happen | work around SQLite issue whereby cursor.description"
AZ4INX2cUdMD1-xUqr6p,lib/sqlalchemy/dialects/sqlite/base.py,base.py,python:S5850,MEDIUM,RELIABILITY,BUG,Group parts of the regex together to make the intended operator precedence explicit.,2645,10min,2.0,0.0,11.0,13.0,262.0,315.0,119.0,2807.0,C,A,18,10,569,2,11.0,"`sqlite3 SELECT does not BEGIN a transaction, but should according to spec <https://github.com/python/cpython/issues/54133>`_ - imported Python standard library issue on github | not recommended**.   While this is generally a bad idea for relational | Core and ORM queries that use UNION may not function properly**. | TODO: detect SQLite version 3.10.0 or greater; | this flag used by pysqlite dialect, and perhaps others in the | conversions (and perhaps datetime/time as well on some hypothetical | so parsing the columns is really about matching it up to what | Extract CHECK constraints by properly handling balanced parentheses | index. this could fail to extract the predicate correctly on | unless the regex is broken this case shouldn't happen | work around SQLite issue whereby cursor.description"
AZ4INX2cUdMD1-xUqr6r,lib/sqlalchemy/dialects/sqlite/base.py,base.py,python:S2836,MEDIUM,MAINTAINABILITY,CODE_SMELL,"Add a ""break"" statement or remove this ""else"" clause.",2805,5min,2.0,0.0,11.0,13.0,262.0,315.0,119.0,2807.0,C,A,18,10,569,2,11.0,"`sqlite3 SELECT does not BEGIN a transaction, but should according to spec <https://github.com/python/cpython/issues/54133>`_ - imported Python standard library issue on github | not recommended**.   While this is generally a bad idea for relational | Core and ORM queries that use UNION may not function properly**. | TODO: detect SQLite version 3.10.0 or greater; | this flag used by pysqlite dialect, and perhaps others in the | conversions (and perhaps datetime/time as well on some hypothetical | so parsing the columns is really about matching it up to what | Extract CHECK constraints by properly handling balanced parentheses | index. this could fail to extract the predicate correctly on | unless the regex is broken this case shouldn't happen | work around SQLite issue whereby cursor.description"
AZ4INX2YUdMD1-xUqr6U,lib/sqlalchemy/dialects/sqlite/provision.py,provision.py,python:S1854,MEDIUM,MAINTAINABILITY,CODE_SMELL,Remove this assignment to local variable 'new_filename'; the value is never used.,55,1min,0.0,0.0,7.0,7.0,33.0,37.0,26.0,199.0,A,A,3,1,39,95,2.0,TODO: I can't get this to build dynamically with pytest-xdist procs | apply SQLite savepoint workaround
AZ4INX2YUdMD1-xUqr6Z,lib/sqlalchemy/dialects/sqlite/provision.py,provision.py,python:S1172,MEDIUM,MAINTAINABILITY,CODE_SMELL,"Remove the unused function parameter ""databasename"".",154,5min,0.0,0.0,7.0,7.0,33.0,37.0,26.0,199.0,A,A,3,1,39,95,2.0,TODO: I can't get this to build dynamically with pytest-xdist procs | apply SQLite savepoint workaround
AZ4INX2YUdMD1-xUqr6a,lib/sqlalchemy/dialects/sqlite/provision.py,provision.py,python:S1172,MEDIUM,MAINTAINABILITY,CODE_SMELL,"Remove the unused function parameter ""driver"".",154,5min,0.0,0.0,7.0,7.0,33.0,37.0,26.0,199.0,A,A,3,1,39,95,2.0,TODO: I can't get this to build dynamically with pytest-xdist procs | apply SQLite savepoint workaround
AZ4INX5UUdMD1-xUqsAH,lib/sqlalchemy/engine/characteristics.py,characteristics.py,python:S1172,MEDIUM,MAINTAINABILITY,CODE_SMELL,"Remove the unused function parameter ""conn"".",60,5min,0.0,0.0,3.0,3.0,15.0,3.0,15.0,156.0,A,A,1,1,2,116,,
AZ4INX5UUdMD1-xUqsAI,lib/sqlalchemy/engine/characteristics.py,characteristics.py,python:S1172,MEDIUM,MAINTAINABILITY,CODE_SMELL,"Remove the unused function parameter ""conn"".",83,5min,0.0,0.0,3.0,3.0,15.0,3.0,15.0,156.0,A,A,1,1,2,116,,
AZ4INX5IUdMD1-xUqr_5,lib/sqlalchemy/engine/create.py,create.py,python:S107,MEDIUM,MAINTAINABILITY,CODE_SMELL,"Function ""create_engine"" has 34 parameters, which is greater than the 13 authorized.",50,20min,0.0,2.0,2.0,4.0,53.0,76.0,82.0,876.0,A,E,7,3,74,2,,
AZ4INX5vUdMD1-xUqsAy,lib/sqlalchemy/engine/default.py,default.py,python:S2836,MEDIUM,MAINTAINABILITY,CODE_SMELL,"Add a ""break"" statement or remove this ""else"" clause.",604,5min,0.0,0.0,17.0,17.0,313.0,398.0,215.0,2366.0,A,A,12,6,65,54,2.0,TODO: this is not to be part of 2.0.  implement rudimentary binary | slightly inconsistent with the approach taken as of
AZ4INX5vUdMD1-xUqsA7,lib/sqlalchemy/engine/default.py,default.py,python:S1172,MEDIUM,MAINTAINABILITY,CODE_SMELL,"Remove the unused function parameter ""colname"".",1774,5min,0.0,0.0,17.0,17.0,313.0,398.0,215.0,2366.0,A,A,12,6,65,54,2.0,TODO: this is not to be part of 2.0.  implement rudimentary binary | slightly inconsistent with the approach taken as of
AZ4INX5vUdMD1-xUqsAw,lib/sqlalchemy/engine/default.py,default.py,python:S1066,MEDIUM,MAINTAINABILITY,CODE_SMELL,Merge this if statement with the enclosing one.,2003,5min,0.0,0.0,17.0,17.0,313.0,398.0,215.0,2366.0,A,A,12,6,65,54,2.0,TODO: this is not to be part of 2.0.  implement rudimentary binary | slightly inconsistent with the approach taken as of
AZ4INX5vUdMD1-xUqsA-,lib/sqlalchemy/engine/default.py,default.py,python:S1172,MEDIUM,MAINTAINABILITY,CODE_SMELL,"Remove the unused function parameter ""result"".",2027,5min,0.0,0.0,17.0,17.0,313.0,398.0,215.0,2366.0,A,A,12,6,65,54,2.0,TODO: this is not to be part of 2.0.  implement rudimentary binary | slightly inconsistent with the approach taken as of
AZ4INX5vUdMD1-xUqsBA,lib/sqlalchemy/engine/default.py,default.py,python:S1172,MEDIUM,MAINTAINABILITY,CODE_SMELL,"Remove the unused function parameter ""column"".",2166,5min,0.0,0.0,17.0,17.0,313.0,398.0,215.0,2366.0,A,A,12,6,65,54,2.0,TODO: this is not to be part of 2.0.  implement rudimentary binary | slightly inconsistent with the approach taken as of
AZ4INX5yUdMD1-xUqsBC,lib/sqlalchemy/engine/mock.py,mock.py,python:S1172,MEDIUM,MAINTAINABILITY,CODE_SMELL,"Remove the unused function parameter ""kwargs"".",45,5min,0.0,0.0,3.0,3.0,10.0,4.0,15.0,132.0,A,A,2,2,3,2,,
AZ4INX5yUdMD1-xUqsBD,lib/sqlalchemy/engine/mock.py,mock.py,python:S1172,MEDIUM,MAINTAINABILITY,CODE_SMELL,"Remove the unused function parameter ""kw"".",51,5min,0.0,0.0,3.0,3.0,10.0,4.0,15.0,132.0,A,A,2,2,3,2,,
AZ4INX5yUdMD1-xUqsBE,lib/sqlalchemy/engine/mock.py,mock.py,python:S1172,MEDIUM,MAINTAINABILITY,CODE_SMELL,"Remove the unused function parameter ""execution_options"".",67,5min,0.0,0.0,3.0,3.0,10.0,4.0,15.0,132.0,A,A,2,2,3,2,,
AZ4INX5CUdMD1-xUqr_m,lib/sqlalchemy/engine/url.py,url.py,python:S5843,MEDIUM,MAINTAINABILITY,CODE_SMELL,Simplify this regular expression to reduce its complexity from 41 to the 20 allowed.,855,10min,1.0,0.0,4.0,5.0,100.0,110.0,29.0,911.0,B,A,1,1,2,116,,
AZ4INX5YUdMD1-xUqsAK,lib/sqlalchemy/engine/util.py,util.py,python:S1066,MEDIUM,MAINTAINABILITY,CODE_SMELL,Merge this if statement with the enclosing one.,110,5min,0.0,0.0,3.0,3.0,25.0,30.0,22.0,168.0,A,A,1,1,2,116,,
AZ4INYCUUdMD1-xUqsS0,lib/sqlalchemy/event/api.py,api.py,python:S2836,MEDIUM,MAINTAINABILITY,CODE_SMELL,"Add a ""break"" statement or remove this ""else"" clause.",35,5min,0.0,0.0,1.0,1.0,8.0,4.0,5.0,226.0,A,A,3,2,8,2,,
AZ4INYCXUdMD1-xUqsS1,lib/sqlalchemy/event/attr.py,attr.py,python:S1066,MEDIUM,MAINTAINABILITY,CODE_SMELL,Merge this if statement with the enclosing one.,586,5min,1.0,0.0,8.0,9.0,117.0,64.0,40.0,656.0,E,A,3,3,52,2,1.0,"first error, I don't really understand:"
AZ4INYCXUdMD1-xUqsS2,lib/sqlalchemy/event/attr.py,attr.py,python:S1066,MEDIUM,MAINTAINABILITY,CODE_SMELL,Merge this if statement with the enclosing one.,591,5min,1.0,0.0,8.0,9.0,117.0,64.0,40.0,656.0,E,A,3,3,52,2,1.0,"first error, I don't really understand:"
AZ4INYCNUdMD1-xUqsSt,lib/sqlalchemy/event/base.py,base.py,python:S2836,MEDIUM,MAINTAINABILITY,CODE_SMELL,"Add a ""break"" statement or remove this ""else"" clause.",72,5min,0.0,0.0,2.0,2.0,68.0,45.0,10.0,471.0,A,A,3,2,5,2,1.0,"""active_history"" is an ORM case we add here.   ideally a better"
AZ4INYCNUdMD1-xUqsSs,lib/sqlalchemy/event/base.py,base.py,python:S1066,MEDIUM,MAINTAINABILITY,CODE_SMELL,Merge this if statement with the enclosing one.,390,5min,0.0,0.0,2.0,2.0,68.0,45.0,10.0,471.0,A,A,3,2,5,2,1.0,"""active_history"" is an ORM case we add here.   ideally a better"
AZ4INYCRUdMD1-xUqsSx,lib/sqlalchemy/event/legacy.py,legacy.py,python:S1172,MEDIUM,MAINTAINABILITY,CODE_SMELL,"Remove the unused function parameter ""kw"".",96,5min,0.0,0.0,6.0,6.0,26.0,33.0,37.0,247.0,A,A,3,2,21,2,,
AZ4INYCRUdMD1-xUqsSw,lib/sqlalchemy/event/legacy.py,legacy.py,python:S2836,MEDIUM,MAINTAINABILITY,CODE_SMELL,"Add a ""break"" statement or remove this ""else"" clause.",113,5min,0.0,0.0,6.0,6.0,26.0,33.0,37.0,247.0,A,A,3,2,21,2,,
AZ4INYB2UdMD1-xUqsSR,lib/sqlalchemy/ext/associationproxy.py,associationproxy.py,python:S107,MEDIUM,MAINTAINABILITY,CODE_SMELL,"Function ""association_proxy"" has 15 parameters, which is greater than the 13 authorized.",85,20min,1.0,0.0,15.0,16.0,350.0,262.0,94.0,2006.0,C,A,7,4,71,2,3.0,"we still need to use the pre-pep-673 workaround. | TODO: no idea how to do this without separate ""stub"" | TODO: again, no idea how to create an actual MutableMapping."
AZ4INYB2UdMD1-xUqsST,lib/sqlalchemy/ext/associationproxy.py,associationproxy.py,python:S1764,MEDIUM,RELIABILITY,BUG,"Correct one of the identical sub-expressions on both sides of operator ""and"".",1011,2min,1.0,0.0,15.0,16.0,350.0,262.0,94.0,2006.0,C,A,7,4,71,2,3.0,"we still need to use the pre-pep-673 workaround. | TODO: no idea how to do this without separate ""stub"" | TODO: again, no idea how to create an actual MutableMapping."
AZ4INYB2UdMD1-xUqsSZ,lib/sqlalchemy/ext/associationproxy.py,associationproxy.py,python:S1871,MEDIUM,MAINTAINABILITY,CODE_SMELL,"Either merge this branch with the identical one on line ""1766"" or change one of the implementations.",1768,10min,1.0,0.0,15.0,16.0,350.0,262.0,94.0,2006.0,C,A,7,4,71,2,3.0,"we still need to use the pre-pep-673 workaround. | TODO: no idea how to do this without separate ""stub"" | TODO: again, no idea how to create an actual MutableMapping."
AZ4INYB2UdMD1-xUqsSb,lib/sqlalchemy/ext/associationproxy.py,associationproxy.py,python:S1871,MEDIUM,MAINTAINABILITY,CODE_SMELL,"Either merge this branch with the identical one on line ""1863"" or change one of the implementations.",1865,10min,1.0,0.0,15.0,16.0,350.0,262.0,94.0,2006.0,C,A,7,4,71,2,3.0,"we still need to use the pre-pep-673 workaround. | TODO: no idea how to do this without separate ""stub"" | TODO: again, no idea how to create an actual MutableMapping."
AZ4INYBMUdMD1-xUqsRb,lib/sqlalchemy/ext/automap.py,automap.py,python:S1172,MEDIUM,MAINTAINABILITY,CODE_SMELL,"Remove the unused function parameter ""base"".",757,5min,0.0,2.0,17.0,19.0,72.0,116.0,145.0,1692.0,A,E,3,2,25,2,,
AZ4INYBMUdMD1-xUqsRc,lib/sqlalchemy/ext/automap.py,automap.py,python:S1172,MEDIUM,MAINTAINABILITY,CODE_SMELL,"Remove the unused function parameter ""table"".",759,5min,0.0,2.0,17.0,19.0,72.0,116.0,145.0,1692.0,A,E,3,2,25,2,,
AZ4INYBMUdMD1-xUqsRe,lib/sqlalchemy/ext/automap.py,automap.py,python:S1172,MEDIUM,MAINTAINABILITY,CODE_SMELL,"Remove the unused function parameter ""base"".",804,5min,0.0,2.0,17.0,19.0,72.0,116.0,145.0,1692.0,A,E,3,2,25,2,,
AZ4INYBMUdMD1-xUqsRd,lib/sqlalchemy/ext/automap.py,automap.py,python:S1172,MEDIUM,MAINTAINABILITY,CODE_SMELL,"Remove the unused function parameter ""local_cls"".",805,5min,0.0,2.0,17.0,19.0,72.0,116.0,145.0,1692.0,A,E,3,2,25,2,,
AZ4INYBMUdMD1-xUqsRf,lib/sqlalchemy/ext/automap.py,automap.py,python:S1172,MEDIUM,MAINTAINABILITY,CODE_SMELL,"Remove the unused function parameter ""constraint"".",807,5min,0.0,2.0,17.0,19.0,72.0,116.0,145.0,1692.0,A,E,3,2,25,2,,
AZ4INYBMUdMD1-xUqsRg,lib/sqlalchemy/ext/automap.py,automap.py,python:S1172,MEDIUM,MAINTAINABILITY,CODE_SMELL,"Remove the unused function parameter ""base"".",844,5min,0.0,2.0,17.0,19.0,72.0,116.0,145.0,1692.0,A,E,3,2,25,2,,
AZ4INYBMUdMD1-xUqsRh,lib/sqlalchemy/ext/automap.py,automap.py,python:S1172,MEDIUM,MAINTAINABILITY,CODE_SMELL,"Remove the unused function parameter ""local_cls"".",845,5min,0.0,2.0,17.0,19.0,72.0,116.0,145.0,1692.0,A,E,3,2,25,2,,
AZ4INYBMUdMD1-xUqsRi,lib/sqlalchemy/ext/automap.py,automap.py,python:S1172,MEDIUM,MAINTAINABILITY,CODE_SMELL,"Remove the unused function parameter ""constraint"".",847,5min,0.0,2.0,17.0,19.0,72.0,116.0,145.0,1692.0,A,E,3,2,25,2,,
AZ4INYBMUdMD1-xUqsRl,lib/sqlalchemy/ext/automap.py,automap.py,python:S1172,MEDIUM,MAINTAINABILITY,CODE_SMELL,"Remove the unused function parameter ""base"".",938,5min,0.0,2.0,17.0,19.0,72.0,116.0,145.0,1692.0,A,E,3,2,25,2,,
AZ4INYBMUdMD1-xUqsRk,lib/sqlalchemy/ext/automap.py,automap.py,python:S1172,MEDIUM,MAINTAINABILITY,CODE_SMELL,"Remove the unused function parameter ""direction"".",939,5min,0.0,2.0,17.0,19.0,72.0,116.0,145.0,1692.0,A,E,3,2,25,2,,
AZ4INYBMUdMD1-xUqsRj,lib/sqlalchemy/ext/automap.py,automap.py,python:S1172,MEDIUM,MAINTAINABILITY,CODE_SMELL,"Remove the unused function parameter ""local_cls"".",944,5min,0.0,2.0,17.0,19.0,72.0,116.0,145.0,1692.0,A,E,3,2,25,2,,
AZ4INYBMUdMD1-xUqsRo,lib/sqlalchemy/ext/automap.py,automap.py,python:S1172,MEDIUM,MAINTAINABILITY,CODE_SMELL,"Remove the unused function parameter ""automap_base"".",1451,5min,0.0,2.0,17.0,19.0,72.0,116.0,145.0,1692.0,A,E,3,2,25,2,,
AZ4INYBMUdMD1-xUqsRq,lib/sqlalchemy/ext/automap.py,automap.py,python:S1172,MEDIUM,MAINTAINABILITY,CODE_SMELL,"Remove the unused function parameter ""name_for_scalar_relationship"".",1602,5min,0.0,2.0,17.0,19.0,72.0,116.0,145.0,1692.0,A,E,3,2,25,2,,
AZ4INYBsUdMD1-xUqsSA,lib/sqlalchemy/ext/instrumentation.py,instrumentation.py,python:S2836,MEDIUM,MAINTAINABILITY,CODE_SMELL,"Add a ""break"" statement or remove this ""else"" clause.",109,5min,0.0,0.0,12.0,12.0,68.0,37.0,60.0,451.0,A,A,2,2,4,2,1.0,"given that, perhaps class_ should be dropped from all of these"
AZ4INYBsUdMD1-xUqsSB,lib/sqlalchemy/ext/instrumentation.py,instrumentation.py,python:S1172,MEDIUM,MAINTAINABILITY,CODE_SMELL,"Remove the unused function parameter ""manager"".",250,5min,0.0,0.0,12.0,12.0,68.0,37.0,60.0,451.0,A,A,2,2,4,2,1.0,"given that, perhaps class_ should be dropped from all of these"
AZ4INYBsUdMD1-xUqsSC,lib/sqlalchemy/ext/instrumentation.py,instrumentation.py,python:S1172,MEDIUM,MAINTAINABILITY,CODE_SMELL,"Remove the unused function parameter ""class_"".",253,5min,0.0,0.0,12.0,12.0,68.0,37.0,60.0,451.0,A,A,2,2,4,2,1.0,"given that, perhaps class_ should be dropped from all of these"
AZ4INYBsUdMD1-xUqsSF,lib/sqlalchemy/ext/instrumentation.py,instrumentation.py,python:S1172,MEDIUM,MAINTAINABILITY,CODE_SMELL,"Remove the unused function parameter ""class_"".",277,5min,0.0,0.0,12.0,12.0,68.0,37.0,60.0,451.0,A,A,2,2,4,2,1.0,"given that, perhaps class_ should be dropped from all of these"
AZ4INYBsUdMD1-xUqsSG,lib/sqlalchemy/ext/instrumentation.py,instrumentation.py,python:S1172,MEDIUM,MAINTAINABILITY,CODE_SMELL,"Remove the unused function parameter ""key"".",277,5min,0.0,0.0,12.0,12.0,68.0,37.0,60.0,451.0,A,A,2,2,4,2,1.0,"given that, perhaps class_ should be dropped from all of these"
AZ4INYBsUdMD1-xUqsSH,lib/sqlalchemy/ext/instrumentation.py,instrumentation.py,python:S1172,MEDIUM,MAINTAINABILITY,CODE_SMELL,"Remove the unused function parameter ""class_"".",280,5min,0.0,0.0,12.0,12.0,68.0,37.0,60.0,451.0,A,A,2,2,4,2,1.0,"given that, perhaps class_ should be dropped from all of these"
AZ4INYBsUdMD1-xUqsSJ,lib/sqlalchemy/ext/instrumentation.py,instrumentation.py,python:S1172,MEDIUM,MAINTAINABILITY,CODE_SMELL,"Remove the unused function parameter ""class_"".",286,5min,0.0,0.0,12.0,12.0,68.0,37.0,60.0,451.0,A,A,2,2,4,2,1.0,"given that, perhaps class_ should be dropped from all of these"
AZ4INYBsUdMD1-xUqsSK,lib/sqlalchemy/ext/instrumentation.py,instrumentation.py,python:S1172,MEDIUM,MAINTAINABILITY,CODE_SMELL,"Remove the unused function parameter ""class_"".",289,5min,0.0,0.0,12.0,12.0,68.0,37.0,60.0,451.0,A,A,2,2,4,2,1.0,"given that, perhaps class_ should be dropped from all of these"
AZ4INYBsUdMD1-xUqsSL,lib/sqlalchemy/ext/instrumentation.py,instrumentation.py,python:S1172,MEDIUM,MAINTAINABILITY,CODE_SMELL,"Remove the unused function parameter ""class_"".",292,5min,0.0,0.0,12.0,12.0,68.0,37.0,60.0,451.0,A,A,2,2,4,2,1.0,"given that, perhaps class_ should be dropped from all of these"
AZ4INYBPUdMD1-xUqsRx,lib/sqlalchemy/ext/mutable.py,mutable.py,python:S1871,MEDIUM,MAINTAINABILITY,CODE_SMELL,"Either merge this branch with the identical one on line ""917"" or change one of the implementations.",919,10min,0.0,0.0,4.0,4.0,115.0,91.0,54.0,1074.0,A,A,4,2,70,39,,
AZ4INYA9UdMD1-xUqsRG,lib/sqlalchemy/ext/mypy/decl_class.py,decl_class.py,python:S1871,MEDIUM,MAINTAINABILITY,CODE_SMELL,"Either merge this branch with the identical one on line ""57"" or change one of the implementations.",59,10min,0.0,0.0,8.0,8.0,61.0,121.0,92.0,516.0,A,A,0,0,0,0,,
AZ4INYA9UdMD1-xUqsRI,lib/sqlalchemy/ext/mypy/decl_class.py,decl_class.py,python:S125,MEDIUM,MAINTAINABILITY,CODE_SMELL,Remove this commented out code.,131,5min,0.0,0.0,8.0,8.0,61.0,121.0,92.0,516.0,A,A,0,0,0,0,,
AZ4INYBIUdMD1-xUqsRY,lib/sqlalchemy/ext/mypy/infer.py,infer.py,python:S125,MEDIUM,MAINTAINABILITY,CODE_SMELL,Remove this commented out code.,410,5min,0.0,0.0,8.0,8.0,65.0,121.0,72.0,591.0,A,A,0,0,0,0,,
AZ4INYBIUdMD1-xUqsRZ,lib/sqlalchemy/ext/mypy/infer.py,infer.py,python:S125,MEDIUM,MAINTAINABILITY,CODE_SMELL,Remove this commented out code.,416,5min,0.0,0.0,8.0,8.0,65.0,121.0,72.0,591.0,A,A,0,0,0,0,,
AZ4INYBDUdMD1-xUqsRP,lib/sqlalchemy/ext/mypy/names.py,names.py,python:S1172,MEDIUM,MAINTAINABILITY,CODE_SMELL,"Remove the unused function parameter ""cls"".",241,5min,0.0,0.0,2.0,2.0,34.0,60.0,30.0,336.0,A,A,0,0,0,0,,
AZ4INYBFUdMD1-xUqsRR,lib/sqlalchemy/ext/mypy/plugin.py,plugin.py,python:S1172,MEDIUM,MAINTAINABILITY,CODE_SMELL,"Remove the unused function parameter ""version"".",136,5min,0.0,0.0,2.0,2.0,41.0,37.0,12.0,304.0,A,A,0,0,0,0,,
AZ4INYBkUdMD1-xUqsR5,lib/sqlalchemy/ext/serializer.py,serializer.py,python:S125,MEDIUM,MAINTAINABILITY,CODE_SMELL,Remove this commented out code.,88,5min,0.0,0.0,2.0,2.0,15.0,29.0,25.0,182.0,A,A,2,2,3,2,,
AZ4INYBkUdMD1-xUqsR6,lib/sqlalchemy/ext/serializer.py,serializer.py,python:S112,MEDIUM,MAINTAINABILITY,CODE_SMELL,Replace this generic exception class with a more specific one.,168,20min,0.0,0.0,2.0,2.0,15.0,29.0,25.0,182.0,A,A,2,2,3,2,,
AZ4INYCgUdMD1-xUqsS-,lib/sqlalchemy/inspection.py,inspection.py,python:S2836,MEDIUM,MAINTAINABILITY,CODE_SMELL,"Add a ""break"" statement or remove this ""else"" clause.",143,5min,0.0,0.0,1.0,1.0,21.0,18.0,5.0,175.0,A,A,3,2,5,2,,
AZ4INYAeUdMD1-xUqsQp,lib/sqlalchemy/orm/__init__.py,__init__.py,python:S1172,MEDIUM,MAINTAINABILITY,CODE_SMELL,"Remove the unused function parameter ""lcls"".",165,5min,0.0,0.0,1.0,1.0,1.0,0.0,5.0,171.0,A,A,9,2,14,108,,
AZ4INYAiUdMD1-xUqsQq,lib/sqlalchemy/orm/_orm_constructors.py,_orm_constructors.py,python:S107,MEDIUM,MAINTAINABILITY,CODE_SMELL,"Function ""mapped_column"" has 33 parameters, which is greater than the 13 authorized.",98,20min,0.0,0.0,9.0,9.0,29.0,4.0,165.0,2513.0,A,A,6,5,120,116,1.0,I would really like a way to get the Type[] here that shows up
AZ4INYAiUdMD1-xUqsQr,lib/sqlalchemy/orm/_orm_constructors.py,_orm_constructors.py,python:S1172,MEDIUM,MAINTAINABILITY,CODE_SMELL,"Remove the unused function parameter ""type_"".",375,5min,0.0,0.0,9.0,9.0,29.0,4.0,165.0,2513.0,A,A,6,5,120,116,1.0,I would really like a way to get the Type[] here that shows up
AZ4INYAiUdMD1-xUqsQs,lib/sqlalchemy/orm/_orm_constructors.py,_orm_constructors.py,python:S107,MEDIUM,MAINTAINABILITY,CODE_SMELL,"Function ""column_property"" has 16 parameters, which is greater than the 13 authorized.",437,20min,0.0,0.0,9.0,9.0,29.0,4.0,165.0,2513.0,A,A,6,5,120,116,1.0,I would really like a way to get the Type[] here that shows up
AZ4INYAiUdMD1-xUqsQt,lib/sqlalchemy/orm/_orm_constructors.py,_orm_constructors.py,python:S107,MEDIUM,MAINTAINABILITY,CODE_SMELL,"Function ""composite"" has 16 parameters, which is greater than the 13 authorized.",571,20min,0.0,0.0,9.0,9.0,29.0,4.0,165.0,2513.0,A,A,6,5,120,116,1.0,I would really like a way to get the Type[] here that shows up
AZ4INYAiUdMD1-xUqsQu,lib/sqlalchemy/orm/_orm_constructors.py,_orm_constructors.py,python:S107,MEDIUM,MAINTAINABILITY,CODE_SMELL,"Function ""composite"" has 16 parameters, which is greater than the 13 authorized.",592,20min,0.0,0.0,9.0,9.0,29.0,4.0,165.0,2513.0,A,A,6,5,120,116,1.0,I would really like a way to get the Type[] here that shows up
AZ4INYAiUdMD1-xUqsQv,lib/sqlalchemy/orm/_orm_constructors.py,_orm_constructors.py,python:S107,MEDIUM,MAINTAINABILITY,CODE_SMELL,"Function ""composite"" has 16 parameters, which is greater than the 13 authorized.",613,20min,0.0,0.0,9.0,9.0,29.0,4.0,165.0,2513.0,A,A,6,5,120,116,1.0,I would really like a way to get the Type[] here that shows up
AZ4INYAiUdMD1-xUqsQw,lib/sqlalchemy/orm/_orm_constructors.py,_orm_constructors.py,python:S107,MEDIUM,MAINTAINABILITY,CODE_SMELL,"Function ""composite"" has 16 parameters, which is greater than the 13 authorized.",633,20min,0.0,0.0,9.0,9.0,29.0,4.0,165.0,2513.0,A,A,6,5,120,116,1.0,I would really like a way to get the Type[] here that shows up
AZ4INYAiUdMD1-xUqsQx,lib/sqlalchemy/orm/_orm_constructors.py,_orm_constructors.py,python:S107,MEDIUM,MAINTAINABILITY,CODE_SMELL,"Function ""relationship"" has 37 parameters, which is greater than the 13 authorized.",936,20min,0.0,0.0,9.0,9.0,29.0,4.0,165.0,2513.0,A,A,6,5,120,116,1.0,I would really like a way to get the Type[] here that shows up
AZ4INYAiUdMD1-xUqsQy,lib/sqlalchemy/orm/_orm_constructors.py,_orm_constructors.py,python:S107,MEDIUM,MAINTAINABILITY,CODE_SMELL,"Function ""deferred"" has 15 parameters, which is greater than the 13 authorized.",2064,20min,0.0,0.0,9.0,9.0,29.0,4.0,165.0,2513.0,A,A,6,5,120,116,1.0,I would really like a way to get the Type[] here that shows up
AZ4INX-kUdMD1-xUqsLT,lib/sqlalchemy/orm/attributes.py,attributes.py,python:S1172,MEDIUM,MAINTAINABILITY,CODE_SMELL,"Remove the unused function parameter ""dict_"".",1286,5min,0.0,0.0,19.0,19.0,358.0,359.0,130.0,2836.0,A,A,8,2,51,116,9.0,"ideally Proxy() would have a separate set of methods to deal | hack to make __doc__ writeable on instances of | TODO: can move this to descriptor_props if the need for this | this is unfortunately very complicated, and is easily prone | comparator itself might be unreachable | TODO: no test coverage here. | TODO: better solution here would be to add | TODO: need coverage in test/orm/ of remove event | TODO: this appears to be the WriteOnlyAttributeImpl /"
AZ4INX-kUdMD1-xUqsLU,lib/sqlalchemy/orm/attributes.py,attributes.py,python:S1172,MEDIUM,MAINTAINABILITY,CODE_SMELL,"Remove the unused function parameter ""dict_"".",1300,5min,0.0,0.0,19.0,19.0,358.0,359.0,130.0,2836.0,A,A,8,2,51,116,9.0,"ideally Proxy() would have a separate set of methods to deal | hack to make __doc__ writeable on instances of | TODO: can move this to descriptor_props if the need for this | this is unfortunately very complicated, and is easily prone | comparator itself might be unreachable | TODO: no test coverage here. | TODO: better solution here would be to add | TODO: need coverage in test/orm/ of remove event | TODO: this appears to be the WriteOnlyAttributeImpl /"
AZ4INX-kUdMD1-xUqsLM,lib/sqlalchemy/orm/attributes.py,attributes.py,python:S1066,MEDIUM,MAINTAINABILITY,CODE_SMELL,Merge this if statement with the enclosing one.,1498,5min,0.0,0.0,19.0,19.0,358.0,359.0,130.0,2836.0,A,A,8,2,51,116,9.0,"ideally Proxy() would have a separate set of methods to deal | hack to make __doc__ writeable on instances of | TODO: can move this to descriptor_props if the need for this | this is unfortunately very complicated, and is easily prone | comparator itself might be unreachable | TODO: no test coverage here. | TODO: better solution here would be to add | TODO: need coverage in test/orm/ of remove event | TODO: this appears to be the WriteOnlyAttributeImpl /"
AZ4INX-kUdMD1-xUqsLN,lib/sqlalchemy/orm/attributes.py,attributes.py,python:S1066,MEDIUM,MAINTAINABILITY,CODE_SMELL,Merge this if statement with the enclosing one.,1513,5min,0.0,0.0,19.0,19.0,358.0,359.0,130.0,2836.0,A,A,8,2,51,116,9.0,"ideally Proxy() would have a separate set of methods to deal | hack to make __doc__ writeable on instances of | TODO: can move this to descriptor_props if the need for this | this is unfortunately very complicated, and is easily prone | comparator itself might be unreachable | TODO: no test coverage here. | TODO: better solution here would be to add | TODO: need coverage in test/orm/ of remove event | TODO: this appears to be the WriteOnlyAttributeImpl /"
AZ4INX-kUdMD1-xUqsLV,lib/sqlalchemy/orm/attributes.py,attributes.py,python:S1172,MEDIUM,MAINTAINABILITY,CODE_SMELL,"Remove the unused function parameter ""dict_"".",1764,5min,0.0,0.0,19.0,19.0,358.0,359.0,130.0,2836.0,A,A,8,2,51,116,9.0,"ideally Proxy() would have a separate set of methods to deal | hack to make __doc__ writeable on instances of | TODO: can move this to descriptor_props if the need for this | this is unfortunately very complicated, and is easily prone | comparator itself might be unreachable | TODO: no test coverage here. | TODO: better solution here would be to add | TODO: need coverage in test/orm/ of remove event | TODO: this appears to be the WriteOnlyAttributeImpl /"
AZ4INX-kUdMD1-xUqsLW,lib/sqlalchemy/orm/attributes.py,attributes.py,python:S1172,MEDIUM,MAINTAINABILITY,CODE_SMELL,"Remove the unused function parameter ""initiator"".",1778,5min,0.0,0.0,19.0,19.0,358.0,359.0,130.0,2836.0,A,A,8,2,51,116,9.0,"ideally Proxy() would have a separate set of methods to deal | hack to make __doc__ writeable on instances of | TODO: can move this to descriptor_props if the need for this | this is unfortunately very complicated, and is easily prone | comparator itself might be unreachable | TODO: no test coverage here. | TODO: better solution here would be to add | TODO: need coverage in test/orm/ of remove event | TODO: this appears to be the WriteOnlyAttributeImpl /"
AZ4INX-kUdMD1-xUqsLX,lib/sqlalchemy/orm/attributes.py,attributes.py,python:S1172,MEDIUM,MAINTAINABILITY,CODE_SMELL,"Remove the unused function parameter ""key"".",1779,5min,0.0,0.0,19.0,19.0,358.0,359.0,130.0,2836.0,A,A,8,2,51,116,9.0,"ideally Proxy() would have a separate set of methods to deal | hack to make __doc__ writeable on instances of | TODO: can move this to descriptor_props if the need for this | this is unfortunately very complicated, and is easily prone | comparator itself might be unreachable | TODO: no test coverage here. | TODO: better solution here would be to add | TODO: need coverage in test/orm/ of remove event | TODO: this appears to be the WriteOnlyAttributeImpl /"
AZ4INX-kUdMD1-xUqsLO,lib/sqlalchemy/orm/attributes.py,attributes.py,python:S1066,MEDIUM,MAINTAINABILITY,CODE_SMELL,Merge this if statement with the enclosing one.,2263,5min,0.0,0.0,19.0,19.0,358.0,359.0,130.0,2836.0,A,A,8,2,51,116,9.0,"ideally Proxy() would have a separate set of methods to deal | hack to make __doc__ writeable on instances of | TODO: can move this to descriptor_props if the need for this | this is unfortunately very complicated, and is easily prone | comparator itself might be unreachable | TODO: no test coverage here. | TODO: better solution here would be to add | TODO: need coverage in test/orm/ of remove event | TODO: this appears to be the WriteOnlyAttributeImpl /"
AZ4INYAHUdMD1-xUqsPv,lib/sqlalchemy/orm/bulk_persistence.py,bulk_persistence.py,python:S1172,MEDIUM,MAINTAINABILITY,CODE_SMELL,"Remove the unused function parameter ""mapper"".",296,5min,0.0,0.0,7.0,7.0,242.0,309.0,67.0,2085.0,A,A,7,5,73,116,8.0,"TODO: dive more into how a local table PK is used for fetch | workaround for mypy https://github.com/python/mypy/issues/14027 | The way this is organized seems strange, why don't we just | answer?, why does this go through the whole execute phase using an | over and over again.   so perhaps if it could be RETURNING just | these workarounds are currently hypothetical for UPDATE, | now get into special workarounds because MariaDB supports | TODO: inline this and call remove_newly_deleted"
AZ4INX_mUdMD1-xUqsOm,lib/sqlalchemy/orm/clsregistry.py,clsregistry.py,python:S108,MEDIUM,MAINTAINABILITY,CODE_SMELL,Either remove or fill this block of code.,146,5min,0.0,0.0,4.0,4.0,83.0,116.0,22.0,572.0,A,A,1,1,2,116,,
AZ4INX_mUdMD1-xUqsOn,lib/sqlalchemy/orm/clsregistry.py,clsregistry.py,python:S2836,MEDIUM,MAINTAINABILITY,CODE_SMELL,"Add a ""break"" statement or remove this ""else"" clause.",177,5min,0.0,0.0,4.0,4.0,83.0,116.0,22.0,572.0,A,A,1,1,2,116,,
AZ4INX_mUdMD1-xUqsOq,lib/sqlalchemy/orm/clsregistry.py,clsregistry.py,python:S5890,MEDIUM,MAINTAINABILITY,CODE_SMELL,"Replace the type hint ""Mapping"" with ""Optional[Mapping]"" or don't assign ""None"" to ""_fallback_dict""",543,5min,0.0,0.0,4.0,4.0,83.0,116.0,22.0,572.0,A,A,1,1,2,116,,
AZ4INX-XUdMD1-xUqsKk,lib/sqlalchemy/orm/collections.py,collections.py,python:S5603,MEDIUM,MAINTAINABILITY,CODE_SMELL,Remove this unused function declaration.,1129,5min,0.0,0.0,43.0,43.0,269.0,357.0,403.0,1621.0,A,A,3,3,5,2,2.0,"raise as-is instead of returning NotImplemented | desired.  hard to imagine a use case for __imul__, though."
AZ4INX-XUdMD1-xUqsKl,lib/sqlalchemy/orm/collections.py,collections.py,python:S5603,MEDIUM,MAINTAINABILITY,CODE_SMELL,Remove this unused function declaration.,1137,5min,0.0,0.0,43.0,43.0,269.0,357.0,403.0,1621.0,A,A,3,3,5,2,2.0,"raise as-is instead of returning NotImplemented | desired.  hard to imagine a use case for __imul__, though."
AZ4INX-XUdMD1-xUqsKm,lib/sqlalchemy/orm/collections.py,collections.py,python:S5603,MEDIUM,MAINTAINABILITY,CODE_SMELL,Remove this unused function declaration.,1146,5min,0.0,0.0,43.0,43.0,269.0,357.0,403.0,1621.0,A,A,3,3,5,2,2.0,"raise as-is instead of returning NotImplemented | desired.  hard to imagine a use case for __imul__, though."
AZ4INX-XUdMD1-xUqsKn,lib/sqlalchemy/orm/collections.py,collections.py,python:S5603,MEDIUM,MAINTAINABILITY,CODE_SMELL,Remove this unused function declaration.,1154,5min,0.0,0.0,43.0,43.0,269.0,357.0,403.0,1621.0,A,A,3,3,5,2,2.0,"raise as-is instead of returning NotImplemented | desired.  hard to imagine a use case for __imul__, though."
AZ4INX-XUdMD1-xUqsKo,lib/sqlalchemy/orm/collections.py,collections.py,python:S5603,MEDIUM,MAINTAINABILITY,CODE_SMELL,Remove this unused function declaration.,1198,5min,0.0,0.0,43.0,43.0,269.0,357.0,403.0,1621.0,A,A,3,3,5,2,2.0,"raise as-is instead of returning NotImplemented | desired.  hard to imagine a use case for __imul__, though."
AZ4INX-XUdMD1-xUqsKp,lib/sqlalchemy/orm/collections.py,collections.py,python:S1172,MEDIUM,MAINTAINABILITY,CODE_SMELL,"Remove the unused function parameter ""fn"".",1215,5min,0.0,0.0,43.0,43.0,269.0,357.0,403.0,1621.0,A,A,3,3,5,2,2.0,"raise as-is instead of returning NotImplemented | desired.  hard to imagine a use case for __imul__, though."
AZ4INX-XUdMD1-xUqsKq,lib/sqlalchemy/orm/collections.py,collections.py,python:S5603,MEDIUM,MAINTAINABILITY,CODE_SMELL,Remove this unused function declaration.,1215,5min,0.0,0.0,43.0,43.0,269.0,357.0,403.0,1621.0,A,A,3,3,5,2,2.0,"raise as-is instead of returning NotImplemented | desired.  hard to imagine a use case for __imul__, though."
AZ4INX-XUdMD1-xUqsKr,lib/sqlalchemy/orm/collections.py,collections.py,python:S5603,MEDIUM,MAINTAINABILITY,CODE_SMELL,Remove this unused function declaration.,1223,5min,0.0,0.0,43.0,43.0,269.0,357.0,403.0,1621.0,A,A,3,3,5,2,2.0,"raise as-is instead of returning NotImplemented | desired.  hard to imagine a use case for __imul__, though."
AZ4INX-XUdMD1-xUqsKs,lib/sqlalchemy/orm/collections.py,collections.py,python:S5603,MEDIUM,MAINTAINABILITY,CODE_SMELL,Remove this unused function declaration.,1234,5min,0.0,0.0,43.0,43.0,269.0,357.0,403.0,1621.0,A,A,3,3,5,2,2.0,"raise as-is instead of returning NotImplemented | desired.  hard to imagine a use case for __imul__, though."
AZ4INX-XUdMD1-xUqsKt,lib/sqlalchemy/orm/collections.py,collections.py,python:S5603,MEDIUM,MAINTAINABILITY,CODE_SMELL,Remove this unused function declaration.,1244,5min,0.0,0.0,43.0,43.0,269.0,357.0,403.0,1621.0,A,A,3,3,5,2,2.0,"raise as-is instead of returning NotImplemented | desired.  hard to imagine a use case for __imul__, though."
AZ4INX-XUdMD1-xUqsKv,lib/sqlalchemy/orm/collections.py,collections.py,python:S5603,MEDIUM,MAINTAINABILITY,CODE_SMELL,Remove this unused function declaration.,1270,5min,0.0,0.0,43.0,43.0,269.0,357.0,403.0,1621.0,A,A,3,3,5,2,2.0,"raise as-is instead of returning NotImplemented | desired.  hard to imagine a use case for __imul__, though."
AZ4INX-XUdMD1-xUqsKw,lib/sqlalchemy/orm/collections.py,collections.py,python:S5603,MEDIUM,MAINTAINABILITY,CODE_SMELL,Remove this unused function declaration.,1280,5min,0.0,0.0,43.0,43.0,269.0,357.0,403.0,1621.0,A,A,3,3,5,2,2.0,"raise as-is instead of returning NotImplemented | desired.  hard to imagine a use case for __imul__, though."
AZ4INX-XUdMD1-xUqsKx,lib/sqlalchemy/orm/collections.py,collections.py,python:S5603,MEDIUM,MAINTAINABILITY,CODE_SMELL,Remove this unused function declaration.,1289,5min,0.0,0.0,43.0,43.0,269.0,357.0,403.0,1621.0,A,A,3,3,5,2,2.0,"raise as-is instead of returning NotImplemented | desired.  hard to imagine a use case for __imul__, though."
AZ4INX-XUdMD1-xUqsKy,lib/sqlalchemy/orm/collections.py,collections.py,python:S5603,MEDIUM,MAINTAINABILITY,CODE_SMELL,Remove this unused function declaration.,1298,5min,0.0,0.0,43.0,43.0,269.0,357.0,403.0,1621.0,A,A,3,3,5,2,2.0,"raise as-is instead of returning NotImplemented | desired.  hard to imagine a use case for __imul__, though."
AZ4INX-XUdMD1-xUqsKz,lib/sqlalchemy/orm/collections.py,collections.py,python:S5603,MEDIUM,MAINTAINABILITY,CODE_SMELL,Remove this unused function declaration.,1313,5min,0.0,0.0,43.0,43.0,269.0,357.0,403.0,1621.0,A,A,3,3,5,2,2.0,"raise as-is instead of returning NotImplemented | desired.  hard to imagine a use case for __imul__, though."
AZ4INX-XUdMD1-xUqsK0,lib/sqlalchemy/orm/collections.py,collections.py,python:S1172,MEDIUM,MAINTAINABILITY,CODE_SMELL,"Remove the unused function parameter ""fn"".",1323,5min,0.0,0.0,43.0,43.0,269.0,357.0,403.0,1621.0,A,A,3,3,5,2,2.0,"raise as-is instead of returning NotImplemented | desired.  hard to imagine a use case for __imul__, though."
AZ4INX-XUdMD1-xUqsK1,lib/sqlalchemy/orm/collections.py,collections.py,python:S5603,MEDIUM,MAINTAINABILITY,CODE_SMELL,Remove this unused function declaration.,1323,5min,0.0,0.0,43.0,43.0,269.0,357.0,403.0,1621.0,A,A,3,3,5,2,2.0,"raise as-is instead of returning NotImplemented | desired.  hard to imagine a use case for __imul__, though."
AZ4INX-XUdMD1-xUqsK2,lib/sqlalchemy/orm/collections.py,collections.py,python:S1172,MEDIUM,MAINTAINABILITY,CODE_SMELL,"Remove the unused function parameter ""fn"".",1338,5min,0.0,0.0,43.0,43.0,269.0,357.0,403.0,1621.0,A,A,3,3,5,2,2.0,"raise as-is instead of returning NotImplemented | desired.  hard to imagine a use case for __imul__, though."
AZ4INX-XUdMD1-xUqsK3,lib/sqlalchemy/orm/collections.py,collections.py,python:S5603,MEDIUM,MAINTAINABILITY,CODE_SMELL,Remove this unused function declaration.,1338,5min,0.0,0.0,43.0,43.0,269.0,357.0,403.0,1621.0,A,A,3,3,5,2,2.0,"raise as-is instead of returning NotImplemented | desired.  hard to imagine a use case for __imul__, though."
AZ4INX-XUdMD1-xUqsK5,lib/sqlalchemy/orm/collections.py,collections.py,python:S5603,MEDIUM,MAINTAINABILITY,CODE_SMELL,Remove this unused function declaration.,1391,5min,0.0,0.0,43.0,43.0,269.0,357.0,403.0,1621.0,A,A,3,3,5,2,2.0,"raise as-is instead of returning NotImplemented | desired.  hard to imagine a use case for __imul__, though."
AZ4INX-XUdMD1-xUqsK6,lib/sqlalchemy/orm/collections.py,collections.py,python:S5603,MEDIUM,MAINTAINABILITY,CODE_SMELL,Remove this unused function declaration.,1403,5min,0.0,0.0,43.0,43.0,269.0,357.0,403.0,1621.0,A,A,3,3,5,2,2.0,"raise as-is instead of returning NotImplemented | desired.  hard to imagine a use case for __imul__, though."
AZ4INX-XUdMD1-xUqsK7,lib/sqlalchemy/orm/collections.py,collections.py,python:S5603,MEDIUM,MAINTAINABILITY,CODE_SMELL,Remove this unused function declaration.,1414,5min,0.0,0.0,43.0,43.0,269.0,357.0,403.0,1621.0,A,A,3,3,5,2,2.0,"raise as-is instead of returning NotImplemented | desired.  hard to imagine a use case for __imul__, though."
AZ4INX-XUdMD1-xUqsK8,lib/sqlalchemy/orm/collections.py,collections.py,python:S5603,MEDIUM,MAINTAINABILITY,CODE_SMELL,Remove this unused function declaration.,1425,5min,0.0,0.0,43.0,43.0,269.0,357.0,403.0,1621.0,A,A,3,3,5,2,2.0,"raise as-is instead of returning NotImplemented | desired.  hard to imagine a use case for __imul__, though."
AZ4INX-XUdMD1-xUqsK-,lib/sqlalchemy/orm/collections.py,collections.py,python:S5603,MEDIUM,MAINTAINABILITY,CODE_SMELL,Remove this unused function declaration.,1437,5min,0.0,0.0,43.0,43.0,269.0,357.0,403.0,1621.0,A,A,3,3,5,2,2.0,"raise as-is instead of returning NotImplemented | desired.  hard to imagine a use case for __imul__, though."
AZ4INX-XUdMD1-xUqsK9,lib/sqlalchemy/orm/collections.py,collections.py,python:S1172,MEDIUM,MAINTAINABILITY,CODE_SMELL,"Remove the unused function parameter ""fn"".",1437,5min,0.0,0.0,43.0,43.0,269.0,357.0,403.0,1621.0,A,A,3,3,5,2,2.0,"raise as-is instead of returning NotImplemented | desired.  hard to imagine a use case for __imul__, though."
AZ4INX-XUdMD1-xUqsK_,lib/sqlalchemy/orm/collections.py,collections.py,python:S1172,MEDIUM,MAINTAINABILITY,CODE_SMELL,"Remove the unused function parameter ""fn"".",1445,5min,0.0,0.0,43.0,43.0,269.0,357.0,403.0,1621.0,A,A,3,3,5,2,2.0,"raise as-is instead of returning NotImplemented | desired.  hard to imagine a use case for __imul__, though."
AZ4INX-XUdMD1-xUqsLA,lib/sqlalchemy/orm/collections.py,collections.py,python:S5603,MEDIUM,MAINTAINABILITY,CODE_SMELL,Remove this unused function declaration.,1445,5min,0.0,0.0,43.0,43.0,269.0,357.0,403.0,1621.0,A,A,3,3,5,2,2.0,"raise as-is instead of returning NotImplemented | desired.  hard to imagine a use case for __imul__, though."
AZ4INX-XUdMD1-xUqsLB,lib/sqlalchemy/orm/collections.py,collections.py,python:S5603,MEDIUM,MAINTAINABILITY,CODE_SMELL,Remove this unused function declaration.,1453,5min,0.0,0.0,43.0,43.0,269.0,357.0,403.0,1621.0,A,A,3,3,5,2,2.0,"raise as-is instead of returning NotImplemented | desired.  hard to imagine a use case for __imul__, though."
AZ4INX-XUdMD1-xUqsLC,lib/sqlalchemy/orm/collections.py,collections.py,python:S1172,MEDIUM,MAINTAINABILITY,CODE_SMELL,"Remove the unused function parameter ""fn"".",1464,5min,0.0,0.0,43.0,43.0,269.0,357.0,403.0,1621.0,A,A,3,3,5,2,2.0,"raise as-is instead of returning NotImplemented | desired.  hard to imagine a use case for __imul__, though."
AZ4INX-XUdMD1-xUqsLD,lib/sqlalchemy/orm/collections.py,collections.py,python:S5603,MEDIUM,MAINTAINABILITY,CODE_SMELL,Remove this unused function declaration.,1464,5min,0.0,0.0,43.0,43.0,269.0,357.0,403.0,1621.0,A,A,3,3,5,2,2.0,"raise as-is instead of returning NotImplemented | desired.  hard to imagine a use case for __imul__, though."
AZ4INX-XUdMD1-xUqsLE,lib/sqlalchemy/orm/collections.py,collections.py,python:S5603,MEDIUM,MAINTAINABILITY,CODE_SMELL,Remove this unused function declaration.,1472,5min,0.0,0.0,43.0,43.0,269.0,357.0,403.0,1621.0,A,A,3,3,5,2,2.0,"raise as-is instead of returning NotImplemented | desired.  hard to imagine a use case for __imul__, though."
AZ4INX-XUdMD1-xUqsLF,lib/sqlalchemy/orm/collections.py,collections.py,python:S1172,MEDIUM,MAINTAINABILITY,CODE_SMELL,"Remove the unused function parameter ""fn"".",1483,5min,0.0,0.0,43.0,43.0,269.0,357.0,403.0,1621.0,A,A,3,3,5,2,2.0,"raise as-is instead of returning NotImplemented | desired.  hard to imagine a use case for __imul__, though."
AZ4INX-XUdMD1-xUqsLG,lib/sqlalchemy/orm/collections.py,collections.py,python:S5603,MEDIUM,MAINTAINABILITY,CODE_SMELL,Remove this unused function declaration.,1483,5min,0.0,0.0,43.0,43.0,269.0,357.0,403.0,1621.0,A,A,3,3,5,2,2.0,"raise as-is instead of returning NotImplemented | desired.  hard to imagine a use case for __imul__, though."
AZ4INX-XUdMD1-xUqsLH,lib/sqlalchemy/orm/collections.py,collections.py,python:S5603,MEDIUM,MAINTAINABILITY,CODE_SMELL,Remove this unused function declaration.,1496,5min,0.0,0.0,43.0,43.0,269.0,357.0,403.0,1621.0,A,A,3,3,5,2,2.0,"raise as-is instead of returning NotImplemented | desired.  hard to imagine a use case for __imul__, though."
AZ4INX-XUdMD1-xUqsLI,lib/sqlalchemy/orm/collections.py,collections.py,python:S1172,MEDIUM,MAINTAINABILITY,CODE_SMELL,"Remove the unused function parameter ""fn"".",1512,5min,0.0,0.0,43.0,43.0,269.0,357.0,403.0,1621.0,A,A,3,3,5,2,2.0,"raise as-is instead of returning NotImplemented | desired.  hard to imagine a use case for __imul__, though."
AZ4INX-XUdMD1-xUqsLJ,lib/sqlalchemy/orm/collections.py,collections.py,python:S5603,MEDIUM,MAINTAINABILITY,CODE_SMELL,Remove this unused function declaration.,1512,5min,0.0,0.0,43.0,43.0,269.0,357.0,403.0,1621.0,A,A,3,3,5,2,2.0,"raise as-is instead of returning NotImplemented | desired.  hard to imagine a use case for __imul__, though."
AZ4INX-XUdMD1-xUqsLK,lib/sqlalchemy/orm/collections.py,collections.py,python:S5603,MEDIUM,MAINTAINABILITY,CODE_SMELL,Remove this unused function declaration.,1525,5min,0.0,0.0,43.0,43.0,269.0,357.0,403.0,1621.0,A,A,3,3,5,2,2.0,"raise as-is instead of returning NotImplemented | desired.  hard to imagine a use case for __imul__, though."
AZ4INX-XUdMD1-xUqsLL,lib/sqlalchemy/orm/collections.py,collections.py,python:S1172,MEDIUM,MAINTAINABILITY,CODE_SMELL,"Remove the unused function parameter ""lcls"".",1594,5min,0.0,0.0,43.0,43.0,269.0,357.0,403.0,1621.0,A,A,3,3,5,2,2.0,"raise as-is instead of returning NotImplemented | desired.  hard to imagine a use case for __imul__, though."
AZ4INYAXUdMD1-xUqsQF,lib/sqlalchemy/orm/context.py,context.py,python:S2836,MEDIUM,MAINTAINABILITY,CODE_SMELL,"Add a ""break"" statement or remove this ""else"" clause.",689,5min,1.0,0.0,30.0,31.0,452.0,571.0,278.0,3269.0,B,A,11,4,150,2,13.0,"TODO: this structure is set up by JoinedLoader | user knows what they are doing | experimentation here, the best approach seems to be, use | TODO: some complexity with order_by here was due to mapper.order_by. | TODO: this goes away once we get rid of the deep entity | figure out the best ""left"" side based on our existing froms / | specific way of telling us what the ""left"" side is, e.g.: | TODO: should we be checking for multiple mapper entities | the ORM-ness in this case right now, ideally it would not | TODO: we had orm_only=False here before, removing | TODO: we might be able to implement this but for now | however I can't think of a case where we would be here and | TODO: polymorphic subclasses ?"
AZ4INYAXUdMD1-xUqsQH,lib/sqlalchemy/orm/context.py,context.py,python:S1172,MEDIUM,MAINTAINABILITY,CODE_SMELL,"Remove the unused function parameter ""current_adapter"".",847,5min,1.0,0.0,30.0,31.0,452.0,571.0,278.0,3269.0,B,A,11,4,150,2,13.0,"TODO: this structure is set up by JoinedLoader | user knows what they are doing | experimentation here, the best approach seems to be, use | TODO: some complexity with order_by here was due to mapper.order_by. | TODO: this goes away once we get rid of the deep entity | figure out the best ""left"" side based on our existing froms / | specific way of telling us what the ""left"" side is, e.g.: | TODO: should we be checking for multiple mapper entities | the ORM-ness in this case right now, ideally it would not | TODO: we had orm_only=False here before, removing | TODO: we might be able to implement this but for now | however I can't think of a case where we would be here and | TODO: polymorphic subclasses ?"
AZ4INYAXUdMD1-xUqsQM,lib/sqlalchemy/orm/context.py,context.py,python:S125,MEDIUM,MAINTAINABILITY,CODE_SMELL,Remove this commented out code.,1569,5min,1.0,0.0,30.0,31.0,452.0,571.0,278.0,3269.0,B,A,11,4,150,2,13.0,"TODO: this structure is set up by JoinedLoader | user knows what they are doing | experimentation here, the best approach seems to be, use | TODO: some complexity with order_by here was due to mapper.order_by. | TODO: this goes away once we get rid of the deep entity | figure out the best ""left"" side based on our existing froms / | specific way of telling us what the ""left"" side is, e.g.: | TODO: should we be checking for multiple mapper entities | the ORM-ness in this case right now, ideally it would not | TODO: we had orm_only=False here before, removing | TODO: we might be able to implement this but for now | however I can't think of a case where we would be here and | TODO: polymorphic subclasses ?"
AZ4INYAXUdMD1-xUqsQN,lib/sqlalchemy/orm/context.py,context.py,python:S107,MEDIUM,MAINTAINABILITY,CODE_SMELL,"Method ""_select_statement"" has 22 parameters, which is greater than the 13 authorized.",1626,20min,1.0,0.0,30.0,31.0,452.0,571.0,278.0,3269.0,B,A,11,4,150,2,13.0,"TODO: this structure is set up by JoinedLoader | user knows what they are doing | experimentation here, the best approach seems to be, use | TODO: some complexity with order_by here was due to mapper.order_by. | TODO: this goes away once we get rid of the deep entity | figure out the best ""left"" side based on our existing froms / | specific way of telling us what the ""left"" side is, e.g.: | TODO: should we be checking for multiple mapper entities | the ORM-ness in this case right now, ideally it would not | TODO: we had orm_only=False here before, removing | TODO: we might be able to implement this but for now | however I can't think of a case where we would be here and | TODO: polymorphic subclasses ?"
AZ4INYAXUdMD1-xUqsQC,lib/sqlalchemy/orm/context.py,context.py,python:S1066,MEDIUM,MAINTAINABILITY,CODE_SMELL,Merge this if statement with the enclosing one.,1836,5min,1.0,0.0,30.0,31.0,452.0,571.0,278.0,3269.0,B,A,11,4,150,2,13.0,"TODO: this structure is set up by JoinedLoader | user knows what they are doing | experimentation here, the best approach seems to be, use | TODO: some complexity with order_by here was due to mapper.order_by. | TODO: this goes away once we get rid of the deep entity | figure out the best ""left"" side based on our existing froms / | specific way of telling us what the ""left"" side is, e.g.: | TODO: should we be checking for multiple mapper entities | the ORM-ness in this case right now, ideally it would not | TODO: we had orm_only=False here before, removing | TODO: we might be able to implement this but for now | however I can't think of a case where we would be here and | TODO: polymorphic subclasses ?"
AZ4INYAXUdMD1-xUqsQW,lib/sqlalchemy/orm/context.py,context.py,python:S1172,MEDIUM,MAINTAINABILITY,CODE_SMELL,"Remove the unused function parameter ""entity_zero"".",2500,5min,1.0,0.0,30.0,31.0,452.0,571.0,278.0,3269.0,B,A,11,4,150,2,13.0,"TODO: this structure is set up by JoinedLoader | user knows what they are doing | experimentation here, the best approach seems to be, use | TODO: some complexity with order_by here was due to mapper.order_by. | TODO: this goes away once we get rid of the deep entity | figure out the best ""left"" side based on our existing froms / | specific way of telling us what the ""left"" side is, e.g.: | TODO: should we be checking for multiple mapper entities | the ORM-ness in this case right now, ideally it would not | TODO: we had orm_only=False here before, removing | TODO: we might be able to implement this but for now | however I can't think of a case where we would be here and | TODO: polymorphic subclasses ?"
AZ4INYAXUdMD1-xUqsQY,lib/sqlalchemy/orm/context.py,context.py,python:S1871,MEDIUM,MAINTAINABILITY,CODE_SMELL,"Either merge this branch with the identical one on line ""2834"" or change one of the implementations.",2842,10min,1.0,0.0,30.0,31.0,452.0,571.0,278.0,3269.0,B,A,11,4,150,2,13.0,"TODO: this structure is set up by JoinedLoader | user knows what they are doing | experimentation here, the best approach seems to be, use | TODO: some complexity with order_by here was due to mapper.order_by. | TODO: this goes away once we get rid of the deep entity | figure out the best ""left"" side based on our existing froms / | specific way of telling us what the ""left"" side is, e.g.: | TODO: should we be checking for multiple mapper entities | the ORM-ness in this case right now, ideally it would not | TODO: we had orm_only=False here before, removing | TODO: we might be able to implement this but for now | however I can't think of a case where we would be here and | TODO: polymorphic subclasses ?"
AZ4INYAXUdMD1-xUqsQZ,lib/sqlalchemy/orm/context.py,context.py,python:S2836,MEDIUM,MAINTAINABILITY,CODE_SMELL,"Add a ""break"" statement or remove this ""else"" clause.",2875,5min,1.0,0.0,30.0,31.0,452.0,571.0,278.0,3269.0,B,A,11,4,150,2,13.0,"TODO: this structure is set up by JoinedLoader | user knows what they are doing | experimentation here, the best approach seems to be, use | TODO: some complexity with order_by here was due to mapper.order_by. | TODO: this goes away once we get rid of the deep entity | figure out the best ""left"" side based on our existing froms / | specific way of telling us what the ""left"" side is, e.g.: | TODO: should we be checking for multiple mapper entities | the ORM-ness in this case right now, ideally it would not | TODO: we had orm_only=False here before, removing | TODO: we might be able to implement this but for now | however I can't think of a case where we would be here and | TODO: polymorphic subclasses ?"
AZ4INYAXUdMD1-xUqsQa,lib/sqlalchemy/orm/context.py,context.py,python:S1172,MEDIUM,MAINTAINABILITY,CODE_SMELL,"Remove the unused function parameter ""entity"".",2878,5min,1.0,0.0,30.0,31.0,452.0,571.0,278.0,3269.0,B,A,11,4,150,2,13.0,"TODO: this structure is set up by JoinedLoader | user knows what they are doing | experimentation here, the best approach seems to be, use | TODO: some complexity with order_by here was due to mapper.order_by. | TODO: this goes away once we get rid of the deep entity | figure out the best ""left"" side based on our existing froms / | specific way of telling us what the ""left"" side is, e.g.: | TODO: should we be checking for multiple mapper entities | the ORM-ness in this case right now, ideally it would not | TODO: we had orm_only=False here before, removing | TODO: we might be able to implement this but for now | however I can't think of a case where we would be here and | TODO: polymorphic subclasses ?"
AZ4INYAXUdMD1-xUqsQc,lib/sqlalchemy/orm/context.py,context.py,python:S2836,MEDIUM,MAINTAINABILITY,CODE_SMELL,"Add a ""break"" statement or remove this ""else"" clause.",2889,5min,1.0,0.0,30.0,31.0,452.0,571.0,278.0,3269.0,B,A,11,4,150,2,13.0,"TODO: this structure is set up by JoinedLoader | user knows what they are doing | experimentation here, the best approach seems to be, use | TODO: some complexity with order_by here was due to mapper.order_by. | TODO: this goes away once we get rid of the deep entity | figure out the best ""left"" side based on our existing froms / | specific way of telling us what the ""left"" side is, e.g.: | TODO: should we be checking for multiple mapper entities | the ORM-ness in this case right now, ideally it would not | TODO: we had orm_only=False here before, removing | TODO: we might be able to implement this but for now | however I can't think of a case where we would be here and | TODO: polymorphic subclasses ?"
AZ4INYAXUdMD1-xUqsQe,lib/sqlalchemy/orm/context.py,context.py,python:S1172,MEDIUM,MAINTAINABILITY,CODE_SMELL,"Remove the unused function parameter ""entity"".",3083,5min,1.0,0.0,30.0,31.0,452.0,571.0,278.0,3269.0,B,A,11,4,150,2,13.0,"TODO: this structure is set up by JoinedLoader | user knows what they are doing | experimentation here, the best approach seems to be, use | TODO: some complexity with order_by here was due to mapper.order_by. | TODO: this goes away once we get rid of the deep entity | figure out the best ""left"" side based on our existing froms / | specific way of telling us what the ""left"" side is, e.g.: | TODO: should we be checking for multiple mapper entities | the ORM-ness in this case right now, ideally it would not | TODO: we had orm_only=False here before, removing | TODO: we might be able to implement this but for now | however I can't think of a case where we would be here and | TODO: polymorphic subclasses ?"
AZ4INX-RUdMD1-xUqsKe,lib/sqlalchemy/orm/decl_api.py,decl_api.py,python:S1066,MEDIUM,MAINTAINABILITY,CODE_SMELL,Merge this if statement with the enclosing one.,1881,5min,1.0,0.0,2.0,3.0,132.0,90.0,13.0,1884.0,B,A,15,4,1398,10,,
AZ4INX_QUdMD1-xUqsNJ,lib/sqlalchemy/orm/decl_base.py,decl_base.py,python:S2836,MEDIUM,MAINTAINABILITY,CODE_SMELL,"Add a ""break"" statement or remove this ""else"" clause.",175,5min,0.0,0.0,23.0,23.0,342.0,608.0,401.0,2181.0,A,A,12,3,1762,108,3.0,"this was fixed by | TODO: should ""registry"" here be also?   might be too late | we would assert this, however we want the below"
AZ4INX_QUdMD1-xUqsNK,lib/sqlalchemy/orm/decl_base.py,decl_base.py,python:S2836,MEDIUM,MAINTAINABILITY,CODE_SMELL,"Add a ""break"" statement or remove this ""else"" clause.",221,5min,0.0,0.0,23.0,23.0,342.0,608.0,401.0,2181.0,A,A,12,3,1762,108,3.0,"this was fixed by | TODO: should ""registry"" here be also?   might be too late | we would assert this, however we want the below"
AZ4INX_QUdMD1-xUqsNa,lib/sqlalchemy/orm/decl_base.py,decl_base.py,python:S1172,MEDIUM,MAINTAINABILITY,CODE_SMELL,"Remove the unused function parameter ""mapper_kw"".",1815,5min,0.0,0.0,23.0,23.0,342.0,608.0,401.0,2181.0,A,A,12,3,1762,108,3.0,"this was fixed by | TODO: should ""registry"" here be also?   might be too late | we would assert this, however we want the below"
AZ4INX-5UdMD1-xUqsMM,lib/sqlalchemy/orm/dependency.py,dependency.py,python:S1172,MEDIUM,MAINTAINABILITY,CODE_SMELL,"Remove the unused function parameter ""uowcommit"".",222,5min,1.0,0.0,33.0,34.0,257.0,484.0,334.0,1305.0,C,A,3,2,8,2,4.0,TODO: add a high speed method | TODO: this whole block is not covered | collection here too.  but this would be a somewhat | TODO: no tests fail if this whole
AZ4INX-5UdMD1-xUqsMN,lib/sqlalchemy/orm/dependency.py,dependency.py,python:S1172,MEDIUM,MAINTAINABILITY,CODE_SMELL,"Remove the unused function parameter ""states"".",222,5min,1.0,0.0,33.0,34.0,257.0,484.0,334.0,1305.0,C,A,3,2,8,2,4.0,TODO: add a high speed method | TODO: this whole block is not covered | collection here too.  but this would be a somewhat | TODO: no tests fail if this whole
AZ4INX-5UdMD1-xUqsMO,lib/sqlalchemy/orm/dependency.py,dependency.py,python:S1172,MEDIUM,MAINTAINABILITY,CODE_SMELL,"Remove the unused function parameter ""uowcommit"".",225,5min,1.0,0.0,33.0,34.0,257.0,484.0,334.0,1305.0,C,A,3,2,8,2,4.0,TODO: add a high speed method | TODO: this whole block is not covered | collection here too.  but this would be a somewhat | TODO: no tests fail if this whole
AZ4INX-5UdMD1-xUqsMP,lib/sqlalchemy/orm/dependency.py,dependency.py,python:S1172,MEDIUM,MAINTAINABILITY,CODE_SMELL,"Remove the unused function parameter ""states"".",225,5min,1.0,0.0,33.0,34.0,257.0,484.0,334.0,1305.0,C,A,3,2,8,2,4.0,TODO: add a high speed method | TODO: this whole block is not covered | collection here too.  but this would be a somewhat | TODO: no tests fail if this whole
AZ4INX-5UdMD1-xUqsMS,lib/sqlalchemy/orm/dependency.py,dependency.py,python:S2836,MEDIUM,MAINTAINABILITY,CODE_SMELL,"Add a ""break"" statement or remove this ""else"" clause.",259,5min,1.0,0.0,33.0,34.0,257.0,484.0,334.0,1305.0,C,A,3,2,8,2,4.0,TODO: add a high speed method | TODO: this whole block is not covered | collection here too.  but this would be a somewhat | TODO: no tests fail if this whole
AZ4INX-5UdMD1-xUqsMW,lib/sqlalchemy/orm/dependency.py,dependency.py,python:S3923,MEDIUM,RELIABILITY,BUG,Remove this if statement or edit its code blocks so that they're not all the same.,414,15min,1.0,0.0,33.0,34.0,257.0,484.0,334.0,1305.0,C,A,3,2,8,2,4.0,TODO: add a high speed method | TODO: this whole block is not covered | collection here too.  but this would be a somewhat | TODO: no tests fail if this whole
AZ4INX-5UdMD1-xUqsMU,lib/sqlalchemy/orm/dependency.py,dependency.py,python:S1871,MEDIUM,MAINTAINABILITY,CODE_SMELL,"Either merge this branch with the identical one on line ""415"" or change one of the implementations.",422,10min,1.0,0.0,33.0,34.0,257.0,484.0,334.0,1305.0,C,A,3,2,8,2,4.0,TODO: add a high speed method | TODO: this whole block is not covered | collection here too.  but this would be a somewhat | TODO: no tests fail if this whole
AZ4INX-5UdMD1-xUqsMK,lib/sqlalchemy/orm/dependency.py,dependency.py,python:S1066,MEDIUM,MAINTAINABILITY,CODE_SMELL,Merge this if statement with the enclosing one.,525,5min,1.0,0.0,33.0,34.0,257.0,484.0,334.0,1305.0,C,A,3,2,8,2,4.0,TODO: add a high speed method | TODO: this whole block is not covered | collection here too.  but this would be a somewhat | TODO: no tests fail if this whole
AZ4INX-5UdMD1-xUqsMn,lib/sqlalchemy/orm/dependency.py,dependency.py,python:S1854,MEDIUM,MAINTAINABILITY,CODE_SMELL,Remove this assignment to local variable 'history'; the value is never used.,1057,1min,1.0,0.0,33.0,34.0,257.0,484.0,334.0,1305.0,C,A,3,2,8,2,4.0,TODO: add a high speed method | TODO: this whole block is not covered | collection here too.  but this would be a somewhat | TODO: no tests fail if this whole
AZ4INX_bUdMD1-xUqsN6,lib/sqlalchemy/orm/descriptor_props.py,descriptor_props.py,python:S1172,MEDIUM,MAINTAINABILITY,CODE_SMELL,"Remove the unused function parameter ""to_load"".",563,5min,0.0,0.0,11.0,11.0,153.0,160.0,49.0,1077.0,A,A,11,3,132,2,3.0,"TODO: need a deserialize hook here | not a good choice for default behavior though, not clear how it would | TODO: when initialized, check _proxied_object,"
AZ4INX_jUdMD1-xUqsOV,lib/sqlalchemy/orm/evaluator.py,evaluator.py,python:S1172,MEDIUM,MAINTAINABILITY,CODE_SMELL,"Remove the unused function parameter ""clause"".",79,5min,0.0,0.0,17.0,17.0,77.0,59.0,85.0,380.0,A,A,2,2,3,2,,
AZ4INX_jUdMD1-xUqsOW,lib/sqlalchemy/orm/evaluator.py,evaluator.py,python:S1172,MEDIUM,MAINTAINABILITY,CODE_SMELL,"Remove the unused function parameter ""clause"".",82,5min,0.0,0.0,17.0,17.0,77.0,59.0,85.0,380.0,A,A,2,2,3,2,,
AZ4INX_jUdMD1-xUqsOX,lib/sqlalchemy/orm/evaluator.py,evaluator.py,python:S1172,MEDIUM,MAINTAINABILITY,CODE_SMELL,"Remove the unused function parameter ""clause"".",85,5min,0.0,0.0,17.0,17.0,77.0,59.0,85.0,380.0,A,A,2,2,3,2,,
AZ4INX_jUdMD1-xUqsOY,lib/sqlalchemy/orm/evaluator.py,evaluator.py,python:S1172,MEDIUM,MAINTAINABILITY,CODE_SMELL,"Remove the unused function parameter ""operator"".",176,5min,0.0,0.0,17.0,17.0,77.0,59.0,85.0,380.0,A,A,2,2,3,2,,
AZ4INX_jUdMD1-xUqsOZ,lib/sqlalchemy/orm/evaluator.py,evaluator.py,python:S1172,MEDIUM,MAINTAINABILITY,CODE_SMELL,"Remove the unused function parameter ""clause"".",176,5min,0.0,0.0,17.0,17.0,77.0,59.0,85.0,380.0,A,A,2,2,3,2,,
AZ4INX_jUdMD1-xUqsOa,lib/sqlalchemy/orm/evaluator.py,evaluator.py,python:S1172,MEDIUM,MAINTAINABILITY,CODE_SMELL,"Remove the unused function parameter ""clause"".",192,5min,0.0,0.0,17.0,17.0,77.0,59.0,85.0,380.0,A,A,2,2,3,2,,
AZ4INX_jUdMD1-xUqsOb,lib/sqlalchemy/orm/evaluator.py,evaluator.py,python:S1172,MEDIUM,MAINTAINABILITY,CODE_SMELL,"Remove the unused function parameter ""operator"".",192,5min,0.0,0.0,17.0,17.0,77.0,59.0,85.0,380.0,A,A,2,2,3,2,,
AZ4INX_jUdMD1-xUqsOc,lib/sqlalchemy/orm/evaluator.py,evaluator.py,python:S1172,MEDIUM,MAINTAINABILITY,CODE_SMELL,"Remove the unused function parameter ""operator"".",207,5min,0.0,0.0,17.0,17.0,77.0,59.0,85.0,380.0,A,A,2,2,3,2,,
AZ4INX_jUdMD1-xUqsOd,lib/sqlalchemy/orm/evaluator.py,evaluator.py,python:S1172,MEDIUM,MAINTAINABILITY,CODE_SMELL,"Remove the unused function parameter ""clause"".",207,5min,0.0,0.0,17.0,17.0,77.0,59.0,85.0,380.0,A,A,2,2,3,2,,
AZ4INX_jUdMD1-xUqsOe,lib/sqlalchemy/orm/evaluator.py,evaluator.py,python:S1172,MEDIUM,MAINTAINABILITY,CODE_SMELL,"Remove the unused function parameter ""operator"".",235,5min,0.0,0.0,17.0,17.0,77.0,59.0,85.0,380.0,A,A,2,2,3,2,,
AZ4INX_jUdMD1-xUqsOf,lib/sqlalchemy/orm/evaluator.py,evaluator.py,python:S1172,MEDIUM,MAINTAINABILITY,CODE_SMELL,"Remove the unused function parameter ""clause"".",235,5min,0.0,0.0,17.0,17.0,77.0,59.0,85.0,380.0,A,A,2,2,3,2,,
AZ4INX_jUdMD1-xUqsOg,lib/sqlalchemy/orm/evaluator.py,evaluator.py,python:S1172,MEDIUM,MAINTAINABILITY,CODE_SMELL,"Remove the unused function parameter ""clause"".",245,5min,0.0,0.0,17.0,17.0,77.0,59.0,85.0,380.0,A,A,2,2,3,2,,
AZ4INX_jUdMD1-xUqsOh,lib/sqlalchemy/orm/evaluator.py,evaluator.py,python:S1172,MEDIUM,MAINTAINABILITY,CODE_SMELL,"Remove the unused function parameter ""operator"".",245,5min,0.0,0.0,17.0,17.0,77.0,59.0,85.0,380.0,A,A,2,2,3,2,,
AZ4INX_jUdMD1-xUqsOi,lib/sqlalchemy/orm/evaluator.py,evaluator.py,python:S1172,MEDIUM,MAINTAINABILITY,CODE_SMELL,"Remove the unused function parameter ""operator"".",294,5min,0.0,0.0,17.0,17.0,77.0,59.0,85.0,380.0,A,A,2,2,3,2,,
AZ4INX_jUdMD1-xUqsOj,lib/sqlalchemy/orm/evaluator.py,evaluator.py,python:S1172,MEDIUM,MAINTAINABILITY,CODE_SMELL,"Remove the unused function parameter ""operator"".",303,5min,0.0,0.0,17.0,17.0,77.0,59.0,85.0,380.0,A,A,2,2,3,2,,
AZ4INX_jUdMD1-xUqsOk,lib/sqlalchemy/orm/evaluator.py,evaluator.py,python:S1172,MEDIUM,MAINTAINABILITY,CODE_SMELL,"Remove the unused function parameter ""operator"".",330,5min,0.0,0.0,17.0,17.0,77.0,59.0,85.0,380.0,A,A,2,2,3,2,,
AZ4INX_jUdMD1-xUqsOl,lib/sqlalchemy/orm/evaluator.py,evaluator.py,python:S1172,MEDIUM,MAINTAINABILITY,CODE_SMELL,"Remove the unused function parameter ""operator"".",337,5min,0.0,0.0,17.0,17.0,77.0,59.0,85.0,380.0,A,A,2,2,3,2,,
AZ4INYAnUdMD1-xUqsQ0,lib/sqlalchemy/orm/events.py,events.py,python:S5886,MEDIUM,MAINTAINABILITY,CODE_SMELL,"Return a value of type ""Optional[Union[InstrumentationFactory, type[InstrumentationFactory]]]"" instead of ""_InstrumentationEventsHold"" or update function ""_accept_with"" type hint.",116,5min,0.0,0.0,7.0,7.0,163.0,162.0,54.0,3262.0,A,A,10,3,993,2,2.0,TODO: need coverage for this event | TODO: coverage
AZ4INYAnUdMD1-xUqsQz,lib/sqlalchemy/orm/events.py,events.py,python:S1066,MEDIUM,MAINTAINABILITY,CODE_SMELL,Merge this if statement with the enclosing one.,1647,5min,0.0,0.0,7.0,7.0,163.0,162.0,54.0,3262.0,A,A,10,3,993,2,2.0,TODO: need coverage for this event | TODO: coverage
AZ4INYARUdMD1-xUqsP8,lib/sqlalchemy/orm/instrumentation.py,instrumentation.py,python:S2836,MEDIUM,MAINTAINABILITY,CODE_SMELL,"Add a ""break"" statement or remove this ""else"" clause.",318,5min,0.0,0.0,3.0,3.0,119.0,81.0,5.0,755.0,A,A,3,2,5,2,3.0,"TODO: we should use the ClassManager's notion of the | original '__init__' method, once ClassManager is fixed | FIXME: need to juggle local names to avoid constructor argument"
AZ4INYARUdMD1-xUqsP-,lib/sqlalchemy/orm/instrumentation.py,instrumentation.py,python:S1134,MEDIUM,MAINTAINABILITY,CODE_SMELL,"Take the required action to fix the issue indicated by this ""FIXME"" comment.",726,0min,0.0,0.0,3.0,3.0,119.0,81.0,5.0,755.0,A,A,3,2,5,2,3.0,"TODO: we should use the ClassManager's notion of the | original '__init__' method, once ClassManager is fixed | FIXME: need to juggle local names to avoid constructor argument"
AZ4INYAuUdMD1-xUqsQ8,lib/sqlalchemy/orm/interfaces.py,interfaces.py,python:S1172,MEDIUM,MAINTAINABILITY,CODE_SMELL,"Remove the unused function parameter ""context"".",1182,5min,0.0,0.0,3.0,3.0,100.0,53.0,10.0,1470.0,A,A,8,4,101,2,5.0,"TODO: add python_type and sql_type here; combining them | into ""type"" is a bad idea | as in PropComparator, may have some special typing workarounds such as the | search among: exact match, ""attr.*"", ""default"" strategy | a bad idea; should use strategy key at all times because every"
AZ4INX_eUdMD1-xUqsOB,lib/sqlalchemy/orm/loading.py,loading.py,python:S1172,MEDIUM,MAINTAINABILITY,CODE_SMELL,"Remove the unused function parameter ""size"".",263,5min,0.0,0.0,23.0,23.0,250.0,504.0,400.0,1683.0,A,A,8,4,42,2,12.0,"this is a bit of a hack at the moment. | TODO: need test coverage and documentation for the FrozenResult | TODO: no coverage here | things would be better off having the PK attributes flushed | It would probably be a pretty big effort to add such a flow.  So | SQLAlchemy finds itself doing like, ever, obviously, we are | be present in some unexpected way. | we are a single row query for the exact entity; polymorphic | TODO: polymorphic_from seems to be a Mapper in all cases. | TODO: we are currently ignoring the case where the | TODO:  allow ""existing"" populator to know this is | TODO: same path"
AZ4INX_eUdMD1-xUqsOH,lib/sqlalchemy/orm/loading.py,loading.py,python:S1172,MEDIUM,MAINTAINABILITY,CODE_SMELL,"Remove the unused function parameter ""path"".",1257,5min,0.0,0.0,23.0,23.0,250.0,504.0,400.0,1683.0,A,A,8,4,42,2,12.0,"this is a bit of a hack at the moment. | TODO: need test coverage and documentation for the FrozenResult | TODO: no coverage here | things would be better off having the PK attributes flushed | It would probably be a pretty big effort to add such a flow.  So | SQLAlchemy finds itself doing like, ever, obviously, we are | be present in some unexpected way. | we are a single row query for the exact entity; polymorphic | TODO: polymorphic_from seems to be a Mapper in all cases. | TODO: we are currently ignoring the case where the | TODO:  allow ""existing"" populator to know this is | TODO: same path"
AZ4INX_eUdMD1-xUqsOI,lib/sqlalchemy/orm/loading.py,loading.py,python:S1172,MEDIUM,MAINTAINABILITY,CODE_SMELL,"Remove the unused function parameter ""context"".",1257,5min,0.0,0.0,23.0,23.0,250.0,504.0,400.0,1683.0,A,A,8,4,42,2,12.0,"this is a bit of a hack at the moment. | TODO: need test coverage and documentation for the FrozenResult | TODO: no coverage here | things would be better off having the PK attributes flushed | It would probably be a pretty big effort to add such a flow.  So | SQLAlchemy finds itself doing like, ever, obviously, we are | be present in some unexpected way. | we are a single row query for the exact entity; polymorphic | TODO: polymorphic_from seems to be a Mapper in all cases. | TODO: we are currently ignoring the case where the | TODO:  allow ""existing"" populator to know this is | TODO: same path"
AZ4INX_eUdMD1-xUqsOL,lib/sqlalchemy/orm/loading.py,loading.py,python:S1172,MEDIUM,MAINTAINABILITY,CODE_SMELL,"Remove the unused function parameter ""loaded_instance"".",1332,5min,0.0,0.0,23.0,23.0,250.0,504.0,400.0,1683.0,A,A,8,4,42,2,12.0,"this is a bit of a hack at the moment. | TODO: need test coverage and documentation for the FrozenResult | TODO: no coverage here | things would be better off having the PK attributes flushed | It would probably be a pretty big effort to add such a flow.  So | SQLAlchemy finds itself doing like, ever, obviously, we are | be present in some unexpected way. | we are a single row query for the exact entity; polymorphic | TODO: polymorphic_from seems to be a Mapper in all cases. | TODO: we are currently ignoring the case where the | TODO:  allow ""existing"" populator to know this is | TODO: same path"
AZ4INX_eUdMD1-xUqsOP,lib/sqlalchemy/orm/loading.py,loading.py,python:S1172,MEDIUM,MAINTAINABILITY,CODE_SMELL,"Remove the unused function parameter ""load_path"".",1383,5min,0.0,0.0,23.0,23.0,250.0,504.0,400.0,1683.0,A,A,8,4,42,2,12.0,"this is a bit of a hack at the moment. | TODO: need test coverage and documentation for the FrozenResult | TODO: no coverage here | things would be better off having the PK attributes flushed | It would probably be a pretty big effort to add such a flow.  So | SQLAlchemy finds itself doing like, ever, obviously, we are | be present in some unexpected way. | we are a single row query for the exact entity; polymorphic | TODO: polymorphic_from seems to be a Mapper in all cases. | TODO: we are currently ignoring the case where the | TODO:  allow ""existing"" populator to know this is | TODO: same path"
AZ4INX_eUdMD1-xUqsOS,lib/sqlalchemy/orm/loading.py,loading.py,python:S1172,MEDIUM,MAINTAINABILITY,CODE_SMELL,"Remove the unused function parameter ""context"".",1542,5min,0.0,0.0,23.0,23.0,250.0,504.0,400.0,1683.0,A,A,8,4,42,2,12.0,"this is a bit of a hack at the moment. | TODO: need test coverage and documentation for the FrozenResult | TODO: no coverage here | things would be better off having the PK attributes flushed | It would probably be a pretty big effort to add such a flow.  So | SQLAlchemy finds itself doing like, ever, obviously, we are | be present in some unexpected way. | we are a single row query for the exact entity; polymorphic | TODO: polymorphic_from seems to be a Mapper in all cases. | TODO: we are currently ignoring the case where the | TODO:  allow ""existing"" populator to know this is | TODO: same path"
AZ4INX_eUdMD1-xUqsOU,lib/sqlalchemy/orm/loading.py,loading.py,python:S125,MEDIUM,MAINTAINABILITY,CODE_SMELL,Remove this commented out code.,1600,5min,0.0,0.0,23.0,23.0,250.0,504.0,400.0,1683.0,A,A,8,4,42,2,12.0,"this is a bit of a hack at the moment. | TODO: need test coverage and documentation for the FrozenResult | TODO: no coverage here | things would be better off having the PK attributes flushed | It would probably be a pretty big effort to add such a flow.  So | SQLAlchemy finds itself doing like, ever, obviously, we are | be present in some unexpected way. | we are a single row query for the exact entity; polymorphic | TODO: polymorphic_from seems to be a Mapper in all cases. | TODO: we are currently ignoring the case where the | TODO:  allow ""existing"" populator to know this is | TODO: same path"
AZ4INX_LUdMD1-xUqsM2,lib/sqlalchemy/orm/mapper.py,mapper.py,python:S107,MEDIUM,MAINTAINABILITY,CODE_SMELL,"Method ""__init__"" has 29 parameters, which is greater than the 13 authorized.",202,20min,0.0,0.0,17.0,17.0,535.0,708.0,332.0,4422.0,A,A,14,4,195,2,5.0,"TODO: what happens if polymorphic_on column attribute name | this splits the behavior among the ""regular"" joined inheritance | legacy case we should probably disable. | was a bug, as it could cause configure_mappers() to invoke | TODO: weakref would be a good idea here"
AZ4INX_LUdMD1-xUqsM5,lib/sqlalchemy/orm/mapper.py,mapper.py,python:S108,MEDIUM,MAINTAINABILITY,CODE_SMELL,Either remove or fill this block of code.,1354,5min,0.0,0.0,17.0,17.0,535.0,708.0,332.0,4422.0,A,A,14,4,195,2,5.0,"TODO: what happens if polymorphic_on column attribute name | this splits the behavior among the ""regular"" joined inheritance | legacy case we should probably disable. | was a bug, as it could cause configure_mappers() to invoke | TODO: weakref would be a good idea here"
AZ4INX_LUdMD1-xUqsNB,lib/sqlalchemy/orm/mapper.py,mapper.py,python:S2836,MEDIUM,MAINTAINABILITY,CODE_SMELL,"Add a ""break"" statement or remove this ""else"" clause.",3430,5min,0.0,0.0,17.0,17.0,535.0,708.0,332.0,4422.0,A,A,14,4,195,2,5.0,"TODO: what happens if polymorphic_on column attribute name | this splits the behavior among the ""regular"" joined inheritance | legacy case we should probably disable. | was a bug, as it could cause configure_mappers() to invoke | TODO: weakref would be a good idea here"
AZ4INX_xUdMD1-xUqsPC,lib/sqlalchemy/orm/path_registry.py,path_registry.py,python:S2836,MEDIUM,MAINTAINABILITY,CODE_SMELL,"Add a ""break"" statement or remove this ""else"" clause.",242,5min,0.0,0.0,4.0,4.0,124.0,97.0,19.0,812.0,A,A,4,2,32,48,1.0,TODO: what are we using this for?
AZ4INYADUdMD1-xUqsPX,lib/sqlalchemy/orm/persistence.py,persistence.py,python:S1871,MEDIUM,MAINTAINABILITY,CODE_SMELL,"Either merge this branch with the identical one on line ""185"" or change one of the implementations.",187,10min,0.0,0.0,25.0,25.0,297.0,607.0,507.0,1783.0,A,A,4,3,19,2,9.0,"call before_XXX extensions | TODO: ordered values, etc | HACK: check for history in other tables, in case the | we can do an executemany UPDATE which is more efficient | we can do an executemany UPDATE which is more efficient | TODO: why with bookkeeping=False? | TODO: why does this ""only warn"" if versioning is turned off, | call after_XXX extensions | TODO: this still goes a little too often.  would be nice to"
AZ4INYADUdMD1-xUqsPc,lib/sqlalchemy/orm/persistence.py,persistence.py,python:S1172,MEDIUM,MAINTAINABILITY,CODE_SMELL,"Remove the unused function parameter ""uowtransaction"".",637,5min,0.0,0.0,25.0,25.0,297.0,607.0,507.0,1783.0,A,A,4,3,19,2,9.0,"call before_XXX extensions | TODO: ordered values, etc | HACK: check for history in other tables, in case the | we can do an executemany UPDATE which is more efficient | we can do an executemany UPDATE which is more efficient | TODO: why with bookkeeping=False? | TODO: why does this ""only warn"" if versioning is turned off, | call after_XXX extensions | TODO: this still goes a little too often.  would be nice to"
AZ4INYADUdMD1-xUqsPd,lib/sqlalchemy/orm/persistence.py,persistence.py,python:S1172,MEDIUM,MAINTAINABILITY,CODE_SMELL,"Remove the unused function parameter ""base_mapper"".",637,5min,0.0,0.0,25.0,25.0,297.0,607.0,507.0,1783.0,A,A,4,3,19,2,9.0,"call before_XXX extensions | TODO: ordered values, etc | HACK: check for history in other tables, in case the | we can do an executemany UPDATE which is more efficient | we can do an executemany UPDATE which is more efficient | TODO: why with bookkeeping=False? | TODO: why does this ""only warn"" if versioning is turned off, | call after_XXX extensions | TODO: this still goes a little too often.  would be nice to"
AZ4INYADUdMD1-xUqsPf,lib/sqlalchemy/orm/persistence.py,persistence.py,python:S125,MEDIUM,MAINTAINABILITY,CODE_SMELL,Remove this commented out code.,651,5min,0.0,0.0,25.0,25.0,297.0,607.0,507.0,1783.0,A,A,4,3,19,2,9.0,"call before_XXX extensions | TODO: ordered values, etc | HACK: check for history in other tables, in case the | we can do an executemany UPDATE which is more efficient | we can do an executemany UPDATE which is more efficient | TODO: why with bookkeeping=False? | TODO: why does this ""only warn"" if versioning is turned off, | call after_XXX extensions | TODO: this still goes a little too often.  would be nice to"
AZ4INYADUdMD1-xUqsPg,lib/sqlalchemy/orm/persistence.py,persistence.py,python:S1172,MEDIUM,MAINTAINABILITY,CODE_SMELL,"Remove the unused function parameter ""uowtransaction"".",691,5min,0.0,0.0,25.0,25.0,297.0,607.0,507.0,1783.0,A,A,4,3,19,2,9.0,"call before_XXX extensions | TODO: ordered values, etc | HACK: check for history in other tables, in case the | we can do an executemany UPDATE which is more efficient | we can do an executemany UPDATE which is more efficient | TODO: why with bookkeeping=False? | TODO: why does this ""only warn"" if versioning is turned off, | call after_XXX extensions | TODO: this still goes a little too often.  would be nice to"
AZ4INYADUdMD1-xUqsPh,lib/sqlalchemy/orm/persistence.py,persistence.py,python:S1172,MEDIUM,MAINTAINABILITY,CODE_SMELL,"Remove the unused function parameter ""base_mapper"".",691,5min,0.0,0.0,25.0,25.0,297.0,607.0,507.0,1783.0,A,A,4,3,19,2,9.0,"call before_XXX extensions | TODO: ordered values, etc | HACK: check for history in other tables, in case the | we can do an executemany UPDATE which is more efficient | we can do an executemany UPDATE which is more efficient | TODO: why with bookkeeping=False? | TODO: why does this ""only warn"" if versioning is turned off, | call after_XXX extensions | TODO: this still goes a little too often.  would be nice to"
AZ4INYADUdMD1-xUqsPU,lib/sqlalchemy/orm/persistence.py,persistence.py,python:S1066,MEDIUM,MAINTAINABILITY,CODE_SMELL,Merge this if statement with the enclosing one.,1119,5min,0.0,0.0,25.0,25.0,297.0,607.0,507.0,1783.0,A,A,4,3,19,2,9.0,"call before_XXX extensions | TODO: ordered values, etc | HACK: check for history in other tables, in case the | we can do an executemany UPDATE which is more efficient | we can do an executemany UPDATE which is more efficient | TODO: why with bookkeeping=False? | TODO: why does this ""only warn"" if versioning is turned off, | call after_XXX extensions | TODO: this still goes a little too often.  would be nice to"
AZ4INYADUdMD1-xUqsPm,lib/sqlalchemy/orm/persistence.py,persistence.py,python:S1172,MEDIUM,MAINTAINABILITY,CODE_SMELL,"Remove the unused function parameter ""uowtransaction"".",1405,5min,0.0,0.0,25.0,25.0,297.0,607.0,507.0,1783.0,A,A,4,3,19,2,9.0,"call before_XXX extensions | TODO: ordered values, etc | HACK: check for history in other tables, in case the | we can do an executemany UPDATE which is more efficient | we can do an executemany UPDATE which is more efficient | TODO: why with bookkeeping=False? | TODO: why does this ""only warn"" if versioning is turned off, | call after_XXX extensions | TODO: this still goes a little too often.  would be nice to"
AZ4INYADUdMD1-xUqsPV,lib/sqlalchemy/orm/persistence.py,persistence.py,python:S1066,MEDIUM,MAINTAINABILITY,CODE_SMELL,Merge this if statement with the enclosing one.,1546,5min,0.0,0.0,25.0,25.0,297.0,607.0,507.0,1783.0,A,A,4,3,19,2,9.0,"call before_XXX extensions | TODO: ordered values, etc | HACK: check for history in other tables, in case the | we can do an executemany UPDATE which is more efficient | we can do an executemany UPDATE which is more efficient | TODO: why with bookkeeping=False? | TODO: why does this ""only warn"" if versioning is turned off, | call after_XXX extensions | TODO: this still goes a little too often.  would be nice to"
AZ4INYADUdMD1-xUqsPW,lib/sqlalchemy/orm/persistence.py,persistence.py,python:S1066,MEDIUM,MAINTAINABILITY,CODE_SMELL,Merge this if statement with the enclosing one.,1572,5min,0.0,0.0,25.0,25.0,297.0,607.0,507.0,1783.0,A,A,4,3,19,2,9.0,"call before_XXX extensions | TODO: ordered values, etc | HACK: check for history in other tables, in case the | we can do an executemany UPDATE which is more efficient | we can do an executemany UPDATE which is more efficient | TODO: why with bookkeeping=False? | TODO: why does this ""only warn"" if versioning is turned off, | call after_XXX extensions | TODO: this still goes a little too often.  would be nice to"
AZ4INYANUdMD1-xUqsP0,lib/sqlalchemy/orm/query.py,query.py,python:S2836,MEDIUM,MAINTAINABILITY,CODE_SMELL,"Add a ""break"" statement or remove this ""else"" clause.",338,5min,0.0,0.0,8.0,8.0,250.0,149.0,15.0,3397.0,A,A,9,5,57,2,7.0,"We could find a way to make this collection ""correct"", however | TODO: this event needs to be deprecated, as it currently applies | TODO: deprecate, property has to be supplied | TODO: deprecate | TODO: not sure why we can't use result.scalar() here | an iterable block is broken, so close the result | TODO: isn't this supposed to be a list?"
AZ4INYANUdMD1-xUqsP3,lib/sqlalchemy/orm/query.py,query.py,python:S5806,MEDIUM,MAINTAINABILITY,CODE_SMELL,Rename this variable; it shadows a builtin.,1300,5min,0.0,0.0,8.0,8.0,250.0,149.0,15.0,3397.0,A,A,9,5,57,2,7.0,"We could find a way to make this collection ""correct"", however | TODO: this event needs to be deprecated, as it currently applies | TODO: deprecate, property has to be supplied | TODO: deprecate | TODO: not sure why we can't use result.scalar() here | an iterable block is broken, so close the result | TODO: isn't this supposed to be a list?"
AZ4INX_WUdMD1-xUqsNe,lib/sqlalchemy/orm/relationships.py,relationships.py,python:S107,MEDIUM,MAINTAINABILITY,CODE_SMELL,"Method ""__init__"" has 36 parameters, which is greater than the 13 authorized.",367,20min,0.0,0.0,20.0,20.0,463.0,574.0,243.0,3501.0,A,A,9,3,138,2,2.0,"TODO: coverage | (not just ==), perhaps they need to turn on ""viewonly=True""."
AZ4INX_WUdMD1-xUqsNk,lib/sqlalchemy/orm/relationships.py,relationships.py,python:S125,MEDIUM,MAINTAINABILITY,CODE_SMELL,Remove this commented out code.,1501,5min,0.0,0.0,20.0,20.0,463.0,574.0,243.0,3501.0,A,A,9,3,138,2,2.0,"TODO: coverage | (not just ==), perhaps they need to turn on ""viewonly=True""."
AZ4INX_WUdMD1-xUqsNl,lib/sqlalchemy/orm/relationships.py,relationships.py,python:S1854,MEDIUM,MAINTAINABILITY,CODE_SMELL,Remove this assignment to local variable 'argument'; the value is never used.,1747,1min,0.0,0.0,20.0,20.0,463.0,574.0,243.0,3501.0,A,A,9,3,138,2,2.0,"TODO: coverage | (not just ==), perhaps they need to turn on ""viewonly=True""."
AZ4INX_WUdMD1-xUqsNp,lib/sqlalchemy/orm/relationships.py,relationships.py,python:S107,MEDIUM,MAINTAINABILITY,CODE_SMELL,"Method ""__init__"" has 16 parameters, which is greater than the 13 authorized.",2274,20min,0.0,0.0,20.0,20.0,463.0,574.0,243.0,3501.0,A,A,9,3,138,2,2.0,"TODO: coverage | (not just ==), perhaps they need to turn on ""viewonly=True""."
AZ4INX_WUdMD1-xUqsNs,lib/sqlalchemy/orm/relationships.py,relationships.py,python:S2836,MEDIUM,MAINTAINABILITY,CODE_SMELL,"Add a ""break"" statement or remove this ""else"" clause.",2527,5min,0.0,0.0,20.0,20.0,463.0,574.0,243.0,3501.0,A,A,9,3,138,2,2.0,"TODO: coverage | (not just ==), perhaps they need to turn on ""viewonly=True""."
AZ4INX_tUdMD1-xUqsOy,lib/sqlalchemy/orm/session.py,session.py,python:S108,MEDIUM,MAINTAINABILITY,CODE_SMELL,Either remove or fill this block of code.,1988,5min,0.0,1.0,19.0,20.0,498.0,583.0,242.0,5302.0,A,E,13,9,147,2,7.0,"we probably can do this conditionally based on | TODO: shouldn't we only be here if not | TODO: these two None sets were historically after the | Why do we need to get rid of them at all?  test_memusage::CycleTest | the idea is that at some point NO_ARG will warn that in the future | TODO: this was being tested before, but this is not possible | have this here since it otherwise causes issues with the proxy"
AZ4INX_tUdMD1-xUqsO9,lib/sqlalchemy/orm/session.py,session.py,python:S2836,MEDIUM,MAINTAINABILITY,CODE_SMELL,"Add a ""break"" statement or remove this ""else"" clause.",4840,5min,0.0,1.0,19.0,20.0,498.0,583.0,242.0,5302.0,A,E,13,9,147,2,7.0,"we probably can do this conditionally based on | TODO: shouldn't we only be here if not | TODO: these two None sets were historically after the | Why do we need to get rid of them at all?  test_memusage::CycleTest | the idea is that at some point NO_ARG will warn that in the future | TODO: this was being tested before, but this is not possible | have this here since it otherwise causes issues with the proxy"
AZ4INX-qUdMD1-xUqsLk,lib/sqlalchemy/orm/state.py,state.py,python:S1172,MEDIUM,MAINTAINABILITY,CODE_SMELL,"Remove the unused function parameter ""row"".",681,5min,0.0,0.0,12.0,12.0,170.0,179.0,114.0,1144.0,A,A,3,2,29,116,2.0,"is mapped with ""noload"" or perhaps ""immediateload"". | loader is reset in the same way as a column loader."
AZ4INX-qUdMD1-xUqsLl,lib/sqlalchemy/orm/state.py,state.py,python:S1172,MEDIUM,MAINTAINABILITY,CODE_SMELL,"Remove the unused function parameter ""row"".",693,5min,0.0,0.0,12.0,12.0,170.0,179.0,114.0,1144.0,A,A,3,2,29,116,2.0,"is mapped with ""noload"" or perhaps ""immediateload"". | loader is reset in the same way as a column loader."
AZ4INX-qUdMD1-xUqsLm,lib/sqlalchemy/orm/state.py,state.py,python:S1172,MEDIUM,MAINTAINABILITY,CODE_SMELL,"Remove the unused function parameter ""dict_"".",693,5min,0.0,0.0,12.0,12.0,170.0,179.0,114.0,1144.0,A,A,3,2,29,116,2.0,"is mapped with ""noload"" or perhaps ""immediateload"". | loader is reset in the same way as a column loader."
AZ4INX-qUdMD1-xUqsLf,lib/sqlalchemy/orm/state.py,state.py,python:S1066,MEDIUM,MAINTAINABILITY,CODE_SMELL,Merge this if statement with the enclosing one.,886,5min,0.0,0.0,12.0,12.0,170.0,179.0,114.0,1144.0,A,A,3,2,29,116,2.0,"is mapped with ""noload"" or perhaps ""immediateload"". | loader is reset in the same way as a column loader."
AZ4INX-qUdMD1-xUqsLp,lib/sqlalchemy/orm/state.py,state.py,python:S125,MEDIUM,MAINTAINABILITY,CODE_SMELL,Remove this commented out code.,897,5min,0.0,0.0,12.0,12.0,170.0,179.0,114.0,1144.0,A,A,3,2,29,116,2.0,"is mapped with ""noload"" or perhaps ""immediateload"". | loader is reset in the same way as a column loader."
AZ4INX-xUdMD1-xUqsLs,lib/sqlalchemy/orm/strategies.py,strategies.py,python:S1172,MEDIUM,MAINTAINABILITY,CODE_SMELL,"Remove the unused function parameter ""proxy_property"".",73,5min,1.0,0.0,27.0,28.0,453.0,577.0,249.0,3403.0,B,A,11,6,92,18,10.0,"typically, ""mapper"" is the same as prop.parent, due to the way | TODO: check all columns ?  check for foreign key as well? | TODO: the ""not self.uselist"" can be taken out entirely; a m2o | compiled query but swapping the params, seems only marginally | self.parent is a subclass mapper.  Fixes #13209. | appear more than once in the path, issue #11449 | conflicting value already loaded, this shouldn't happen | ""in"" expression are in terms of the related entity.  So | as of #8399 we let the loader option itself figure out what it | this sort is really for the benefit of the unit tests"
AZ4INX-xUdMD1-xUqsL0,lib/sqlalchemy/orm/strategies.py,strategies.py,python:S1172,MEDIUM,MAINTAINABILITY,CODE_SMELL,"Remove the unused function parameter ""orig_entity"".",1523,5min,1.0,0.0,27.0,28.0,453.0,577.0,249.0,3403.0,B,A,11,6,92,18,10.0,"typically, ""mapper"" is the same as prop.parent, due to the way | TODO: check all columns ?  check for foreign key as well? | TODO: the ""not self.uselist"" can be taken out entirely; a m2o | compiled query but swapping the params, seems only marginally | self.parent is a subclass mapper.  Fixes #13209. | appear more than once in the path, issue #11449 | conflicting value already loaded, this shouldn't happen | ""in"" expression are in terms of the related entity.  So | as of #8399 we let the loader option itself figure out what it | this sort is really for the benefit of the unit tests"
AZ4INX-xUdMD1-xUqsL1,lib/sqlalchemy/orm/strategies.py,strategies.py,python:S1172,MEDIUM,MAINTAINABILITY,CODE_SMELL,"Remove the unused function parameter ""subq_path"".",1721,5min,1.0,0.0,27.0,28.0,453.0,577.0,249.0,3403.0,B,A,11,6,92,18,10.0,"typically, ""mapper"" is the same as prop.parent, due to the way | TODO: check all columns ?  check for foreign key as well? | TODO: the ""not self.uselist"" can be taken out entirely; a m2o | compiled query but swapping the params, seems only marginally | self.parent is a subclass mapper.  Fixes #13209. | appear more than once in the path, issue #11449 | conflicting value already loaded, this shouldn't happen | ""in"" expression are in terms of the related entity.  So | as of #8399 we let the loader option itself figure out what it | this sort is really for the benefit of the unit tests"
AZ4INX-xUdMD1-xUqsL2,lib/sqlalchemy/orm/strategies.py,strategies.py,python:S1172,MEDIUM,MAINTAINABILITY,CODE_SMELL,"Remove the unused function parameter ""effective_entity"".",1724,5min,1.0,0.0,27.0,28.0,453.0,577.0,249.0,3403.0,B,A,11,6,92,18,10.0,"typically, ""mapper"" is the same as prop.parent, due to the way | TODO: check all columns ?  check for foreign key as well? | TODO: the ""not self.uselist"" can be taken out entirely; a m2o | compiled query but swapping the params, seems only marginally | self.parent is a subclass mapper.  Fixes #13209. | appear more than once in the path, issue #11449 | conflicting value already loaded, this shouldn't happen | ""in"" expression are in terms of the related entity.  So | as of #8399 we let the loader option itself figure out what it | this sort is really for the benefit of the unit tests"
AZ4INX-xUdMD1-xUqsL3,lib/sqlalchemy/orm/strategies.py,strategies.py,python:S1172,MEDIUM,MAINTAINABILITY,CODE_SMELL,"Remove the unused function parameter ""dict_"".",1813,5min,1.0,0.0,27.0,28.0,453.0,577.0,249.0,3403.0,B,A,11,6,92,18,10.0,"typically, ""mapper"" is the same as prop.parent, due to the way | TODO: check all columns ?  check for foreign key as well? | TODO: the ""not self.uselist"" can be taken out entirely; a m2o | compiled query but swapping the params, seems only marginally | self.parent is a subclass mapper.  Fixes #13209. | appear more than once in the path, issue #11449 | conflicting value already loaded, this shouldn't happen | ""in"" expression are in terms of the related entity.  So | as of #8399 we let the loader option itself figure out what it | this sort is really for the benefit of the unit tests"
AZ4INX-xUdMD1-xUqsL4,lib/sqlalchemy/orm/strategies.py,strategies.py,python:S1172,MEDIUM,MAINTAINABILITY,CODE_SMELL,"Remove the unused function parameter ""state"".",1813,5min,1.0,0.0,27.0,28.0,453.0,577.0,249.0,3403.0,B,A,11,6,92,18,10.0,"typically, ""mapper"" is the same as prop.parent, due to the way | TODO: check all columns ?  check for foreign key as well? | TODO: the ""not self.uselist"" can be taken out entirely; a m2o | compiled query but swapping the params, seems only marginally | self.parent is a subclass mapper.  Fixes #13209. | appear more than once in the path, issue #11449 | conflicting value already loaded, this shouldn't happen | ""in"" expression are in terms of the related entity.  So | as of #8399 we let the loader option itself figure out what it | this sort is really for the benefit of the unit tests"
AZ4INX-xUdMD1-xUqsL5,lib/sqlalchemy/orm/strategies.py,strategies.py,python:S1172,MEDIUM,MAINTAINABILITY,CODE_SMELL,"Remove the unused function parameter ""row"".",1813,5min,1.0,0.0,27.0,28.0,453.0,577.0,249.0,3403.0,B,A,11,6,92,18,10.0,"typically, ""mapper"" is the same as prop.parent, due to the way | TODO: check all columns ?  check for foreign key as well? | TODO: the ""not self.uselist"" can be taken out entirely; a m2o | compiled query but swapping the params, seems only marginally | self.parent is a subclass mapper.  Fixes #13209. | appear more than once in the path, issue #11449 | conflicting value already loaded, this shouldn't happen | ""in"" expression are in terms of the related entity.  So | as of #8399 we let the loader option itself figure out what it | this sort is really for the benefit of the unit tests"
AZ4INX-xUdMD1-xUqsL6,lib/sqlalchemy/orm/strategies.py,strategies.py,python:S1172,MEDIUM,MAINTAINABILITY,CODE_SMELL,"Remove the unused function parameter ""adapter"".",1824,5min,1.0,0.0,27.0,28.0,453.0,577.0,249.0,3403.0,B,A,11,6,92,18,10.0,"typically, ""mapper"" is the same as prop.parent, due to the way | TODO: check all columns ?  check for foreign key as well? | TODO: the ""not self.uselist"" can be taken out entirely; a m2o | compiled query but swapping the params, seems only marginally | self.parent is a subclass mapper.  Fixes #13209. | appear more than once in the path, issue #11449 | conflicting value already loaded, this shouldn't happen | ""in"" expression are in terms of the related entity.  So | as of #8399 we let the loader option itself figure out what it | this sort is really for the benefit of the unit tests"
AZ4INX-xUdMD1-xUqsL-,lib/sqlalchemy/orm/strategies.py,strategies.py,python:S1172,MEDIUM,MAINTAINABILITY,CODE_SMELL,"Remove the unused function parameter ""column_collection"".",2344,5min,1.0,0.0,27.0,28.0,453.0,577.0,249.0,3403.0,B,A,11,6,92,18,10.0,"typically, ""mapper"" is the same as prop.parent, due to the way | TODO: check all columns ?  check for foreign key as well? | TODO: the ""not self.uselist"" can be taken out entirely; a m2o | compiled query but swapping the params, seems only marginally | self.parent is a subclass mapper.  Fixes #13209. | appear more than once in the path, issue #11449 | conflicting value already loaded, this shouldn't happen | ""in"" expression are in terms of the related entity.  So | as of #8399 we let the loader option itself figure out what it | this sort is really for the benefit of the unit tests"
AZ4INX-xUdMD1-xUqsMC,lib/sqlalchemy/orm/strategies.py,strategies.py,python:S1871,MEDIUM,MAINTAINABILITY,CODE_SMELL,"Either merge this branch with the identical one on line ""2609"" or change one of the implementations.",2613,10min,1.0,0.0,27.0,28.0,453.0,577.0,249.0,3403.0,B,A,11,6,92,18,10.0,"typically, ""mapper"" is the same as prop.parent, due to the way | TODO: check all columns ?  check for foreign key as well? | TODO: the ""not self.uselist"" can be taken out entirely; a m2o | compiled query but swapping the params, seems only marginally | self.parent is a subclass mapper.  Fixes #13209. | appear more than once in the path, issue #11449 | conflicting value already loaded, this shouldn't happen | ""in"" expression are in terms of the related entity.  So | as of #8399 we let the loader option itself figure out what it | this sort is really for the benefit of the unit tests"
AZ4INX-xUdMD1-xUqsMD,lib/sqlalchemy/orm/strategies.py,strategies.py,python:S1172,MEDIUM,MAINTAINABILITY,CODE_SMELL,"Remove the unused function parameter ""adapter"".",2688,5min,1.0,0.0,27.0,28.0,453.0,577.0,249.0,3403.0,B,A,11,6,92,18,10.0,"typically, ""mapper"" is the same as prop.parent, due to the way | TODO: check all columns ?  check for foreign key as well? | TODO: the ""not self.uselist"" can be taken out entirely; a m2o | compiled query but swapping the params, seems only marginally | self.parent is a subclass mapper.  Fixes #13209. | appear more than once in the path, issue #11449 | conflicting value already loaded, this shouldn't happen | ""in"" expression are in terms of the related entity.  So | as of #8399 we let the loader option itself figure out what it | this sort is really for the benefit of the unit tests"
AZ4INX_EUdMD1-xUqsMs,lib/sqlalchemy/orm/strategy_options.py,strategy_options.py,python:S1066,MEDIUM,MAINTAINABILITY,CODE_SMELL,Merge this if statement with the enclosing one.,1515,5min,0.0,0.0,10.0,10.0,244.0,266.0,76.0,2570.0,A,A,6,4,76,18,4.0,TODO: no cases in test suite where we actually get | TODO: need to figure out this None thing being returned by | TODO: attrs against different classes.  we likely have to | add some extra state to Load of some kind
AZ4INX_EUdMD1-xUqsMv,lib/sqlalchemy/orm/strategy_options.py,strategy_options.py,python:S2836,MEDIUM,MAINTAINABILITY,CODE_SMELL,"Add a ""break"" statement or remove this ""else"" clause.",1536,5min,0.0,0.0,10.0,10.0,244.0,266.0,76.0,2570.0,A,A,6,4,76,18,4.0,TODO: no cases in test suite where we actually get | TODO: need to figure out this None thing being returned by | TODO: attrs against different classes.  we likely have to | add some extra state to Load of some kind
AZ4INX_EUdMD1-xUqsMw,lib/sqlalchemy/orm/strategy_options.py,strategy_options.py,python:S5886,MEDIUM,MAINTAINABILITY,CODE_SMELL,"Return a value of type ""_LoadElement"" instead of ""NoneType"" or update function ""create"" type hint.",1788,5min,0.0,0.0,10.0,10.0,244.0,266.0,76.0,2570.0,A,A,6,4,76,18,4.0,TODO: no cases in test suite where we actually get | TODO: need to figure out this None thing being returned by | TODO: attrs against different classes.  we likely have to | add some extra state to Load of some kind
AZ4INX_EUdMD1-xUqsMy,lib/sqlalchemy/orm/strategy_options.py,strategy_options.py,python:S125,MEDIUM,MAINTAINABILITY,CODE_SMELL,Remove this commented out code.,2175,5min,0.0,0.0,10.0,10.0,244.0,266.0,76.0,2570.0,A,A,6,4,76,18,4.0,TODO: no cases in test suite where we actually get | TODO: need to figure out this None thing being returned by | TODO: attrs against different classes.  we likely have to | add some extra state to Load of some kind
AZ4INX_8UdMD1-xUqsPS,lib/sqlalchemy/orm/sync.py,sync.py,python:S2836,MEDIUM,MAINTAINABILITY,CODE_SMELL,"Add a ""break"" statement or remove this ""else"" clause.",141,5min,0.0,0.0,1.0,1.0,21.0,33.0,5.0,165.0,A,A,1,1,2,116,,
AZ4INYAbUdMD1-xUqsQl,lib/sqlalchemy/orm/unitofwork.py,unitofwork.py,python:S125,MEDIUM,MAINTAINABILITY,CODE_SMELL,Remove this commented out code.,448,5min,0.0,0.0,8.0,8.0,162.0,178.0,93.0,797.0,A,A,2,2,7,2,2.0,"the related item may or may not itself be in a | TODO: store the history as (state, object) tuples"
AZ4INYAbUdMD1-xUqsQn,lib/sqlalchemy/orm/unitofwork.py,unitofwork.py,python:S1172,MEDIUM,MAINTAINABILITY,CODE_SMELL,"Remove the unused function parameter ""recs"".",566,5min,0.0,0.0,8.0,8.0,162.0,178.0,93.0,797.0,A,A,2,2,7,2,2.0,"the related item may or may not itself be in a | TODO: store the history as (state, object) tuples"
AZ4INYAbUdMD1-xUqsQo,lib/sqlalchemy/orm/unitofwork.py,unitofwork.py,python:S1172,MEDIUM,MAINTAINABILITY,CODE_SMELL,"Remove the unused function parameter ""uow"".",593,5min,0.0,0.0,8.0,8.0,162.0,178.0,93.0,797.0,A,A,2,2,7,2,2.0,"the related item may or may not itself be in a | TODO: store the history as (state, object) tuples"
AZ4INX_2UdMD1-xUqsPG,lib/sqlalchemy/orm/util.py,util.py,python:S1172,MEDIUM,MAINTAINABILITY,CODE_SMELL,"Remove the unused function parameter ""oldvalue"".",300,5min,0.0,0.0,11.0,11.0,251.0,294.0,115.0,2424.0,A,A,12,2,187,101,4.0,"to eliminate reference cycles, the AliasedClass is held weakly. | subject can be None but it's much better if it's not. | (probably should), so do some gymnastics to get the entity. | or implicit ON clause, augment it the same way we'd augment the"
AZ4INX_2UdMD1-xUqsPH,lib/sqlalchemy/orm/util.py,util.py,python:S1172,MEDIUM,MAINTAINABILITY,CODE_SMELL,"Remove the unused function parameter ""oldvalue"".",325,5min,0.0,0.0,11.0,11.0,251.0,294.0,115.0,2424.0,A,A,12,2,187,101,4.0,"to eliminate reference cycles, the AliasedClass is held weakly. | subject can be None but it's much better if it's not. | (probably should), so do some gymnastics to get the entity. | or implicit ON clause, augment it the same way we'd augment the"
AZ4INX_2UdMD1-xUqsPJ,lib/sqlalchemy/orm/util.py,util.py,python:S125,MEDIUM,MAINTAINABILITY,CODE_SMELL,Remove this commented out code.,1176,5min,0.0,0.0,11.0,11.0,251.0,294.0,115.0,2424.0,A,A,12,2,187,101,4.0,"to eliminate reference cycles, the AliasedClass is held weakly. | subject can be None but it's much better if it's not. | (probably should), so do some gymnastics to get the entity. | or implicit ON clause, augment it the same way we'd augment the"
AZ4INX_2UdMD1-xUqsPR,lib/sqlalchemy/orm/util.py,util.py,python:S1871,MEDIUM,MAINTAINABILITY,CODE_SMELL,"Either merge this branch with the identical one on line ""2377"" or change one of the implementations.",2384,10min,0.0,0.0,11.0,11.0,251.0,294.0,115.0,2424.0,A,A,12,2,187,101,4.0,"to eliminate reference cycles, the AliasedClass is held weakly. | subject can be None but it's much better if it's not. | (probably should), so do some gymnastics to get the entity. | or implicit ON clause, augment it the same way we'd augment the"
AZ4INX-1UdMD1-xUqsMI,lib/sqlalchemy/orm/writeonly.py,writeonly.py,python:S1172,MEDIUM,MAINTAINABILITY,CODE_SMELL,"Remove the unused function parameter ""dict_"".",224,5min,0.0,0.0,3.0,3.0,89.0,58.0,15.0,679.0,A,A,5,2,24,116,2.0,this is a hack to allow the entities.ComparableEntity fixture | this is a hack right now.  The Query only knows how to
AZ4INX-1UdMD1-xUqsMH,lib/sqlalchemy/orm/writeonly.py,writeonly.py,python:S1172,MEDIUM,MAINTAINABILITY,CODE_SMELL,"Remove the unused function parameter ""user_data"".",225,5min,0.0,0.0,3.0,3.0,89.0,58.0,15.0,679.0,A,A,5,2,24,116,2.0,this is a hack to allow the entities.ComparableEntity fixture | this is a hack right now.  The Query only knows how to
AZ4INX9JUdMD1-xUqsKF,lib/sqlalchemy/sql/__init__.py,__init__.py,python:S1172,MEDIUM,MAINTAINABILITY,CODE_SMELL,"Remove the unused function parameter ""lcls"".",111,5min,0.0,0.0,1.0,1.0,2.0,1.0,5.0,146.0,A,A,8,3,12,81,,
AZ4INX8pUdMD1-xUqsJX,lib/sqlalchemy/sql/_typing.py,_typing.py,python:S1542,MEDIUM,MAINTAINABILITY,CODE_SMELL,"Rename function ""Nullable"" to match the regular expression ^[a-z_][a-z0-9_]*$.",392,10min,0.0,0.0,12.0,12.0,37.0,5.0,108.0,461.0,A,A,7,3,40,108,,
AZ4INX8pUdMD1-xUqsJY,lib/sqlalchemy/sql/_typing.py,_typing.py,python:S1542,MEDIUM,MAINTAINABILITY,CODE_SMELL,"Rename function ""Nullable"" to match the regular expression ^[a-z_][a-z0-9_]*$.",398,10min,0.0,0.0,12.0,12.0,37.0,5.0,108.0,461.0,A,A,7,3,40,108,,
AZ4INX8pUdMD1-xUqsJZ,lib/sqlalchemy/sql/_typing.py,_typing.py,python:S1542,MEDIUM,MAINTAINABILITY,CODE_SMELL,"Rename function ""Nullable"" to match the regular expression ^[a-z_][a-z0-9_]*$.",404,10min,0.0,0.0,12.0,12.0,37.0,5.0,108.0,461.0,A,A,7,3,40,108,,
AZ4INX8pUdMD1-xUqsJa,lib/sqlalchemy/sql/_typing.py,_typing.py,python:S1542,MEDIUM,MAINTAINABILITY,CODE_SMELL,"Rename function ""Nullable"" to match the regular expression ^[a-z_][a-z0-9_]*$.",407,10min,0.0,0.0,12.0,12.0,37.0,5.0,108.0,461.0,A,A,7,3,40,108,,
AZ4INX8pUdMD1-xUqsJb,lib/sqlalchemy/sql/_typing.py,_typing.py,python:S1542,MEDIUM,MAINTAINABILITY,CODE_SMELL,"Rename function ""NotNullable"" to match the regular expression ^[a-z_][a-z0-9_]*$.",426,10min,0.0,0.0,12.0,12.0,37.0,5.0,108.0,461.0,A,A,7,3,40,108,,
AZ4INX8pUdMD1-xUqsJc,lib/sqlalchemy/sql/_typing.py,_typing.py,python:S1542,MEDIUM,MAINTAINABILITY,CODE_SMELL,"Rename function ""NotNullable"" to match the regular expression ^[a-z_][a-z0-9_]*$.",432,10min,0.0,0.0,12.0,12.0,37.0,5.0,108.0,461.0,A,A,7,3,40,108,,
AZ4INX8pUdMD1-xUqsJd,lib/sqlalchemy/sql/_typing.py,_typing.py,python:S1542,MEDIUM,MAINTAINABILITY,CODE_SMELL,"Rename function ""NotNullable"" to match the regular expression ^[a-z_][a-z0-9_]*$.",438,10min,0.0,0.0,12.0,12.0,37.0,5.0,108.0,461.0,A,A,7,3,40,108,,
AZ4INX8pUdMD1-xUqsJe,lib/sqlalchemy/sql/_typing.py,_typing.py,python:S1542,MEDIUM,MAINTAINABILITY,CODE_SMELL,"Rename function ""NotNullable"" to match the regular expression ^[a-z_][a-z0-9_]*$.",442,10min,0.0,0.0,12.0,12.0,37.0,5.0,108.0,461.0,A,A,7,3,40,108,,
AZ4INX8pUdMD1-xUqsJf,lib/sqlalchemy/sql/_typing.py,_typing.py,python:S1542,MEDIUM,MAINTAINABILITY,CODE_SMELL,"Rename function ""NotNullable"" to match the regular expression ^[a-z_][a-z0-9_]*$.",445,10min,0.0,0.0,12.0,12.0,37.0,5.0,108.0,461.0,A,A,7,3,40,108,,
AZ4INX7cUdMD1-xUqsEx,lib/sqlalchemy/sql/annotation.py,annotation.py,python:S1172,MEDIUM,MAINTAINABILITY,CODE_SMELL,"Remove the unused function parameter ""values"".",154,5min,1.0,0.0,6.0,7.0,72.0,55.0,37.0,586.0,B,A,4,3,14,116,1.0,annotated objects hack the __hash__() method so if we want to
AZ4INX7cUdMD1-xUqsEy,lib/sqlalchemy/sql/annotation.py,annotation.py,python:S1172,MEDIUM,MAINTAINABILITY,CODE_SMELL,"Remove the unused function parameter ""values"".",225,5min,1.0,0.0,6.0,7.0,72.0,55.0,37.0,586.0,B,A,4,3,14,116,1.0,annotated objects hack the __hash__() method so if we want to
AZ4INX7cUdMD1-xUqsE0,lib/sqlalchemy/sql/annotation.py,annotation.py,python:S1172,MEDIUM,MAINTAINABILITY,CODE_SMELL,"Remove the unused function parameter ""clone"".",326,5min,1.0,0.0,6.0,7.0,72.0,55.0,37.0,586.0,B,A,4,3,14,116,1.0,annotated objects hack the __hash__() method so if we want to
AZ4INX7cUdMD1-xUqsE2,lib/sqlalchemy/sql/annotation.py,annotation.py,python:S1172,MEDIUM,MAINTAINABILITY,CODE_SMELL,"Remove the unused function parameter ""kw"".",499,5min,1.0,0.0,6.0,7.0,72.0,55.0,37.0,586.0,B,A,4,3,14,116,1.0,annotated objects hack the __hash__() method so if we want to
AZ4INX7cUdMD1-xUqsE3,lib/sqlalchemy/sql/annotation.py,annotation.py,python:S1871,MEDIUM,MAINTAINABILITY,CODE_SMELL,"Either merge this branch with the identical one on line ""560"" or change one of the implementations.",564,10min,1.0,0.0,6.0,7.0,72.0,55.0,37.0,586.0,B,A,4,3,14,116,1.0,annotated objects hack the __hash__() method so if we want to
AZ4INX8GUdMD1-xUqsGN,lib/sqlalchemy/sql/base.py,base.py,python:S1172,MEDIUM,MAINTAINABILITY,CODE_SMELL,"Remove the unused function parameter ""kw"".",196,5min,0.0,0.0,11.0,11.0,268.0,202.0,63.0,2186.0,A,A,19,6,816,2,7.0,"TODO: cython candidate | TODO: very inefficient.  This is used only in test suites | TODO: fairly inefficient, used only in debugging right now. | don't really know how this part is supposed to work w/ the | TODO: cython candidate | matches a1.c.x->table.c.x better than | operation may very well be occurring"
AZ4INX8GUdMD1-xUqsGT,lib/sqlalchemy/sql/base.py,base.py,python:S107,MEDIUM,MAINTAINABILITY,CODE_SMELL,"Method ""execution_options"" has 18 parameters, which is greater than the 13 authorized.",1152,20min,0.0,0.0,11.0,11.0,268.0,202.0,63.0,2186.0,A,A,19,6,816,2,7.0,"TODO: cython candidate | TODO: very inefficient.  This is used only in test suites | TODO: fairly inefficient, used only in debugging right now. | don't really know how this part is supposed to work w/ the | TODO: cython candidate | matches a1.c.x->table.c.x better than | operation may very well be occurring"
AZ4INX8GUdMD1-xUqsGU,lib/sqlalchemy/sql/base.py,base.py,python:S2836,MEDIUM,MAINTAINABILITY,CODE_SMELL,"Add a ""break"" statement or remove this ""else"" clause.",1638,5min,0.0,0.0,11.0,11.0,268.0,202.0,63.0,2186.0,A,A,19,6,816,2,7.0,"TODO: cython candidate | TODO: very inefficient.  This is used only in test suites | TODO: fairly inefficient, used only in debugging right now. | don't really know how this part is supposed to work w/ the | TODO: cython candidate | matches a1.c.x->table.c.x better than | operation may very well be occurring"
AZ4INX8GUdMD1-xUqsGY,lib/sqlalchemy/sql/base.py,base.py,python:S2836,MEDIUM,MAINTAINABILITY,CODE_SMELL,"Add a ""break"" statement or remove this ""else"" clause.",2159,5min,0.0,0.0,11.0,11.0,268.0,202.0,63.0,2186.0,A,A,19,6,816,2,7.0,"TODO: cython candidate | TODO: very inefficient.  This is used only in test suites | TODO: fairly inefficient, used only in debugging right now. | don't really know how this part is supposed to work w/ the | TODO: cython candidate | matches a1.c.x->table.c.x better than | operation may very well be occurring"
AZ4INX7XUdMD1-xUqsEJ,lib/sqlalchemy/sql/cache_key.py,cache_key.py,python:S1854,MEDIUM,MAINTAINABILITY,CODE_SMELL,Remove this assignment to local variable 'pickup_index'; the value is never used.,519,1min,1.0,0.0,46.0,47.0,97.0,120.0,253.0,1058.0,E,A,3,2,49,116,4.0,TODO: wouldn't we instead get this from our superclass? | efficient on startup but simpler. | TODO: see if C code can help here as Python lacks an | efficient switch construct
AZ4INX7XUdMD1-xUqsEN,lib/sqlalchemy/sql/cache_key.py,cache_key.py,python:S1172,MEDIUM,MAINTAINABILITY,CODE_SMELL,"Remove the unused function parameter ""attrname"".",634,5min,1.0,0.0,46.0,47.0,97.0,120.0,253.0,1058.0,E,A,3,2,49,116,4.0,TODO: wouldn't we instead get this from our superclass? | efficient on startup but simpler. | TODO: see if C code can help here as Python lacks an | efficient switch construct
AZ4INX7XUdMD1-xUqsEO,lib/sqlalchemy/sql/cache_key.py,cache_key.py,python:S1172,MEDIUM,MAINTAINABILITY,CODE_SMELL,"Remove the unused function parameter ""parent"".",636,5min,1.0,0.0,46.0,47.0,97.0,120.0,253.0,1058.0,E,A,3,2,49,116,4.0,TODO: wouldn't we instead get this from our superclass? | efficient on startup but simpler. | TODO: see if C code can help here as Python lacks an | efficient switch construct
AZ4INX7XUdMD1-xUqsEM,lib/sqlalchemy/sql/cache_key.py,cache_key.py,python:S1172,MEDIUM,MAINTAINABILITY,CODE_SMELL,"Remove the unused function parameter ""bindparams"".",638,5min,1.0,0.0,46.0,47.0,97.0,120.0,253.0,1058.0,E,A,3,2,49,116,4.0,TODO: wouldn't we instead get this from our superclass? | efficient on startup but simpler. | TODO: see if C code can help here as Python lacks an | efficient switch construct
AZ4INX7XUdMD1-xUqsEP,lib/sqlalchemy/sql/cache_key.py,cache_key.py,python:S1172,MEDIUM,MAINTAINABILITY,CODE_SMELL,"Remove the unused function parameter ""parent"".",646,5min,1.0,0.0,46.0,47.0,97.0,120.0,253.0,1058.0,E,A,3,2,49,116,4.0,TODO: wouldn't we instead get this from our superclass? | efficient on startup but simpler. | TODO: see if C code can help here as Python lacks an | efficient switch construct
AZ4INX7XUdMD1-xUqsEQ,lib/sqlalchemy/sql/cache_key.py,cache_key.py,python:S1172,MEDIUM,MAINTAINABILITY,CODE_SMELL,"Remove the unused function parameter ""attrname"".",654,5min,1.0,0.0,46.0,47.0,97.0,120.0,253.0,1058.0,E,A,3,2,49,116,4.0,TODO: wouldn't we instead get this from our superclass? | efficient on startup but simpler. | TODO: see if C code can help here as Python lacks an | efficient switch construct
AZ4INX7XUdMD1-xUqsER,lib/sqlalchemy/sql/cache_key.py,cache_key.py,python:S1172,MEDIUM,MAINTAINABILITY,CODE_SMELL,"Remove the unused function parameter ""parent"".",656,5min,1.0,0.0,46.0,47.0,97.0,120.0,253.0,1058.0,E,A,3,2,49,116,4.0,TODO: wouldn't we instead get this from our superclass? | efficient on startup but simpler. | TODO: see if C code can help here as Python lacks an | efficient switch construct
AZ4INX7XUdMD1-xUqsES,lib/sqlalchemy/sql/cache_key.py,cache_key.py,python:S1172,MEDIUM,MAINTAINABILITY,CODE_SMELL,"Remove the unused function parameter ""bindparams"".",658,5min,1.0,0.0,46.0,47.0,97.0,120.0,253.0,1058.0,E,A,3,2,49,116,4.0,TODO: wouldn't we instead get this from our superclass? | efficient on startup but simpler. | TODO: see if C code can help here as Python lacks an | efficient switch construct
AZ4INX7XUdMD1-xUqsET,lib/sqlalchemy/sql/cache_key.py,cache_key.py,python:S1172,MEDIUM,MAINTAINABILITY,CODE_SMELL,"Remove the unused function parameter ""parent"".",666,5min,1.0,0.0,46.0,47.0,97.0,120.0,253.0,1058.0,E,A,3,2,49,116,4.0,TODO: wouldn't we instead get this from our superclass? | efficient on startup but simpler. | TODO: see if C code can help here as Python lacks an | efficient switch construct
AZ4INX7XUdMD1-xUqsEU,lib/sqlalchemy/sql/cache_key.py,cache_key.py,python:S1172,MEDIUM,MAINTAINABILITY,CODE_SMELL,"Remove the unused function parameter ""parent"".",683,5min,1.0,0.0,46.0,47.0,97.0,120.0,253.0,1058.0,E,A,3,2,49,116,4.0,TODO: wouldn't we instead get this from our superclass? | efficient on startup but simpler. | TODO: see if C code can help here as Python lacks an | efficient switch construct
AZ4INX7XUdMD1-xUqsEV,lib/sqlalchemy/sql/cache_key.py,cache_key.py,python:S1172,MEDIUM,MAINTAINABILITY,CODE_SMELL,"Remove the unused function parameter ""parent"".",703,5min,1.0,0.0,46.0,47.0,97.0,120.0,253.0,1058.0,E,A,3,2,49,116,4.0,TODO: wouldn't we instead get this from our superclass? | efficient on startup but simpler. | TODO: see if C code can help here as Python lacks an | efficient switch construct
AZ4INX7XUdMD1-xUqsEW,lib/sqlalchemy/sql/cache_key.py,cache_key.py,python:S1172,MEDIUM,MAINTAINABILITY,CODE_SMELL,"Remove the unused function parameter ""parent"".",724,5min,1.0,0.0,46.0,47.0,97.0,120.0,253.0,1058.0,E,A,3,2,49,116,4.0,TODO: wouldn't we instead get this from our superclass? | efficient on startup but simpler. | TODO: see if C code can help here as Python lacks an | efficient switch construct
AZ4INX7XUdMD1-xUqsEX,lib/sqlalchemy/sql/cache_key.py,cache_key.py,python:S1172,MEDIUM,MAINTAINABILITY,CODE_SMELL,"Remove the unused function parameter ""parent"".",739,5min,1.0,0.0,46.0,47.0,97.0,120.0,253.0,1058.0,E,A,3,2,49,116,4.0,TODO: wouldn't we instead get this from our superclass? | efficient on startup but simpler. | TODO: see if C code can help here as Python lacks an | efficient switch construct
AZ4INX7XUdMD1-xUqsEY,lib/sqlalchemy/sql/cache_key.py,cache_key.py,python:S1172,MEDIUM,MAINTAINABILITY,CODE_SMELL,"Remove the unused function parameter ""parent"".",782,5min,1.0,0.0,46.0,47.0,97.0,120.0,253.0,1058.0,E,A,3,2,49,116,4.0,TODO: wouldn't we instead get this from our superclass? | efficient on startup but simpler. | TODO: see if C code can help here as Python lacks an | efficient switch construct
AZ4INX7XUdMD1-xUqsEZ,lib/sqlalchemy/sql/cache_key.py,cache_key.py,python:S1172,MEDIUM,MAINTAINABILITY,CODE_SMELL,"Remove the unused function parameter ""parent"".",797,5min,1.0,0.0,46.0,47.0,97.0,120.0,253.0,1058.0,E,A,3,2,49,116,4.0,TODO: wouldn't we instead get this from our superclass? | efficient on startup but simpler. | TODO: see if C code can help here as Python lacks an | efficient switch construct
AZ4INX7XUdMD1-xUqsEb,lib/sqlalchemy/sql/cache_key.py,cache_key.py,python:S1172,MEDIUM,MAINTAINABILITY,CODE_SMELL,"Remove the unused function parameter ""parent"".",817,5min,1.0,0.0,46.0,47.0,97.0,120.0,253.0,1058.0,E,A,3,2,49,116,4.0,TODO: wouldn't we instead get this from our superclass? | efficient on startup but simpler. | TODO: see if C code can help here as Python lacks an | efficient switch construct
AZ4INX7XUdMD1-xUqsEa,lib/sqlalchemy/sql/cache_key.py,cache_key.py,python:S1172,MEDIUM,MAINTAINABILITY,CODE_SMELL,"Remove the unused function parameter ""bindparams"".",819,5min,1.0,0.0,46.0,47.0,97.0,120.0,253.0,1058.0,E,A,3,2,49,116,4.0,TODO: wouldn't we instead get this from our superclass? | efficient on startup but simpler. | TODO: see if C code can help here as Python lacks an | efficient switch construct
AZ4INX7XUdMD1-xUqsEc,lib/sqlalchemy/sql/cache_key.py,cache_key.py,python:S1172,MEDIUM,MAINTAINABILITY,CODE_SMELL,"Remove the unused function parameter ""parent"".",827,5min,1.0,0.0,46.0,47.0,97.0,120.0,253.0,1058.0,E,A,3,2,49,116,4.0,TODO: wouldn't we instead get this from our superclass? | efficient on startup but simpler. | TODO: see if C code can help here as Python lacks an | efficient switch construct
AZ4INX7XUdMD1-xUqsEd,lib/sqlalchemy/sql/cache_key.py,cache_key.py,python:S1172,MEDIUM,MAINTAINABILITY,CODE_SMELL,"Remove the unused function parameter ""attrname"".",846,5min,1.0,0.0,46.0,47.0,97.0,120.0,253.0,1058.0,E,A,3,2,49,116,4.0,TODO: wouldn't we instead get this from our superclass? | efficient on startup but simpler. | TODO: see if C code can help here as Python lacks an | efficient switch construct
AZ4INX7XUdMD1-xUqsEe,lib/sqlalchemy/sql/cache_key.py,cache_key.py,python:S1172,MEDIUM,MAINTAINABILITY,CODE_SMELL,"Remove the unused function parameter ""parent"".",848,5min,1.0,0.0,46.0,47.0,97.0,120.0,253.0,1058.0,E,A,3,2,49,116,4.0,TODO: wouldn't we instead get this from our superclass? | efficient on startup but simpler. | TODO: see if C code can help here as Python lacks an | efficient switch construct
AZ4INX7XUdMD1-xUqsEf,lib/sqlalchemy/sql/cache_key.py,cache_key.py,python:S1172,MEDIUM,MAINTAINABILITY,CODE_SMELL,"Remove the unused function parameter ""parent"".",874,5min,1.0,0.0,46.0,47.0,97.0,120.0,253.0,1058.0,E,A,3,2,49,116,4.0,TODO: wouldn't we instead get this from our superclass? | efficient on startup but simpler. | TODO: see if C code can help here as Python lacks an | efficient switch construct
AZ4INX7XUdMD1-xUqsEh,lib/sqlalchemy/sql/cache_key.py,cache_key.py,python:S1172,MEDIUM,MAINTAINABILITY,CODE_SMELL,"Remove the unused function parameter ""parent"".",899,5min,1.0,0.0,46.0,47.0,97.0,120.0,253.0,1058.0,E,A,3,2,49,116,4.0,TODO: wouldn't we instead get this from our superclass? | efficient on startup but simpler. | TODO: see if C code can help here as Python lacks an | efficient switch construct
AZ4INX7XUdMD1-xUqsEg,lib/sqlalchemy/sql/cache_key.py,cache_key.py,python:S1172,MEDIUM,MAINTAINABILITY,CODE_SMELL,"Remove the unused function parameter ""bindparams"".",901,5min,1.0,0.0,46.0,47.0,97.0,120.0,253.0,1058.0,E,A,3,2,49,116,4.0,TODO: wouldn't we instead get this from our superclass? | efficient on startup but simpler. | TODO: see if C code can help here as Python lacks an | efficient switch construct
AZ4INX7XUdMD1-xUqsEj,lib/sqlalchemy/sql/cache_key.py,cache_key.py,python:S1172,MEDIUM,MAINTAINABILITY,CODE_SMELL,"Remove the unused function parameter ""parent"".",909,5min,1.0,0.0,46.0,47.0,97.0,120.0,253.0,1058.0,E,A,3,2,49,116,4.0,TODO: wouldn't we instead get this from our superclass? | efficient on startup but simpler. | TODO: see if C code can help here as Python lacks an | efficient switch construct
AZ4INX7XUdMD1-xUqsEi,lib/sqlalchemy/sql/cache_key.py,cache_key.py,python:S1172,MEDIUM,MAINTAINABILITY,CODE_SMELL,"Remove the unused function parameter ""bindparams"".",911,5min,1.0,0.0,46.0,47.0,97.0,120.0,253.0,1058.0,E,A,3,2,49,116,4.0,TODO: wouldn't we instead get this from our superclass? | efficient on startup but simpler. | TODO: see if C code can help here as Python lacks an | efficient switch construct
AZ4INX7XUdMD1-xUqsEk,lib/sqlalchemy/sql/cache_key.py,cache_key.py,python:S1172,MEDIUM,MAINTAINABILITY,CODE_SMELL,"Remove the unused function parameter ""parent"".",933,5min,1.0,0.0,46.0,47.0,97.0,120.0,253.0,1058.0,E,A,3,2,49,116,4.0,TODO: wouldn't we instead get this from our superclass? | efficient on startup but simpler. | TODO: see if C code can help here as Python lacks an | efficient switch construct
AZ4INX7XUdMD1-xUqsEl,lib/sqlalchemy/sql/cache_key.py,cache_key.py,python:S1172,MEDIUM,MAINTAINABILITY,CODE_SMELL,"Remove the unused function parameter ""parent"".",949,5min,1.0,0.0,46.0,47.0,97.0,120.0,253.0,1058.0,E,A,3,2,49,116,4.0,TODO: wouldn't we instead get this from our superclass? | efficient on startup but simpler. | TODO: see if C code can help here as Python lacks an | efficient switch construct
AZ4INX7XUdMD1-xUqsEm,lib/sqlalchemy/sql/cache_key.py,cache_key.py,python:S1172,MEDIUM,MAINTAINABILITY,CODE_SMELL,"Remove the unused function parameter ""parent"".",972,5min,1.0,0.0,46.0,47.0,97.0,120.0,253.0,1058.0,E,A,3,2,49,116,4.0,TODO: wouldn't we instead get this from our superclass? | efficient on startup but simpler. | TODO: see if C code can help here as Python lacks an | efficient switch construct
AZ4INX7XUdMD1-xUqsEn,lib/sqlalchemy/sql/cache_key.py,cache_key.py,python:S1172,MEDIUM,MAINTAINABILITY,CODE_SMELL,"Remove the unused function parameter ""attrname"".",987,5min,1.0,0.0,46.0,47.0,97.0,120.0,253.0,1058.0,E,A,3,2,49,116,4.0,TODO: wouldn't we instead get this from our superclass? | efficient on startup but simpler. | TODO: see if C code can help here as Python lacks an | efficient switch construct
AZ4INX7XUdMD1-xUqsEp,lib/sqlalchemy/sql/cache_key.py,cache_key.py,python:S1172,MEDIUM,MAINTAINABILITY,CODE_SMELL,"Remove the unused function parameter ""obj"".",988,5min,1.0,0.0,46.0,47.0,97.0,120.0,253.0,1058.0,E,A,3,2,49,116,4.0,TODO: wouldn't we instead get this from our superclass? | efficient on startup but simpler. | TODO: see if C code can help here as Python lacks an | efficient switch construct
AZ4INX7XUdMD1-xUqsEq,lib/sqlalchemy/sql/cache_key.py,cache_key.py,python:S1172,MEDIUM,MAINTAINABILITY,CODE_SMELL,"Remove the unused function parameter ""parent"".",989,5min,1.0,0.0,46.0,47.0,97.0,120.0,253.0,1058.0,E,A,3,2,49,116,4.0,TODO: wouldn't we instead get this from our superclass? | efficient on startup but simpler. | TODO: see if C code can help here as Python lacks an | efficient switch construct
AZ4INX7XUdMD1-xUqsEo,lib/sqlalchemy/sql/cache_key.py,cache_key.py,python:S1172,MEDIUM,MAINTAINABILITY,CODE_SMELL,"Remove the unused function parameter ""bindparams"".",991,5min,1.0,0.0,46.0,47.0,97.0,120.0,253.0,1058.0,E,A,3,2,49,116,4.0,TODO: wouldn't we instead get this from our superclass? | efficient on startup but simpler. | TODO: see if C code can help here as Python lacks an | efficient switch construct
AZ4INX7XUdMD1-xUqsEr,lib/sqlalchemy/sql/cache_key.py,cache_key.py,python:S1172,MEDIUM,MAINTAINABILITY,CODE_SMELL,"Remove the unused function parameter ""parent"".",1000,5min,1.0,0.0,46.0,47.0,97.0,120.0,253.0,1058.0,E,A,3,2,49,116,4.0,TODO: wouldn't we instead get this from our superclass? | efficient on startup but simpler. | TODO: see if C code can help here as Python lacks an | efficient switch construct
AZ4INX7XUdMD1-xUqsEs,lib/sqlalchemy/sql/cache_key.py,cache_key.py,python:S1172,MEDIUM,MAINTAINABILITY,CODE_SMELL,"Remove the unused function parameter ""parent"".",1023,5min,1.0,0.0,46.0,47.0,97.0,120.0,253.0,1058.0,E,A,3,2,49,116,4.0,TODO: wouldn't we instead get this from our superclass? | efficient on startup but simpler. | TODO: see if C code can help here as Python lacks an | efficient switch construct
AZ4INX7XUdMD1-xUqsEL,lib/sqlalchemy/sql/cache_key.py,cache_key.py,python:S4144,MEDIUM,MAINTAINABILITY,CODE_SMELL,Update this function so that its implementation is not identical to visit_unknown_structure on line 985.,1044,15min,1.0,0.0,46.0,47.0,97.0,120.0,253.0,1058.0,E,A,3,2,49,116,4.0,TODO: wouldn't we instead get this from our superclass? | efficient on startup but simpler. | TODO: see if C code can help here as Python lacks an | efficient switch construct
AZ4INX7XUdMD1-xUqsEw,lib/sqlalchemy/sql/cache_key.py,cache_key.py,python:S1172,MEDIUM,MAINTAINABILITY,CODE_SMELL,"Remove the unused function parameter ""attrname"".",1046,5min,1.0,0.0,46.0,47.0,97.0,120.0,253.0,1058.0,E,A,3,2,49,116,4.0,TODO: wouldn't we instead get this from our superclass? | efficient on startup but simpler. | TODO: see if C code can help here as Python lacks an | efficient switch construct
AZ4INX7XUdMD1-xUqsEt,lib/sqlalchemy/sql/cache_key.py,cache_key.py,python:S1172,MEDIUM,MAINTAINABILITY,CODE_SMELL,"Remove the unused function parameter ""obj"".",1047,5min,1.0,0.0,46.0,47.0,97.0,120.0,253.0,1058.0,E,A,3,2,49,116,4.0,TODO: wouldn't we instead get this from our superclass? | efficient on startup but simpler. | TODO: see if C code can help here as Python lacks an | efficient switch construct
AZ4INX7XUdMD1-xUqsEv,lib/sqlalchemy/sql/cache_key.py,cache_key.py,python:S1172,MEDIUM,MAINTAINABILITY,CODE_SMELL,"Remove the unused function parameter ""parent"".",1048,5min,1.0,0.0,46.0,47.0,97.0,120.0,253.0,1058.0,E,A,3,2,49,116,4.0,TODO: wouldn't we instead get this from our superclass? | efficient on startup but simpler. | TODO: see if C code can help here as Python lacks an | efficient switch construct
AZ4INX7XUdMD1-xUqsEu,lib/sqlalchemy/sql/cache_key.py,cache_key.py,python:S1172,MEDIUM,MAINTAINABILITY,CODE_SMELL,"Remove the unused function parameter ""bindparams"".",1050,5min,1.0,0.0,46.0,47.0,97.0,120.0,253.0,1058.0,E,A,3,2,49,116,4.0,TODO: wouldn't we instead get this from our superclass? | efficient on startup but simpler. | TODO: see if C code can help here as Python lacks an | efficient switch construct
AZ4INX7_UdMD1-xUqsGD,lib/sqlalchemy/sql/coercions.py,coercions.py,python:S2836,MEDIUM,MAINTAINABILITY,CODE_SMELL,"Add a ""break"" statement or remove this ""else"" clause.",107,5min,1.0,0.0,9.0,10.0,203.0,249.0,84.0,1406.0,B,A,5,3,13,116,6.0,"TODO: there's no test coverage now for the | this is a hack right now as we want to use coercion on an | ORM context _join and _legacy_join() would need to be improved | see #5754 for why we can't easily deprecate this coercion. | TODO: doing _implicit_subquery here causes tests to fail, | how was this working before?  probably that ORM"
AZ4INX7_UdMD1-xUqsGF,lib/sqlalchemy/sql/coercions.py,coercions.py,python:S1172,MEDIUM,MAINTAINABILITY,CODE_SMELL,"Remove the unused function parameter ""kw"".",487,5min,1.0,0.0,9.0,10.0,203.0,249.0,84.0,1406.0,B,A,5,3,13,116,6.0,"TODO: there's no test coverage now for the | this is a hack right now as we want to use coercion on an | ORM context _join and _legacy_join() would need to be improved | see #5754 for why we can't easily deprecate this coercion. | TODO: doing _implicit_subquery here causes tests to fail, | how was this working before?  probably that ORM"
AZ4INX7_UdMD1-xUqsGG,lib/sqlalchemy/sql/coercions.py,coercions.py,python:S1172,MEDIUM,MAINTAINABILITY,CODE_SMELL,"Remove the unused function parameter ""kw"".",500,5min,1.0,0.0,9.0,10.0,203.0,249.0,84.0,1406.0,B,A,5,3,13,116,6.0,"TODO: there's no test coverage now for the | this is a hack right now as we want to use coercion on an | ORM context _join and _legacy_join() would need to be improved | see #5754 for why we can't easily deprecate this coercion. | TODO: doing _implicit_subquery here causes tests to fail, | how was this working before?  probably that ORM"
AZ4INX7_UdMD1-xUqsGH,lib/sqlalchemy/sql/coercions.py,coercions.py,python:S1172,MEDIUM,MAINTAINABILITY,CODE_SMELL,"Remove the unused function parameter ""kw"".",525,5min,1.0,0.0,9.0,10.0,203.0,249.0,84.0,1406.0,B,A,5,3,13,116,6.0,"TODO: there's no test coverage now for the | this is a hack right now as we want to use coercion on an | ORM context _join and _legacy_join() would need to be improved | see #5754 for why we can't easily deprecate this coercion. | TODO: doing _implicit_subquery here causes tests to fail, | how was this working before?  probably that ORM"
AZ4INX8kUdMD1-xUqsHD,lib/sqlalchemy/sql/compiler.py,compiler.py,python:S1871,MEDIUM,MAINTAINABILITY,CODE_SMELL,"Either merge this branch with the identical one on line ""1439"" or change one of the implementations.",1447,10min,1.0,0.0,153.0,154.0,1158.0,1323.0,1258.0,7819.0,B,A,37,12,879,2,17.0,"way.   The parameters present in self.bind_names may be clones of | elsewhere in the statement already (e.g. a subquery or perhaps a | TODO: would need a fast cast again here, | for postcompile w/ expanding, move the ""wrapped"" part | TODO: this condition is not well understood. | TODO: accumulate_bind_names is passed by crud.py to gather | TODO: can we get at the .columns_plus_names collection | TODO: proxy_name is not technically safe, | as the better target for this now however for 1.4 we will keep | this is a hack to allow legacy result column lookups | TODO: this only seems to be tested indirectly | TODO: likely need asfrom=True here? | TODO: do we want non-primary key explicit sentinel cols | insert_sentinel=""degrade"" perhaps.  not for the initial release. | params inside them.   After multiple attempts to figure this out, | TODO: remove in 2.1 | TODO: no coverage here"
AZ4INX8kUdMD1-xUqsHI,lib/sqlalchemy/sql/compiler.py,compiler.py,python:S1172,MEDIUM,MAINTAINABILITY,CODE_SMELL,"Remove the unused function parameter ""asfrom"".",2418,5min,1.0,0.0,153.0,154.0,1158.0,1323.0,1258.0,7819.0,B,A,37,12,879,2,17.0,"way.   The parameters present in self.bind_names may be clones of | elsewhere in the statement already (e.g. a subquery or perhaps a | TODO: would need a fast cast again here, | for postcompile w/ expanding, move the ""wrapped"" part | TODO: this condition is not well understood. | TODO: accumulate_bind_names is passed by crud.py to gather | TODO: can we get at the .columns_plus_names collection | TODO: proxy_name is not technically safe, | as the better target for this now however for 1.4 we will keep | this is a hack to allow legacy result column lookups | TODO: this only seems to be tested indirectly | TODO: likely need asfrom=True here? | TODO: do we want non-primary key explicit sentinel cols | insert_sentinel=""degrade"" perhaps.  not for the initial release. | params inside them.   After multiple attempts to figure this out, | TODO: remove in 2.1 | TODO: no coverage here"
AZ4INX8kUdMD1-xUqsHK,lib/sqlalchemy/sql/compiler.py,compiler.py,python:S1172,MEDIUM,MAINTAINABILITY,CODE_SMELL,"Remove the unused function parameter ""kwargs"".",2581,5min,1.0,0.0,153.0,154.0,1158.0,1323.0,1258.0,7819.0,B,A,37,12,879,2,17.0,"way.   The parameters present in self.bind_names may be clones of | elsewhere in the statement already (e.g. a subquery or perhaps a | TODO: would need a fast cast again here, | for postcompile w/ expanding, move the ""wrapped"" part | TODO: this condition is not well understood. | TODO: accumulate_bind_names is passed by crud.py to gather | TODO: can we get at the .columns_plus_names collection | TODO: proxy_name is not technically safe, | as the better target for this now however for 1.4 we will keep | this is a hack to allow legacy result column lookups | TODO: this only seems to be tested indirectly | TODO: likely need asfrom=True here? | TODO: do we want non-primary key explicit sentinel cols | insert_sentinel=""degrade"" perhaps.  not for the initial release. | params inside them.   After multiple attempts to figure this out, | TODO: remove in 2.1 | TODO: no coverage here"
AZ4INX8kUdMD1-xUqsHM,lib/sqlalchemy/sql/compiler.py,compiler.py,python:S1172,MEDIUM,MAINTAINABILITY,CODE_SMELL,"Remove the unused function parameter ""kw"".",2633,5min,1.0,0.0,153.0,154.0,1158.0,1323.0,1258.0,7819.0,B,A,37,12,879,2,17.0,"way.   The parameters present in self.bind_names may be clones of | elsewhere in the statement already (e.g. a subquery or perhaps a | TODO: would need a fast cast again here, | for postcompile w/ expanding, move the ""wrapped"" part | TODO: this condition is not well understood. | TODO: accumulate_bind_names is passed by crud.py to gather | TODO: can we get at the .columns_plus_names collection | TODO: proxy_name is not technically safe, | as the better target for this now however for 1.4 we will keep | this is a hack to allow legacy result column lookups | TODO: this only seems to be tested indirectly | TODO: likely need asfrom=True here? | TODO: do we want non-primary key explicit sentinel cols | insert_sentinel=""degrade"" perhaps.  not for the initial release. | params inside them.   After multiple attempts to figure this out, | TODO: remove in 2.1 | TODO: no coverage here"
AZ4INX8kUdMD1-xUqsHN,lib/sqlalchemy/sql/compiler.py,compiler.py,python:S1172,MEDIUM,MAINTAINABILITY,CODE_SMELL,"Remove the unused function parameter ""kwargs"".",2636,5min,1.0,0.0,153.0,154.0,1158.0,1323.0,1258.0,7819.0,B,A,37,12,879,2,17.0,"way.   The parameters present in self.bind_names may be clones of | elsewhere in the statement already (e.g. a subquery or perhaps a | TODO: would need a fast cast again here, | for postcompile w/ expanding, move the ""wrapped"" part | TODO: this condition is not well understood. | TODO: accumulate_bind_names is passed by crud.py to gather | TODO: can we get at the .columns_plus_names collection | TODO: proxy_name is not technically safe, | as the better target for this now however for 1.4 we will keep | this is a hack to allow legacy result column lookups | TODO: this only seems to be tested indirectly | TODO: likely need asfrom=True here? | TODO: do we want non-primary key explicit sentinel cols | insert_sentinel=""degrade"" perhaps.  not for the initial release. | params inside them.   After multiple attempts to figure this out, | TODO: remove in 2.1 | TODO: no coverage here"
AZ4INX8kUdMD1-xUqsHO,lib/sqlalchemy/sql/compiler.py,compiler.py,python:S1172,MEDIUM,MAINTAINABILITY,CODE_SMELL,"Remove the unused function parameter ""kwargs"".",2639,5min,1.0,0.0,153.0,154.0,1158.0,1323.0,1258.0,7819.0,B,A,37,12,879,2,17.0,"way.   The parameters present in self.bind_names may be clones of | elsewhere in the statement already (e.g. a subquery or perhaps a | TODO: would need a fast cast again here, | for postcompile w/ expanding, move the ""wrapped"" part | TODO: this condition is not well understood. | TODO: accumulate_bind_names is passed by crud.py to gather | TODO: can we get at the .columns_plus_names collection | TODO: proxy_name is not technically safe, | as the better target for this now however for 1.4 we will keep | this is a hack to allow legacy result column lookups | TODO: this only seems to be tested indirectly | TODO: likely need asfrom=True here? | TODO: do we want non-primary key explicit sentinel cols | insert_sentinel=""degrade"" perhaps.  not for the initial release. | params inside them.   After multiple attempts to figure this out, | TODO: remove in 2.1 | TODO: no coverage here"
AZ4INX8kUdMD1-xUqsHA,lib/sqlalchemy/sql/compiler.py,compiler.py,python:S4144,MEDIUM,MAINTAINABILITY,CODE_SMELL,Update this function so that its implementation is not identical to post_process_text on line 2649.,2654,15min,1.0,0.0,153.0,154.0,1158.0,1323.0,1258.0,7819.0,B,A,37,12,879,2,17.0,"way.   The parameters present in self.bind_names may be clones of | elsewhere in the statement already (e.g. a subquery or perhaps a | TODO: would need a fast cast again here, | for postcompile w/ expanding, move the ""wrapped"" part | TODO: this condition is not well understood. | TODO: accumulate_bind_names is passed by crud.py to gather | TODO: can we get at the .columns_plus_names collection | TODO: proxy_name is not technically safe, | as the better target for this now however for 1.4 we will keep | this is a hack to allow legacy result column lookups | TODO: this only seems to be tested indirectly | TODO: likely need asfrom=True here? | TODO: do we want non-primary key explicit sentinel cols | insert_sentinel=""degrade"" perhaps.  not for the initial release. | params inside them.   After multiple attempts to figure this out, | TODO: remove in 2.1 | TODO: no coverage here"
AZ4INX8kUdMD1-xUqsHP,lib/sqlalchemy/sql/compiler.py,compiler.py,python:S1172,MEDIUM,MAINTAINABILITY,CODE_SMELL,"Remove the unused function parameter ""asfrom"".",2685,5min,1.0,0.0,153.0,154.0,1158.0,1323.0,1258.0,7819.0,B,A,37,12,879,2,17.0,"way.   The parameters present in self.bind_names may be clones of | elsewhere in the statement already (e.g. a subquery or perhaps a | TODO: would need a fast cast again here, | for postcompile w/ expanding, move the ""wrapped"" part | TODO: this condition is not well understood. | TODO: accumulate_bind_names is passed by crud.py to gather | TODO: can we get at the .columns_plus_names collection | TODO: proxy_name is not technically safe, | as the better target for this now however for 1.4 we will keep | this is a hack to allow legacy result column lookups | TODO: this only seems to be tested indirectly | TODO: likely need asfrom=True here? | TODO: do we want non-primary key explicit sentinel cols | insert_sentinel=""degrade"" perhaps.  not for the initial release. | params inside them.   After multiple attempts to figure this out, | TODO: remove in 2.1 | TODO: no coverage here"
AZ4INX8kUdMD1-xUqsHQ,lib/sqlalchemy/sql/compiler.py,compiler.py,python:S1172,MEDIUM,MAINTAINABILITY,CODE_SMELL,"Remove the unused function parameter ""expr"".",2736,5min,1.0,0.0,153.0,154.0,1158.0,1323.0,1258.0,7819.0,B,A,37,12,879,2,17.0,"way.   The parameters present in self.bind_names may be clones of | elsewhere in the statement already (e.g. a subquery or perhaps a | TODO: would need a fast cast again here, | for postcompile w/ expanding, move the ""wrapped"" part | TODO: this condition is not well understood. | TODO: accumulate_bind_names is passed by crud.py to gather | TODO: can we get at the .columns_plus_names collection | TODO: proxy_name is not technically safe, | as the better target for this now however for 1.4 we will keep | this is a hack to allow legacy result column lookups | TODO: this only seems to be tested indirectly | TODO: likely need asfrom=True here? | TODO: do we want non-primary key explicit sentinel cols | insert_sentinel=""degrade"" perhaps.  not for the initial release. | params inside them.   After multiple attempts to figure this out, | TODO: remove in 2.1 | TODO: no coverage here"
AZ4INX8kUdMD1-xUqsHR,lib/sqlalchemy/sql/compiler.py,compiler.py,python:S1172,MEDIUM,MAINTAINABILITY,CODE_SMELL,"Remove the unused function parameter ""kw"".",2736,5min,1.0,0.0,153.0,154.0,1158.0,1323.0,1258.0,7819.0,B,A,37,12,879,2,17.0,"way.   The parameters present in self.bind_names may be clones of | elsewhere in the statement already (e.g. a subquery or perhaps a | TODO: would need a fast cast again here, | for postcompile w/ expanding, move the ""wrapped"" part | TODO: this condition is not well understood. | TODO: accumulate_bind_names is passed by crud.py to gather | TODO: can we get at the .columns_plus_names collection | TODO: proxy_name is not technically safe, | as the better target for this now however for 1.4 we will keep | this is a hack to allow legacy result column lookups | TODO: this only seems to be tested indirectly | TODO: likely need asfrom=True here? | TODO: do we want non-primary key explicit sentinel cols | insert_sentinel=""degrade"" perhaps.  not for the initial release. | params inside them.   After multiple attempts to figure this out, | TODO: remove in 2.1 | TODO: no coverage here"
AZ4INX8kUdMD1-xUqsHS,lib/sqlalchemy/sql/compiler.py,compiler.py,python:S1172,MEDIUM,MAINTAINABILITY,CODE_SMELL,"Remove the unused function parameter ""expr"".",2739,5min,1.0,0.0,153.0,154.0,1158.0,1323.0,1258.0,7819.0,B,A,37,12,879,2,17.0,"way.   The parameters present in self.bind_names may be clones of | elsewhere in the statement already (e.g. a subquery or perhaps a | TODO: would need a fast cast again here, | for postcompile w/ expanding, move the ""wrapped"" part | TODO: this condition is not well understood. | TODO: accumulate_bind_names is passed by crud.py to gather | TODO: can we get at the .columns_plus_names collection | TODO: proxy_name is not technically safe, | as the better target for this now however for 1.4 we will keep | this is a hack to allow legacy result column lookups | TODO: this only seems to be tested indirectly | TODO: likely need asfrom=True here? | TODO: do we want non-primary key explicit sentinel cols | insert_sentinel=""degrade"" perhaps.  not for the initial release. | params inside them.   After multiple attempts to figure this out, | TODO: remove in 2.1 | TODO: no coverage here"
AZ4INX8kUdMD1-xUqsHT,lib/sqlalchemy/sql/compiler.py,compiler.py,python:S1172,MEDIUM,MAINTAINABILITY,CODE_SMELL,"Remove the unused function parameter ""kw"".",2739,5min,1.0,0.0,153.0,154.0,1158.0,1323.0,1258.0,7819.0,B,A,37,12,879,2,17.0,"way.   The parameters present in self.bind_names may be clones of | elsewhere in the statement already (e.g. a subquery or perhaps a | TODO: would need a fast cast again here, | for postcompile w/ expanding, move the ""wrapped"" part | TODO: this condition is not well understood. | TODO: accumulate_bind_names is passed by crud.py to gather | TODO: can we get at the .columns_plus_names collection | TODO: proxy_name is not technically safe, | as the better target for this now however for 1.4 we will keep | this is a hack to allow legacy result column lookups | TODO: this only seems to be tested indirectly | TODO: likely need asfrom=True here? | TODO: do we want non-primary key explicit sentinel cols | insert_sentinel=""degrade"" perhaps.  not for the initial release. | params inside them.   After multiple attempts to figure this out, | TODO: remove in 2.1 | TODO: no coverage here"
AZ4INX8kUdMD1-xUqsHU,lib/sqlalchemy/sql/compiler.py,compiler.py,python:S1172,MEDIUM,MAINTAINABILITY,CODE_SMELL,"Remove the unused function parameter ""kw"".",2745,5min,1.0,0.0,153.0,154.0,1158.0,1323.0,1258.0,7819.0,B,A,37,12,879,2,17.0,"way.   The parameters present in self.bind_names may be clones of | elsewhere in the statement already (e.g. a subquery or perhaps a | TODO: would need a fast cast again here, | for postcompile w/ expanding, move the ""wrapped"" part | TODO: this condition is not well understood. | TODO: accumulate_bind_names is passed by crud.py to gather | TODO: can we get at the .columns_plus_names collection | TODO: proxy_name is not technically safe, | as the better target for this now however for 1.4 we will keep | this is a hack to allow legacy result column lookups | TODO: this only seems to be tested indirectly | TODO: likely need asfrom=True here? | TODO: do we want non-primary key explicit sentinel cols | insert_sentinel=""degrade"" perhaps.  not for the initial release. | params inside them.   After multiple attempts to figure this out, | TODO: remove in 2.1 | TODO: no coverage here"
AZ4INX8kUdMD1-xUqsHV,lib/sqlalchemy/sql/compiler.py,compiler.py,python:S1172,MEDIUM,MAINTAINABILITY,CODE_SMELL,"Remove the unused function parameter ""expr"".",2745,5min,1.0,0.0,153.0,154.0,1158.0,1323.0,1258.0,7819.0,B,A,37,12,879,2,17.0,"way.   The parameters present in self.bind_names may be clones of | elsewhere in the statement already (e.g. a subquery or perhaps a | TODO: would need a fast cast again here, | for postcompile w/ expanding, move the ""wrapped"" part | TODO: this condition is not well understood. | TODO: accumulate_bind_names is passed by crud.py to gather | TODO: can we get at the .columns_plus_names collection | TODO: proxy_name is not technically safe, | as the better target for this now however for 1.4 we will keep | this is a hack to allow legacy result column lookups | TODO: this only seems to be tested indirectly | TODO: likely need asfrom=True here? | TODO: do we want non-primary key explicit sentinel cols | insert_sentinel=""degrade"" perhaps.  not for the initial release. | params inside them.   After multiple attempts to figure this out, | TODO: remove in 2.1 | TODO: no coverage here"
AZ4INX8kUdMD1-xUqsHW,lib/sqlalchemy/sql/compiler.py,compiler.py,python:S3358,MEDIUM,MAINTAINABILITY,CODE_SMELL,Extract this nested conditional expression into an independent statement.,2843,5min,1.0,0.0,153.0,154.0,1158.0,1323.0,1258.0,7819.0,B,A,37,12,879,2,17.0,"way.   The parameters present in self.bind_names may be clones of | elsewhere in the statement already (e.g. a subquery or perhaps a | TODO: would need a fast cast again here, | for postcompile w/ expanding, move the ""wrapped"" part | TODO: this condition is not well understood. | TODO: accumulate_bind_names is passed by crud.py to gather | TODO: can we get at the .columns_plus_names collection | TODO: proxy_name is not technically safe, | as the better target for this now however for 1.4 we will keep | this is a hack to allow legacy result column lookups | TODO: this only seems to be tested indirectly | TODO: likely need asfrom=True here? | TODO: do we want non-primary key explicit sentinel cols | insert_sentinel=""degrade"" perhaps.  not for the initial release. | params inside them.   After multiple attempts to figure this out, | TODO: remove in 2.1 | TODO: no coverage here"
AZ4INX8kUdMD1-xUqsHX,lib/sqlalchemy/sql/compiler.py,compiler.py,python:S3358,MEDIUM,MAINTAINABILITY,CODE_SMELL,Extract this nested conditional expression into an independent statement.,2846,5min,1.0,0.0,153.0,154.0,1158.0,1323.0,1258.0,7819.0,B,A,37,12,879,2,17.0,"way.   The parameters present in self.bind_names may be clones of | elsewhere in the statement already (e.g. a subquery or perhaps a | TODO: would need a fast cast again here, | for postcompile w/ expanding, move the ""wrapped"" part | TODO: this condition is not well understood. | TODO: accumulate_bind_names is passed by crud.py to gather | TODO: can we get at the .columns_plus_names collection | TODO: proxy_name is not technically safe, | as the better target for this now however for 1.4 we will keep | this is a hack to allow legacy result column lookups | TODO: this only seems to be tested indirectly | TODO: likely need asfrom=True here? | TODO: do we want non-primary key explicit sentinel cols | insert_sentinel=""degrade"" perhaps.  not for the initial release. | params inside them.   After multiple attempts to figure this out, | TODO: remove in 2.1 | TODO: no coverage here"
AZ4INX8kUdMD1-xUqsHY,lib/sqlalchemy/sql/compiler.py,compiler.py,python:S3358,MEDIUM,MAINTAINABILITY,CODE_SMELL,Extract this nested conditional expression into an independent statement.,2862,5min,1.0,0.0,153.0,154.0,1158.0,1323.0,1258.0,7819.0,B,A,37,12,879,2,17.0,"way.   The parameters present in self.bind_names may be clones of | elsewhere in the statement already (e.g. a subquery or perhaps a | TODO: would need a fast cast again here, | for postcompile w/ expanding, move the ""wrapped"" part | TODO: this condition is not well understood. | TODO: accumulate_bind_names is passed by crud.py to gather | TODO: can we get at the .columns_plus_names collection | TODO: proxy_name is not technically safe, | as the better target for this now however for 1.4 we will keep | this is a hack to allow legacy result column lookups | TODO: this only seems to be tested indirectly | TODO: likely need asfrom=True here? | TODO: do we want non-primary key explicit sentinel cols | insert_sentinel=""degrade"" perhaps.  not for the initial release. | params inside them.   After multiple attempts to figure this out, | TODO: remove in 2.1 | TODO: no coverage here"
AZ4INX8kUdMD1-xUqsHZ,lib/sqlalchemy/sql/compiler.py,compiler.py,python:S3358,MEDIUM,MAINTAINABILITY,CODE_SMELL,Extract this nested conditional expression into an independent statement.,2865,5min,1.0,0.0,153.0,154.0,1158.0,1323.0,1258.0,7819.0,B,A,37,12,879,2,17.0,"way.   The parameters present in self.bind_names may be clones of | elsewhere in the statement already (e.g. a subquery or perhaps a | TODO: would need a fast cast again here, | for postcompile w/ expanding, move the ""wrapped"" part | TODO: this condition is not well understood. | TODO: accumulate_bind_names is passed by crud.py to gather | TODO: can we get at the .columns_plus_names collection | TODO: proxy_name is not technically safe, | as the better target for this now however for 1.4 we will keep | this is a hack to allow legacy result column lookups | TODO: this only seems to be tested indirectly | TODO: likely need asfrom=True here? | TODO: do we want non-primary key explicit sentinel cols | insert_sentinel=""degrade"" perhaps.  not for the initial release. | params inside them.   After multiple attempts to figure this out, | TODO: remove in 2.1 | TODO: no coverage here"
AZ4INX8kUdMD1-xUqsHb,lib/sqlalchemy/sql/compiler.py,compiler.py,python:S1172,MEDIUM,MAINTAINABILITY,CODE_SMELL,"Remove the unused function parameter ""kw"".",2978,5min,1.0,0.0,153.0,154.0,1158.0,1323.0,1258.0,7819.0,B,A,37,12,879,2,17.0,"way.   The parameters present in self.bind_names may be clones of | elsewhere in the statement already (e.g. a subquery or perhaps a | TODO: would need a fast cast again here, | for postcompile w/ expanding, move the ""wrapped"" part | TODO: this condition is not well understood. | TODO: accumulate_bind_names is passed by crud.py to gather | TODO: can we get at the .columns_plus_names collection | TODO: proxy_name is not technically safe, | as the better target for this now however for 1.4 we will keep | this is a hack to allow legacy result column lookups | TODO: this only seems to be tested indirectly | TODO: likely need asfrom=True here? | TODO: do we want non-primary key explicit sentinel cols | insert_sentinel=""degrade"" perhaps.  not for the initial release. | params inside them.   After multiple attempts to figure this out, | TODO: remove in 2.1 | TODO: no coverage here"
AZ4INX8kUdMD1-xUqsHc,lib/sqlalchemy/sql/compiler.py,compiler.py,python:S1172,MEDIUM,MAINTAINABILITY,CODE_SMELL,"Remove the unused function parameter ""operator"".",3107,5min,1.0,0.0,153.0,154.0,1158.0,1323.0,1258.0,7819.0,B,A,37,12,879,2,17.0,"way.   The parameters present in self.bind_names may be clones of | elsewhere in the statement already (e.g. a subquery or perhaps a | TODO: would need a fast cast again here, | for postcompile w/ expanding, move the ""wrapped"" part | TODO: this condition is not well understood. | TODO: accumulate_bind_names is passed by crud.py to gather | TODO: can we get at the .columns_plus_names collection | TODO: proxy_name is not technically safe, | as the better target for this now however for 1.4 we will keep | this is a hack to allow legacy result column lookups | TODO: this only seems to be tested indirectly | TODO: likely need asfrom=True here? | TODO: do we want non-primary key explicit sentinel cols | insert_sentinel=""degrade"" perhaps.  not for the initial release. | params inside them.   After multiple attempts to figure this out, | TODO: remove in 2.1 | TODO: no coverage here"
AZ4INX8kUdMD1-xUqsHe,lib/sqlalchemy/sql/compiler.py,compiler.py,python:S1172,MEDIUM,MAINTAINABILITY,CODE_SMELL,"Remove the unused function parameter ""operator"".",3134,5min,1.0,0.0,153.0,154.0,1158.0,1323.0,1258.0,7819.0,B,A,37,12,879,2,17.0,"way.   The parameters present in self.bind_names may be clones of | elsewhere in the statement already (e.g. a subquery or perhaps a | TODO: would need a fast cast again here, | for postcompile w/ expanding, move the ""wrapped"" part | TODO: this condition is not well understood. | TODO: accumulate_bind_names is passed by crud.py to gather | TODO: can we get at the .columns_plus_names collection | TODO: proxy_name is not technically safe, | as the better target for this now however for 1.4 we will keep | this is a hack to allow legacy result column lookups | TODO: this only seems to be tested indirectly | TODO: likely need asfrom=True here? | TODO: do we want non-primary key explicit sentinel cols | insert_sentinel=""degrade"" perhaps.  not for the initial release. | params inside them.   After multiple attempts to figure this out, | TODO: remove in 2.1 | TODO: no coverage here"
AZ4INX8kUdMD1-xUqsHf,lib/sqlalchemy/sql/compiler.py,compiler.py,python:S1172,MEDIUM,MAINTAINABILITY,CODE_SMELL,"Remove the unused function parameter ""operator"".",3151,5min,1.0,0.0,153.0,154.0,1158.0,1323.0,1258.0,7819.0,B,A,37,12,879,2,17.0,"way.   The parameters present in self.bind_names may be clones of | elsewhere in the statement already (e.g. a subquery or perhaps a | TODO: would need a fast cast again here, | for postcompile w/ expanding, move the ""wrapped"" part | TODO: this condition is not well understood. | TODO: accumulate_bind_names is passed by crud.py to gather | TODO: can we get at the .columns_plus_names collection | TODO: proxy_name is not technically safe, | as the better target for this now however for 1.4 we will keep | this is a hack to allow legacy result column lookups | TODO: this only seems to be tested indirectly | TODO: likely need asfrom=True here? | TODO: do we want non-primary key explicit sentinel cols | insert_sentinel=""degrade"" perhaps.  not for the initial release. | params inside them.   After multiple attempts to figure this out, | TODO: remove in 2.1 | TODO: no coverage here"
AZ4INX8kUdMD1-xUqsHg,lib/sqlalchemy/sql/compiler.py,compiler.py,python:S1172,MEDIUM,MAINTAINABILITY,CODE_SMELL,"Remove the unused function parameter ""operator"".",3160,5min,1.0,0.0,153.0,154.0,1158.0,1323.0,1258.0,7819.0,B,A,37,12,879,2,17.0,"way.   The parameters present in self.bind_names may be clones of | elsewhere in the statement already (e.g. a subquery or perhaps a | TODO: would need a fast cast again here, | for postcompile w/ expanding, move the ""wrapped"" part | TODO: this condition is not well understood. | TODO: accumulate_bind_names is passed by crud.py to gather | TODO: can we get at the .columns_plus_names collection | TODO: proxy_name is not technically safe, | as the better target for this now however for 1.4 we will keep | this is a hack to allow legacy result column lookups | TODO: this only seems to be tested indirectly | TODO: likely need asfrom=True here? | TODO: do we want non-primary key explicit sentinel cols | insert_sentinel=""degrade"" perhaps.  not for the initial release. | params inside them.   After multiple attempts to figure this out, | TODO: remove in 2.1 | TODO: no coverage here"
AZ4INX8kUdMD1-xUqsHh,lib/sqlalchemy/sql/compiler.py,compiler.py,python:S1172,MEDIUM,MAINTAINABILITY,CODE_SMELL,"Remove the unused function parameter ""kw"".",3169,5min,1.0,0.0,153.0,154.0,1158.0,1323.0,1258.0,7819.0,B,A,37,12,879,2,17.0,"way.   The parameters present in self.bind_names may be clones of | elsewhere in the statement already (e.g. a subquery or perhaps a | TODO: would need a fast cast again here, | for postcompile w/ expanding, move the ""wrapped"" part | TODO: this condition is not well understood. | TODO: accumulate_bind_names is passed by crud.py to gather | TODO: can we get at the .columns_plus_names collection | TODO: proxy_name is not technically safe, | as the better target for this now however for 1.4 we will keep | this is a hack to allow legacy result column lookups | TODO: this only seems to be tested indirectly | TODO: likely need asfrom=True here? | TODO: do we want non-primary key explicit sentinel cols | insert_sentinel=""degrade"" perhaps.  not for the initial release. | params inside them.   After multiple attempts to figure this out, | TODO: remove in 2.1 | TODO: no coverage here"
AZ4INX8kUdMD1-xUqsHi,lib/sqlalchemy/sql/compiler.py,compiler.py,python:S1172,MEDIUM,MAINTAINABILITY,CODE_SMELL,"Remove the unused function parameter ""operator"".",3169,5min,1.0,0.0,153.0,154.0,1158.0,1323.0,1258.0,7819.0,B,A,37,12,879,2,17.0,"way.   The parameters present in self.bind_names may be clones of | elsewhere in the statement already (e.g. a subquery or perhaps a | TODO: would need a fast cast again here, | for postcompile w/ expanding, move the ""wrapped"" part | TODO: this condition is not well understood. | TODO: accumulate_bind_names is passed by crud.py to gather | TODO: can we get at the .columns_plus_names collection | TODO: proxy_name is not technically safe, | as the better target for this now however for 1.4 we will keep | this is a hack to allow legacy result column lookups | TODO: this only seems to be tested indirectly | TODO: likely need asfrom=True here? | TODO: do we want non-primary key explicit sentinel cols | insert_sentinel=""degrade"" perhaps.  not for the initial release. | params inside them.   After multiple attempts to figure this out, | TODO: remove in 2.1 | TODO: no coverage here"
AZ4INX8kUdMD1-xUqsHj,lib/sqlalchemy/sql/compiler.py,compiler.py,python:S1172,MEDIUM,MAINTAINABILITY,CODE_SMELL,"Remove the unused function parameter ""kw"".",3182,5min,1.0,0.0,153.0,154.0,1158.0,1323.0,1258.0,7819.0,B,A,37,12,879,2,17.0,"way.   The parameters present in self.bind_names may be clones of | elsewhere in the statement already (e.g. a subquery or perhaps a | TODO: would need a fast cast again here, | for postcompile w/ expanding, move the ""wrapped"" part | TODO: this condition is not well understood. | TODO: accumulate_bind_names is passed by crud.py to gather | TODO: can we get at the .columns_plus_names collection | TODO: proxy_name is not technically safe, | as the better target for this now however for 1.4 we will keep | this is a hack to allow legacy result column lookups | TODO: this only seems to be tested indirectly | TODO: likely need asfrom=True here? | TODO: do we want non-primary key explicit sentinel cols | insert_sentinel=""degrade"" perhaps.  not for the initial release. | params inside them.   After multiple attempts to figure this out, | TODO: remove in 2.1 | TODO: no coverage here"
AZ4INX8kUdMD1-xUqsHo,lib/sqlalchemy/sql/compiler.py,compiler.py,python:S1172,MEDIUM,MAINTAINABILITY,CODE_SMELL,"Remove the unused function parameter ""eager_grouping"".",3363,5min,1.0,0.0,153.0,154.0,1158.0,1323.0,1258.0,7819.0,B,A,37,12,879,2,17.0,"way.   The parameters present in self.bind_names may be clones of | elsewhere in the statement already (e.g. a subquery or perhaps a | TODO: would need a fast cast again here, | for postcompile w/ expanding, move the ""wrapped"" part | TODO: this condition is not well understood. | TODO: accumulate_bind_names is passed by crud.py to gather | TODO: can we get at the .columns_plus_names collection | TODO: proxy_name is not technically safe, | as the better target for this now however for 1.4 we will keep | this is a hack to allow legacy result column lookups | TODO: this only seems to be tested indirectly | TODO: likely need asfrom=True here? | TODO: do we want non-primary key explicit sentinel cols | insert_sentinel=""degrade"" perhaps.  not for the initial release. | params inside them.   After multiple attempts to figure this out, | TODO: remove in 2.1 | TODO: no coverage here"
AZ4INX8kUdMD1-xUqsHp,lib/sqlalchemy/sql/compiler.py,compiler.py,python:S1172,MEDIUM,MAINTAINABILITY,CODE_SMELL,"Remove the unused function parameter ""operator"".",3415,5min,1.0,0.0,153.0,154.0,1158.0,1323.0,1258.0,7819.0,B,A,37,12,879,2,17.0,"way.   The parameters present in self.bind_names may be clones of | elsewhere in the statement already (e.g. a subquery or perhaps a | TODO: would need a fast cast again here, | for postcompile w/ expanding, move the ""wrapped"" part | TODO: this condition is not well understood. | TODO: accumulate_bind_names is passed by crud.py to gather | TODO: can we get at the .columns_plus_names collection | TODO: proxy_name is not technically safe, | as the better target for this now however for 1.4 we will keep | this is a hack to allow legacy result column lookups | TODO: this only seems to be tested indirectly | TODO: likely need asfrom=True here? | TODO: do we want non-primary key explicit sentinel cols | insert_sentinel=""degrade"" perhaps.  not for the initial release. | params inside them.   After multiple attempts to figure this out, | TODO: remove in 2.1 | TODO: no coverage here"
AZ4INX8kUdMD1-xUqsHq,lib/sqlalchemy/sql/compiler.py,compiler.py,python:S1172,MEDIUM,MAINTAINABILITY,CODE_SMELL,"Remove the unused function parameter ""operator"".",3418,5min,1.0,0.0,153.0,154.0,1158.0,1323.0,1258.0,7819.0,B,A,37,12,879,2,17.0,"way.   The parameters present in self.bind_names may be clones of | elsewhere in the statement already (e.g. a subquery or perhaps a | TODO: would need a fast cast again here, | for postcompile w/ expanding, move the ""wrapped"" part | TODO: this condition is not well understood. | TODO: accumulate_bind_names is passed by crud.py to gather | TODO: can we get at the .columns_plus_names collection | TODO: proxy_name is not technically safe, | as the better target for this now however for 1.4 we will keep | this is a hack to allow legacy result column lookups | TODO: this only seems to be tested indirectly | TODO: likely need asfrom=True here? | TODO: do we want non-primary key explicit sentinel cols | insert_sentinel=""degrade"" perhaps.  not for the initial release. | params inside them.   After multiple attempts to figure this out, | TODO: remove in 2.1 | TODO: no coverage here"
AZ4INX8kUdMD1-xUqsHr,lib/sqlalchemy/sql/compiler.py,compiler.py,python:S1172,MEDIUM,MAINTAINABILITY,CODE_SMELL,"Remove the unused function parameter ""operator"".",3566,5min,1.0,0.0,153.0,154.0,1158.0,1323.0,1258.0,7819.0,B,A,37,12,879,2,17.0,"way.   The parameters present in self.bind_names may be clones of | elsewhere in the statement already (e.g. a subquery or perhaps a | TODO: would need a fast cast again here, | for postcompile w/ expanding, move the ""wrapped"" part | TODO: this condition is not well understood. | TODO: accumulate_bind_names is passed by crud.py to gather | TODO: can we get at the .columns_plus_names collection | TODO: proxy_name is not technically safe, | as the better target for this now however for 1.4 we will keep | this is a hack to allow legacy result column lookups | TODO: this only seems to be tested indirectly | TODO: likely need asfrom=True here? | TODO: do we want non-primary key explicit sentinel cols | insert_sentinel=""degrade"" perhaps.  not for the initial release. | params inside them.   After multiple attempts to figure this out, | TODO: remove in 2.1 | TODO: no coverage here"
AZ4INX8kUdMD1-xUqsHs,lib/sqlalchemy/sql/compiler.py,compiler.py,python:S1172,MEDIUM,MAINTAINABILITY,CODE_SMELL,"Remove the unused function parameter ""operator"".",3578,5min,1.0,0.0,153.0,154.0,1158.0,1323.0,1258.0,7819.0,B,A,37,12,879,2,17.0,"way.   The parameters present in self.bind_names may be clones of | elsewhere in the statement already (e.g. a subquery or perhaps a | TODO: would need a fast cast again here, | for postcompile w/ expanding, move the ""wrapped"" part | TODO: this condition is not well understood. | TODO: accumulate_bind_names is passed by crud.py to gather | TODO: can we get at the .columns_plus_names collection | TODO: proxy_name is not technically safe, | as the better target for this now however for 1.4 we will keep | this is a hack to allow legacy result column lookups | TODO: this only seems to be tested indirectly | TODO: likely need asfrom=True here? | TODO: do we want non-primary key explicit sentinel cols | insert_sentinel=""degrade"" perhaps.  not for the initial release. | params inside them.   After multiple attempts to figure this out, | TODO: remove in 2.1 | TODO: no coverage here"
AZ4INX8kUdMD1-xUqsHt,lib/sqlalchemy/sql/compiler.py,compiler.py,python:S1172,MEDIUM,MAINTAINABILITY,CODE_SMELL,"Remove the unused function parameter ""operator"".",3607,5min,1.0,0.0,153.0,154.0,1158.0,1323.0,1258.0,7819.0,B,A,37,12,879,2,17.0,"way.   The parameters present in self.bind_names may be clones of | elsewhere in the statement already (e.g. a subquery or perhaps a | TODO: would need a fast cast again here, | for postcompile w/ expanding, move the ""wrapped"" part | TODO: this condition is not well understood. | TODO: accumulate_bind_names is passed by crud.py to gather | TODO: can we get at the .columns_plus_names collection | TODO: proxy_name is not technically safe, | as the better target for this now however for 1.4 we will keep | this is a hack to allow legacy result column lookups | TODO: this only seems to be tested indirectly | TODO: likely need asfrom=True here? | TODO: do we want non-primary key explicit sentinel cols | insert_sentinel=""degrade"" perhaps.  not for the initial release. | params inside them.   After multiple attempts to figure this out, | TODO: remove in 2.1 | TODO: no coverage here"
AZ4INX8kUdMD1-xUqsHu,lib/sqlalchemy/sql/compiler.py,compiler.py,python:S1172,MEDIUM,MAINTAINABILITY,CODE_SMELL,"Remove the unused function parameter ""operator"".",3613,5min,1.0,0.0,153.0,154.0,1158.0,1323.0,1258.0,7819.0,B,A,37,12,879,2,17.0,"way.   The parameters present in self.bind_names may be clones of | elsewhere in the statement already (e.g. a subquery or perhaps a | TODO: would need a fast cast again here, | for postcompile w/ expanding, move the ""wrapped"" part | TODO: this condition is not well understood. | TODO: accumulate_bind_names is passed by crud.py to gather | TODO: can we get at the .columns_plus_names collection | TODO: proxy_name is not technically safe, | as the better target for this now however for 1.4 we will keep | this is a hack to allow legacy result column lookups | TODO: this only seems to be tested indirectly | TODO: likely need asfrom=True here? | TODO: do we want non-primary key explicit sentinel cols | insert_sentinel=""degrade"" perhaps.  not for the initial release. | params inside them.   After multiple attempts to figure this out, | TODO: remove in 2.1 | TODO: no coverage here"
AZ4INX8kUdMD1-xUqsHz,lib/sqlalchemy/sql/compiler.py,compiler.py,python:S1172,MEDIUM,MAINTAINABILITY,CODE_SMELL,"Remove the unused function parameter ""kw"".",3923,5min,1.0,0.0,153.0,154.0,1158.0,1323.0,1258.0,7819.0,B,A,37,12,879,2,17.0,"way.   The parameters present in self.bind_names may be clones of | elsewhere in the statement already (e.g. a subquery or perhaps a | TODO: would need a fast cast again here, | for postcompile w/ expanding, move the ""wrapped"" part | TODO: this condition is not well understood. | TODO: accumulate_bind_names is passed by crud.py to gather | TODO: can we get at the .columns_plus_names collection | TODO: proxy_name is not technically safe, | as the better target for this now however for 1.4 we will keep | this is a hack to allow legacy result column lookups | TODO: this only seems to be tested indirectly | TODO: likely need asfrom=True here? | TODO: do we want non-primary key explicit sentinel cols | insert_sentinel=""degrade"" perhaps.  not for the initial release. | params inside them.   After multiple attempts to figure this out, | TODO: remove in 2.1 | TODO: no coverage here"
AZ4INX8kUdMD1-xUqsG-,lib/sqlalchemy/sql/compiler.py,compiler.py,python:S1066,MEDIUM,MAINTAINABILITY,CODE_SMELL,Merge this if statement with the enclosing one.,3935,5min,1.0,0.0,153.0,154.0,1158.0,1323.0,1258.0,7819.0,B,A,37,12,879,2,17.0,"way.   The parameters present in self.bind_names may be clones of | elsewhere in the statement already (e.g. a subquery or perhaps a | TODO: would need a fast cast again here, | for postcompile w/ expanding, move the ""wrapped"" part | TODO: this condition is not well understood. | TODO: accumulate_bind_names is passed by crud.py to gather | TODO: can we get at the .columns_plus_names collection | TODO: proxy_name is not technically safe, | as the better target for this now however for 1.4 we will keep | this is a hack to allow legacy result column lookups | TODO: this only seems to be tested indirectly | TODO: likely need asfrom=True here? | TODO: do we want non-primary key explicit sentinel cols | insert_sentinel=""degrade"" perhaps.  not for the initial release. | params inside them.   After multiple attempts to figure this out, | TODO: remove in 2.1 | TODO: no coverage here"
AZ4INX8kUdMD1-xUqsH2,lib/sqlalchemy/sql/compiler.py,compiler.py,python:S1172,MEDIUM,MAINTAINABILITY,CODE_SMELL,"Remove the unused function parameter ""ashint"".",3993,5min,1.0,0.0,153.0,154.0,1158.0,1323.0,1258.0,7819.0,B,A,37,12,879,2,17.0,"way.   The parameters present in self.bind_names may be clones of | elsewhere in the statement already (e.g. a subquery or perhaps a | TODO: would need a fast cast again here, | for postcompile w/ expanding, move the ""wrapped"" part | TODO: this condition is not well understood. | TODO: accumulate_bind_names is passed by crud.py to gather | TODO: can we get at the .columns_plus_names collection | TODO: proxy_name is not technically safe, | as the better target for this now however for 1.4 we will keep | this is a hack to allow legacy result column lookups | TODO: this only seems to be tested indirectly | TODO: likely need asfrom=True here? | TODO: do we want non-primary key explicit sentinel cols | insert_sentinel=""degrade"" perhaps.  not for the initial release. | params inside them.   After multiple attempts to figure this out, | TODO: remove in 2.1 | TODO: no coverage here"
AZ4INX8kUdMD1-xUqsH3,lib/sqlalchemy/sql/compiler.py,compiler.py,python:S1172,MEDIUM,MAINTAINABILITY,CODE_SMELL,"Remove the unused function parameter ""fromhints"".",3994,5min,1.0,0.0,153.0,154.0,1158.0,1323.0,1258.0,7819.0,B,A,37,12,879,2,17.0,"way.   The parameters present in self.bind_names may be clones of | elsewhere in the statement already (e.g. a subquery or perhaps a | TODO: would need a fast cast again here, | for postcompile w/ expanding, move the ""wrapped"" part | TODO: this condition is not well understood. | TODO: accumulate_bind_names is passed by crud.py to gather | TODO: can we get at the .columns_plus_names collection | TODO: proxy_name is not technically safe, | as the better target for this now however for 1.4 we will keep | this is a hack to allow legacy result column lookups | TODO: this only seems to be tested indirectly | TODO: likely need asfrom=True here? | TODO: do we want non-primary key explicit sentinel cols | insert_sentinel=""degrade"" perhaps.  not for the initial release. | params inside them.   After multiple attempts to figure this out, | TODO: remove in 2.1 | TODO: no coverage here"
AZ4INX8kUdMD1-xUqsH7,lib/sqlalchemy/sql/compiler.py,compiler.py,python:S1854,MEDIUM,MAINTAINABILITY,CODE_SMELL,Remove this assignment to local variable 'enclosing_alias'; the value is never used.,4248,1min,1.0,0.0,153.0,154.0,1158.0,1323.0,1258.0,7819.0,B,A,37,12,879,2,17.0,"way.   The parameters present in self.bind_names may be clones of | elsewhere in the statement already (e.g. a subquery or perhaps a | TODO: would need a fast cast again here, | for postcompile w/ expanding, move the ""wrapped"" part | TODO: this condition is not well understood. | TODO: accumulate_bind_names is passed by crud.py to gather | TODO: can we get at the .columns_plus_names collection | TODO: proxy_name is not technically safe, | as the better target for this now however for 1.4 we will keep | this is a hack to allow legacy result column lookups | TODO: this only seems to be tested indirectly | TODO: likely need asfrom=True here? | TODO: do we want non-primary key explicit sentinel cols | insert_sentinel=""degrade"" perhaps.  not for the initial release. | params inside them.   After multiple attempts to figure this out, | TODO: remove in 2.1 | TODO: no coverage here"
AZ4INX8kUdMD1-xUqsH9,lib/sqlalchemy/sql/compiler.py,compiler.py,python:S1172,MEDIUM,MAINTAINABILITY,CODE_SMELL,"Remove the unused function parameter ""asfrom"".",4311,5min,1.0,0.0,153.0,154.0,1158.0,1323.0,1258.0,7819.0,B,A,37,12,879,2,17.0,"way.   The parameters present in self.bind_names may be clones of | elsewhere in the statement already (e.g. a subquery or perhaps a | TODO: would need a fast cast again here, | for postcompile w/ expanding, move the ""wrapped"" part | TODO: this condition is not well understood. | TODO: accumulate_bind_names is passed by crud.py to gather | TODO: can we get at the .columns_plus_names collection | TODO: proxy_name is not technically safe, | as the better target for this now however for 1.4 we will keep | this is a hack to allow legacy result column lookups | TODO: this only seems to be tested indirectly | TODO: likely need asfrom=True here? | TODO: do we want non-primary key explicit sentinel cols | insert_sentinel=""degrade"" perhaps.  not for the initial release. | params inside them.   After multiple attempts to figure this out, | TODO: remove in 2.1 | TODO: no coverage here"
AZ4INX8kUdMD1-xUqsH-,lib/sqlalchemy/sql/compiler.py,compiler.py,python:S1172,MEDIUM,MAINTAINABILITY,CODE_SMELL,"Remove the unused function parameter ""stmt"".",4408,5min,1.0,0.0,153.0,154.0,1158.0,1323.0,1258.0,7819.0,B,A,37,12,879,2,17.0,"way.   The parameters present in self.bind_names may be clones of | elsewhere in the statement already (e.g. a subquery or perhaps a | TODO: would need a fast cast again here, | for postcompile w/ expanding, move the ""wrapped"" part | TODO: this condition is not well understood. | TODO: accumulate_bind_names is passed by crud.py to gather | TODO: can we get at the .columns_plus_names collection | TODO: proxy_name is not technically safe, | as the better target for this now however for 1.4 we will keep | this is a hack to allow legacy result column lookups | TODO: this only seems to be tested indirectly | TODO: likely need asfrom=True here? | TODO: do we want non-primary key explicit sentinel cols | insert_sentinel=""degrade"" perhaps.  not for the initial release. | params inside them.   After multiple attempts to figure this out, | TODO: remove in 2.1 | TODO: no coverage here"
AZ4INX8kUdMD1-xUqsH_,lib/sqlalchemy/sql/compiler.py,compiler.py,python:S1172,MEDIUM,MAINTAINABILITY,CODE_SMELL,"Remove the unused function parameter ""select"".",4430,5min,1.0,0.0,153.0,154.0,1158.0,1323.0,1258.0,7819.0,B,A,37,12,879,2,17.0,"way.   The parameters present in self.bind_names may be clones of | elsewhere in the statement already (e.g. a subquery or perhaps a | TODO: would need a fast cast again here, | for postcompile w/ expanding, move the ""wrapped"" part | TODO: this condition is not well understood. | TODO: accumulate_bind_names is passed by crud.py to gather | TODO: can we get at the .columns_plus_names collection | TODO: proxy_name is not technically safe, | as the better target for this now however for 1.4 we will keep | this is a hack to allow legacy result column lookups | TODO: this only seems to be tested indirectly | TODO: likely need asfrom=True here? | TODO: do we want non-primary key explicit sentinel cols | insert_sentinel=""degrade"" perhaps.  not for the initial release. | params inside them.   After multiple attempts to figure this out, | TODO: remove in 2.1 | TODO: no coverage here"
AZ4INX8kUdMD1-xUqsIB,lib/sqlalchemy/sql/compiler.py,compiler.py,python:S1172,MEDIUM,MAINTAINABILITY,CODE_SMELL,"Remove the unused function parameter ""objects"".",4466,5min,1.0,0.0,153.0,154.0,1158.0,1323.0,1258.0,7819.0,B,A,37,12,879,2,17.0,"way.   The parameters present in self.bind_names may be clones of | elsewhere in the statement already (e.g. a subquery or perhaps a | TODO: would need a fast cast again here, | for postcompile w/ expanding, move the ""wrapped"" part | TODO: this condition is not well understood. | TODO: accumulate_bind_names is passed by crud.py to gather | TODO: can we get at the .columns_plus_names collection | TODO: proxy_name is not technically safe, | as the better target for this now however for 1.4 we will keep | this is a hack to allow legacy result column lookups | TODO: this only seems to be tested indirectly | TODO: likely need asfrom=True here? | TODO: do we want non-primary key explicit sentinel cols | insert_sentinel=""degrade"" perhaps.  not for the initial release. | params inside them.   After multiple attempts to figure this out, | TODO: remove in 2.1 | TODO: no coverage here"
AZ4INX8kUdMD1-xUqsID,lib/sqlalchemy/sql/compiler.py,compiler.py,python:S1172,MEDIUM,MAINTAINABILITY,CODE_SMELL,"Remove the unused function parameter ""iscrud"".",4592,5min,1.0,0.0,153.0,154.0,1158.0,1323.0,1258.0,7819.0,B,A,37,12,879,2,17.0,"way.   The parameters present in self.bind_names may be clones of | elsewhere in the statement already (e.g. a subquery or perhaps a | TODO: would need a fast cast again here, | for postcompile w/ expanding, move the ""wrapped"" part | TODO: this condition is not well understood. | TODO: accumulate_bind_names is passed by crud.py to gather | TODO: can we get at the .columns_plus_names collection | TODO: proxy_name is not technically safe, | as the better target for this now however for 1.4 we will keep | this is a hack to allow legacy result column lookups | TODO: this only seems to be tested indirectly | TODO: likely need asfrom=True here? | TODO: do we want non-primary key explicit sentinel cols | insert_sentinel=""degrade"" perhaps.  not for the initial release. | params inside them.   After multiple attempts to figure this out, | TODO: remove in 2.1 | TODO: no coverage here"
AZ4INX8kUdMD1-xUqsIE,lib/sqlalchemy/sql/compiler.py,compiler.py,python:S1172,MEDIUM,MAINTAINABILITY,CODE_SMELL,"Remove the unused function parameter ""byfroms"".",4598,5min,1.0,0.0,153.0,154.0,1158.0,1323.0,1258.0,7819.0,B,A,37,12,879,2,17.0,"way.   The parameters present in self.bind_names may be clones of | elsewhere in the statement already (e.g. a subquery or perhaps a | TODO: would need a fast cast again here, | for postcompile w/ expanding, move the ""wrapped"" part | TODO: this condition is not well understood. | TODO: accumulate_bind_names is passed by crud.py to gather | TODO: can we get at the .columns_plus_names collection | TODO: proxy_name is not technically safe, | as the better target for this now however for 1.4 we will keep | this is a hack to allow legacy result column lookups | TODO: this only seems to be tested indirectly | TODO: likely need asfrom=True here? | TODO: do we want non-primary key explicit sentinel cols | insert_sentinel=""degrade"" perhaps.  not for the initial release. | params inside them.   After multiple attempts to figure this out, | TODO: remove in 2.1 | TODO: no coverage here"
AZ4INX8kUdMD1-xUqsIF,lib/sqlalchemy/sql/compiler.py,compiler.py,python:S1172,MEDIUM,MAINTAINABILITY,CODE_SMELL,"Remove the unused function parameter ""table"".",4601,5min,1.0,0.0,153.0,154.0,1158.0,1323.0,1258.0,7819.0,B,A,37,12,879,2,17.0,"way.   The parameters present in self.bind_names may be clones of | elsewhere in the statement already (e.g. a subquery or perhaps a | TODO: would need a fast cast again here, | for postcompile w/ expanding, move the ""wrapped"" part | TODO: this condition is not well understood. | TODO: accumulate_bind_names is passed by crud.py to gather | TODO: can we get at the .columns_plus_names collection | TODO: proxy_name is not technically safe, | as the better target for this now however for 1.4 we will keep | this is a hack to allow legacy result column lookups | TODO: this only seems to be tested indirectly | TODO: likely need asfrom=True here? | TODO: do we want non-primary key explicit sentinel cols | insert_sentinel=""degrade"" perhaps.  not for the initial release. | params inside them.   After multiple attempts to figure this out, | TODO: remove in 2.1 | TODO: no coverage here"
AZ4INX8kUdMD1-xUqsIG,lib/sqlalchemy/sql/compiler.py,compiler.py,python:S1172,MEDIUM,MAINTAINABILITY,CODE_SMELL,"Remove the unused function parameter ""text"".",4601,5min,1.0,0.0,153.0,154.0,1158.0,1323.0,1258.0,7819.0,B,A,37,12,879,2,17.0,"way.   The parameters present in self.bind_names may be clones of | elsewhere in the statement already (e.g. a subquery or perhaps a | TODO: would need a fast cast again here, | for postcompile w/ expanding, move the ""wrapped"" part | TODO: this condition is not well understood. | TODO: accumulate_bind_names is passed by crud.py to gather | TODO: can we get at the .columns_plus_names collection | TODO: proxy_name is not technically safe, | as the better target for this now however for 1.4 we will keep | this is a hack to allow legacy result column lookups | TODO: this only seems to be tested indirectly | TODO: likely need asfrom=True here? | TODO: do we want non-primary key explicit sentinel cols | insert_sentinel=""degrade"" perhaps.  not for the initial release. | params inside them.   After multiple attempts to figure this out, | TODO: remove in 2.1 | TODO: no coverage here"
AZ4INX8kUdMD1-xUqsIH,lib/sqlalchemy/sql/compiler.py,compiler.py,python:S1172,MEDIUM,MAINTAINABILITY,CODE_SMELL,"Remove the unused function parameter ""text"".",4604,5min,1.0,0.0,153.0,154.0,1158.0,1323.0,1258.0,7819.0,B,A,37,12,879,2,17.0,"way.   The parameters present in self.bind_names may be clones of | elsewhere in the statement already (e.g. a subquery or perhaps a | TODO: would need a fast cast again here, | for postcompile w/ expanding, move the ""wrapped"" part | TODO: this condition is not well understood. | TODO: accumulate_bind_names is passed by crud.py to gather | TODO: can we get at the .columns_plus_names collection | TODO: proxy_name is not technically safe, | as the better target for this now however for 1.4 we will keep | this is a hack to allow legacy result column lookups | TODO: this only seems to be tested indirectly | TODO: likely need asfrom=True here? | TODO: do we want non-primary key explicit sentinel cols | insert_sentinel=""degrade"" perhaps.  not for the initial release. | params inside them.   After multiple attempts to figure this out, | TODO: remove in 2.1 | TODO: no coverage here"
AZ4INX8kUdMD1-xUqsII,lib/sqlalchemy/sql/compiler.py,compiler.py,python:S1172,MEDIUM,MAINTAINABILITY,CODE_SMELL,"Remove the unused function parameter ""table"".",4604,5min,1.0,0.0,153.0,154.0,1158.0,1323.0,1258.0,7819.0,B,A,37,12,879,2,17.0,"way.   The parameters present in self.bind_names may be clones of | elsewhere in the statement already (e.g. a subquery or perhaps a | TODO: would need a fast cast again here, | for postcompile w/ expanding, move the ""wrapped"" part | TODO: this condition is not well understood. | TODO: accumulate_bind_names is passed by crud.py to gather | TODO: can we get at the .columns_plus_names collection | TODO: proxy_name is not technically safe, | as the better target for this now however for 1.4 we will keep | this is a hack to allow legacy result column lookups | TODO: this only seems to be tested indirectly | TODO: likely need asfrom=True here? | TODO: do we want non-primary key explicit sentinel cols | insert_sentinel=""degrade"" perhaps.  not for the initial release. | params inside them.   After multiple attempts to figure this out, | TODO: remove in 2.1 | TODO: no coverage here"
AZ4INX8kUdMD1-xUqsIJ,lib/sqlalchemy/sql/compiler.py,compiler.py,python:S1172,MEDIUM,MAINTAINABILITY,CODE_SMELL,"Remove the unused function parameter ""kw"".",4618,5min,1.0,0.0,153.0,154.0,1158.0,1323.0,1258.0,7819.0,B,A,37,12,879,2,17.0,"way.   The parameters present in self.bind_names may be clones of | elsewhere in the statement already (e.g. a subquery or perhaps a | TODO: would need a fast cast again here, | for postcompile w/ expanding, move the ""wrapped"" part | TODO: this condition is not well understood. | TODO: accumulate_bind_names is passed by crud.py to gather | TODO: can we get at the .columns_plus_names collection | TODO: proxy_name is not technically safe, | as the better target for this now however for 1.4 we will keep | this is a hack to allow legacy result column lookups | TODO: this only seems to be tested indirectly | TODO: likely need asfrom=True here? | TODO: do we want non-primary key explicit sentinel cols | insert_sentinel=""degrade"" perhaps.  not for the initial release. | params inside them.   After multiple attempts to figure this out, | TODO: remove in 2.1 | TODO: no coverage here"
AZ4INX8kUdMD1-xUqsIL,lib/sqlalchemy/sql/compiler.py,compiler.py,python:S1172,MEDIUM,MAINTAINABILITY,CODE_SMELL,"Remove the unused function parameter ""fromhints"".",4658,5min,1.0,0.0,153.0,154.0,1158.0,1323.0,1258.0,7819.0,B,A,37,12,879,2,17.0,"way.   The parameters present in self.bind_names may be clones of | elsewhere in the statement already (e.g. a subquery or perhaps a | TODO: would need a fast cast again here, | for postcompile w/ expanding, move the ""wrapped"" part | TODO: this condition is not well understood. | TODO: accumulate_bind_names is passed by crud.py to gather | TODO: can we get at the .columns_plus_names collection | TODO: proxy_name is not technically safe, | as the better target for this now however for 1.4 we will keep | this is a hack to allow legacy result column lookups | TODO: this only seems to be tested indirectly | TODO: likely need asfrom=True here? | TODO: do we want non-primary key explicit sentinel cols | insert_sentinel=""degrade"" perhaps.  not for the initial release. | params inside them.   After multiple attempts to figure this out, | TODO: remove in 2.1 | TODO: no coverage here"
AZ4INX8kUdMD1-xUqsIK,lib/sqlalchemy/sql/compiler.py,compiler.py,python:S1172,MEDIUM,MAINTAINABILITY,CODE_SMELL,"Remove the unused function parameter ""from_linter"".",4662,5min,1.0,0.0,153.0,154.0,1158.0,1323.0,1258.0,7819.0,B,A,37,12,879,2,17.0,"way.   The parameters present in self.bind_names may be clones of | elsewhere in the statement already (e.g. a subquery or perhaps a | TODO: would need a fast cast again here, | for postcompile w/ expanding, move the ""wrapped"" part | TODO: this condition is not well understood. | TODO: accumulate_bind_names is passed by crud.py to gather | TODO: can we get at the .columns_plus_names collection | TODO: proxy_name is not technically safe, | as the better target for this now however for 1.4 we will keep | this is a hack to allow legacy result column lookups | TODO: this only seems to be tested indirectly | TODO: likely need asfrom=True here? | TODO: do we want non-primary key explicit sentinel cols | insert_sentinel=""degrade"" perhaps.  not for the initial release. | params inside them.   After multiple attempts to figure this out, | TODO: remove in 2.1 | TODO: no coverage here"
AZ4INX8kUdMD1-xUqsIN,lib/sqlalchemy/sql/compiler.py,compiler.py,python:S1172,MEDIUM,MAINTAINABILITY,CODE_SMELL,"Remove the unused function parameter ""compile_state"".",4926,5min,1.0,0.0,153.0,154.0,1158.0,1323.0,1258.0,7819.0,B,A,37,12,879,2,17.0,"way.   The parameters present in self.bind_names may be clones of | elsewhere in the statement already (e.g. a subquery or perhaps a | TODO: would need a fast cast again here, | for postcompile w/ expanding, move the ""wrapped"" part | TODO: this condition is not well understood. | TODO: accumulate_bind_names is passed by crud.py to gather | TODO: can we get at the .columns_plus_names collection | TODO: proxy_name is not technically safe, | as the better target for this now however for 1.4 we will keep | this is a hack to allow legacy result column lookups | TODO: this only seems to be tested indirectly | TODO: likely need asfrom=True here? | TODO: do we want non-primary key explicit sentinel cols | insert_sentinel=""degrade"" perhaps.  not for the initial release. | params inside them.   After multiple attempts to figure this out, | TODO: remove in 2.1 | TODO: no coverage here"
AZ4INX8kUdMD1-xUqsIP,lib/sqlalchemy/sql/compiler.py,compiler.py,python:S1172,MEDIUM,MAINTAINABILITY,CODE_SMELL,"Remove the unused function parameter ""stmt"".",5017,5min,1.0,0.0,153.0,154.0,1158.0,1323.0,1258.0,7819.0,B,A,37,12,879,2,17.0,"way.   The parameters present in self.bind_names may be clones of | elsewhere in the statement already (e.g. a subquery or perhaps a | TODO: would need a fast cast again here, | for postcompile w/ expanding, move the ""wrapped"" part | TODO: this condition is not well understood. | TODO: accumulate_bind_names is passed by crud.py to gather | TODO: can we get at the .columns_plus_names collection | TODO: proxy_name is not technically safe, | as the better target for this now however for 1.4 we will keep | this is a hack to allow legacy result column lookups | TODO: this only seems to be tested indirectly | TODO: likely need asfrom=True here? | TODO: do we want non-primary key explicit sentinel cols | insert_sentinel=""degrade"" perhaps.  not for the initial release. | params inside them.   After multiple attempts to figure this out, | TODO: remove in 2.1 | TODO: no coverage here"
AZ4INX8kUdMD1-xUqsIR,lib/sqlalchemy/sql/compiler.py,compiler.py,python:S1172,MEDIUM,MAINTAINABILITY,CODE_SMELL,"Remove the unused function parameter ""kw"".",5086,5min,1.0,0.0,153.0,154.0,1158.0,1323.0,1258.0,7819.0,B,A,37,12,879,2,17.0,"way.   The parameters present in self.bind_names may be clones of | elsewhere in the statement already (e.g. a subquery or perhaps a | TODO: would need a fast cast again here, | for postcompile w/ expanding, move the ""wrapped"" part | TODO: this condition is not well understood. | TODO: accumulate_bind_names is passed by crud.py to gather | TODO: can we get at the .columns_plus_names collection | TODO: proxy_name is not technically safe, | as the better target for this now however for 1.4 we will keep | this is a hack to allow legacy result column lookups | TODO: this only seems to be tested indirectly | TODO: likely need asfrom=True here? | TODO: do we want non-primary key explicit sentinel cols | insert_sentinel=""degrade"" perhaps.  not for the initial release. | params inside them.   After multiple attempts to figure this out, | TODO: remove in 2.1 | TODO: no coverage here"
AZ4INX8kUdMD1-xUqsIS,lib/sqlalchemy/sql/compiler.py,compiler.py,python:S1172,MEDIUM,MAINTAINABILITY,CODE_SMELL,"Remove the unused function parameter ""kw"".",5125,5min,1.0,0.0,153.0,154.0,1158.0,1323.0,1258.0,7819.0,B,A,37,12,879,2,17.0,"way.   The parameters present in self.bind_names may be clones of | elsewhere in the statement already (e.g. a subquery or perhaps a | TODO: would need a fast cast again here, | for postcompile w/ expanding, move the ""wrapped"" part | TODO: this condition is not well understood. | TODO: accumulate_bind_names is passed by crud.py to gather | TODO: can we get at the .columns_plus_names collection | TODO: proxy_name is not technically safe, | as the better target for this now however for 1.4 we will keep | this is a hack to allow legacy result column lookups | TODO: this only seems to be tested indirectly | TODO: likely need asfrom=True here? | TODO: do we want non-primary key explicit sentinel cols | insert_sentinel=""degrade"" perhaps.  not for the initial release. | params inside them.   After multiple attempts to figure this out, | TODO: remove in 2.1 | TODO: no coverage here"
AZ4INX8kUdMD1-xUqsIT,lib/sqlalchemy/sql/compiler.py,compiler.py,python:S1172,MEDIUM,MAINTAINABILITY,CODE_SMELL,"Remove the unused function parameter ""select"".",5125,5min,1.0,0.0,153.0,154.0,1158.0,1323.0,1258.0,7819.0,B,A,37,12,879,2,17.0,"way.   The parameters present in self.bind_names may be clones of | elsewhere in the statement already (e.g. a subquery or perhaps a | TODO: would need a fast cast again here, | for postcompile w/ expanding, move the ""wrapped"" part | TODO: this condition is not well understood. | TODO: accumulate_bind_names is passed by crud.py to gather | TODO: can we get at the .columns_plus_names collection | TODO: proxy_name is not technically safe, | as the better target for this now however for 1.4 we will keep | this is a hack to allow legacy result column lookups | TODO: this only seems to be tested indirectly | TODO: likely need asfrom=True here? | TODO: do we want non-primary key explicit sentinel cols | insert_sentinel=""degrade"" perhaps.  not for the initial release. | params inside them.   After multiple attempts to figure this out, | TODO: remove in 2.1 | TODO: no coverage here"
AZ4INX8kUdMD1-xUqsIU,lib/sqlalchemy/sql/compiler.py,compiler.py,python:S1172,MEDIUM,MAINTAINABILITY,CODE_SMELL,"Remove the unused function parameter ""kwargs"".",5221,5min,1.0,0.0,153.0,154.0,1158.0,1323.0,1258.0,7819.0,B,A,37,12,879,2,17.0,"way.   The parameters present in self.bind_names may be clones of | elsewhere in the statement already (e.g. a subquery or perhaps a | TODO: would need a fast cast again here, | for postcompile w/ expanding, move the ""wrapped"" part | TODO: this condition is not well understood. | TODO: accumulate_bind_names is passed by crud.py to gather | TODO: can we get at the .columns_plus_names collection | TODO: proxy_name is not technically safe, | as the better target for this now however for 1.4 we will keep | this is a hack to allow legacy result column lookups | TODO: this only seems to be tested indirectly | TODO: likely need asfrom=True here? | TODO: do we want non-primary key explicit sentinel cols | insert_sentinel=""degrade"" perhaps.  not for the initial release. | params inside them.   After multiple attempts to figure this out, | TODO: remove in 2.1 | TODO: no coverage here"
AZ4INX8kUdMD1-xUqsIV,lib/sqlalchemy/sql/compiler.py,compiler.py,python:S1172,MEDIUM,MAINTAINABILITY,CODE_SMELL,"Remove the unused function parameter ""asfrom"".",5259,5min,1.0,0.0,153.0,154.0,1158.0,1323.0,1258.0,7819.0,B,A,37,12,879,2,17.0,"way.   The parameters present in self.bind_names may be clones of | elsewhere in the statement already (e.g. a subquery or perhaps a | TODO: would need a fast cast again here, | for postcompile w/ expanding, move the ""wrapped"" part | TODO: this condition is not well understood. | TODO: accumulate_bind_names is passed by crud.py to gather | TODO: can we get at the .columns_plus_names collection | TODO: proxy_name is not technically safe, | as the better target for this now however for 1.4 we will keep | this is a hack to allow legacy result column lookups | TODO: this only seems to be tested indirectly | TODO: likely need asfrom=True here? | TODO: do we want non-primary key explicit sentinel cols | insert_sentinel=""degrade"" perhaps.  not for the initial release. | params inside them.   After multiple attempts to figure this out, | TODO: remove in 2.1 | TODO: no coverage here"
AZ4INX8kUdMD1-xUqsIZ,lib/sqlalchemy/sql/compiler.py,compiler.py,python:S1110,MEDIUM,MAINTAINABILITY,CODE_SMELL,Remove those redundant parentheses.,5662,1min,1.0,0.0,153.0,154.0,1158.0,1323.0,1258.0,7819.0,B,A,37,12,879,2,17.0,"way.   The parameters present in self.bind_names may be clones of | elsewhere in the statement already (e.g. a subquery or perhaps a | TODO: would need a fast cast again here, | for postcompile w/ expanding, move the ""wrapped"" part | TODO: this condition is not well understood. | TODO: accumulate_bind_names is passed by crud.py to gather | TODO: can we get at the .columns_plus_names collection | TODO: proxy_name is not technically safe, | as the better target for this now however for 1.4 we will keep | this is a hack to allow legacy result column lookups | TODO: this only seems to be tested indirectly | TODO: likely need asfrom=True here? | TODO: do we want non-primary key explicit sentinel cols | insert_sentinel=""degrade"" perhaps.  not for the initial release. | params inside them.   After multiple attempts to figure this out, | TODO: remove in 2.1 | TODO: no coverage here"
AZ4INX8kUdMD1-xUqsIc,lib/sqlalchemy/sql/compiler.py,compiler.py,python:S1172,MEDIUM,MAINTAINABILITY,CODE_SMELL,"Remove the unused function parameter ""update_stmt"".",6112,5min,1.0,0.0,153.0,154.0,1158.0,1323.0,1258.0,7819.0,B,A,37,12,879,2,17.0,"way.   The parameters present in self.bind_names may be clones of | elsewhere in the statement already (e.g. a subquery or perhaps a | TODO: would need a fast cast again here, | for postcompile w/ expanding, move the ""wrapped"" part | TODO: this condition is not well understood. | TODO: accumulate_bind_names is passed by crud.py to gather | TODO: can we get at the .columns_plus_names collection | TODO: proxy_name is not technically safe, | as the better target for this now however for 1.4 we will keep | this is a hack to allow legacy result column lookups | TODO: this only seems to be tested indirectly | TODO: likely need asfrom=True here? | TODO: do we want non-primary key explicit sentinel cols | insert_sentinel=""degrade"" perhaps.  not for the initial release. | params inside them.   After multiple attempts to figure this out, | TODO: remove in 2.1 | TODO: no coverage here"
AZ4INX8kUdMD1-xUqsId,lib/sqlalchemy/sql/compiler.py,compiler.py,python:S1172,MEDIUM,MAINTAINABILITY,CODE_SMELL,"Remove the unused function parameter ""extra_froms"".",6116,5min,1.0,0.0,153.0,154.0,1158.0,1323.0,1258.0,7819.0,B,A,37,12,879,2,17.0,"way.   The parameters present in self.bind_names may be clones of | elsewhere in the statement already (e.g. a subquery or perhaps a | TODO: would need a fast cast again here, | for postcompile w/ expanding, move the ""wrapped"" part | TODO: this condition is not well understood. | TODO: accumulate_bind_names is passed by crud.py to gather | TODO: can we get at the .columns_plus_names collection | TODO: proxy_name is not technically safe, | as the better target for this now however for 1.4 we will keep | this is a hack to allow legacy result column lookups | TODO: this only seems to be tested indirectly | TODO: likely need asfrom=True here? | TODO: do we want non-primary key explicit sentinel cols | insert_sentinel=""degrade"" perhaps.  not for the initial release. | params inside them.   After multiple attempts to figure this out, | TODO: remove in 2.1 | TODO: no coverage here"
AZ4INX8kUdMD1-xUqsIe,lib/sqlalchemy/sql/compiler.py,compiler.py,python:S1172,MEDIUM,MAINTAINABILITY,CODE_SMELL,"Remove the unused function parameter ""update_stmt"".",6116,5min,1.0,0.0,153.0,154.0,1158.0,1323.0,1258.0,7819.0,B,A,37,12,879,2,17.0,"way.   The parameters present in self.bind_names may be clones of | elsewhere in the statement already (e.g. a subquery or perhaps a | TODO: would need a fast cast again here, | for postcompile w/ expanding, move the ""wrapped"" part | TODO: this condition is not well understood. | TODO: accumulate_bind_names is passed by crud.py to gather | TODO: can we get at the .columns_plus_names collection | TODO: proxy_name is not technically safe, | as the better target for this now however for 1.4 we will keep | this is a hack to allow legacy result column lookups | TODO: this only seems to be tested indirectly | TODO: likely need asfrom=True here? | TODO: do we want non-primary key explicit sentinel cols | insert_sentinel=""degrade"" perhaps.  not for the initial release. | params inside them.   After multiple attempts to figure this out, | TODO: remove in 2.1 | TODO: no coverage here"
AZ4INX8kUdMD1-xUqsIg,lib/sqlalchemy/sql/compiler.py,compiler.py,python:S1172,MEDIUM,MAINTAINABILITY,CODE_SMELL,"Remove the unused function parameter ""extra_froms"".",6297,5min,1.0,0.0,153.0,154.0,1158.0,1323.0,1258.0,7819.0,B,A,37,12,879,2,17.0,"way.   The parameters present in self.bind_names may be clones of | elsewhere in the statement already (e.g. a subquery or perhaps a | TODO: would need a fast cast again here, | for postcompile w/ expanding, move the ""wrapped"" part | TODO: this condition is not well understood. | TODO: accumulate_bind_names is passed by crud.py to gather | TODO: can we get at the .columns_plus_names collection | TODO: proxy_name is not technically safe, | as the better target for this now however for 1.4 we will keep | this is a hack to allow legacy result column lookups | TODO: this only seems to be tested indirectly | TODO: likely need asfrom=True here? | TODO: do we want non-primary key explicit sentinel cols | insert_sentinel=""degrade"" perhaps.  not for the initial release. | params inside them.   After multiple attempts to figure this out, | TODO: remove in 2.1 | TODO: no coverage here"
AZ4INX8kUdMD1-xUqsIh,lib/sqlalchemy/sql/compiler.py,compiler.py,python:S1172,MEDIUM,MAINTAINABILITY,CODE_SMELL,"Remove the unused function parameter ""delete_stmt"".",6297,5min,1.0,0.0,153.0,154.0,1158.0,1323.0,1258.0,7819.0,B,A,37,12,879,2,17.0,"way.   The parameters present in self.bind_names may be clones of | elsewhere in the statement already (e.g. a subquery or perhaps a | TODO: would need a fast cast again here, | for postcompile w/ expanding, move the ""wrapped"" part | TODO: this condition is not well understood. | TODO: accumulate_bind_names is passed by crud.py to gather | TODO: can we get at the .columns_plus_names collection | TODO: proxy_name is not technically safe, | as the better target for this now however for 1.4 we will keep | this is a hack to allow legacy result column lookups | TODO: this only seems to be tested indirectly | TODO: likely need asfrom=True here? | TODO: do we want non-primary key explicit sentinel cols | insert_sentinel=""degrade"" perhaps.  not for the initial release. | params inside them.   After multiple attempts to figure this out, | TODO: remove in 2.1 | TODO: no coverage here"
AZ4INX8kUdMD1-xUqsIk,lib/sqlalchemy/sql/compiler.py,compiler.py,python:S1172,MEDIUM,MAINTAINABILITY,CODE_SMELL,"Remove the unused function parameter ""kw"".",6429,5min,1.0,0.0,153.0,154.0,1158.0,1323.0,1258.0,7819.0,B,A,37,12,879,2,17.0,"way.   The parameters present in self.bind_names may be clones of | elsewhere in the statement already (e.g. a subquery or perhaps a | TODO: would need a fast cast again here, | for postcompile w/ expanding, move the ""wrapped"" part | TODO: this condition is not well understood. | TODO: accumulate_bind_names is passed by crud.py to gather | TODO: can we get at the .columns_plus_names collection | TODO: proxy_name is not technically safe, | as the better target for this now however for 1.4 we will keep | this is a hack to allow legacy result column lookups | TODO: this only seems to be tested indirectly | TODO: likely need asfrom=True here? | TODO: do we want non-primary key explicit sentinel cols | insert_sentinel=""degrade"" perhaps.  not for the initial release. | params inside them.   After multiple attempts to figure this out, | TODO: remove in 2.1 | TODO: no coverage here"
AZ4INX8kUdMD1-xUqsIl,lib/sqlalchemy/sql/compiler.py,compiler.py,python:S1172,MEDIUM,MAINTAINABILITY,CODE_SMELL,"Remove the unused function parameter ""kw"".",6432,5min,1.0,0.0,153.0,154.0,1158.0,1323.0,1258.0,7819.0,B,A,37,12,879,2,17.0,"way.   The parameters present in self.bind_names may be clones of | elsewhere in the statement already (e.g. a subquery or perhaps a | TODO: would need a fast cast again here, | for postcompile w/ expanding, move the ""wrapped"" part | TODO: this condition is not well understood. | TODO: accumulate_bind_names is passed by crud.py to gather | TODO: can we get at the .columns_plus_names collection | TODO: proxy_name is not technically safe, | as the better target for this now however for 1.4 we will keep | this is a hack to allow legacy result column lookups | TODO: this only seems to be tested indirectly | TODO: likely need asfrom=True here? | TODO: do we want non-primary key explicit sentinel cols | insert_sentinel=""degrade"" perhaps.  not for the initial release. | params inside them.   After multiple attempts to figure this out, | TODO: remove in 2.1 | TODO: no coverage here"
AZ4INX8kUdMD1-xUqsIm,lib/sqlalchemy/sql/compiler.py,compiler.py,python:S1172,MEDIUM,MAINTAINABILITY,CODE_SMELL,"Remove the unused function parameter ""kw"".",6437,5min,1.0,0.0,153.0,154.0,1158.0,1323.0,1258.0,7819.0,B,A,37,12,879,2,17.0,"way.   The parameters present in self.bind_names may be clones of | elsewhere in the statement already (e.g. a subquery or perhaps a | TODO: would need a fast cast again here, | for postcompile w/ expanding, move the ""wrapped"" part | TODO: this condition is not well understood. | TODO: accumulate_bind_names is passed by crud.py to gather | TODO: can we get at the .columns_plus_names collection | TODO: proxy_name is not technically safe, | as the better target for this now however for 1.4 we will keep | this is a hack to allow legacy result column lookups | TODO: this only seems to be tested indirectly | TODO: likely need asfrom=True here? | TODO: do we want non-primary key explicit sentinel cols | insert_sentinel=""degrade"" perhaps.  not for the initial release. | params inside them.   After multiple attempts to figure this out, | TODO: remove in 2.1 | TODO: no coverage here"
AZ4INX8kUdMD1-xUqsIn,lib/sqlalchemy/sql/compiler.py,compiler.py,python:S1172,MEDIUM,MAINTAINABILITY,CODE_SMELL,"Remove the unused function parameter ""operator"".",6480,5min,1.0,0.0,153.0,154.0,1158.0,1323.0,1258.0,7819.0,B,A,37,12,879,2,17.0,"way.   The parameters present in self.bind_names may be clones of | elsewhere in the statement already (e.g. a subquery or perhaps a | TODO: would need a fast cast again here, | for postcompile w/ expanding, move the ""wrapped"" part | TODO: this condition is not well understood. | TODO: accumulate_bind_names is passed by crud.py to gather | TODO: can we get at the .columns_plus_names collection | TODO: proxy_name is not technically safe, | as the better target for this now however for 1.4 we will keep | this is a hack to allow legacy result column lookups | TODO: this only seems to be tested indirectly | TODO: likely need asfrom=True here? | TODO: do we want non-primary key explicit sentinel cols | insert_sentinel=""degrade"" perhaps.  not for the initial release. | params inside them.   After multiple attempts to figure this out, | TODO: remove in 2.1 | TODO: no coverage here"
AZ4INX8kUdMD1-xUqsIp,lib/sqlalchemy/sql/compiler.py,compiler.py,python:S1172,MEDIUM,MAINTAINABILITY,CODE_SMELL,"Remove the unused function parameter ""kwargs"".",6586,5min,1.0,0.0,153.0,154.0,1158.0,1323.0,1258.0,7819.0,B,A,37,12,879,2,17.0,"way.   The parameters present in self.bind_names may be clones of | elsewhere in the statement already (e.g. a subquery or perhaps a | TODO: would need a fast cast again here, | for postcompile w/ expanding, move the ""wrapped"" part | TODO: this condition is not well understood. | TODO: accumulate_bind_names is passed by crud.py to gather | TODO: can we get at the .columns_plus_names collection | TODO: proxy_name is not technically safe, | as the better target for this now however for 1.4 we will keep | this is a hack to allow legacy result column lookups | TODO: this only seems to be tested indirectly | TODO: likely need asfrom=True here? | TODO: do we want non-primary key explicit sentinel cols | insert_sentinel=""degrade"" perhaps.  not for the initial release. | params inside them.   After multiple attempts to figure this out, | TODO: remove in 2.1 | TODO: no coverage here"
AZ4INX8kUdMD1-xUqsIq,lib/sqlalchemy/sql/compiler.py,compiler.py,python:S1172,MEDIUM,MAINTAINABILITY,CODE_SMELL,"Remove the unused function parameter ""kw"".",6605,5min,1.0,0.0,153.0,154.0,1158.0,1323.0,1258.0,7819.0,B,A,37,12,879,2,17.0,"way.   The parameters present in self.bind_names may be clones of | elsewhere in the statement already (e.g. a subquery or perhaps a | TODO: would need a fast cast again here, | for postcompile w/ expanding, move the ""wrapped"" part | TODO: this condition is not well understood. | TODO: accumulate_bind_names is passed by crud.py to gather | TODO: can we get at the .columns_plus_names collection | TODO: proxy_name is not technically safe, | as the better target for this now however for 1.4 we will keep | this is a hack to allow legacy result column lookups | TODO: this only seems to be tested indirectly | TODO: likely need asfrom=True here? | TODO: do we want non-primary key explicit sentinel cols | insert_sentinel=""degrade"" perhaps.  not for the initial release. | params inside them.   After multiple attempts to figure this out, | TODO: remove in 2.1 | TODO: no coverage here"
AZ4INX8kUdMD1-xUqsIr,lib/sqlalchemy/sql/compiler.py,compiler.py,python:S1172,MEDIUM,MAINTAINABILITY,CODE_SMELL,"Remove the unused function parameter ""kw"".",6611,5min,1.0,0.0,153.0,154.0,1158.0,1323.0,1258.0,7819.0,B,A,37,12,879,2,17.0,"way.   The parameters present in self.bind_names may be clones of | elsewhere in the statement already (e.g. a subquery or perhaps a | TODO: would need a fast cast again here, | for postcompile w/ expanding, move the ""wrapped"" part | TODO: this condition is not well understood. | TODO: accumulate_bind_names is passed by crud.py to gather | TODO: can we get at the .columns_plus_names collection | TODO: proxy_name is not technically safe, | as the better target for this now however for 1.4 we will keep | this is a hack to allow legacy result column lookups | TODO: this only seems to be tested indirectly | TODO: likely need asfrom=True here? | TODO: do we want non-primary key explicit sentinel cols | insert_sentinel=""degrade"" perhaps.  not for the initial release. | params inside them.   After multiple attempts to figure this out, | TODO: remove in 2.1 | TODO: no coverage here"
AZ4INX8kUdMD1-xUqsIs,lib/sqlalchemy/sql/compiler.py,compiler.py,python:S1172,MEDIUM,MAINTAINABILITY,CODE_SMELL,"Remove the unused function parameter ""kw"".",6620,5min,1.0,0.0,153.0,154.0,1158.0,1323.0,1258.0,7819.0,B,A,37,12,879,2,17.0,"way.   The parameters present in self.bind_names may be clones of | elsewhere in the statement already (e.g. a subquery or perhaps a | TODO: would need a fast cast again here, | for postcompile w/ expanding, move the ""wrapped"" part | TODO: this condition is not well understood. | TODO: accumulate_bind_names is passed by crud.py to gather | TODO: can we get at the .columns_plus_names collection | TODO: proxy_name is not technically safe, | as the better target for this now however for 1.4 we will keep | this is a hack to allow legacy result column lookups | TODO: this only seems to be tested indirectly | TODO: likely need asfrom=True here? | TODO: do we want non-primary key explicit sentinel cols | insert_sentinel=""degrade"" perhaps.  not for the initial release. | params inside them.   After multiple attempts to figure this out, | TODO: remove in 2.1 | TODO: no coverage here"
AZ4INX8kUdMD1-xUqsIt,lib/sqlalchemy/sql/compiler.py,compiler.py,python:S1172,MEDIUM,MAINTAINABILITY,CODE_SMELL,"Remove the unused function parameter ""kw"".",6672,5min,1.0,0.0,153.0,154.0,1158.0,1323.0,1258.0,7819.0,B,A,37,12,879,2,17.0,"way.   The parameters present in self.bind_names may be clones of | elsewhere in the statement already (e.g. a subquery or perhaps a | TODO: would need a fast cast again here, | for postcompile w/ expanding, move the ""wrapped"" part | TODO: this condition is not well understood. | TODO: accumulate_bind_names is passed by crud.py to gather | TODO: can we get at the .columns_plus_names collection | TODO: proxy_name is not technically safe, | as the better target for this now however for 1.4 we will keep | this is a hack to allow legacy result column lookups | TODO: this only seems to be tested indirectly | TODO: likely need asfrom=True here? | TODO: do we want non-primary key explicit sentinel cols | insert_sentinel=""degrade"" perhaps.  not for the initial release. | params inside them.   After multiple attempts to figure this out, | TODO: remove in 2.1 | TODO: no coverage here"
AZ4INX8kUdMD1-xUqsIu,lib/sqlalchemy/sql/compiler.py,compiler.py,python:S1172,MEDIUM,MAINTAINABILITY,CODE_SMELL,"Remove the unused function parameter ""kw"".",6688,5min,1.0,0.0,153.0,154.0,1158.0,1323.0,1258.0,7819.0,B,A,37,12,879,2,17.0,"way.   The parameters present in self.bind_names may be clones of | elsewhere in the statement already (e.g. a subquery or perhaps a | TODO: would need a fast cast again here, | for postcompile w/ expanding, move the ""wrapped"" part | TODO: this condition is not well understood. | TODO: accumulate_bind_names is passed by crud.py to gather | TODO: can we get at the .columns_plus_names collection | TODO: proxy_name is not technically safe, | as the better target for this now however for 1.4 we will keep | this is a hack to allow legacy result column lookups | TODO: this only seems to be tested indirectly | TODO: likely need asfrom=True here? | TODO: do we want non-primary key explicit sentinel cols | insert_sentinel=""degrade"" perhaps.  not for the initial release. | params inside them.   After multiple attempts to figure this out, | TODO: remove in 2.1 | TODO: no coverage here"
AZ4INX8kUdMD1-xUqsIv,lib/sqlalchemy/sql/compiler.py,compiler.py,python:S1172,MEDIUM,MAINTAINABILITY,CODE_SMELL,"Remove the unused function parameter ""kw"".",6724,5min,1.0,0.0,153.0,154.0,1158.0,1323.0,1258.0,7819.0,B,A,37,12,879,2,17.0,"way.   The parameters present in self.bind_names may be clones of | elsewhere in the statement already (e.g. a subquery or perhaps a | TODO: would need a fast cast again here, | for postcompile w/ expanding, move the ""wrapped"" part | TODO: this condition is not well understood. | TODO: accumulate_bind_names is passed by crud.py to gather | TODO: can we get at the .columns_plus_names collection | TODO: proxy_name is not technically safe, | as the better target for this now however for 1.4 we will keep | this is a hack to allow legacy result column lookups | TODO: this only seems to be tested indirectly | TODO: likely need asfrom=True here? | TODO: do we want non-primary key explicit sentinel cols | insert_sentinel=""degrade"" perhaps.  not for the initial release. | params inside them.   After multiple attempts to figure this out, | TODO: remove in 2.1 | TODO: no coverage here"
AZ4INX8kUdMD1-xUqsIw,lib/sqlalchemy/sql/compiler.py,compiler.py,python:S1172,MEDIUM,MAINTAINABILITY,CODE_SMELL,"Remove the unused function parameter ""kw"".",6730,5min,1.0,0.0,153.0,154.0,1158.0,1323.0,1258.0,7819.0,B,A,37,12,879,2,17.0,"way.   The parameters present in self.bind_names may be clones of | elsewhere in the statement already (e.g. a subquery or perhaps a | TODO: would need a fast cast again here, | for postcompile w/ expanding, move the ""wrapped"" part | TODO: this condition is not well understood. | TODO: accumulate_bind_names is passed by crud.py to gather | TODO: can we get at the .columns_plus_names collection | TODO: proxy_name is not technically safe, | as the better target for this now however for 1.4 we will keep | this is a hack to allow legacy result column lookups | TODO: this only seems to be tested indirectly | TODO: likely need asfrom=True here? | TODO: do we want non-primary key explicit sentinel cols | insert_sentinel=""degrade"" perhaps.  not for the initial release. | params inside them.   After multiple attempts to figure this out, | TODO: remove in 2.1 | TODO: no coverage here"
AZ4INX8kUdMD1-xUqsIx,lib/sqlalchemy/sql/compiler.py,compiler.py,python:S1172,MEDIUM,MAINTAINABILITY,CODE_SMELL,"Remove the unused function parameter ""kw"".",6740,5min,1.0,0.0,153.0,154.0,1158.0,1323.0,1258.0,7819.0,B,A,37,12,879,2,17.0,"way.   The parameters present in self.bind_names may be clones of | elsewhere in the statement already (e.g. a subquery or perhaps a | TODO: would need a fast cast again here, | for postcompile w/ expanding, move the ""wrapped"" part | TODO: this condition is not well understood. | TODO: accumulate_bind_names is passed by crud.py to gather | TODO: can we get at the .columns_plus_names collection | TODO: proxy_name is not technically safe, | as the better target for this now however for 1.4 we will keep | this is a hack to allow legacy result column lookups | TODO: this only seems to be tested indirectly | TODO: likely need asfrom=True here? | TODO: do we want non-primary key explicit sentinel cols | insert_sentinel=""degrade"" perhaps.  not for the initial release. | params inside them.   After multiple attempts to figure this out, | TODO: remove in 2.1 | TODO: no coverage here"
AZ4INX8kUdMD1-xUqsIy,lib/sqlalchemy/sql/compiler.py,compiler.py,python:S1172,MEDIUM,MAINTAINABILITY,CODE_SMELL,"Remove the unused function parameter ""kw"".",6771,5min,1.0,0.0,153.0,154.0,1158.0,1323.0,1258.0,7819.0,B,A,37,12,879,2,17.0,"way.   The parameters present in self.bind_names may be clones of | elsewhere in the statement already (e.g. a subquery or perhaps a | TODO: would need a fast cast again here, | for postcompile w/ expanding, move the ""wrapped"" part | TODO: this condition is not well understood. | TODO: accumulate_bind_names is passed by crud.py to gather | TODO: can we get at the .columns_plus_names collection | TODO: proxy_name is not technically safe, | as the better target for this now however for 1.4 we will keep | this is a hack to allow legacy result column lookups | TODO: this only seems to be tested indirectly | TODO: likely need asfrom=True here? | TODO: do we want non-primary key explicit sentinel cols | insert_sentinel=""degrade"" perhaps.  not for the initial release. | params inside them.   After multiple attempts to figure this out, | TODO: remove in 2.1 | TODO: no coverage here"
AZ4INX8kUdMD1-xUqsIz,lib/sqlalchemy/sql/compiler.py,compiler.py,python:S1172,MEDIUM,MAINTAINABILITY,CODE_SMELL,"Remove the unused function parameter ""kw"".",6800,5min,1.0,0.0,153.0,154.0,1158.0,1323.0,1258.0,7819.0,B,A,37,12,879,2,17.0,"way.   The parameters present in self.bind_names may be clones of | elsewhere in the statement already (e.g. a subquery or perhaps a | TODO: would need a fast cast again here, | for postcompile w/ expanding, move the ""wrapped"" part | TODO: this condition is not well understood. | TODO: accumulate_bind_names is passed by crud.py to gather | TODO: can we get at the .columns_plus_names collection | TODO: proxy_name is not technically safe, | as the better target for this now however for 1.4 we will keep | this is a hack to allow legacy result column lookups | TODO: this only seems to be tested indirectly | TODO: likely need asfrom=True here? | TODO: do we want non-primary key explicit sentinel cols | insert_sentinel=""degrade"" perhaps.  not for the initial release. | params inside them.   After multiple attempts to figure this out, | TODO: remove in 2.1 | TODO: no coverage here"
AZ4INX8kUdMD1-xUqsI0,lib/sqlalchemy/sql/compiler.py,compiler.py,python:S1172,MEDIUM,MAINTAINABILITY,CODE_SMELL,"Remove the unused function parameter ""kw"".",6806,5min,1.0,0.0,153.0,154.0,1158.0,1323.0,1258.0,7819.0,B,A,37,12,879,2,17.0,"way.   The parameters present in self.bind_names may be clones of | elsewhere in the statement already (e.g. a subquery or perhaps a | TODO: would need a fast cast again here, | for postcompile w/ expanding, move the ""wrapped"" part | TODO: this condition is not well understood. | TODO: accumulate_bind_names is passed by crud.py to gather | TODO: can we get at the .columns_plus_names collection | TODO: proxy_name is not technically safe, | as the better target for this now however for 1.4 we will keep | this is a hack to allow legacy result column lookups | TODO: this only seems to be tested indirectly | TODO: likely need asfrom=True here? | TODO: do we want non-primary key explicit sentinel cols | insert_sentinel=""degrade"" perhaps.  not for the initial release. | params inside them.   After multiple attempts to figure this out, | TODO: remove in 2.1 | TODO: no coverage here"
AZ4INX8kUdMD1-xUqsI1,lib/sqlalchemy/sql/compiler.py,compiler.py,python:S1172,MEDIUM,MAINTAINABILITY,CODE_SMELL,"Remove the unused function parameter ""kw"".",6814,5min,1.0,0.0,153.0,154.0,1158.0,1323.0,1258.0,7819.0,B,A,37,12,879,2,17.0,"way.   The parameters present in self.bind_names may be clones of | elsewhere in the statement already (e.g. a subquery or perhaps a | TODO: would need a fast cast again here, | for postcompile w/ expanding, move the ""wrapped"" part | TODO: this condition is not well understood. | TODO: accumulate_bind_names is passed by crud.py to gather | TODO: can we get at the .columns_plus_names collection | TODO: proxy_name is not technically safe, | as the better target for this now however for 1.4 we will keep | this is a hack to allow legacy result column lookups | TODO: this only seems to be tested indirectly | TODO: likely need asfrom=True here? | TODO: do we want non-primary key explicit sentinel cols | insert_sentinel=""degrade"" perhaps.  not for the initial release. | params inside them.   After multiple attempts to figure this out, | TODO: remove in 2.1 | TODO: no coverage here"
AZ4INX8kUdMD1-xUqsI2,lib/sqlalchemy/sql/compiler.py,compiler.py,python:S1172,MEDIUM,MAINTAINABILITY,CODE_SMELL,"Remove the unused function parameter ""kw"".",6819,5min,1.0,0.0,153.0,154.0,1158.0,1323.0,1258.0,7819.0,B,A,37,12,879,2,17.0,"way.   The parameters present in self.bind_names may be clones of | elsewhere in the statement already (e.g. a subquery or perhaps a | TODO: would need a fast cast again here, | for postcompile w/ expanding, move the ""wrapped"" part | TODO: this condition is not well understood. | TODO: accumulate_bind_names is passed by crud.py to gather | TODO: can we get at the .columns_plus_names collection | TODO: proxy_name is not technically safe, | as the better target for this now however for 1.4 we will keep | this is a hack to allow legacy result column lookups | TODO: this only seems to be tested indirectly | TODO: likely need asfrom=True here? | TODO: do we want non-primary key explicit sentinel cols | insert_sentinel=""degrade"" perhaps.  not for the initial release. | params inside them.   After multiple attempts to figure this out, | TODO: remove in 2.1 | TODO: no coverage here"
AZ4INX8kUdMD1-xUqsI3,lib/sqlalchemy/sql/compiler.py,compiler.py,python:S1172,MEDIUM,MAINTAINABILITY,CODE_SMELL,"Remove the unused function parameter ""kw"".",6829,5min,1.0,0.0,153.0,154.0,1158.0,1323.0,1258.0,7819.0,B,A,37,12,879,2,17.0,"way.   The parameters present in self.bind_names may be clones of | elsewhere in the statement already (e.g. a subquery or perhaps a | TODO: would need a fast cast again here, | for postcompile w/ expanding, move the ""wrapped"" part | TODO: this condition is not well understood. | TODO: accumulate_bind_names is passed by crud.py to gather | TODO: can we get at the .columns_plus_names collection | TODO: proxy_name is not technically safe, | as the better target for this now however for 1.4 we will keep | this is a hack to allow legacy result column lookups | TODO: this only seems to be tested indirectly | TODO: likely need asfrom=True here? | TODO: do we want non-primary key explicit sentinel cols | insert_sentinel=""degrade"" perhaps.  not for the initial release. | params inside them.   After multiple attempts to figure this out, | TODO: remove in 2.1 | TODO: no coverage here"
AZ4INX8kUdMD1-xUqsI4,lib/sqlalchemy/sql/compiler.py,compiler.py,python:S1172,MEDIUM,MAINTAINABILITY,CODE_SMELL,"Remove the unused function parameter ""kw"".",6860,5min,1.0,0.0,153.0,154.0,1158.0,1323.0,1258.0,7819.0,B,A,37,12,879,2,17.0,"way.   The parameters present in self.bind_names may be clones of | elsewhere in the statement already (e.g. a subquery or perhaps a | TODO: would need a fast cast again here, | for postcompile w/ expanding, move the ""wrapped"" part | TODO: this condition is not well understood. | TODO: accumulate_bind_names is passed by crud.py to gather | TODO: can we get at the .columns_plus_names collection | TODO: proxy_name is not technically safe, | as the better target for this now however for 1.4 we will keep | this is a hack to allow legacy result column lookups | TODO: this only seems to be tested indirectly | TODO: likely need asfrom=True here? | TODO: do we want non-primary key explicit sentinel cols | insert_sentinel=""degrade"" perhaps.  not for the initial release. | params inside them.   After multiple attempts to figure this out, | TODO: remove in 2.1 | TODO: no coverage here"
AZ4INX8kUdMD1-xUqsI5,lib/sqlalchemy/sql/compiler.py,compiler.py,python:S1172,MEDIUM,MAINTAINABILITY,CODE_SMELL,"Remove the unused function parameter ""kw"".",6873,5min,1.0,0.0,153.0,154.0,1158.0,1323.0,1258.0,7819.0,B,A,37,12,879,2,17.0,"way.   The parameters present in self.bind_names may be clones of | elsewhere in the statement already (e.g. a subquery or perhaps a | TODO: would need a fast cast again here, | for postcompile w/ expanding, move the ""wrapped"" part | TODO: this condition is not well understood. | TODO: accumulate_bind_names is passed by crud.py to gather | TODO: can we get at the .columns_plus_names collection | TODO: proxy_name is not technically safe, | as the better target for this now however for 1.4 we will keep | this is a hack to allow legacy result column lookups | TODO: this only seems to be tested indirectly | TODO: likely need asfrom=True here? | TODO: do we want non-primary key explicit sentinel cols | insert_sentinel=""degrade"" perhaps.  not for the initial release. | params inside them.   After multiple attempts to figure this out, | TODO: remove in 2.1 | TODO: no coverage here"
AZ4INX8kUdMD1-xUqsI6,lib/sqlalchemy/sql/compiler.py,compiler.py,python:S1172,MEDIUM,MAINTAINABILITY,CODE_SMELL,"Remove the unused function parameter ""kw"".",6879,5min,1.0,0.0,153.0,154.0,1158.0,1323.0,1258.0,7819.0,B,A,37,12,879,2,17.0,"way.   The parameters present in self.bind_names may be clones of | elsewhere in the statement already (e.g. a subquery or perhaps a | TODO: would need a fast cast again here, | for postcompile w/ expanding, move the ""wrapped"" part | TODO: this condition is not well understood. | TODO: accumulate_bind_names is passed by crud.py to gather | TODO: can we get at the .columns_plus_names collection | TODO: proxy_name is not technically safe, | as the better target for this now however for 1.4 we will keep | this is a hack to allow legacy result column lookups | TODO: this only seems to be tested indirectly | TODO: likely need asfrom=True here? | TODO: do we want non-primary key explicit sentinel cols | insert_sentinel=""degrade"" perhaps.  not for the initial release. | params inside them.   After multiple attempts to figure this out, | TODO: remove in 2.1 | TODO: no coverage here"
AZ4INX8kUdMD1-xUqsI7,lib/sqlalchemy/sql/compiler.py,compiler.py,python:S1172,MEDIUM,MAINTAINABILITY,CODE_SMELL,"Remove the unused function parameter ""kwargs"".",6898,5min,1.0,0.0,153.0,154.0,1158.0,1323.0,1258.0,7819.0,B,A,37,12,879,2,17.0,"way.   The parameters present in self.bind_names may be clones of | elsewhere in the statement already (e.g. a subquery or perhaps a | TODO: would need a fast cast again here, | for postcompile w/ expanding, move the ""wrapped"" part | TODO: this condition is not well understood. | TODO: accumulate_bind_names is passed by crud.py to gather | TODO: can we get at the .columns_plus_names collection | TODO: proxy_name is not technically safe, | as the better target for this now however for 1.4 we will keep | this is a hack to allow legacy result column lookups | TODO: this only seems to be tested indirectly | TODO: likely need asfrom=True here? | TODO: do we want non-primary key explicit sentinel cols | insert_sentinel=""degrade"" perhaps.  not for the initial release. | params inside them.   After multiple attempts to figure this out, | TODO: remove in 2.1 | TODO: no coverage here"
AZ4INX8kUdMD1-xUqsI8,lib/sqlalchemy/sql/compiler.py,compiler.py,python:S1172,MEDIUM,MAINTAINABILITY,CODE_SMELL,"Remove the unused function parameter ""table"".",6925,5min,1.0,0.0,153.0,154.0,1158.0,1323.0,1258.0,7819.0,B,A,37,12,879,2,17.0,"way.   The parameters present in self.bind_names may be clones of | elsewhere in the statement already (e.g. a subquery or perhaps a | TODO: would need a fast cast again here, | for postcompile w/ expanding, move the ""wrapped"" part | TODO: this condition is not well understood. | TODO: accumulate_bind_names is passed by crud.py to gather | TODO: can we get at the .columns_plus_names collection | TODO: proxy_name is not technically safe, | as the better target for this now however for 1.4 we will keep | this is a hack to allow legacy result column lookups | TODO: this only seems to be tested indirectly | TODO: likely need asfrom=True here? | TODO: do we want non-primary key explicit sentinel cols | insert_sentinel=""degrade"" perhaps.  not for the initial release. | params inside them.   After multiple attempts to figure this out, | TODO: remove in 2.1 | TODO: no coverage here"
AZ4INX8kUdMD1-xUqsI9,lib/sqlalchemy/sql/compiler.py,compiler.py,python:S1172,MEDIUM,MAINTAINABILITY,CODE_SMELL,"Remove the unused function parameter ""table"".",6928,5min,1.0,0.0,153.0,154.0,1158.0,1323.0,1258.0,7819.0,B,A,37,12,879,2,17.0,"way.   The parameters present in self.bind_names may be clones of | elsewhere in the statement already (e.g. a subquery or perhaps a | TODO: would need a fast cast again here, | for postcompile w/ expanding, move the ""wrapped"" part | TODO: this condition is not well understood. | TODO: accumulate_bind_names is passed by crud.py to gather | TODO: can we get at the .columns_plus_names collection | TODO: proxy_name is not technically safe, | as the better target for this now however for 1.4 we will keep | this is a hack to allow legacy result column lookups | TODO: this only seems to be tested indirectly | TODO: likely need asfrom=True here? | TODO: do we want non-primary key explicit sentinel cols | insert_sentinel=""degrade"" perhaps.  not for the initial release. | params inside them.   After multiple attempts to figure this out, | TODO: remove in 2.1 | TODO: no coverage here"
AZ4INX8kUdMD1-xUqsI-,lib/sqlalchemy/sql/compiler.py,compiler.py,python:S1172,MEDIUM,MAINTAINABILITY,CODE_SMELL,"Remove the unused function parameter ""kw"".",6945,5min,1.0,0.0,153.0,154.0,1158.0,1323.0,1258.0,7819.0,B,A,37,12,879,2,17.0,"way.   The parameters present in self.bind_names may be clones of | elsewhere in the statement already (e.g. a subquery or perhaps a | TODO: would need a fast cast again here, | for postcompile w/ expanding, move the ""wrapped"" part | TODO: this condition is not well understood. | TODO: accumulate_bind_names is passed by crud.py to gather | TODO: can we get at the .columns_plus_names collection | TODO: proxy_name is not technically safe, | as the better target for this now however for 1.4 we will keep | this is a hack to allow legacy result column lookups | TODO: this only seems to be tested indirectly | TODO: likely need asfrom=True here? | TODO: do we want non-primary key explicit sentinel cols | insert_sentinel=""degrade"" perhaps.  not for the initial release. | params inside them.   After multiple attempts to figure this out, | TODO: remove in 2.1 | TODO: no coverage here"
AZ4INX8kUdMD1-xUqsI_,lib/sqlalchemy/sql/compiler.py,compiler.py,python:S1172,MEDIUM,MAINTAINABILITY,CODE_SMELL,"Remove the unused function parameter ""kw"".",6951,5min,1.0,0.0,153.0,154.0,1158.0,1323.0,1258.0,7819.0,B,A,37,12,879,2,17.0,"way.   The parameters present in self.bind_names may be clones of | elsewhere in the statement already (e.g. a subquery or perhaps a | TODO: would need a fast cast again here, | for postcompile w/ expanding, move the ""wrapped"" part | TODO: this condition is not well understood. | TODO: accumulate_bind_names is passed by crud.py to gather | TODO: can we get at the .columns_plus_names collection | TODO: proxy_name is not technically safe, | as the better target for this now however for 1.4 we will keep | this is a hack to allow legacy result column lookups | TODO: this only seems to be tested indirectly | TODO: likely need asfrom=True here? | TODO: do we want non-primary key explicit sentinel cols | insert_sentinel=""degrade"" perhaps.  not for the initial release. | params inside them.   After multiple attempts to figure this out, | TODO: remove in 2.1 | TODO: no coverage here"
AZ4INX8kUdMD1-xUqsIo,lib/sqlalchemy/sql/compiler.py,compiler.py,python:S4144,MEDIUM,MAINTAINABILITY,CODE_SMELL,Update this function so that its implementation is not identical to visit_check_constraint on line 6951.,6963,15min,1.0,0.0,153.0,154.0,1158.0,1323.0,1258.0,7819.0,B,A,37,12,879,2,17.0,"way.   The parameters present in self.bind_names may be clones of | elsewhere in the statement already (e.g. a subquery or perhaps a | TODO: would need a fast cast again here, | for postcompile w/ expanding, move the ""wrapped"" part | TODO: this condition is not well understood. | TODO: accumulate_bind_names is passed by crud.py to gather | TODO: can we get at the .columns_plus_names collection | TODO: proxy_name is not technically safe, | as the better target for this now however for 1.4 we will keep | this is a hack to allow legacy result column lookups | TODO: this only seems to be tested indirectly | TODO: likely need asfrom=True here? | TODO: do we want non-primary key explicit sentinel cols | insert_sentinel=""degrade"" perhaps.  not for the initial release. | params inside them.   After multiple attempts to figure this out, | TODO: remove in 2.1 | TODO: no coverage here"
AZ4INX8kUdMD1-xUqsJA,lib/sqlalchemy/sql/compiler.py,compiler.py,python:S1172,MEDIUM,MAINTAINABILITY,CODE_SMELL,"Remove the unused function parameter ""kw"".",6963,5min,1.0,0.0,153.0,154.0,1158.0,1323.0,1258.0,7819.0,B,A,37,12,879,2,17.0,"way.   The parameters present in self.bind_names may be clones of | elsewhere in the statement already (e.g. a subquery or perhaps a | TODO: would need a fast cast again here, | for postcompile w/ expanding, move the ""wrapped"" part | TODO: this condition is not well understood. | TODO: accumulate_bind_names is passed by crud.py to gather | TODO: can we get at the .columns_plus_names collection | TODO: proxy_name is not technically safe, | as the better target for this now however for 1.4 we will keep | this is a hack to allow legacy result column lookups | TODO: this only seems to be tested indirectly | TODO: likely need asfrom=True here? | TODO: do we want non-primary key explicit sentinel cols | insert_sentinel=""degrade"" perhaps.  not for the initial release. | params inside them.   After multiple attempts to figure this out, | TODO: remove in 2.1 | TODO: no coverage here"
AZ4INX8kUdMD1-xUqsJB,lib/sqlalchemy/sql/compiler.py,compiler.py,python:S1172,MEDIUM,MAINTAINABILITY,CODE_SMELL,"Remove the unused function parameter ""kw"".",6975,5min,1.0,0.0,153.0,154.0,1158.0,1323.0,1258.0,7819.0,B,A,37,12,879,2,17.0,"way.   The parameters present in self.bind_names may be clones of | elsewhere in the statement already (e.g. a subquery or perhaps a | TODO: would need a fast cast again here, | for postcompile w/ expanding, move the ""wrapped"" part | TODO: this condition is not well understood. | TODO: accumulate_bind_names is passed by crud.py to gather | TODO: can we get at the .columns_plus_names collection | TODO: proxy_name is not technically safe, | as the better target for this now however for 1.4 we will keep | this is a hack to allow legacy result column lookups | TODO: this only seems to be tested indirectly | TODO: likely need asfrom=True here? | TODO: do we want non-primary key explicit sentinel cols | insert_sentinel=""degrade"" perhaps.  not for the initial release. | params inside them.   After multiple attempts to figure this out, | TODO: remove in 2.1 | TODO: no coverage here"
AZ4INX8kUdMD1-xUqsJC,lib/sqlalchemy/sql/compiler.py,compiler.py,python:S1172,MEDIUM,MAINTAINABILITY,CODE_SMELL,"Remove the unused function parameter ""kw"".",6995,5min,1.0,0.0,153.0,154.0,1158.0,1323.0,1258.0,7819.0,B,A,37,12,879,2,17.0,"way.   The parameters present in self.bind_names may be clones of | elsewhere in the statement already (e.g. a subquery or perhaps a | TODO: would need a fast cast again here, | for postcompile w/ expanding, move the ""wrapped"" part | TODO: this condition is not well understood. | TODO: accumulate_bind_names is passed by crud.py to gather | TODO: can we get at the .columns_plus_names collection | TODO: proxy_name is not technically safe, | as the better target for this now however for 1.4 we will keep | this is a hack to allow legacy result column lookups | TODO: this only seems to be tested indirectly | TODO: likely need asfrom=True here? | TODO: do we want non-primary key explicit sentinel cols | insert_sentinel=""degrade"" perhaps.  not for the initial release. | params inside them.   After multiple attempts to figure this out, | TODO: remove in 2.1 | TODO: no coverage here"
AZ4INX8kUdMD1-xUqsJD,lib/sqlalchemy/sql/compiler.py,compiler.py,python:S1172,MEDIUM,MAINTAINABILITY,CODE_SMELL,"Remove the unused function parameter ""constraint"".",7019,5min,1.0,0.0,153.0,154.0,1158.0,1323.0,1258.0,7819.0,B,A,37,12,879,2,17.0,"way.   The parameters present in self.bind_names may be clones of | elsewhere in the statement already (e.g. a subquery or perhaps a | TODO: would need a fast cast again here, | for postcompile w/ expanding, move the ""wrapped"" part | TODO: this condition is not well understood. | TODO: accumulate_bind_names is passed by crud.py to gather | TODO: can we get at the .columns_plus_names collection | TODO: proxy_name is not technically safe, | as the better target for this now however for 1.4 we will keep | this is a hack to allow legacy result column lookups | TODO: this only seems to be tested indirectly | TODO: likely need asfrom=True here? | TODO: do we want non-primary key explicit sentinel cols | insert_sentinel=""degrade"" perhaps.  not for the initial release. | params inside them.   After multiple attempts to figure this out, | TODO: remove in 2.1 | TODO: no coverage here"
AZ4INX8kUdMD1-xUqsJE,lib/sqlalchemy/sql/compiler.py,compiler.py,python:S1172,MEDIUM,MAINTAINABILITY,CODE_SMELL,"Remove the unused function parameter ""constraint"".",7039,5min,1.0,0.0,153.0,154.0,1158.0,1323.0,1258.0,7819.0,B,A,37,12,879,2,17.0,"way.   The parameters present in self.bind_names may be clones of | elsewhere in the statement already (e.g. a subquery or perhaps a | TODO: would need a fast cast again here, | for postcompile w/ expanding, move the ""wrapped"" part | TODO: this condition is not well understood. | TODO: accumulate_bind_names is passed by crud.py to gather | TODO: can we get at the .columns_plus_names collection | TODO: proxy_name is not technically safe, | as the better target for this now however for 1.4 we will keep | this is a hack to allow legacy result column lookups | TODO: this only seems to be tested indirectly | TODO: likely need asfrom=True here? | TODO: do we want non-primary key explicit sentinel cols | insert_sentinel=""degrade"" perhaps.  not for the initial release. | params inside them.   After multiple attempts to figure this out, | TODO: remove in 2.1 | TODO: no coverage here"
AZ4INX8kUdMD1-xUqsJF,lib/sqlalchemy/sql/compiler.py,compiler.py,python:S1172,MEDIUM,MAINTAINABILITY,CODE_SMELL,"Remove the unused function parameter ""kw"".",7039,5min,1.0,0.0,153.0,154.0,1158.0,1323.0,1258.0,7819.0,B,A,37,12,879,2,17.0,"way.   The parameters present in self.bind_names may be clones of | elsewhere in the statement already (e.g. a subquery or perhaps a | TODO: would need a fast cast again here, | for postcompile w/ expanding, move the ""wrapped"" part | TODO: this condition is not well understood. | TODO: accumulate_bind_names is passed by crud.py to gather | TODO: can we get at the .columns_plus_names collection | TODO: proxy_name is not technically safe, | as the better target for this now however for 1.4 we will keep | this is a hack to allow legacy result column lookups | TODO: this only seems to be tested indirectly | TODO: likely need asfrom=True here? | TODO: do we want non-primary key explicit sentinel cols | insert_sentinel=""degrade"" perhaps.  not for the initial release. | params inside them.   After multiple attempts to figure this out, | TODO: remove in 2.1 | TODO: no coverage here"
AZ4INX8kUdMD1-xUqsJG,lib/sqlalchemy/sql/compiler.py,compiler.py,python:S1172,MEDIUM,MAINTAINABILITY,CODE_SMELL,"Remove the unused function parameter ""kw"".",7073,5min,1.0,0.0,153.0,154.0,1158.0,1323.0,1258.0,7819.0,B,A,37,12,879,2,17.0,"way.   The parameters present in self.bind_names may be clones of | elsewhere in the statement already (e.g. a subquery or perhaps a | TODO: would need a fast cast again here, | for postcompile w/ expanding, move the ""wrapped"" part | TODO: this condition is not well understood. | TODO: accumulate_bind_names is passed by crud.py to gather | TODO: can we get at the .columns_plus_names collection | TODO: proxy_name is not technically safe, | as the better target for this now however for 1.4 we will keep | this is a hack to allow legacy result column lookups | TODO: this only seems to be tested indirectly | TODO: likely need asfrom=True here? | TODO: do we want non-primary key explicit sentinel cols | insert_sentinel=""degrade"" perhaps.  not for the initial release. | params inside them.   After multiple attempts to figure this out, | TODO: remove in 2.1 | TODO: no coverage here"
AZ4INX8kUdMD1-xUqsJH,lib/sqlalchemy/sql/compiler.py,compiler.py,python:S1172,MEDIUM,MAINTAINABILITY,CODE_SMELL,"Remove the unused function parameter ""kw"".",7083,5min,1.0,0.0,153.0,154.0,1158.0,1323.0,1258.0,7819.0,B,A,37,12,879,2,17.0,"way.   The parameters present in self.bind_names may be clones of | elsewhere in the statement already (e.g. a subquery or perhaps a | TODO: would need a fast cast again here, | for postcompile w/ expanding, move the ""wrapped"" part | TODO: this condition is not well understood. | TODO: accumulate_bind_names is passed by crud.py to gather | TODO: can we get at the .columns_plus_names collection | TODO: proxy_name is not technically safe, | as the better target for this now however for 1.4 we will keep | this is a hack to allow legacy result column lookups | TODO: this only seems to be tested indirectly | TODO: likely need asfrom=True here? | TODO: do we want non-primary key explicit sentinel cols | insert_sentinel=""degrade"" perhaps.  not for the initial release. | params inside them.   After multiple attempts to figure this out, | TODO: remove in 2.1 | TODO: no coverage here"
AZ4INX82UdMD1-xUqsJk,lib/sqlalchemy/sql/crud.py,crud.py,python:S1172,MEDIUM,MAINTAINABILITY,CODE_SMELL,"Remove the unused function parameter ""compiler"".",469,5min,0.0,0.0,28.0,28.0,237.0,314.0,228.0,1670.0,A,A,8,3,159,2,6.0,"TODO - see TODO(return_defaults_columns) below | TODO - see TODO(return_defaults_columns) below | TODO(return_defaults_columns): there can still be more columns in | kw,  # TODO: no test coverage for literal binds here | TODO: not sure if accumulated_bind_names applies here | TODO: this is weird.  See #9685 where we have to"
AZ4INX82UdMD1-xUqsJl,lib/sqlalchemy/sql/crud.py,crud.py,python:S1172,MEDIUM,MAINTAINABILITY,CODE_SMELL,"Remove the unused function parameter ""stmt"".",469,5min,0.0,0.0,28.0,28.0,237.0,314.0,228.0,1670.0,A,A,8,3,159,2,6.0,"TODO - see TODO(return_defaults_columns) below | TODO - see TODO(return_defaults_columns) below | TODO(return_defaults_columns): there can still be more columns in | kw,  # TODO: no test coverage for literal binds here | TODO: not sure if accumulated_bind_names applies here | TODO: this is weird.  See #9685 where we have to"
AZ4INX82UdMD1-xUqsJn,lib/sqlalchemy/sql/crud.py,crud.py,python:S1172,MEDIUM,MAINTAINABILITY,CODE_SMELL,"Remove the unused function parameter ""compile_state"".",525,5min,0.0,0.0,28.0,28.0,237.0,314.0,228.0,1670.0,A,A,8,3,159,2,6.0,"TODO - see TODO(return_defaults_columns) below | TODO - see TODO(return_defaults_columns) below | TODO(return_defaults_columns): there can still be more columns in | kw,  # TODO: no test coverage for literal binds here | TODO: not sure if accumulated_bind_names applies here | TODO: this is weird.  See #9685 where we have to"
AZ4INX82UdMD1-xUqsJo,lib/sqlalchemy/sql/crud.py,crud.py,python:S1172,MEDIUM,MAINTAINABILITY,CODE_SMELL,"Remove the unused function parameter ""toplevel"".",532,5min,0.0,0.0,28.0,28.0,237.0,314.0,228.0,1670.0,A,A,8,3,159,2,6.0,"TODO - see TODO(return_defaults_columns) below | TODO - see TODO(return_defaults_columns) below | TODO(return_defaults_columns): there can still be more columns in | kw,  # TODO: no test coverage for literal binds here | TODO: not sure if accumulated_bind_names applies here | TODO: this is weird.  See #9685 where we have to"
AZ4INX82UdMD1-xUqsJs,lib/sqlalchemy/sql/crud.py,crud.py,python:S125,MEDIUM,MAINTAINABILITY,CODE_SMELL,Remove this commented out code.,777,5min,0.0,0.0,28.0,28.0,237.0,314.0,228.0,1670.0,A,A,8,3,159,2,6.0,"TODO - see TODO(return_defaults_columns) below | TODO - see TODO(return_defaults_columns) below | TODO(return_defaults_columns): there can still be more columns in | kw,  # TODO: no test coverage for literal binds here | TODO: not sure if accumulated_bind_names applies here | TODO: this is weird.  See #9685 where we have to"
AZ4INX82UdMD1-xUqsJu,lib/sqlalchemy/sql/crud.py,crud.py,python:S1172,MEDIUM,MAINTAINABILITY,CODE_SMELL,"Remove the unused function parameter ""parameters"".",791,5min,0.0,0.0,28.0,28.0,237.0,314.0,228.0,1670.0,A,A,8,3,159,2,6.0,"TODO - see TODO(return_defaults_columns) below | TODO - see TODO(return_defaults_columns) below | TODO(return_defaults_columns): there can still be more columns in | kw,  # TODO: no test coverage for literal binds here | TODO: not sure if accumulated_bind_names applies here | TODO: this is weird.  See #9685 where we have to"
AZ4INX82UdMD1-xUqsJw,lib/sqlalchemy/sql/crud.py,crud.py,python:S1172,MEDIUM,MAINTAINABILITY,CODE_SMELL,"Remove the unused function parameter ""check_columns"".",795,5min,0.0,0.0,28.0,28.0,237.0,314.0,228.0,1670.0,A,A,8,3,159,2,6.0,"TODO - see TODO(return_defaults_columns) below | TODO - see TODO(return_defaults_columns) below | TODO(return_defaults_columns): there can still be more columns in | kw,  # TODO: no test coverage for literal binds here | TODO: not sure if accumulated_bind_names applies here | TODO: this is weird.  See #9685 where we have to"
AZ4INX82UdMD1-xUqsJx,lib/sqlalchemy/sql/crud.py,crud.py,python:S1172,MEDIUM,MAINTAINABILITY,CODE_SMELL,"Remove the unused function parameter ""values"".",796,5min,0.0,0.0,28.0,28.0,237.0,314.0,228.0,1670.0,A,A,8,3,159,2,6.0,"TODO - see TODO(return_defaults_columns) below | TODO - see TODO(return_defaults_columns) below | TODO(return_defaults_columns): there can still be more columns in | kw,  # TODO: no test coverage for literal binds here | TODO: not sure if accumulated_bind_names applies here | TODO: this is weird.  See #9685 where we have to"
AZ4INX82UdMD1-xUqsJv,lib/sqlalchemy/sql/crud.py,crud.py,python:S1172,MEDIUM,MAINTAINABILITY,CODE_SMELL,"Remove the unused function parameter ""kw"".",798,5min,0.0,0.0,28.0,28.0,237.0,314.0,228.0,1670.0,A,A,8,3,159,2,6.0,"TODO - see TODO(return_defaults_columns) below | TODO - see TODO(return_defaults_columns) below | TODO(return_defaults_columns): there can still be more columns in | kw,  # TODO: no test coverage for literal binds here | TODO: not sure if accumulated_bind_names applies here | TODO: this is weird.  See #9685 where we have to"
AZ4INX82UdMD1-xUqsJz,lib/sqlalchemy/sql/crud.py,crud.py,python:S107,MEDIUM,MAINTAINABILITY,CODE_SMELL,"Function ""_append_param_parameter"" has 14 parameters, which is greater than the 13 authorized.",818,20min,0.0,0.0,28.0,28.0,237.0,314.0,228.0,1670.0,A,A,8,3,159,2,6.0,"TODO - see TODO(return_defaults_columns) below | TODO - see TODO(return_defaults_columns) below | TODO(return_defaults_columns): there can still be more columns in | kw,  # TODO: no test coverage for literal binds here | TODO: not sure if accumulated_bind_names applies here | TODO: this is weird.  See #9685 where we have to"
AZ4INX82UdMD1-xUqsJy,lib/sqlalchemy/sql/crud.py,crud.py,python:S1172,MEDIUM,MAINTAINABILITY,CODE_SMELL,"Remove the unused function parameter ""stmt"".",819,5min,0.0,0.0,28.0,28.0,237.0,314.0,228.0,1670.0,A,A,8,3,159,2,6.0,"TODO - see TODO(return_defaults_columns) below | TODO - see TODO(return_defaults_columns) below | TODO(return_defaults_columns): there can still be more columns in | kw,  # TODO: no test coverage for literal binds here | TODO: not sure if accumulated_bind_names applies here | TODO: this is weird.  See #9685 where we have to"
AZ4INX82UdMD1-xUqsJ1,lib/sqlalchemy/sql/crud.py,crud.py,python:S1172,MEDIUM,MAINTAINABILITY,CODE_SMELL,"Remove the unused function parameter ""stmt"".",1071,5min,0.0,0.0,28.0,28.0,237.0,314.0,228.0,1670.0,A,A,8,3,159,2,6.0,"TODO - see TODO(return_defaults_columns) below | TODO - see TODO(return_defaults_columns) below | TODO(return_defaults_columns): there can still be more columns in | kw,  # TODO: no test coverage for literal binds here | TODO: not sure if accumulated_bind_names applies here | TODO: this is weird.  See #9685 where we have to"
AZ4INX82UdMD1-xUqsJ3,lib/sqlalchemy/sql/crud.py,crud.py,python:S1172,MEDIUM,MAINTAINABILITY,CODE_SMELL,"Remove the unused function parameter ""stmt"".",1127,5min,0.0,0.0,28.0,28.0,237.0,314.0,228.0,1670.0,A,A,8,3,159,2,6.0,"TODO - see TODO(return_defaults_columns) below | TODO - see TODO(return_defaults_columns) below | TODO(return_defaults_columns): there can still be more columns in | kw,  # TODO: no test coverage for literal binds here | TODO: not sure if accumulated_bind_names applies here | TODO: this is weird.  See #9685 where we have to"
AZ4INX82UdMD1-xUqsJ5,lib/sqlalchemy/sql/crud.py,crud.py,python:S1172,MEDIUM,MAINTAINABILITY,CODE_SMELL,"Remove the unused function parameter ""stmt"".",1347,5min,0.0,0.0,28.0,28.0,237.0,314.0,228.0,1670.0,A,A,8,3,159,2,6.0,"TODO - see TODO(return_defaults_columns) below | TODO - see TODO(return_defaults_columns) below | TODO(return_defaults_columns): there can still be more columns in | kw,  # TODO: no test coverage for literal binds here | TODO: not sure if accumulated_bind_names applies here | TODO: this is weird.  See #9685 where we have to"
AZ4INX8-UdMD1-xUqsKC,lib/sqlalchemy/sql/ddl.py,ddl.py,python:S2836,MEDIUM,MAINTAINABILITY,CODE_SMELL,"Add a ""break"" statement or remove this ""else"" clause.",1244,5min,0.0,0.0,4.0,4.0,152.0,153.0,57.0,1379.0,A,A,12,5,1214,2,2.0,"drop is performed in the usual way, via drop_all | drop is performed in the usual way, via drop_all"
AZ4INX8xUdMD1-xUqsJi,lib/sqlalchemy/sql/default_comparator.py,default_comparator.py,python:S1871,MEDIUM,MAINTAINABILITY,CODE_SMELL,"Either merge this branch with the identical one on line ""72"" or change one of the implementations.",84,10min,0.0,0.0,2.0,2.0,36.0,36.0,16.0,553.0,A,A,3,2,366,116,,
AZ4INX9TUdMD1-xUqsKL,lib/sqlalchemy/sql/elements.py,elements.py,python:S125,MEDIUM,MAINTAINABILITY,CODE_SMELL,Remove this commented out code.,401,5min,1.0,0.0,18.0,19.0,666.0,408.0,125.0,5500.0,E,A,27,10,1450,2,10.0,"process leaves around a lot of remnants of the previous clause | TODO: this code is uncovered and in all likelihood is not included | 16 bits leftward.  fill extra add_hash on right | regular namespace.  eliminates chance of these | ""CAST(casttest.v1 AS DECIMAL) AS casttest_v1__1"" looks better than | TODO: set up protocol for bind parameter callable | TODO: this seems wrong, it seems like we might not | doesn't make too much sense but we should | TODO: this is only covered in test_text.py, but nothing | TODO: no coverage for this block, again would be in"
AZ4INX9TUdMD1-xUqsKM,lib/sqlalchemy/sql/elements.py,elements.py,python:S1172,MEDIUM,MAINTAINABILITY,CODE_SMELL,"Remove the unused function parameter ""original_op"".",435,5min,1.0,0.0,18.0,19.0,666.0,408.0,125.0,5500.0,E,A,27,10,1450,2,10.0,"process leaves around a lot of remnants of the previous clause | TODO: this code is uncovered and in all likelihood is not included | 16 bits leftward.  fill extra add_hash on right | regular namespace.  eliminates chance of these | ""CAST(casttest.v1 AS DECIMAL) AS casttest_v1__1"" looks better than | TODO: set up protocol for bind parameter callable | TODO: this seems wrong, it seems like we might not | doesn't make too much sense but we should | TODO: this is only covered in test_text.py, but nothing | TODO: no coverage for this block, again would be in"
AZ4INX9TUdMD1-xUqsKN,lib/sqlalchemy/sql/elements.py,elements.py,python:S1172,MEDIUM,MAINTAINABILITY,CODE_SMELL,"Remove the unused function parameter ""negated_op"".",435,5min,1.0,0.0,18.0,19.0,666.0,408.0,125.0,5500.0,E,A,27,10,1450,2,10.0,"process leaves around a lot of remnants of the previous clause | TODO: this code is uncovered and in all likelihood is not included | 16 bits leftward.  fill extra add_hash on right | regular namespace.  eliminates chance of these | ""CAST(casttest.v1 AS DECIMAL) AS casttest_v1__1"" looks better than | TODO: set up protocol for bind parameter callable | TODO: this seems wrong, it seems like we might not | doesn't make too much sense but we should | TODO: this is only covered in test_text.py, but nothing | TODO: no coverage for this block, again would be in"
AZ4INX9TUdMD1-xUqsKO,lib/sqlalchemy/sql/elements.py,elements.py,python:S1172,MEDIUM,MAINTAINABILITY,CODE_SMELL,"Remove the unused function parameter ""type_"".",444,5min,1.0,0.0,18.0,19.0,666.0,408.0,125.0,5500.0,E,A,27,10,1450,2,10.0,"process leaves around a lot of remnants of the previous clause | TODO: this code is uncovered and in all likelihood is not included | 16 bits leftward.  fill extra add_hash on right | regular namespace.  eliminates chance of these | ""CAST(casttest.v1 AS DECIMAL) AS casttest_v1__1"" looks better than | TODO: set up protocol for bind parameter callable | TODO: this seems wrong, it seems like we might not | doesn't make too much sense but we should | TODO: this is only covered in test_text.py, but nothing | TODO: no coverage for this block, again would be in"
AZ4INX9TUdMD1-xUqsKP,lib/sqlalchemy/sql/elements.py,elements.py,python:S1172,MEDIUM,MAINTAINABILITY,CODE_SMELL,"Remove the unused function parameter ""against"".",633,5min,1.0,0.0,18.0,19.0,666.0,408.0,125.0,5500.0,E,A,27,10,1450,2,10.0,"process leaves around a lot of remnants of the previous clause | TODO: this code is uncovered and in all likelihood is not included | 16 bits leftward.  fill extra add_hash on right | regular namespace.  eliminates chance of these | ""CAST(casttest.v1 AS DECIMAL) AS casttest_v1__1"" looks better than | TODO: set up protocol for bind parameter callable | TODO: this seems wrong, it seems like we might not | doesn't make too much sense but we should | TODO: this is only covered in test_text.py, but nothing | TODO: no coverage for this block, again would be in"
AZ4INX9TUdMD1-xUqsKc,lib/sqlalchemy/sql/elements.py,elements.py,python:S2836,MEDIUM,MAINTAINABILITY,CODE_SMELL,"Add a ""break"" statement or remove this ""else"" clause.",5267,5min,1.0,0.0,18.0,19.0,666.0,408.0,125.0,5500.0,E,A,27,10,1450,2,10.0,"process leaves around a lot of remnants of the previous clause | TODO: this code is uncovered and in all likelihood is not included | 16 bits leftward.  fill extra add_hash on right | regular namespace.  eliminates chance of these | ""CAST(casttest.v1 AS DECIMAL) AS casttest_v1__1"" looks better than | TODO: set up protocol for bind parameter callable | TODO: this seems wrong, it seems like we might not | doesn't make too much sense but we should | TODO: this is only covered in test_text.py, but nothing | TODO: no coverage for this block, again would be in"
AZ4INX9TUdMD1-xUqsKd,lib/sqlalchemy/sql/elements.py,elements.py,python:S125,MEDIUM,MAINTAINABILITY,CODE_SMELL,Remove this commented out code.,5376,5min,1.0,0.0,18.0,19.0,666.0,408.0,125.0,5500.0,E,A,27,10,1450,2,10.0,"process leaves around a lot of remnants of the previous clause | TODO: this code is uncovered and in all likelihood is not included | 16 bits leftward.  fill extra add_hash on right | regular namespace.  eliminates chance of these | ""CAST(casttest.v1 AS DECIMAL) AS casttest_v1__1"" looks better than | TODO: set up protocol for bind parameter callable | TODO: this seems wrong, it seems like we might not | doesn't make too much sense but we should | TODO: this is only covered in test_text.py, but nothing | TODO: no coverage for this block, again would be in"
AZ4INX75UdMD1-xUqsFv,lib/sqlalchemy/sql/lambdas.py,lambdas.py,python:S4144,MEDIUM,MAINTAINABILITY,CODE_SMELL,Update this function so that its implementation is not identical to __add__ on line 687.,692,15min,1.0,0.0,24.0,25.0,166.0,184.0,125.0,1450.0,B,A,6,3,32,2,9.0,"TODO: this needs A LOT of tests | that is exactly what people will be doing, it doesn't work, so | I'm not really sure how to handle this right now. | TODO: TEST TEST TEST, this is very out there | TODO: A LOT A LOT of tests.   for _resolve_with_args, we don't know | TODO: validate kw haven't changed? | TODO: should we coerce consts None/True/False here? | TODO: coverage where an ORM option or similar is here | TODO: coverage"
AZ4INX75UdMD1-xUqsFx,lib/sqlalchemy/sql/lambdas.py,lambdas.py,python:S1172,MEDIUM,MAINTAINABILITY,CODE_SMELL,"Remove the unused function parameter ""opts"".",862,5min,1.0,0.0,24.0,25.0,166.0,184.0,125.0,1450.0,B,A,6,3,32,2,9.0,"TODO: this needs A LOT of tests | that is exactly what people will be doing, it doesn't work, so | I'm not really sure how to handle this right now. | TODO: TEST TEST TEST, this is very out there | TODO: A LOT A LOT of tests.   for _resolve_with_args, we don't know | TODO: validate kw haven't changed? | TODO: should we coerce consts None/True/False here? | TODO: coverage where an ORM option or similar is here | TODO: coverage"
AZ4INX75UdMD1-xUqsFz,lib/sqlalchemy/sql/lambdas.py,lambdas.py,python:S1172,MEDIUM,MAINTAINABILITY,CODE_SMELL,"Remove the unused function parameter ""name"".",927,5min,1.0,0.0,24.0,25.0,166.0,184.0,125.0,1450.0,B,A,6,3,32,2,9.0,"TODO: this needs A LOT of tests | that is exactly what people will be doing, it doesn't work, so | I'm not really sure how to handle this right now. | TODO: TEST TEST TEST, this is very out there | TODO: A LOT A LOT of tests.   for _resolve_with_args, we don't know | TODO: validate kw haven't changed? | TODO: should we coerce consts None/True/False here? | TODO: coverage where an ORM option or similar is here | TODO: coverage"
AZ4INX75UdMD1-xUqsF0,lib/sqlalchemy/sql/lambdas.py,lambdas.py,python:S1172,MEDIUM,MAINTAINABILITY,CODE_SMELL,"Remove the unused function parameter ""closure"".",954,5min,1.0,0.0,24.0,25.0,166.0,184.0,125.0,1450.0,B,A,6,3,32,2,9.0,"TODO: this needs A LOT of tests | that is exactly what people will be doing, it doesn't work, so | I'm not really sure how to handle this right now. | TODO: TEST TEST TEST, this is very out there | TODO: A LOT A LOT of tests.   for _resolve_with_args, we don't know | TODO: validate kw haven't changed? | TODO: should we coerce consts None/True/False here? | TODO: coverage where an ORM option or similar is here | TODO: coverage"
AZ4INX75UdMD1-xUqsF1,lib/sqlalchemy/sql/lambdas.py,lambdas.py,python:S1172,MEDIUM,MAINTAINABILITY,CODE_SMELL,"Remove the unused function parameter ""closure"".",962,5min,1.0,0.0,24.0,25.0,166.0,184.0,125.0,1450.0,B,A,6,3,32,2,9.0,"TODO: this needs A LOT of tests | that is exactly what people will be doing, it doesn't work, so | I'm not really sure how to handle this right now. | TODO: TEST TEST TEST, this is very out there | TODO: A LOT A LOT of tests.   for _resolve_with_args, we don't know | TODO: validate kw haven't changed? | TODO: should we coerce consts None/True/False here? | TODO: coverage where an ORM option or similar is here | TODO: coverage"
AZ4INX75UdMD1-xUqsF2,lib/sqlalchemy/sql/lambdas.py,lambdas.py,python:S1172,MEDIUM,MAINTAINABILITY,CODE_SMELL,"Remove the unused function parameter ""anon_map"".",967,5min,1.0,0.0,24.0,25.0,166.0,184.0,125.0,1450.0,B,A,6,3,32,2,9.0,"TODO: this needs A LOT of tests | that is exactly what people will be doing, it doesn't work, so | I'm not really sure how to handle this right now. | TODO: TEST TEST TEST, this is very out there | TODO: A LOT A LOT of tests.   for _resolve_with_args, we don't know | TODO: validate kw haven't changed? | TODO: should we coerce consts None/True/False here? | TODO: coverage where an ORM option or similar is here | TODO: coverage"
AZ4INX75UdMD1-xUqsF3,lib/sqlalchemy/sql/lambdas.py,lambdas.py,python:S1172,MEDIUM,MAINTAINABILITY,CODE_SMELL,"Remove the unused function parameter ""bindparams"".",967,5min,1.0,0.0,24.0,25.0,166.0,184.0,125.0,1450.0,B,A,6,3,32,2,9.0,"TODO: this needs A LOT of tests | that is exactly what people will be doing, it doesn't work, so | I'm not really sure how to handle this right now. | TODO: TEST TEST TEST, this is very out there | TODO: A LOT A LOT of tests.   for _resolve_with_args, we don't know | TODO: validate kw haven't changed? | TODO: should we coerce consts None/True/False here? | TODO: coverage where an ORM option or similar is here | TODO: coverage"
AZ4INX75UdMD1-xUqsF4,lib/sqlalchemy/sql/lambdas.py,lambdas.py,python:S1172,MEDIUM,MAINTAINABILITY,CODE_SMELL,"Remove the unused function parameter ""closure"".",967,5min,1.0,0.0,24.0,25.0,166.0,184.0,125.0,1450.0,B,A,6,3,32,2,9.0,"TODO: this needs A LOT of tests | that is exactly what people will be doing, it doesn't work, so | I'm not really sure how to handle this right now. | TODO: TEST TEST TEST, this is very out there | TODO: A LOT A LOT of tests.   for _resolve_with_args, we don't know | TODO: validate kw haven't changed? | TODO: should we coerce consts None/True/False here? | TODO: coverage where an ORM option or similar is here | TODO: coverage"
AZ4INX75UdMD1-xUqsF6,lib/sqlalchemy/sql/lambdas.py,lambdas.py,python:S1172,MEDIUM,MAINTAINABILITY,CODE_SMELL,"Remove the unused function parameter ""opts"".",988,5min,1.0,0.0,24.0,25.0,166.0,184.0,125.0,1450.0,B,A,6,3,32,2,9.0,"TODO: this needs A LOT of tests | that is exactly what people will be doing, it doesn't work, so | I'm not really sure how to handle this right now. | TODO: TEST TEST TEST, this is very out there | TODO: A LOT A LOT of tests.   for _resolve_with_args, we don't know | TODO: validate kw haven't changed? | TODO: should we coerce consts None/True/False here? | TODO: coverage where an ORM option or similar is here | TODO: coverage"
AZ4INX75UdMD1-xUqsF7,lib/sqlalchemy/sql/lambdas.py,lambdas.py,python:S1172,MEDIUM,MAINTAINABILITY,CODE_SMELL,"Remove the unused function parameter ""opts"".",1001,5min,1.0,0.0,24.0,25.0,166.0,184.0,125.0,1450.0,B,A,6,3,32,2,9.0,"TODO: this needs A LOT of tests | that is exactly what people will be doing, it doesn't work, so | I'm not really sure how to handle this right now. | TODO: TEST TEST TEST, this is very out there | TODO: A LOT A LOT of tests.   for _resolve_with_args, we don't know | TODO: validate kw haven't changed? | TODO: should we coerce consts None/True/False here? | TODO: coverage where an ORM option or similar is here | TODO: coverage"
AZ4INX75UdMD1-xUqsF8,lib/sqlalchemy/sql/lambdas.py,lambdas.py,python:S1172,MEDIUM,MAINTAINABILITY,CODE_SMELL,"Remove the unused function parameter ""anon_map"".",1001,5min,1.0,0.0,24.0,25.0,166.0,184.0,125.0,1450.0,B,A,6,3,32,2,9.0,"TODO: this needs A LOT of tests | that is exactly what people will be doing, it doesn't work, so | I'm not really sure how to handle this right now. | TODO: TEST TEST TEST, this is very out there | TODO: A LOT A LOT of tests.   for _resolve_with_args, we don't know | TODO: validate kw haven't changed? | TODO: should we coerce consts None/True/False here? | TODO: coverage where an ORM option or similar is here | TODO: coverage"
AZ4INX75UdMD1-xUqsF9,lib/sqlalchemy/sql/lambdas.py,lambdas.py,python:S1172,MEDIUM,MAINTAINABILITY,CODE_SMELL,"Remove the unused function parameter ""bindparams"".",1001,5min,1.0,0.0,24.0,25.0,166.0,184.0,125.0,1450.0,B,A,6,3,32,2,9.0,"TODO: this needs A LOT of tests | that is exactly what people will be doing, it doesn't work, so | I'm not really sure how to handle this right now. | TODO: TEST TEST TEST, this is very out there | TODO: A LOT A LOT of tests.   for _resolve_with_args, we don't know | TODO: validate kw haven't changed? | TODO: should we coerce consts None/True/False here? | TODO: coverage where an ORM option or similar is here | TODO: coverage"
AZ4INX75UdMD1-xUqsF-,lib/sqlalchemy/sql/lambdas.py,lambdas.py,python:S1172,MEDIUM,MAINTAINABILITY,CODE_SMELL,"Remove the unused function parameter ""opts"".",1006,5min,1.0,0.0,24.0,25.0,166.0,184.0,125.0,1450.0,B,A,6,3,32,2,9.0,"TODO: this needs A LOT of tests | that is exactly what people will be doing, it doesn't work, so | I'm not really sure how to handle this right now. | TODO: TEST TEST TEST, this is very out there | TODO: A LOT A LOT of tests.   for _resolve_with_args, we don't know | TODO: validate kw haven't changed? | TODO: should we coerce consts None/True/False here? | TODO: coverage where an ORM option or similar is here | TODO: coverage"
AZ4INX75UdMD1-xUqsF_,lib/sqlalchemy/sql/lambdas.py,lambdas.py,python:S1854,MEDIUM,MAINTAINABILITY,CODE_SMELL,Remove this assignment to local variable 'bind'; the value is never used.,1182,1min,1.0,0.0,24.0,25.0,166.0,184.0,125.0,1450.0,B,A,6,3,32,2,9.0,"TODO: this needs A LOT of tests | that is exactly what people will be doing, it doesn't work, so | I'm not really sure how to handle this right now. | TODO: TEST TEST TEST, this is very out there | TODO: A LOT A LOT of tests.   for _resolve_with_args, we don't know | TODO: validate kw haven't changed? | TODO: should we coerce consts None/True/False here? | TODO: coverage where an ORM option or similar is here | TODO: coverage"
AZ4INX75UdMD1-xUqsGB,lib/sqlalchemy/sql/lambdas.py,lambdas.py,python:S1172,MEDIUM,MAINTAINABILITY,CODE_SMELL,"Remove the unused function parameter ""kw"".",1371,5min,1.0,0.0,24.0,25.0,166.0,184.0,125.0,1450.0,B,A,6,3,32,2,9.0,"TODO: this needs A LOT of tests | that is exactly what people will be doing, it doesn't work, so | I'm not really sure how to handle this right now. | TODO: TEST TEST TEST, this is very out there | TODO: A LOT A LOT of tests.   for _resolve_with_args, we don't know | TODO: validate kw haven't changed? | TODO: should we coerce consts None/True/False here? | TODO: coverage where an ORM option or similar is here | TODO: coverage"
AZ4INX8PUdMD1-xUqsGi,lib/sqlalchemy/sql/naming.py,naming.py,python:S2836,MEDIUM,MAINTAINABILITY,CODE_SMELL,"Add a ""break"" statement or remove this ""else"" clause.",148,5min,0.0,0.0,9.0,9.0,39.0,64.0,61.0,213.0,A,A,2,2,7,116,,
AZ4INX7qUdMD1-xUqsE7,lib/sqlalchemy/sql/schema.py,schema.py,python:S107,MEDIUM,MAINTAINABILITY,CODE_SMELL,"Method ""__init__"" has 20 parameters, which is greater than the 13 authorized.",485,20min,1.0,1.0,32.0,34.0,563.0,612.0,380.0,6159.0,C,E,15,5,998,2,7.0,"TODO: likely should be copied in all cases | TODO: if a Sequence, we would need to transfer the Sequence | TODO: DefaultGenerator is not copied here!  it's just used again | would be doing so via another Column, so that's what would | TODO: no test coverage for self not in memos | TODO: consider ""table"" argument being public, but for | overload needed to work around mypy this mypy"
AZ4INX7qUdMD1-xUqsE8,lib/sqlalchemy/sql/schema.py,schema.py,python:S1656,MEDIUM,RELIABILITY,BUG,Remove or correct this useless self-assignment.,819,3min,1.0,1.0,32.0,34.0,563.0,612.0,380.0,6159.0,C,E,15,5,998,2,7.0,"TODO: likely should be copied in all cases | TODO: if a Sequence, we would need to transfer the Sequence | TODO: DefaultGenerator is not copied here!  it's just used again | would be doing so via another Column, so that's what would | TODO: no test coverage for self not in memos | TODO: consider ""table"" argument being public, but for | overload needed to work around mypy this mypy"
AZ4INX7qUdMD1-xUqsFB,lib/sqlalchemy/sql/schema.py,schema.py,python:S107,MEDIUM,MAINTAINABILITY,CODE_SMELL,"Method ""__init__"" has 25 parameters, which is greater than the 13 authorized.",1502,20min,1.0,1.0,32.0,34.0,563.0,612.0,380.0,6159.0,C,E,15,5,998,2,7.0,"TODO: likely should be copied in all cases | TODO: if a Sequence, we would need to transfer the Sequence | TODO: DefaultGenerator is not copied here!  it's just used again | would be doing so via another Column, so that's what would | TODO: no test coverage for self not in memos | TODO: consider ""table"" argument being public, but for | overload needed to work around mypy this mypy"
AZ4INX7qUdMD1-xUqsFD,lib/sqlalchemy/sql/schema.py,schema.py,python:S2836,MEDIUM,MAINTAINABILITY,CODE_SMELL,"Add a ""break"" statement or remove this ""else"" clause.",2263,5min,1.0,1.0,32.0,34.0,563.0,612.0,380.0,6159.0,C,E,15,5,998,2,7.0,"TODO: likely should be copied in all cases | TODO: if a Sequence, we would need to transfer the Sequence | TODO: DefaultGenerator is not copied here!  it's just used again | would be doing so via another Column, so that's what would | TODO: no test coverage for self not in memos | TODO: consider ""table"" argument being public, but for | overload needed to work around mypy this mypy"
AZ4INX7qUdMD1-xUqsE5,lib/sqlalchemy/sql/schema.py,schema.py,python:S1066,MEDIUM,MAINTAINABILITY,CODE_SMELL,Merge this if statement with the enclosing one.,2344,5min,1.0,1.0,32.0,34.0,563.0,612.0,380.0,6159.0,C,E,15,5,998,2,7.0,"TODO: likely should be copied in all cases | TODO: if a Sequence, we would need to transfer the Sequence | TODO: DefaultGenerator is not copied here!  it's just used again | would be doing so via another Column, so that's what would | TODO: no test coverage for self not in memos | TODO: consider ""table"" argument being public, but for | overload needed to work around mypy this mypy"
AZ4INX7qUdMD1-xUqsFI,lib/sqlalchemy/sql/schema.py,schema.py,python:S125,MEDIUM,MAINTAINABILITY,CODE_SMELL,Remove this commented out code.,2498,5min,1.0,1.0,32.0,34.0,563.0,612.0,380.0,6159.0,C,E,15,5,998,2,7.0,"TODO: likely should be copied in all cases | TODO: if a Sequence, we would need to transfer the Sequence | TODO: DefaultGenerator is not copied here!  it's just used again | would be doing so via another Column, so that's what would | TODO: no test coverage for self not in memos | TODO: consider ""table"" argument being public, but for | overload needed to work around mypy this mypy"
AZ4INX7qUdMD1-xUqsFK,lib/sqlalchemy/sql/schema.py,schema.py,python:S3358,MEDIUM,MAINTAINABILITY,CODE_SMELL,Extract this nested conditional expression into an independent statement.,2647,5min,1.0,1.0,32.0,34.0,563.0,612.0,380.0,6159.0,C,E,15,5,998,2,7.0,"TODO: likely should be copied in all cases | TODO: if a Sequence, we would need to transfer the Sequence | TODO: DefaultGenerator is not copied here!  it's just used again | would be doing so via another Column, so that's what would | TODO: no test coverage for self not in memos | TODO: consider ""table"" argument being public, but for | overload needed to work around mypy this mypy"
AZ4INX7qUdMD1-xUqsFL,lib/sqlalchemy/sql/schema.py,schema.py,python:S3358,MEDIUM,MAINTAINABILITY,CODE_SMELL,Extract this nested conditional expression into an independent statement.,2654,5min,1.0,1.0,32.0,34.0,563.0,612.0,380.0,6159.0,C,E,15,5,998,2,7.0,"TODO: likely should be copied in all cases | TODO: if a Sequence, we would need to transfer the Sequence | TODO: DefaultGenerator is not copied here!  it's just used again | would be doing so via another Column, so that's what would | TODO: no test coverage for self not in memos | TODO: consider ""table"" argument being public, but for | overload needed to work around mypy this mypy"
AZ4INX7qUdMD1-xUqsFM,lib/sqlalchemy/sql/schema.py,schema.py,python:S107,MEDIUM,MAINTAINABILITY,CODE_SMELL,"Method ""__init__"" has 14 parameters, which is greater than the 13 authorized.",2781,20min,1.0,1.0,32.0,34.0,563.0,612.0,380.0,6159.0,C,E,15,5,998,2,7.0,"TODO: likely should be copied in all cases | TODO: if a Sequence, we would need to transfer the Sequence | TODO: DefaultGenerator is not copied here!  it's just used again | would be doing so via another Column, so that's what would | TODO: no test coverage for self not in memos | TODO: consider ""table"" argument being public, but for | overload needed to work around mypy this mypy"
AZ4INX7qUdMD1-xUqsFS,lib/sqlalchemy/sql/schema.py,schema.py,python:S107,MEDIUM,MAINTAINABILITY,CODE_SMELL,"Method ""__init__"" has 17 parameters, which is greater than the 13 authorized.",3711,20min,1.0,1.0,32.0,34.0,563.0,612.0,380.0,6159.0,C,E,15,5,998,2,7.0,"TODO: likely should be copied in all cases | TODO: if a Sequence, we would need to transfer the Sequence | TODO: DefaultGenerator is not copied here!  it's just used again | would be doing so via another Column, so that's what would | TODO: no test coverage for self not in memos | TODO: consider ""table"" argument being public, but for | overload needed to work around mypy this mypy"
AZ4INX7qUdMD1-xUqsFU,lib/sqlalchemy/sql/schema.py,schema.py,python:S1172,MEDIUM,MAINTAINABILITY,CODE_SMELL,"Remove the unused function parameter ""kw"".",4308,5min,1.0,1.0,32.0,34.0,563.0,612.0,380.0,6159.0,C,E,15,5,998,2,7.0,"TODO: likely should be copied in all cases | TODO: if a Sequence, we would need to transfer the Sequence | TODO: DefaultGenerator is not copied here!  it's just used again | would be doing so via another Column, so that's what would | TODO: no test coverage for self not in memos | TODO: consider ""table"" argument being public, but for | overload needed to work around mypy this mypy"
AZ4INX7qUdMD1-xUqsFV,lib/sqlalchemy/sql/schema.py,schema.py,python:S107,MEDIUM,MAINTAINABILITY,CODE_SMELL,"Method ""__init__"" has 14 parameters, which is greater than the 13 authorized.",4568,20min,1.0,1.0,32.0,34.0,563.0,612.0,380.0,6159.0,C,E,15,5,998,2,7.0,"TODO: likely should be copied in all cases | TODO: if a Sequence, we would need to transfer the Sequence | TODO: DefaultGenerator is not copied here!  it's just used again | would be doing so via another Column, so that's what would | TODO: no test coverage for self not in memos | TODO: consider ""table"" argument being public, but for | overload needed to work around mypy this mypy"
AZ4INX7qUdMD1-xUqsFW,lib/sqlalchemy/sql/schema.py,schema.py,python:S2836,MEDIUM,MAINTAINABILITY,CODE_SMELL,"Add a ""break"" statement or remove this ""else"" clause.",4740,5min,1.0,1.0,32.0,34.0,563.0,612.0,380.0,6159.0,C,E,15,5,998,2,7.0,"TODO: likely should be copied in all cases | TODO: if a Sequence, we would need to transfer the Sequence | TODO: DefaultGenerator is not copied here!  it's just used again | would be doing so via another Column, so that's what would | TODO: no test coverage for self not in memos | TODO: consider ""table"" argument being public, but for | overload needed to work around mypy this mypy"
AZ4INX70UdMD1-xUqsFl,lib/sqlalchemy/sql/selectable.py,selectable.py,python:S125,MEDIUM,MAINTAINABILITY,CODE_SMELL,Remove this commented out code.,3749,5min,0.0,0.0,15.0,15.0,542.0,403.0,191.0,7005.0,A,A,34,10,672,2,9.0,a fixed counter rather than hash() identity. | it seems like this could be _proxy_key and we would | you need two levels of duplication to be here | TODO: this is hacky and slow | this is a slightly hacky thing - the union exports a | a compound embedded in a compound.  it's probably more appropriate | i haven't tried to think what it means for compound nested in | TODO: this seems like we should be using coercions for this | designed around expecting that inner elements inside of
AZ4INX70UdMD1-xUqsFc,lib/sqlalchemy/sql/selectable.py,selectable.py,python:S1066,MEDIUM,MAINTAINABILITY,CODE_SMELL,Merge this if statement with the enclosing one.,4847,5min,0.0,0.0,15.0,15.0,542.0,403.0,191.0,7005.0,A,A,34,10,672,2,9.0,a fixed counter rather than hash() identity. | it seems like this could be _proxy_key and we would | you need two levels of duplication to be here | TODO: this is hacky and slow | this is a slightly hacky thing - the union exports a | a compound embedded in a compound.  it's probably more appropriate | i haven't tried to think what it means for compound nested in | TODO: this seems like we should be using coercions for this | designed around expecting that inner elements inside of
AZ4INX8VUdMD1-xUqsGj,lib/sqlalchemy/sql/sqltypes.py,sqltypes.py,python:S1172,MEDIUM,MAINTAINABILITY,CODE_SMELL,"Remove the unused function parameter ""dialect"".",711,5min,0.0,0.0,6.0,6.0,408.0,329.0,28.0,3822.0,A,A,25,4,471,2,2.0,TODO: this is useless for real world scenarios; implement | for now we're staying conservative w/ behavioral changes (perhaps
AZ4INX8VUdMD1-xUqsGk,lib/sqlalchemy/sql/sqltypes.py,sqltypes.py,python:S125,MEDIUM,MAINTAINABILITY,CODE_SMELL,Remove this commented out code.,818,5min,0.0,0.0,6.0,6.0,408.0,329.0,28.0,3822.0,A,A,25,4,471,2,2.0,TODO: this is useless for real world scenarios; implement | for now we're staying conservative w/ behavioral changes (perhaps
AZ4INX7NUdMD1-xUqsDH,lib/sqlalchemy/sql/traversals.py,traversals.py,python:S1172,MEDIUM,MAINTAINABILITY,CODE_SMELL,"Remove the unused function parameter ""kw"".",179,5min,0.0,0.0,59.0,59.0,222.0,241.0,349.0,1025.0,A,A,3,2,8,2,2.0,"TODO: use abc classes | TODO: look at attrname for ""legacy_join"" and use different structure"
AZ4INX7NUdMD1-xUqsDI,lib/sqlalchemy/sql/traversals.py,traversals.py,python:S1172,MEDIUM,MAINTAINABILITY,CODE_SMELL,"Remove the unused function parameter ""attrname"".",253,5min,0.0,0.0,59.0,59.0,222.0,241.0,349.0,1025.0,A,A,3,2,8,2,2.0,"TODO: use abc classes | TODO: look at attrname for ""legacy_join"" and use different structure"
AZ4INX7NUdMD1-xUqsDJ,lib/sqlalchemy/sql/traversals.py,traversals.py,python:S1172,MEDIUM,MAINTAINABILITY,CODE_SMELL,"Remove the unused function parameter ""parent"".",253,5min,0.0,0.0,59.0,59.0,222.0,241.0,349.0,1025.0,A,A,3,2,8,2,2.0,"TODO: use abc classes | TODO: look at attrname for ""legacy_join"" and use different structure"
AZ4INX7NUdMD1-xUqsDK,lib/sqlalchemy/sql/traversals.py,traversals.py,python:S1172,MEDIUM,MAINTAINABILITY,CODE_SMELL,"Remove the unused function parameter ""attrname"".",258,5min,0.0,0.0,59.0,59.0,222.0,241.0,349.0,1025.0,A,A,3,2,8,2,2.0,"TODO: use abc classes | TODO: look at attrname for ""legacy_join"" and use different structure"
AZ4INX7NUdMD1-xUqsDL,lib/sqlalchemy/sql/traversals.py,traversals.py,python:S1172,MEDIUM,MAINTAINABILITY,CODE_SMELL,"Remove the unused function parameter ""parent"".",258,5min,0.0,0.0,59.0,59.0,222.0,241.0,349.0,1025.0,A,A,3,2,8,2,2.0,"TODO: use abc classes | TODO: look at attrname for ""legacy_join"" and use different structure"
AZ4INX7NUdMD1-xUqsDM,lib/sqlalchemy/sql/traversals.py,traversals.py,python:S1172,MEDIUM,MAINTAINABILITY,CODE_SMELL,"Remove the unused function parameter ""parent"".",263,5min,0.0,0.0,59.0,59.0,222.0,241.0,349.0,1025.0,A,A,3,2,8,2,2.0,"TODO: use abc classes | TODO: look at attrname for ""legacy_join"" and use different structure"
AZ4INX7NUdMD1-xUqsDN,lib/sqlalchemy/sql/traversals.py,traversals.py,python:S1172,MEDIUM,MAINTAINABILITY,CODE_SMELL,"Remove the unused function parameter ""attrname"".",263,5min,0.0,0.0,59.0,59.0,222.0,241.0,349.0,1025.0,A,A,3,2,8,2,2.0,"TODO: use abc classes | TODO: look at attrname for ""legacy_join"" and use different structure"
AZ4INX7NUdMD1-xUqsDO,lib/sqlalchemy/sql/traversals.py,traversals.py,python:S1172,MEDIUM,MAINTAINABILITY,CODE_SMELL,"Remove the unused function parameter ""parent"".",268,5min,0.0,0.0,59.0,59.0,222.0,241.0,349.0,1025.0,A,A,3,2,8,2,2.0,"TODO: use abc classes | TODO: look at attrname for ""legacy_join"" and use different structure"
AZ4INX7NUdMD1-xUqsDP,lib/sqlalchemy/sql/traversals.py,traversals.py,python:S1172,MEDIUM,MAINTAINABILITY,CODE_SMELL,"Remove the unused function parameter ""attrname"".",268,5min,0.0,0.0,59.0,59.0,222.0,241.0,349.0,1025.0,A,A,3,2,8,2,2.0,"TODO: use abc classes | TODO: look at attrname for ""legacy_join"" and use different structure"
AZ4INX7NUdMD1-xUqsDQ,lib/sqlalchemy/sql/traversals.py,traversals.py,python:S1172,MEDIUM,MAINTAINABILITY,CODE_SMELL,"Remove the unused function parameter ""parent"".",273,5min,0.0,0.0,59.0,59.0,222.0,241.0,349.0,1025.0,A,A,3,2,8,2,2.0,"TODO: use abc classes | TODO: look at attrname for ""legacy_join"" and use different structure"
AZ4INX7NUdMD1-xUqsDR,lib/sqlalchemy/sql/traversals.py,traversals.py,python:S1172,MEDIUM,MAINTAINABILITY,CODE_SMELL,"Remove the unused function parameter ""attrname"".",273,5min,0.0,0.0,59.0,59.0,222.0,241.0,349.0,1025.0,A,A,3,2,8,2,2.0,"TODO: use abc classes | TODO: look at attrname for ""legacy_join"" and use different structure"
AZ4INX7NUdMD1-xUqsDS,lib/sqlalchemy/sql/traversals.py,traversals.py,python:S1172,MEDIUM,MAINTAINABILITY,CODE_SMELL,"Remove the unused function parameter ""attrname"".",278,5min,0.0,0.0,59.0,59.0,222.0,241.0,349.0,1025.0,A,A,3,2,8,2,2.0,"TODO: use abc classes | TODO: look at attrname for ""legacy_join"" and use different structure"
AZ4INX7NUdMD1-xUqsDT,lib/sqlalchemy/sql/traversals.py,traversals.py,python:S1172,MEDIUM,MAINTAINABILITY,CODE_SMELL,"Remove the unused function parameter ""parent"".",278,5min,0.0,0.0,59.0,59.0,222.0,241.0,349.0,1025.0,A,A,3,2,8,2,2.0,"TODO: use abc classes | TODO: look at attrname for ""legacy_join"" and use different structure"
AZ4INX7NUdMD1-xUqsDU,lib/sqlalchemy/sql/traversals.py,traversals.py,python:S1172,MEDIUM,MAINTAINABILITY,CODE_SMELL,"Remove the unused function parameter ""attrname"".",286,5min,0.0,0.0,59.0,59.0,222.0,241.0,349.0,1025.0,A,A,3,2,8,2,2.0,"TODO: use abc classes | TODO: look at attrname for ""legacy_join"" and use different structure"
AZ4INX7NUdMD1-xUqsDV,lib/sqlalchemy/sql/traversals.py,traversals.py,python:S1172,MEDIUM,MAINTAINABILITY,CODE_SMELL,"Remove the unused function parameter ""parent"".",286,5min,0.0,0.0,59.0,59.0,222.0,241.0,349.0,1025.0,A,A,3,2,8,2,2.0,"TODO: use abc classes | TODO: look at attrname for ""legacy_join"" and use different structure"
AZ4INX7NUdMD1-xUqsDW,lib/sqlalchemy/sql/traversals.py,traversals.py,python:S1172,MEDIUM,MAINTAINABILITY,CODE_SMELL,"Remove the unused function parameter ""attrname"".",291,5min,0.0,0.0,59.0,59.0,222.0,241.0,349.0,1025.0,A,A,3,2,8,2,2.0,"TODO: use abc classes | TODO: look at attrname for ""legacy_join"" and use different structure"
AZ4INX7NUdMD1-xUqsDX,lib/sqlalchemy/sql/traversals.py,traversals.py,python:S1172,MEDIUM,MAINTAINABILITY,CODE_SMELL,"Remove the unused function parameter ""parent"".",291,5min,0.0,0.0,59.0,59.0,222.0,241.0,349.0,1025.0,A,A,3,2,8,2,2.0,"TODO: use abc classes | TODO: look at attrname for ""legacy_join"" and use different structure"
AZ4INX7NUdMD1-xUqsDY,lib/sqlalchemy/sql/traversals.py,traversals.py,python:S1172,MEDIUM,MAINTAINABILITY,CODE_SMELL,"Remove the unused function parameter ""attrname"".",307,5min,0.0,0.0,59.0,59.0,222.0,241.0,349.0,1025.0,A,A,3,2,8,2,2.0,"TODO: use abc classes | TODO: look at attrname for ""legacy_join"" and use different structure"
AZ4INX7NUdMD1-xUqsDZ,lib/sqlalchemy/sql/traversals.py,traversals.py,python:S1172,MEDIUM,MAINTAINABILITY,CODE_SMELL,"Remove the unused function parameter ""parent"".",307,5min,0.0,0.0,59.0,59.0,222.0,241.0,349.0,1025.0,A,A,3,2,8,2,2.0,"TODO: use abc classes | TODO: look at attrname for ""legacy_join"" and use different structure"
AZ4INX7NUdMD1-xUqsDa,lib/sqlalchemy/sql/traversals.py,traversals.py,python:S1172,MEDIUM,MAINTAINABILITY,CODE_SMELL,"Remove the unused function parameter ""attrname"".",322,5min,0.0,0.0,59.0,59.0,222.0,241.0,349.0,1025.0,A,A,3,2,8,2,2.0,"TODO: use abc classes | TODO: look at attrname for ""legacy_join"" and use different structure"
AZ4INX7NUdMD1-xUqsDb,lib/sqlalchemy/sql/traversals.py,traversals.py,python:S1172,MEDIUM,MAINTAINABILITY,CODE_SMELL,"Remove the unused function parameter ""parent"".",322,5min,0.0,0.0,59.0,59.0,222.0,241.0,349.0,1025.0,A,A,3,2,8,2,2.0,"TODO: use abc classes | TODO: look at attrname for ""legacy_join"" and use different structure"
AZ4INX7NUdMD1-xUqsDc,lib/sqlalchemy/sql/traversals.py,traversals.py,python:S1172,MEDIUM,MAINTAINABILITY,CODE_SMELL,"Remove the unused function parameter ""attrname"".",331,5min,0.0,0.0,59.0,59.0,222.0,241.0,349.0,1025.0,A,A,3,2,8,2,2.0,"TODO: use abc classes | TODO: look at attrname for ""legacy_join"" and use different structure"
AZ4INX7NUdMD1-xUqsDd,lib/sqlalchemy/sql/traversals.py,traversals.py,python:S1172,MEDIUM,MAINTAINABILITY,CODE_SMELL,"Remove the unused function parameter ""parent"".",331,5min,0.0,0.0,59.0,59.0,222.0,241.0,349.0,1025.0,A,A,3,2,8,2,2.0,"TODO: use abc classes | TODO: look at attrname for ""legacy_join"" and use different structure"
AZ4INX7NUdMD1-xUqsDf,lib/sqlalchemy/sql/traversals.py,traversals.py,python:S1172,MEDIUM,MAINTAINABILITY,CODE_SMELL,"Remove the unused function parameter ""parent"".",368,5min,0.0,0.0,59.0,59.0,222.0,241.0,349.0,1025.0,A,A,3,2,8,2,2.0,"TODO: use abc classes | TODO: look at attrname for ""legacy_join"" and use different structure"
AZ4INX7NUdMD1-xUqsDg,lib/sqlalchemy/sql/traversals.py,traversals.py,python:S1172,MEDIUM,MAINTAINABILITY,CODE_SMELL,"Remove the unused function parameter ""attrname"".",368,5min,0.0,0.0,59.0,59.0,222.0,241.0,349.0,1025.0,A,A,3,2,8,2,2.0,"TODO: use abc classes | TODO: look at attrname for ""legacy_join"" and use different structure"
AZ4INX7NUdMD1-xUqsDh,lib/sqlalchemy/sql/traversals.py,traversals.py,python:S1172,MEDIUM,MAINTAINABILITY,CODE_SMELL,"Remove the unused function parameter ""kw"".",368,5min,0.0,0.0,59.0,59.0,222.0,241.0,349.0,1025.0,A,A,3,2,8,2,2.0,"TODO: use abc classes | TODO: look at attrname for ""legacy_join"" and use different structure"
AZ4INX7NUdMD1-xUqsDi,lib/sqlalchemy/sql/traversals.py,traversals.py,python:S1172,MEDIUM,MAINTAINABILITY,CODE_SMELL,"Remove the unused function parameter ""clone"".",368,5min,0.0,0.0,59.0,59.0,222.0,241.0,349.0,1025.0,A,A,3,2,8,2,2.0,"TODO: use abc classes | TODO: look at attrname for ""legacy_join"" and use different structure"
AZ4INX7NUdMD1-xUqsDj,lib/sqlalchemy/sql/traversals.py,traversals.py,python:S1172,MEDIUM,MAINTAINABILITY,CODE_SMELL,"Remove the unused function parameter ""kw"".",389,5min,0.0,0.0,59.0,59.0,222.0,241.0,349.0,1025.0,A,A,3,2,8,2,2.0,"TODO: use abc classes | TODO: look at attrname for ""legacy_join"" and use different structure"
AZ4INX7NUdMD1-xUqsDk,lib/sqlalchemy/sql/traversals.py,traversals.py,python:S1172,MEDIUM,MAINTAINABILITY,CODE_SMELL,"Remove the unused function parameter ""element"".",389,5min,0.0,0.0,59.0,59.0,222.0,241.0,349.0,1025.0,A,A,3,2,8,2,2.0,"TODO: use abc classes | TODO: look at attrname for ""legacy_join"" and use different structure"
AZ4INX7NUdMD1-xUqsDl,lib/sqlalchemy/sql/traversals.py,traversals.py,python:S1172,MEDIUM,MAINTAINABILITY,CODE_SMELL,"Remove the unused function parameter ""kw"".",395,5min,0.0,0.0,59.0,59.0,222.0,241.0,349.0,1025.0,A,A,3,2,8,2,2.0,"TODO: use abc classes | TODO: look at attrname for ""legacy_join"" and use different structure"
AZ4INX7NUdMD1-xUqsDm,lib/sqlalchemy/sql/traversals.py,traversals.py,python:S1172,MEDIUM,MAINTAINABILITY,CODE_SMELL,"Remove the unused function parameter ""kw"".",398,5min,0.0,0.0,59.0,59.0,222.0,241.0,349.0,1025.0,A,A,3,2,8,2,2.0,"TODO: use abc classes | TODO: look at attrname for ""legacy_join"" and use different structure"
AZ4INX7NUdMD1-xUqsDn,lib/sqlalchemy/sql/traversals.py,traversals.py,python:S1172,MEDIUM,MAINTAINABILITY,CODE_SMELL,"Remove the unused function parameter ""kw"".",401,5min,0.0,0.0,59.0,59.0,222.0,241.0,349.0,1025.0,A,A,3,2,8,2,2.0,"TODO: use abc classes | TODO: look at attrname for ""legacy_join"" and use different structure"
AZ4INX7NUdMD1-xUqsDo,lib/sqlalchemy/sql/traversals.py,traversals.py,python:S1172,MEDIUM,MAINTAINABILITY,CODE_SMELL,"Remove the unused function parameter ""kw"".",404,5min,0.0,0.0,59.0,59.0,222.0,241.0,349.0,1025.0,A,A,3,2,8,2,2.0,"TODO: use abc classes | TODO: look at attrname for ""legacy_join"" and use different structure"
AZ4INX7NUdMD1-xUqsDp,lib/sqlalchemy/sql/traversals.py,traversals.py,python:S1172,MEDIUM,MAINTAINABILITY,CODE_SMELL,"Remove the unused function parameter ""element"".",407,5min,0.0,0.0,59.0,59.0,222.0,241.0,349.0,1025.0,A,A,3,2,8,2,2.0,"TODO: use abc classes | TODO: look at attrname for ""legacy_join"" and use different structure"
AZ4INX7NUdMD1-xUqsDq,lib/sqlalchemy/sql/traversals.py,traversals.py,python:S1172,MEDIUM,MAINTAINABILITY,CODE_SMELL,"Remove the unused function parameter ""kw"".",407,5min,0.0,0.0,59.0,59.0,222.0,241.0,349.0,1025.0,A,A,3,2,8,2,2.0,"TODO: use abc classes | TODO: look at attrname for ""legacy_join"" and use different structure"
AZ4INX7NUdMD1-xUqsDr,lib/sqlalchemy/sql/traversals.py,traversals.py,python:S1172,MEDIUM,MAINTAINABILITY,CODE_SMELL,"Remove the unused function parameter ""kw"".",410,5min,0.0,0.0,59.0,59.0,222.0,241.0,349.0,1025.0,A,A,3,2,8,2,2.0,"TODO: use abc classes | TODO: look at attrname for ""legacy_join"" and use different structure"
AZ4INX7NUdMD1-xUqsDs,lib/sqlalchemy/sql/traversals.py,traversals.py,python:S1172,MEDIUM,MAINTAINABILITY,CODE_SMELL,"Remove the unused function parameter ""kw"".",413,5min,0.0,0.0,59.0,59.0,222.0,241.0,349.0,1025.0,A,A,3,2,8,2,2.0,"TODO: use abc classes | TODO: look at attrname for ""legacy_join"" and use different structure"
AZ4INX7NUdMD1-xUqsDt,lib/sqlalchemy/sql/traversals.py,traversals.py,python:S1172,MEDIUM,MAINTAINABILITY,CODE_SMELL,"Remove the unused function parameter ""kw"".",416,5min,0.0,0.0,59.0,59.0,222.0,241.0,349.0,1025.0,A,A,3,2,8,2,2.0,"TODO: use abc classes | TODO: look at attrname for ""legacy_join"" and use different structure"
AZ4INX7NUdMD1-xUqsDu,lib/sqlalchemy/sql/traversals.py,traversals.py,python:S1172,MEDIUM,MAINTAINABILITY,CODE_SMELL,"Remove the unused function parameter ""kw"".",419,5min,0.0,0.0,59.0,59.0,222.0,241.0,349.0,1025.0,A,A,3,2,8,2,2.0,"TODO: use abc classes | TODO: look at attrname for ""legacy_join"" and use different structure"
AZ4INX7NUdMD1-xUqsDv,lib/sqlalchemy/sql/traversals.py,traversals.py,python:S1172,MEDIUM,MAINTAINABILITY,CODE_SMELL,"Remove the unused function parameter ""kw"".",433,5min,0.0,0.0,59.0,59.0,222.0,241.0,349.0,1025.0,A,A,3,2,8,2,2.0,"TODO: use abc classes | TODO: look at attrname for ""legacy_join"" and use different structure"
AZ4INX7NUdMD1-xUqsDw,lib/sqlalchemy/sql/traversals.py,traversals.py,python:S1172,MEDIUM,MAINTAINABILITY,CODE_SMELL,"Remove the unused function parameter ""kw"".",439,5min,0.0,0.0,59.0,59.0,222.0,241.0,349.0,1025.0,A,A,3,2,8,2,2.0,"TODO: use abc classes | TODO: look at attrname for ""legacy_join"" and use different structure"
AZ4INX7NUdMD1-xUqsDx,lib/sqlalchemy/sql/traversals.py,traversals.py,python:S1172,MEDIUM,MAINTAINABILITY,CODE_SMELL,"Remove the unused function parameter ""kw"".",449,5min,0.0,0.0,59.0,59.0,222.0,241.0,349.0,1025.0,A,A,3,2,8,2,2.0,"TODO: use abc classes | TODO: look at attrname for ""legacy_join"" and use different structure"
AZ4INX7NUdMD1-xUqsDy,lib/sqlalchemy/sql/traversals.py,traversals.py,python:S1172,MEDIUM,MAINTAINABILITY,CODE_SMELL,"Remove the unused function parameter ""element"".",449,5min,0.0,0.0,59.0,59.0,222.0,241.0,349.0,1025.0,A,A,3,2,8,2,2.0,"TODO: use abc classes | TODO: look at attrname for ""legacy_join"" and use different structure"
AZ4INX7NUdMD1-xUqsD0,lib/sqlalchemy/sql/traversals.py,traversals.py,python:S1172,MEDIUM,MAINTAINABILITY,CODE_SMELL,"Remove the unused function parameter ""kw"".",452,5min,0.0,0.0,59.0,59.0,222.0,241.0,349.0,1025.0,A,A,3,2,8,2,2.0,"TODO: use abc classes | TODO: look at attrname for ""legacy_join"" and use different structure"
AZ4INX7NUdMD1-xUqsDz,lib/sqlalchemy/sql/traversals.py,traversals.py,python:S1172,MEDIUM,MAINTAINABILITY,CODE_SMELL,"Remove the unused function parameter ""element"".",452,5min,0.0,0.0,59.0,59.0,222.0,241.0,349.0,1025.0,A,A,3,2,8,2,2.0,"TODO: use abc classes | TODO: look at attrname for ""legacy_join"" and use different structure"
AZ4INX7NUdMD1-xUqsD1,lib/sqlalchemy/sql/traversals.py,traversals.py,python:S4144,MEDIUM,MAINTAINABILITY,CODE_SMELL,Update this function so that its implementation is not identical to visit_clauseelement_list on line 671.,677,15min,0.0,0.0,59.0,59.0,222.0,241.0,349.0,1025.0,A,A,3,2,8,2,2.0,"TODO: use abc classes | TODO: look at attrname for ""legacy_join"" and use different structure"
AZ4INX7NUdMD1-xUqsD2,lib/sqlalchemy/sql/traversals.py,traversals.py,python:S4144,MEDIUM,MAINTAINABILITY,CODE_SMELL,Update this function so that its implementation is not identical to visit_clauseelement_list on line 671.,700,15min,0.0,0.0,59.0,59.0,222.0,241.0,349.0,1025.0,A,A,3,2,8,2,2.0,"TODO: use abc classes | TODO: look at attrname for ""legacy_join"" and use different structure"
AZ4INX7NUdMD1-xUqsDG,lib/sqlalchemy/sql/traversals.py,traversals.py,python:S1066,MEDIUM,MAINTAINABILITY,CODE_SMELL,Merge this if statement with the enclosing one.,815,5min,0.0,0.0,59.0,59.0,222.0,241.0,349.0,1025.0,A,A,3,2,8,2,2.0,"TODO: use abc classes | TODO: look at attrname for ""legacy_join"" and use different structure"
AZ4INX7NUdMD1-xUqsD6,lib/sqlalchemy/sql/traversals.py,traversals.py,python:S1871,MEDIUM,MAINTAINABILITY,CODE_SMELL,"Either merge this branch with the identical one on line ""894"" or change one of the implementations.",896,10min,0.0,0.0,59.0,59.0,222.0,241.0,349.0,1025.0,A,A,3,2,8,2,2.0,"TODO: use abc classes | TODO: look at attrname for ""legacy_join"" and use different structure"
AZ4INX7NUdMD1-xUqsD7,lib/sqlalchemy/sql/traversals.py,traversals.py,python:S1871,MEDIUM,MAINTAINABILITY,CODE_SMELL,"Either merge this branch with the identical one on line ""894"" or change one of the implementations.",898,10min,0.0,0.0,59.0,59.0,222.0,241.0,349.0,1025.0,A,A,3,2,8,2,2.0,"TODO: use abc classes | TODO: look at attrname for ""legacy_join"" and use different structure"
AZ4INX7NUdMD1-xUqsD8,lib/sqlalchemy/sql/traversals.py,traversals.py,python:S1871,MEDIUM,MAINTAINABILITY,CODE_SMELL,"Either merge this branch with the identical one on line ""894"" or change one of the implementations.",900,10min,0.0,0.0,59.0,59.0,222.0,241.0,349.0,1025.0,A,A,3,2,8,2,2.0,"TODO: use abc classes | TODO: look at attrname for ""legacy_join"" and use different structure"
AZ4INX7NUdMD1-xUqsEA,lib/sqlalchemy/sql/traversals.py,traversals.py,python:S1871,MEDIUM,MAINTAINABILITY,CODE_SMELL,"Either merge this branch with the identical one on line ""1009"" or change one of the implementations.",1011,10min,0.0,0.0,59.0,59.0,222.0,241.0,349.0,1025.0,A,A,3,2,8,2,2.0,"TODO: use abc classes | TODO: look at attrname for ""legacy_join"" and use different structure"
AZ4INX7NUdMD1-xUqsD_,lib/sqlalchemy/sql/traversals.py,traversals.py,python:S2836,MEDIUM,MAINTAINABILITY,CODE_SMELL,"Add a ""break"" statement or remove this ""else"" clause.",1012,5min,0.0,0.0,59.0,59.0,222.0,241.0,349.0,1025.0,A,A,3,2,8,2,2.0,"TODO: use abc classes | TODO: look at attrname for ""legacy_join"" and use different structure"
AZ4INX8LUdMD1-xUqsGZ,lib/sqlalchemy/sql/type_api.py,type_api.py,python:S2836,MEDIUM,MAINTAINABILITY,CODE_SMELL,"Add a ""break"" statement or remove this ""else"" clause.",773,5min,0.0,0.0,1.0,1.0,178.0,113.0,5.0,2319.0,A,A,10,3,163,77,4.0,dmypy / mypy seems to sporadically keep thinking this line is | they would also need to be converted in some way here | we really can't change its behavior without a major deprecation routine. | mypy property bug
AZ4INX8bUdMD1-xUqsGt,lib/sqlalchemy/sql/util.py,util.py,python:S2836,MEDIUM,MAINTAINABILITY,CODE_SMELL,"Add a ""break"" statement or remove this ""else"" clause.",459,5min,0.0,0.0,15.0,15.0,256.0,382.0,180.0,1487.0,A,A,9,2,36,2,6.0,"TODO: add specific coverage here | TODO: add specific coverage here | Ideally there could be overloads specific to ColumnElement and | TODO: cython candidate | we are doing here and we would do better to have an inlined | TODO: typing is finding a few gaps in here, see if they can be"
AZ4INX8bUdMD1-xUqsGy,lib/sqlalchemy/sql/util.py,util.py,python:S125,MEDIUM,MAINTAINABILITY,CODE_SMELL,Remove this commented out code.,992,5min,0.0,0.0,15.0,15.0,256.0,382.0,180.0,1487.0,A,A,9,2,36,2,6.0,"TODO: add specific coverage here | TODO: add specific coverage here | Ideally there could be overloads specific to ColumnElement and | TODO: cython candidate | we are doing here and we would do better to have an inlined | TODO: typing is finding a few gaps in here, see if they can be"
AZ4INX8bUdMD1-xUqsG0,lib/sqlalchemy/sql/util.py,util.py,python:S1871,MEDIUM,MAINTAINABILITY,CODE_SMELL,"Either merge this branch with the identical one on line ""1150"" or change one of the implementations.",1152,10min,0.0,0.0,15.0,15.0,256.0,382.0,180.0,1487.0,A,A,9,2,36,2,6.0,"TODO: add specific coverage here | TODO: add specific coverage here | Ideally there could be overloads specific to ColumnElement and | TODO: cython candidate | we are doing here and we would do better to have an inlined | TODO: typing is finding a few gaps in here, see if they can be"
AZ4INX9NUdMD1-xUqsKI,lib/sqlalchemy/sql/visitors.py,visitors.py,python:S125,MEDIUM,MAINTAINABILITY,CODE_SMELL,Remove this commented out code.,544,5min,0.0,0.0,5.0,5.0,95.0,90.0,44.0,1166.0,A,A,5,3,14,116,2.0,*could* in theory replace with an entirely different kind of element. | however this is really not how cloned_traverse is ever used internally
AZ4INX61UdMD1-xUqsCp,lib/sqlalchemy/testing/assertions.py,assertions.py,python:S5850,MEDIUM,RELIABILITY,BUG,Group parts of the regex together to make the intended operator precedence explicit.,353,10min,2.0,0.0,9.0,11.0,182.0,211.0,159.0,990.0,C,A,4,1,18,116,3.0,it's generally a good idea to not carry traceback objects outside | this seems to fix: | assert outside the block so it works for AssertionError too !
AZ4INX61UdMD1-xUqsCq,lib/sqlalchemy/testing/assertions.py,assertions.py,python:S6019,MEDIUM,MAINTAINABILITY,CODE_SMELL,Fix this reluctant quantifier that will only ever match 1 repetition.,353,10min,2.0,0.0,9.0,11.0,182.0,211.0,159.0,990.0,C,A,4,1,18,116,3.0,it's generally a good idea to not carry traceback objects outside | this seems to fix: | assert outside the block so it works for AssertionError too !
AZ4INX61UdMD1-xUqsCs,lib/sqlalchemy/testing/assertions.py,assertions.py,python:S5850,MEDIUM,RELIABILITY,BUG,Group parts of the regex together to make the intended operator precedence explicit.,356,10min,2.0,0.0,9.0,11.0,182.0,211.0,159.0,990.0,C,A,4,1,18,116,3.0,it's generally a good idea to not carry traceback objects outside | this seems to fix: | assert outside the block so it works for AssertionError too !
AZ4INX61UdMD1-xUqsCt,lib/sqlalchemy/testing/assertions.py,assertions.py,python:S6019,MEDIUM,MAINTAINABILITY,CODE_SMELL,Fix this reluctant quantifier that will only ever match 1 repetition.,356,10min,2.0,0.0,9.0,11.0,182.0,211.0,159.0,990.0,C,A,4,1,18,116,3.0,it's generally a good idea to not carry traceback objects outside | this seems to fix: | assert outside the block so it works for AssertionError too !
AZ4INX61UdMD1-xUqsCv,lib/sqlalchemy/testing/assertions.py,assertions.py,python:S107,MEDIUM,MAINTAINABILITY,CODE_SMELL,"Method ""assert_compile"" has 22 parameters, which is greater than the 13 authorized.",502,20min,2.0,0.0,9.0,11.0,182.0,211.0,159.0,990.0,C,A,4,1,18,116,3.0,it's generally a good idea to not carry traceback objects outside | this seems to fix: | assert outside the block so it works for AssertionError too !
AZ4INX6HUdMD1-xUqsBo,lib/sqlalchemy/testing/assertsql.py,assertsql.py,python:S1172,MEDIUM,MAINTAINABILITY,CODE_SMELL,"Remove the unused function parameter ""execute_observed"".",79,5min,0.0,0.0,13.0,13.0,88.0,108.0,79.0,517.0,A,A,3,1,9,116,1.0,TODO: why do we need this part?
AZ4INX6HUdMD1-xUqsBp,lib/sqlalchemy/testing/assertsql.py,assertsql.py,python:S1172,MEDIUM,MAINTAINABILITY,CODE_SMELL,"Remove the unused function parameter ""execute_observed"".",83,5min,0.0,0.0,13.0,13.0,88.0,108.0,79.0,517.0,A,A,3,1,9,116,1.0,TODO: why do we need this part?
AZ4INX6HUdMD1-xUqsBq,lib/sqlalchemy/testing/assertsql.py,assertsql.py,python:S125,MEDIUM,MAINTAINABILITY,CODE_SMELL,Remove this commented out code.,98,5min,0.0,0.0,13.0,13.0,88.0,108.0,79.0,517.0,A,A,3,1,9,116,1.0,TODO: why do we need this part?
AZ4INX6HUdMD1-xUqsBm,lib/sqlalchemy/testing/assertsql.py,assertsql.py,python:S1066,MEDIUM,MAINTAINABILITY,CODE_SMELL,Merge this if statement with the enclosing one.,173,5min,0.0,0.0,13.0,13.0,88.0,108.0,79.0,517.0,A,A,3,1,9,116,1.0,TODO: why do we need this part?
AZ4INX6HUdMD1-xUqsBs,lib/sqlalchemy/testing/assertsql.py,assertsql.py,python:S1172,MEDIUM,MAINTAINABILITY,CODE_SMELL,"Remove the unused function parameter ""execute_observed"".",225,5min,0.0,0.0,13.0,13.0,88.0,108.0,79.0,517.0,A,A,3,1,9,116,1.0,TODO: why do we need this part?
AZ4INX6HUdMD1-xUqsBv,lib/sqlalchemy/testing/assertsql.py,assertsql.py,python:S5869,MEDIUM,MAINTAINABILITY,CODE_SMELL,Remove duplicates in this character class.,296,5min,0.0,0.0,13.0,13.0,88.0,108.0,79.0,517.0,A,A,3,1,9,116,1.0,TODO: why do we need this part?
AZ4INX6HUdMD1-xUqsBw,lib/sqlalchemy/testing/assertsql.py,assertsql.py,python:S1172,MEDIUM,MAINTAINABILITY,CODE_SMELL,"Remove the unused function parameter ""m"".",309,5min,0.0,0.0,13.0,13.0,88.0,108.0,79.0,517.0,A,A,3,1,9,116,1.0,TODO: why do we need this part?
AZ4INX6HUdMD1-xUqsBx,lib/sqlalchemy/testing/assertsql.py,assertsql.py,python:S5869,MEDIUM,MAINTAINABILITY,CODE_SMELL,Remove duplicates in this character class.,312,5min,0.0,0.0,13.0,13.0,88.0,108.0,79.0,517.0,A,A,3,1,9,116,1.0,TODO: why do we need this part?
AZ4INX6nUdMD1-xUqsCN,lib/sqlalchemy/testing/config.py,config.py,python:S5890,MEDIUM,MAINTAINABILITY,CODE_SMELL,"Replace the type hint ""Namespace"" with ""Optional[Namespace]"" or don't assign ""None"" to ""options""",43,5min,0.0,0.0,8.0,8.0,58.0,20.0,40.0,428.0,A,A,6,1,45,116,,
AZ4INX6nUdMD1-xUqsCO,lib/sqlalchemy/testing/config.py,config.py,python:S1172,MEDIUM,MAINTAINABILITY,CODE_SMELL,"Remove the unused function parameter ""arg"".",58,5min,0.0,0.0,8.0,8.0,58.0,20.0,40.0,428.0,A,A,6,1,45,116,,
AZ4INX6nUdMD1-xUqsCP,lib/sqlalchemy/testing/config.py,config.py,python:S1172,MEDIUM,MAINTAINABILITY,CODE_SMELL,"Remove the unused function parameter ""kw"".",58,5min,0.0,0.0,8.0,8.0,58.0,20.0,40.0,428.0,A,A,6,1,45,116,,
AZ4INX6nUdMD1-xUqsCQ,lib/sqlalchemy/testing/config.py,config.py,python:S1172,MEDIUM,MAINTAINABILITY,CODE_SMELL,"Remove the unused function parameter ""kw"".",68,5min,0.0,0.0,8.0,8.0,58.0,20.0,40.0,428.0,A,A,6,1,45,116,,
AZ4INX6nUdMD1-xUqsCR,lib/sqlalchemy/testing/config.py,config.py,python:S1172,MEDIUM,MAINTAINABILITY,CODE_SMELL,"Remove the unused function parameter ""arg_sets"".",68,5min,0.0,0.0,8.0,8.0,58.0,20.0,40.0,428.0,A,A,6,1,45,116,,
AZ4INX6nUdMD1-xUqsCS,lib/sqlalchemy/testing/config.py,config.py,python:S1172,MEDIUM,MAINTAINABILITY,CODE_SMELL,"Remove the unused function parameter ""parameters"".",71,5min,0.0,0.0,8.0,8.0,58.0,20.0,40.0,428.0,A,A,6,1,45,116,,
AZ4INX6nUdMD1-xUqsCT,lib/sqlalchemy/testing/config.py,config.py,python:S1172,MEDIUM,MAINTAINABILITY,CODE_SMELL,"Remove the unused function parameter ""kw"".",74,5min,0.0,0.0,8.0,8.0,58.0,20.0,40.0,428.0,A,A,6,1,45,116,,
AZ4INX6nUdMD1-xUqsCU,lib/sqlalchemy/testing/config.py,config.py,python:S1172,MEDIUM,MAINTAINABILITY,CODE_SMELL,"Remove the unused function parameter ""arg"".",74,5min,0.0,0.0,8.0,8.0,58.0,20.0,40.0,428.0,A,A,6,1,45,116,,
AZ4INX6rUdMD1-xUqsCV,lib/sqlalchemy/testing/engines.py,engines.py,python:S1066,MEDIUM,MAINTAINABILITY,CODE_SMELL,Merge this if statement with the enclosing one.,108,5min,0.0,0.0,3.0,3.0,100.0,77.0,21.0,473.0,A,A,6,2,138,2,3.0,"TODO: this doesn't cover all cases | as nicely as we'd like, namely MySQLdb. | proxy server idea to get better"
AZ4INX6-UdMD1-xUqsC9,lib/sqlalchemy/testing/entities.py,entities.py,python:S1871,MEDIUM,MAINTAINABILITY,CODE_SMELL,"Either merge this branch with the identical one on line ""74"" or change one of the implementations.",80,10min,0.0,0.0,3.0,3.0,22.0,37.0,37.0,118.0,A,A,1,1,2,116,,
AZ4INX67UdMD1-xUqsC1,lib/sqlalchemy/testing/exclusions.py,exclusions.py,python:S2836,MEDIUM,MAINTAINABILITY,CODE_SMELL,"Add a ""break"" statement or remove this ""else"" clause.",72,5min,0.0,0.0,6.0,6.0,101.0,85.0,80.0,436.0,A,A,3,1,49,116,,
AZ4INX6cUdMD1-xUqsB_,lib/sqlalchemy/testing/fixtures/mypy.py,mypy.py,python:S6397,MEDIUM,MAINTAINABILITY,CODE_SMELL,Replace this character class by the character itself.,166,5min,0.0,0.0,7.0,7.0,42.0,87.0,77.0,313.0,A,A,4,3,87,2,3.0,"as of mypy 0.971 i think we need to keep mypy_path empty | manipulate sys.path and/or guess what mypy is doing | 1 or a 0 return code here, could be either depending on if"
AZ4INX6cUdMD1-xUqsCA,lib/sqlalchemy/testing/fixtures/mypy.py,mypy.py,python:S5869,MEDIUM,MAINTAINABILITY,CODE_SMELL,Remove duplicates in this character class.,183,5min,0.0,0.0,7.0,7.0,42.0,87.0,77.0,313.0,A,A,4,3,87,2,3.0,"as of mypy 0.971 i think we need to keep mypy_path empty | manipulate sys.path and/or guess what mypy is doing | 1 or a 0 return code here, could be either depending on if"
AZ4INX6cUdMD1-xUqsCC,lib/sqlalchemy/testing/fixtures/mypy.py,mypy.py,python:S125,MEDIUM,MAINTAINABILITY,CODE_SMELL,Remove this commented out code.,197,5min,0.0,0.0,7.0,7.0,42.0,87.0,77.0,313.0,A,A,4,3,87,2,3.0,"as of mypy 0.971 i think we need to keep mypy_path empty | manipulate sys.path and/or guess what mypy is doing | 1 or a 0 return code here, could be either depending on if"
AZ4INX6cUdMD1-xUqsCF,lib/sqlalchemy/testing/fixtures/mypy.py,mypy.py,python:S108,MEDIUM,MAINTAINABILITY,CODE_SMELL,Either remove or fill this block of code.,271,5min,0.0,0.0,7.0,7.0,42.0,87.0,77.0,313.0,A,A,4,3,87,2,3.0,"as of mypy 0.971 i think we need to keep mypy_path empty | manipulate sys.path and/or guess what mypy is doing | 1 or a 0 return code here, could be either depending on if"
AZ4INX6LUdMD1-xUqsB1,lib/sqlalchemy/testing/fixtures/orm.py,orm.py,python:S1172,MEDIUM,MAINTAINABILITY,CODE_SMELL,"Remove the unused function parameter ""cls"".",220,5min,0.0,0.0,4.0,4.0,34.0,11.0,20.0,228.0,A,A,1,1,2,116,,
AZ4INX6EUdMD1-xUqsBk,lib/sqlalchemy/testing/plugin/bootstrap.py,bootstrap.py,python:S112,MEDIUM,MAINTAINABILITY,CODE_SMELL,Replace this generic exception class with a more specific one.,51,20min,0.0,0.0,1.0,1.0,2.0,2.0,20.0,52.0,A,A,2,2,3,2,,
AZ4INX5-UdMD1-xUqsBR,lib/sqlalchemy/testing/plugin/plugin_base.py,plugin_base.py,python:S5890,MEDIUM,MAINTAINABILITY,CODE_SMELL,"Replace the type hint ""Namespace"" with ""Optional[Namespace]"" or don't assign ""None"" to ""options""",56,5min,1.0,0.0,8.0,9.0,112.0,113.0,79.0,780.0,E,A,6,2,65,116,,
AZ4INX5-UdMD1-xUqsBV,lib/sqlalchemy/testing/plugin/plugin_base.py,plugin_base.py,python:S1172,MEDIUM,MAINTAINABILITY,CODE_SMELL,"Remove the unused function parameter ""cls"".",536,5min,1.0,0.0,8.0,9.0,112.0,113.0,79.0,780.0,E,A,6,2,65,116,,
AZ4INX5-UdMD1-xUqsBX,lib/sqlalchemy/testing/plugin/plugin_base.py,plugin_base.py,python:S1172,MEDIUM,MAINTAINABILITY,CODE_SMELL,"Remove the unused function parameter ""test"".",612,5min,1.0,0.0,8.0,9.0,112.0,113.0,79.0,780.0,E,A,6,2,65,116,,
AZ4INX5-UdMD1-xUqsBY,lib/sqlalchemy/testing/plugin/plugin_base.py,plugin_base.py,python:S1172,MEDIUM,MAINTAINABILITY,CODE_SMELL,"Remove the unused function parameter ""test"".",623,5min,1.0,0.0,8.0,9.0,112.0,113.0,79.0,780.0,E,A,6,2,65,116,,
AZ4INX5-UdMD1-xUqsBb,lib/sqlalchemy/testing/plugin/plugin_base.py,plugin_base.py,python:S1172,MEDIUM,MAINTAINABILITY,CODE_SMELL,"Remove the unused function parameter ""ctx"".",741,5min,1.0,0.0,8.0,9.0,112.0,113.0,79.0,780.0,E,A,6,2,65,116,,
AZ4INX6BUdMD1-xUqsBc,lib/sqlalchemy/testing/plugin/pytestplugin.py,pytestplugin.py,python:S1172,MEDIUM,MAINTAINABILITY,CODE_SMELL,"Remove the unused function parameter ""config"".",185,5min,0.0,0.0,8.0,8.0,148.0,201.0,97.0,869.0,A,A,5,2,48,2,4.0,"this is much easier to do within pytest_pycollect_makeitem, however | is that true and why's that? (when using unittest, they're sorted) | this is the pytest hacky part.  don't do a full update wrapper | because pytest is really being sneaky about finding the args"
AZ4INX6BUdMD1-xUqsBd,lib/sqlalchemy/testing/plugin/pytestplugin.py,pytestplugin.py,python:S1172,MEDIUM,MAINTAINABILITY,CODE_SMELL,"Remove the unused function parameter ""error"".",227,5min,0.0,0.0,8.0,8.0,148.0,201.0,97.0,869.0,A,A,5,2,48,2,4.0,"this is much easier to do within pytest_pycollect_makeitem, however | is that true and why's that? (when using unittest, they're sorted) | this is the pytest hacky part.  don't do a full update wrapper | because pytest is really being sneaky about finding the args"
AZ4INX6BUdMD1-xUqsBe,lib/sqlalchemy/testing/plugin/pytestplugin.py,pytestplugin.py,python:S1172,MEDIUM,MAINTAINABILITY,CODE_SMELL,"Remove the unused function parameter ""session"".",236,5min,0.0,0.0,8.0,8.0,148.0,201.0,97.0,869.0,A,A,5,2,48,2,4.0,"this is much easier to do within pytest_pycollect_makeitem, however | is that true and why's that? (when using unittest, they're sorted) | this is the pytest hacky part.  don't do a full update wrapper | because pytest is really being sneaky about finding the args"
AZ4INX6BUdMD1-xUqsBf,lib/sqlalchemy/testing/plugin/pytestplugin.py,pytestplugin.py,python:S1172,MEDIUM,MAINTAINABILITY,CODE_SMELL,"Remove the unused function parameter ""config"".",236,5min,0.0,0.0,8.0,8.0,148.0,201.0,97.0,869.0,A,A,5,2,48,2,4.0,"this is much easier to do within pytest_pycollect_makeitem, however | is that true and why's that? (when using unittest, they're sorted) | this is the pytest hacky part.  don't do a full update wrapper | because pytest is really being sneaky about finding the args"
AZ4INX6BUdMD1-xUqsBh,lib/sqlalchemy/testing/plugin/pytestplugin.py,pytestplugin.py,python:S1854,MEDIUM,MAINTAINABILITY,CODE_SMELL,Remove this assignment to local variable 'add_markers'; the value is never used.,273,1min,0.0,0.0,8.0,8.0,148.0,201.0,97.0,869.0,A,A,5,2,48,2,4.0,"this is much easier to do within pytest_pycollect_makeitem, however | is that true and why's that? (when using unittest, they're sorted) | this is the pytest hacky part.  don't do a full update wrapper | because pytest is really being sneaky about finding the args"
AZ4INX6iUdMD1-xUqsCJ,lib/sqlalchemy/testing/profiling.py,profiling.py,python:S125,MEDIUM,MAINTAINABILITY,CODE_SMELL,Remove this commented out code.,275,5min,0.0,0.0,7.0,7.0,48.0,52.0,35.0,325.0,A,A,4,3,8,2,,
AZ4INX6iUdMD1-xUqsCK,lib/sqlalchemy/testing/profiling.py,profiling.py,python:S125,MEDIUM,MAINTAINABILITY,CODE_SMELL,Remove this commented out code.,277,5min,0.0,0.0,7.0,7.0,48.0,52.0,35.0,325.0,A,A,4,3,8,2,,
AZ4INX6iUdMD1-xUqsCL,lib/sqlalchemy/testing/profiling.py,profiling.py,python:S125,MEDIUM,MAINTAINABILITY,CODE_SMELL,Remove this commented out code.,280,5min,0.0,0.0,7.0,7.0,48.0,52.0,35.0,325.0,A,A,4,3,8,2,,
AZ4INX6iUdMD1-xUqsCM,lib/sqlalchemy/testing/profiling.py,profiling.py,python:S125,MEDIUM,MAINTAINABILITY,CODE_SMELL,Remove this commented out code.,283,5min,0.0,0.0,7.0,7.0,48.0,52.0,35.0,325.0,A,A,4,3,8,2,,
AZ4INX7JUdMD1-xUqsDE,lib/sqlalchemy/testing/requirements.py,requirements.py,python:S1172,MEDIUM,MAINTAINABILITY,CODE_SMELL,"Remove the unused function parameter ""config"".",1592,5min,0.0,0.0,4.0,4.0,251.0,32.0,15.0,1819.0,A,A,19,7,152,96,1.0,"TODO: exclusions should be composable,"
AZ4INX7JUdMD1-xUqsDF,lib/sqlalchemy/testing/requirements.py,requirements.py,python:S1172,MEDIUM,MAINTAINABILITY,CODE_SMELL,"Remove the unused function parameter ""config"".",1595,5min,0.0,0.0,4.0,4.0,251.0,32.0,15.0,1819.0,A,A,19,7,152,96,1.0,"TODO: exclusions should be composable,"
AZ4INX6uUdMD1-xUqsCZ,lib/sqlalchemy/testing/schema.py,schema.py,python:S1542,MEDIUM,MAINTAINABILITY,CODE_SMELL,"Rename function ""Table"" to match the regular expression ^[a-z_][a-z0-9_]*$.",26,10min,0.0,0.0,4.0,4.0,42.0,34.0,33.0,225.0,A,A,2,1,32,116,2.0,hardcoded rule for oracle; this should | be moved out
AZ4INX6uUdMD1-xUqsCY,lib/sqlalchemy/testing/schema.py,schema.py,python:S1066,MEDIUM,MAINTAINABILITY,CODE_SMELL,Merge this if statement with the enclosing one.,50,5min,0.0,0.0,4.0,4.0,42.0,34.0,33.0,225.0,A,A,2,1,32,116,2.0,hardcoded rule for oracle; this should | be moved out
AZ4INX6uUdMD1-xUqsCb,lib/sqlalchemy/testing/schema.py,schema.py,python:S1542,MEDIUM,MAINTAINABILITY,CODE_SMELL,"Rename function ""Column"" to match the regular expression ^[a-z_][a-z0-9_]*$.",69,10min,0.0,0.0,4.0,4.0,42.0,34.0,33.0,225.0,A,A,2,1,32,116,2.0,hardcoded rule for oracle; this should | be moved out
AZ4INX6yUdMD1-xUqsCh,lib/sqlalchemy/testing/util.py,util.py,python:S2836,MEDIUM,MAINTAINABILITY,CODE_SMELL,"Add a ""break"" statement or remove this ""else"" clause.",118,5min,0.0,0.0,8.0,8.0,77.0,80.0,37.0,538.0,A,A,4,2,18,2,2.0,TODO: this warning can be used to find all the places | TODO:
AZ4INX6yUdMD1-xUqsCc,lib/sqlalchemy/testing/util.py,util.py,python:S1066,MEDIUM,MAINTAINABILITY,CODE_SMELL,Merge this if statement with the enclosing one.,520,5min,0.0,0.0,8.0,8.0,77.0,80.0,37.0,538.0,A,A,4,2,18,2,2.0,TODO: this warning can be used to find all the places | TODO:
AZ4INX2IUdMD1-xUqr5-,lib/sqlalchemy/util/concurrency.py,concurrency.py,python:S1172,MEDIUM,MAINTAINABILITY,CODE_SMELL,"Remove the unused function parameter ""thing"".",89,5min,0.0,0.0,11.0,11.0,21.0,13.0,57.0,109.0,A,A,3,3,8,116,,
AZ4INX2IUdMD1-xUqr5_,lib/sqlalchemy/util/concurrency.py,concurrency.py,python:S1172,MEDIUM,MAINTAINABILITY,CODE_SMELL,"Remove the unused function parameter ""args"".",98,5min,0.0,0.0,11.0,11.0,21.0,13.0,57.0,109.0,A,A,3,3,8,116,,
AZ4INX2IUdMD1-xUqr6A,lib/sqlalchemy/util/concurrency.py,concurrency.py,python:S1172,MEDIUM,MAINTAINABILITY,CODE_SMELL,"Remove the unused function parameter ""fn"".",98,5min,0.0,0.0,11.0,11.0,21.0,13.0,57.0,109.0,A,A,3,3,8,116,,
AZ4INX2IUdMD1-xUqr6B,lib/sqlalchemy/util/concurrency.py,concurrency.py,python:S1172,MEDIUM,MAINTAINABILITY,CODE_SMELL,"Remove the unused function parameter ""kw"".",98,5min,0.0,0.0,11.0,11.0,21.0,13.0,57.0,109.0,A,A,3,3,8,116,,
AZ4INX2IUdMD1-xUqr6C,lib/sqlalchemy/util/concurrency.py,concurrency.py,python:S1172,MEDIUM,MAINTAINABILITY,CODE_SMELL,"Remove the unused function parameter ""args"".",101,5min,0.0,0.0,11.0,11.0,21.0,13.0,57.0,109.0,A,A,3,3,8,116,,
AZ4INX2IUdMD1-xUqr6D,lib/sqlalchemy/util/concurrency.py,concurrency.py,python:S1172,MEDIUM,MAINTAINABILITY,CODE_SMELL,"Remove the unused function parameter ""kw"".",101,5min,0.0,0.0,11.0,11.0,21.0,13.0,57.0,109.0,A,A,3,3,8,116,,
AZ4INX2IUdMD1-xUqr6E,lib/sqlalchemy/util/concurrency.py,concurrency.py,python:S1542,MEDIUM,MAINTAINABILITY,CODE_SMELL,"Rename function ""AsyncAdaptedLock"" to match the regular expression ^[a-z_][a-z0-9_]*$.",101,10min,0.0,0.0,11.0,11.0,21.0,13.0,57.0,109.0,A,A,3,3,8,116,,
AZ4INX2IUdMD1-xUqr6F,lib/sqlalchemy/util/concurrency.py,concurrency.py,python:S1172,MEDIUM,MAINTAINABILITY,CODE_SMELL,"Remove the unused function parameter ""arg"".",107,5min,0.0,0.0,11.0,11.0,21.0,13.0,57.0,109.0,A,A,3,3,8,116,,
AZ4INX2IUdMD1-xUqr6G,lib/sqlalchemy/util/concurrency.py,concurrency.py,python:S1172,MEDIUM,MAINTAINABILITY,CODE_SMELL,"Remove the unused function parameter ""kw"".",107,5min,0.0,0.0,11.0,11.0,21.0,13.0,57.0,109.0,A,A,3,3,8,116,,
AZ4INX2IUdMD1-xUqr6H,lib/sqlalchemy/util/concurrency.py,concurrency.py,python:S1172,MEDIUM,MAINTAINABILITY,CODE_SMELL,"Remove the unused function parameter ""fn"".",107,5min,0.0,0.0,11.0,11.0,21.0,13.0,57.0,109.0,A,A,3,3,8,116,,
AZ4INX2EUdMD1-xUqr5n,lib/sqlalchemy/util/langhelpers.py,langhelpers.py,python:S1515,MEDIUM,MAINTAINABILITY,CODE_SMELL,"Add a parameter to the parent lambda function and use variable ""base"" as its default value; The value of ""base"" might change at the next loop iteration.",221,30min,0.0,0.0,23.0,23.0,359.0,435.0,211.0,2219.0,A,A,12,3,434,2,8.0,"such as when a kw-only indicator ""*"" is present, which is why | detail, and can be removed or deprecated in future Python releases. | way other than completely deceiving the type checker into thinking there | way to achieve this. | NOTE: we should ultimately get rid of this global thing, | however, currently it is to support pickling.  The best | TODO: this is not working for params like "":param case_sensitive=True:"" | TODO: this still won't cover if the code example itself has"
AZ4INX2EUdMD1-xUqr5o,lib/sqlalchemy/util/langhelpers.py,langhelpers.py,python:S112,MEDIUM,MAINTAINABILITY,CODE_SMELL,Replace this generic exception class with a more specific one.,251,20min,0.0,0.0,23.0,23.0,359.0,435.0,211.0,2219.0,A,A,12,3,434,2,8.0,"such as when a kw-only indicator ""*"" is present, which is why | detail, and can be removed or deprecated in future Python releases. | way other than completely deceiving the type checker into thinking there | way to achieve this. | NOTE: we should ultimately get rid of this global thing, | however, currently it is to support pickling.  The best | TODO: this is not working for params like "":param case_sensitive=True:"" | TODO: this still won't cover if the code example itself has"
AZ4INX2EUdMD1-xUqr5x,lib/sqlalchemy/util/langhelpers.py,langhelpers.py,python:S1172,MEDIUM,MAINTAINABILITY,CODE_SMELL,"Remove the unused function parameter ""target_cls"".",693,5min,0.0,0.0,23.0,23.0,359.0,435.0,211.0,2219.0,A,A,12,3,434,2,8.0,"such as when a kw-only indicator ""*"" is present, which is why | detail, and can be removed or deprecated in future Python releases. | way other than completely deceiving the type checker into thinking there | way to achieve this. | NOTE: we should ultimately get rid of this global thing, | however, currently it is to support pickling.  The best | TODO: this is not working for params like "":param case_sensitive=True:"" | TODO: this still won't cover if the code example itself has"
AZ4INX2EUdMD1-xUqr5t,lib/sqlalchemy/util/langhelpers.py,langhelpers.py,python:S1172,MEDIUM,MAINTAINABILITY,CODE_SMELL,"Remove the unused function parameter ""target_cls_sphinx_name"".",694,5min,0.0,0.0,23.0,23.0,359.0,435.0,211.0,2219.0,A,A,12,3,434,2,8.0,"such as when a kw-only indicator ""*"" is present, which is why | detail, and can be removed or deprecated in future Python releases. | way other than completely deceiving the type checker into thinking there | way to achieve this. | NOTE: we should ultimately get rid of this global thing, | however, currently it is to support pickling.  The best | TODO: this is not working for params like "":param case_sensitive=True:"" | TODO: this still won't cover if the code example itself has"
AZ4INX2EUdMD1-xUqr5r,lib/sqlalchemy/util/langhelpers.py,langhelpers.py,python:S1172,MEDIUM,MAINTAINABILITY,CODE_SMELL,"Remove the unused function parameter ""proxy_cls_sphinx_name"".",695,5min,0.0,0.0,23.0,23.0,359.0,435.0,211.0,2219.0,A,A,12,3,434,2,8.0,"such as when a kw-only indicator ""*"" is present, which is why | detail, and can be removed or deprecated in future Python releases. | way other than completely deceiving the type checker into thinking there | way to achieve this. | NOTE: we should ultimately get rid of this global thing, | however, currently it is to support pickling.  The best | TODO: this is not working for params like "":param case_sensitive=True:"" | TODO: this still won't cover if the code example itself has"
AZ4INX2EUdMD1-xUqr5u,lib/sqlalchemy/util/langhelpers.py,langhelpers.py,python:S1172,MEDIUM,MAINTAINABILITY,CODE_SMELL,"Remove the unused function parameter ""classmethods"".",696,5min,0.0,0.0,23.0,23.0,359.0,435.0,211.0,2219.0,A,A,12,3,434,2,8.0,"such as when a kw-only indicator ""*"" is present, which is why | detail, and can be removed or deprecated in future Python releases. | way other than completely deceiving the type checker into thinking there | way to achieve this. | NOTE: we should ultimately get rid of this global thing, | however, currently it is to support pickling.  The best | TODO: this is not working for params like "":param case_sensitive=True:"" | TODO: this still won't cover if the code example itself has"
AZ4INX2EUdMD1-xUqr5s,lib/sqlalchemy/util/langhelpers.py,langhelpers.py,python:S1172,MEDIUM,MAINTAINABILITY,CODE_SMELL,"Remove the unused function parameter ""methods"".",697,5min,0.0,0.0,23.0,23.0,359.0,435.0,211.0,2219.0,A,A,12,3,434,2,8.0,"such as when a kw-only indicator ""*"" is present, which is why | detail, and can be removed or deprecated in future Python releases. | way other than completely deceiving the type checker into thinking there | way to achieve this. | NOTE: we should ultimately get rid of this global thing, | however, currently it is to support pickling.  The best | TODO: this is not working for params like "":param case_sensitive=True:"" | TODO: this still won't cover if the code example itself has"
AZ4INX2EUdMD1-xUqr5v,lib/sqlalchemy/util/langhelpers.py,langhelpers.py,python:S1172,MEDIUM,MAINTAINABILITY,CODE_SMELL,"Remove the unused function parameter ""attributes"".",698,5min,0.0,0.0,23.0,23.0,359.0,435.0,211.0,2219.0,A,A,12,3,434,2,8.0,"such as when a kw-only indicator ""*"" is present, which is why | detail, and can be removed or deprecated in future Python releases. | way other than completely deceiving the type checker into thinking there | way to achieve this. | NOTE: we should ultimately get rid of this global thing, | however, currently it is to support pickling.  The best | TODO: this is not working for params like "":param case_sensitive=True:"" | TODO: this still won't cover if the code example itself has"
AZ4INX2EUdMD1-xUqr5w,lib/sqlalchemy/util/langhelpers.py,langhelpers.py,python:S1172,MEDIUM,MAINTAINABILITY,CODE_SMELL,"Remove the unused function parameter ""use_intermediate_variable"".",699,5min,0.0,0.0,23.0,23.0,359.0,435.0,211.0,2219.0,A,A,12,3,434,2,8.0,"such as when a kw-only indicator ""*"" is present, which is why | detail, and can be removed or deprecated in future Python releases. | way other than completely deceiving the type checker into thinking there | way to achieve this. | NOTE: we should ultimately get rid of this global thing, | however, currently it is to support pickling.  The best | TODO: this is not working for params like "":param case_sensitive=True:"" | TODO: this still won't cover if the code example itself has"
AZ4INX2EUdMD1-xUqr51,lib/sqlalchemy/util/langhelpers.py,langhelpers.py,python:S1871,MEDIUM,MAINTAINABILITY,CODE_SMELL,"Either merge this branch with the identical one on line ""1728"" or change one of the implementations.",1730,10min,0.0,0.0,23.0,23.0,359.0,435.0,211.0,2219.0,A,A,12,3,434,2,8.0,"such as when a kw-only indicator ""*"" is present, which is why | detail, and can be removed or deprecated in future Python releases. | way other than completely deceiving the type checker into thinking there | way to achieve this. | NOTE: we should ultimately get rid of this global thing, | however, currently it is to support pickling.  The best | TODO: this is not working for params like "":param case_sensitive=True:"" | TODO: this still won't cover if the code example itself has"
AZ4INX2EUdMD1-xUqr52,lib/sqlalchemy/util/langhelpers.py,langhelpers.py,python:S1871,MEDIUM,MAINTAINABILITY,CODE_SMELL,"Either merge this branch with the identical one on line ""1728"" or change one of the implementations.",1732,10min,0.0,0.0,23.0,23.0,359.0,435.0,211.0,2219.0,A,A,12,3,434,2,8.0,"such as when a kw-only indicator ""*"" is present, which is why | detail, and can be removed or deprecated in future Python releases. | way other than completely deceiving the type checker into thinking there | way to achieve this. | NOTE: we should ultimately get rid of this global thing, | however, currently it is to support pickling.  The best | TODO: this is not working for params like "":param case_sensitive=True:"" | TODO: this still won't cover if the code example itself has"
AZ4INX2VUdMD1-xUqr6S,lib/sqlalchemy/util/tool_support.py,tool_support.py,python:S112,MEDIUM,MAINTAINABILITY,CODE_SMELL,Replace this generic exception class with a more specific one.,97,20min,0.0,0.0,1.0,1.0,21.0,22.0,20.0,202.0,A,A,2,2,3,2,,
AZ4INX11UdMD1-xUqr5c,lib/sqlalchemy/util/topological.py,topological.py,python:S1172,MEDIUM,MAINTAINABILITY,CODE_SMELL,"Remove the unused function parameter ""deterministic_order"".",61,5min,0.0,0.0,3.0,3.0,17.0,26.0,16.0,121.0,A,A,1,1,2,116,,
AZ4INX11UdMD1-xUqr5d,lib/sqlalchemy/util/topological.py,topological.py,python:S1172,MEDIUM,MAINTAINABILITY,CODE_SMELL,"Remove the unused function parameter ""allitems"".",78,5min,0.0,0.0,3.0,3.0,17.0,26.0,16.0,121.0,A,A,1,1,2,116,,
AZ4INX2MUdMD1-xUqr6J,lib/sqlalchemy/util/typing.py,typing.py,python:S5855,MEDIUM,RELIABILITY,BUG,Remove or rework this redundant alternative.,228,5min,1.0,0.0,2.0,3.0,86.0,71.0,7.0,630.0,C,A,8,3,132,17,2.0,is not the usual way variables would resolve. | python 3.10. For sqlalchemy use cases it's fine to consider it a TAT
AZ4INX2MUdMD1-xUqr6K,lib/sqlalchemy/util/typing.py,typing.py,python:S1172,MEDIUM,MAINTAINABILITY,CODE_SMELL,"Remove the unused function parameter ""locals_"".",337,5min,1.0,0.0,2.0,3.0,86.0,71.0,7.0,630.0,C,A,8,3,132,17,2.0,is not the usual way variables would resolve. | python 3.10. For sqlalchemy use cases it's fine to consider it a TAT
AZ4INX57UdMD1-xUqsBK,lib/sqlalchemy/connectors/aioodbc.py,aioodbc.py,python:S101,LOW,MAINTAINABILITY,CODE_SMELL,"Rename class ""AsyncAdapt_aioodbc_cursor"" to match the regular expression ^_?([A-Z_][a-zA-Z0-9]*|[a-z_][a-z0-9_]*)$.",28,5min,0.0,0.0,7.0,7.0,24.0,12.0,32.0,175.0,A,A,4,2,24,67,1.0,how it's supposed to work
AZ4INX57UdMD1-xUqsBL,lib/sqlalchemy/connectors/aioodbc.py,aioodbc.py,python:S101,LOW,MAINTAINABILITY,CODE_SMELL,"Rename class ""AsyncAdapt_aioodbc_ss_cursor"" to match the regular expression ^_?([A-Z_][a-zA-Z0-9]*|[a-z_][a-z0-9_]*)$.",39,5min,0.0,0.0,7.0,7.0,24.0,12.0,32.0,175.0,A,A,4,2,24,67,1.0,how it's supposed to work
AZ4INX57UdMD1-xUqsBM,lib/sqlalchemy/connectors/aioodbc.py,aioodbc.py,python:S101,LOW,MAINTAINABILITY,CODE_SMELL,"Rename class ""AsyncAdapt_aioodbc_connection"" to match the regular expression ^_?([A-Z_][a-zA-Z0-9]*|[a-z_][a-z0-9_]*)$.",45,5min,0.0,0.0,7.0,7.0,24.0,12.0,32.0,175.0,A,A,4,2,24,67,1.0,how it's supposed to work
AZ4INX57UdMD1-xUqsBN,lib/sqlalchemy/connectors/aioodbc.py,aioodbc.py,python:S101,LOW,MAINTAINABILITY,CODE_SMELL,"Rename class ""AsyncAdaptFallback_aioodbc_connection"" to match the regular expression ^_?([A-Z_][a-zA-Z0-9]*|[a-z_][a-z0-9_]*)$.",90,5min,0.0,0.0,7.0,7.0,24.0,12.0,32.0,175.0,A,A,4,2,24,67,1.0,how it's supposed to work
AZ4INX57UdMD1-xUqsBP,lib/sqlalchemy/connectors/aioodbc.py,aioodbc.py,python:S101,LOW,MAINTAINABILITY,CODE_SMELL,"Rename class ""AsyncAdapt_aioodbc_dbapi"" to match the regular expression ^_?([A-Z_][a-zA-Z0-9]*|[a-z_][a-z0-9_]*)$.",96,5min,0.0,0.0,7.0,7.0,24.0,12.0,32.0,175.0,A,A,4,2,24,67,1.0,how it's supposed to work
AZ4INX57UdMD1-xUqsBO,lib/sqlalchemy/connectors/aioodbc.py,aioodbc.py,python:S116,LOW,MAINTAINABILITY,CODE_SMELL,"Rename this field ""Cursor"" to match the regular expression ^[_a-z][_a-z0-9]*$.",102,2min,0.0,0.0,7.0,7.0,24.0,12.0,32.0,175.0,A,A,4,2,24,67,1.0,how it's supposed to work
AZ4INX57UdMD1-xUqsBQ,lib/sqlalchemy/connectors/aioodbc.py,aioodbc.py,python:S101,LOW,MAINTAINABILITY,CODE_SMELL,"Rename class ""aiodbcConnector"" to match the regular expression ^_?([A-Z_][a-zA-Z0-9]*|[a-z_][a-z0-9_]*)$.",145,5min,0.0,0.0,7.0,7.0,24.0,12.0,32.0,175.0,A,A,4,2,24,67,1.0,how it's supposed to work
AZ4INX52UdMD1-xUqsBF,lib/sqlalchemy/connectors/asyncio.py,asyncio.py,python:S101,LOW,MAINTAINABILITY,CODE_SMELL,"Rename class ""AsyncAdapt_dbapi_cursor"" to match the regular expression ^_?([A-Z_][a-zA-Z0-9]*|[a-z_][a-z0-9_]*)$.",21,5min,0.0,0.0,4.0,4.0,46.0,16.0,20.0,214.0,A,A,7,4,177,116,,
AZ4INX52UdMD1-xUqsBG,lib/sqlalchemy/connectors/asyncio.py,asyncio.py,python:S101,LOW,MAINTAINABILITY,CODE_SMELL,"Rename class ""AsyncAdapt_dbapi_ss_cursor"" to match the regular expression ^_?([A-Z_][a-zA-Z0-9]*|[a-z_][a-z0-9_]*)$.",126,5min,0.0,0.0,4.0,4.0,46.0,16.0,20.0,214.0,A,A,7,4,177,116,,
AZ4INX52UdMD1-xUqsBH,lib/sqlalchemy/connectors/asyncio.py,asyncio.py,python:S101,LOW,MAINTAINABILITY,CODE_SMELL,"Rename class ""AsyncAdapt_dbapi_connection"" to match the regular expression ^_?([A-Z_][a-zA-Z0-9]*|[a-z_][a-z0-9_]*)$.",162,5min,0.0,0.0,4.0,4.0,46.0,16.0,20.0,214.0,A,A,7,4,177,116,,
AZ4INX52UdMD1-xUqsBI,lib/sqlalchemy/connectors/asyncio.py,asyncio.py,python:S101,LOW,MAINTAINABILITY,CODE_SMELL,"Rename class ""AsyncAdaptFallback_dbapi_connection"" to match the regular expression ^_?([A-Z_][a-zA-Z0-9]*|[a-z_][a-z0-9_]*)$.",210,5min,0.0,0.0,4.0,4.0,46.0,16.0,20.0,214.0,A,A,7,4,177,116,,
AZ4INX2uUdMD1-xUqr7B,lib/sqlalchemy/dialects/mssql/aioodbc.py,aioodbc.py,python:S101,LOW,MAINTAINABILITY,CODE_SMELL,"Rename class ""MSExecutionContext_aioodbc"" to match the regular expression ^_?([A-Z_][a-zA-Z0-9]*|[a-z_][a-z0-9_]*)$.",51,5min,0.0,0.0,2.0,2.0,1.0,0.0,10.0,65.0,A,A,2,1,6,116,,
AZ4INX2uUdMD1-xUqr7C,lib/sqlalchemy/dialects/mssql/aioodbc.py,aioodbc.py,python:S101,LOW,MAINTAINABILITY,CODE_SMELL,"Rename class ""MSDialectAsync_aioodbc"" to match the regular expression ^_?([A-Z_][a-zA-Z0-9]*|[a-z_][a-z0-9_]*)$.",56,5min,0.0,0.0,2.0,2.0,1.0,0.0,10.0,65.0,A,A,2,1,6,116,,
AZ4INX28UdMD1-xUqr7a,lib/sqlalchemy/dialects/mssql/base.py,base.py,python:S101,LOW,MAINTAINABILITY,CODE_SMELL,"Rename class ""DOUBLE_PRECISION"" to match the regular expression ^_?([A-Z_][a-zA-Z0-9]*|[a-z_][a-z0-9_]*)$.",1197,5min,0.0,0.0,22.0,22.0,422.0,409.0,162.0,4012.0,A,A,19,8,396,2,4.0,"TODO: Why?  shouldn't we use TOP always ? | TODO: does this comment (from mysql) apply to here, too? | TODO: try to avoid having to run a separate query here | TODO: we support match=<keyword> for foreign keys so"
AZ4INX28UdMD1-xUqr7e,lib/sqlalchemy/dialects/mssql/base.py,base.py,python:S101,LOW,MAINTAINABILITY,CODE_SMELL,"Rename class ""SQL_VARIANT"" to match the regular expression ^_?([A-Z_][a-zA-Z0-9]*|[a-z_][a-z0-9_]*)$.",1589,5min,0.0,0.0,22.0,22.0,422.0,409.0,162.0,4012.0,A,A,19,8,396,2,4.0,"TODO: Why?  shouldn't we use TOP always ? | TODO: does this comment (from mysql) apply to here, too? | TODO: try to avoid having to run a separate query here | TODO: we support match=<keyword> for foreign keys so"
AZ4INX28UdMD1-xUqr7j,lib/sqlalchemy/dialects/mssql/base.py,base.py,python:S1135,LOW,MAINTAINABILITY,CODE_SMELL,"Complete the task associated to this ""TODO"" comment.",2085,0min,0.0,0.0,22.0,22.0,422.0,409.0,162.0,4012.0,A,A,19,8,396,2,4.0,"TODO: Why?  shouldn't we use TOP always ? | TODO: does this comment (from mysql) apply to here, too? | TODO: try to avoid having to run a separate query here | TODO: we support match=<keyword> for foreign keys so"
AZ4INX28UdMD1-xUqr7k,lib/sqlalchemy/dialects/mssql/base.py,base.py,python:S1135,LOW,MAINTAINABILITY,CODE_SMELL,"Complete the task associated to this ""TODO"" comment.",2462,0min,0.0,0.0,22.0,22.0,422.0,409.0,162.0,4012.0,A,A,19,8,396,2,4.0,"TODO: Why?  shouldn't we use TOP always ? | TODO: does this comment (from mysql) apply to here, too? | TODO: try to avoid having to run a separate query here | TODO: we support match=<keyword> for foreign keys so"
AZ4INX28UdMD1-xUqr7p,lib/sqlalchemy/dialects/mssql/base.py,base.py,python:S1135,LOW,MAINTAINABILITY,CODE_SMELL,"Complete the task associated to this ""TODO"" comment.",3376,0min,0.0,0.0,22.0,22.0,422.0,409.0,162.0,4012.0,A,A,19,8,396,2,4.0,"TODO: Why?  shouldn't we use TOP always ? | TODO: does this comment (from mysql) apply to here, too? | TODO: try to avoid having to run a separate query here | TODO: we support match=<keyword> for foreign keys so"
AZ4INX28UdMD1-xUqr7u,lib/sqlalchemy/dialects/mssql/base.py,base.py,python:S1135,LOW,MAINTAINABILITY,CODE_SMELL,"Complete the task associated to this ""TODO"" comment.",3970,0min,0.0,0.0,22.0,22.0,422.0,409.0,162.0,4012.0,A,A,19,8,396,2,4.0,"TODO: Why?  shouldn't we use TOP always ? | TODO: does this comment (from mysql) apply to here, too? | TODO: try to avoid having to run a separate query here | TODO: we support match=<keyword> for foreign keys so"
AZ4INX2rUdMD1-xUqr7A,lib/sqlalchemy/dialects/mssql/information_schema.py,information_schema.py,python:S1135,LOW,MAINTAINABILITY,CODE_SMELL,"Complete the task associated to this ""TODO"" comment.",148,0min,0.0,0.0,1.0,1.0,7.0,3.0,0.0,255.0,A,A,3,2,66,2,1.0,TODO: is CATLOG misspelled ?
AZ4INX2yUdMD1-xUqr7D,lib/sqlalchemy/dialects/mssql/pymssql.py,pymssql.py,python:S101,LOW,MAINTAINABILITY,CODE_SMELL,"Rename class ""_MSNumeric_pymssql"" to match the regular expression ^_?([A-Z_][a-zA-Z0-9]*|[a-z_][a-z0-9_]*)$.",34,5min,0.0,0.0,5.0,5.0,18.0,16.0,20.0,127.0,A,A,2,2,3,2,1.0,TODO: monkeypatching here is less than ideal
AZ4INX2yUdMD1-xUqr7E,lib/sqlalchemy/dialects/mssql/pymssql.py,pymssql.py,python:S101,LOW,MAINTAINABILITY,CODE_SMELL,"Rename class ""MSIdentifierPreparer_pymssql"" to match the regular expression ^_?([A-Z_][a-zA-Z0-9]*|[a-z_][a-z0-9_]*)$.",42,5min,0.0,0.0,5.0,5.0,18.0,16.0,20.0,127.0,A,A,2,2,3,2,1.0,TODO: monkeypatching here is less than ideal
AZ4INX2yUdMD1-xUqr7F,lib/sqlalchemy/dialects/mssql/pymssql.py,pymssql.py,python:S101,LOW,MAINTAINABILITY,CODE_SMELL,"Rename class ""MSDialect_pymssql"" to match the regular expression ^_?([A-Z_][a-zA-Z0-9]*|[a-z_][a-z0-9_]*)$.",50,5min,0.0,0.0,5.0,5.0,18.0,16.0,20.0,127.0,A,A,2,2,3,2,1.0,TODO: monkeypatching here is less than ideal
AZ4INX2yUdMD1-xUqr7G,lib/sqlalchemy/dialects/mssql/pymssql.py,pymssql.py,python:S1135,LOW,MAINTAINABILITY,CODE_SMELL,"Complete the task associated to this ""TODO"" comment.",69,0min,0.0,0.0,5.0,5.0,18.0,16.0,20.0,127.0,A,A,2,2,3,2,1.0,TODO: monkeypatching here is less than ideal
AZ4INX21UdMD1-xUqr7I,lib/sqlalchemy/dialects/mssql/pyodbc.py,pyodbc.py,python:S101,LOW,MAINTAINABILITY,CODE_SMELL,"Rename class ""_MSNumeric_pyodbc"" to match the regular expression ^_?([A-Z_][a-zA-Z0-9]*|[a-z_][a-z0-9_]*)$.",433,5min,0.0,1.0,15.0,16.0,65.0,73.0,69.0,746.0,A,E,3,2,67,2,,
AZ4INX21UdMD1-xUqr7J,lib/sqlalchemy/dialects/mssql/pyodbc.py,pyodbc.py,python:S101,LOW,MAINTAINABILITY,CODE_SMELL,"Rename class ""_MSFloat_pyodbc"" to match the regular expression ^_?([A-Z_][a-zA-Z0-9]*|[a-z_][a-z0-9_]*)$.",437,5min,0.0,1.0,15.0,16.0,65.0,73.0,69.0,746.0,A,E,3,2,67,2,,
AZ4INX21UdMD1-xUqr7K,lib/sqlalchemy/dialects/mssql/pyodbc.py,pyodbc.py,python:S117,LOW,MAINTAINABILITY,CODE_SMELL,"Rename this local variable ""DBAPIBinary"" to match the regular expression ^[_a-z][a-z0-9_]*$.",452,2min,0.0,1.0,15.0,16.0,65.0,73.0,69.0,746.0,A,E,3,2,67,2,,
AZ4INX21UdMD1-xUqr7M,lib/sqlalchemy/dialects/mssql/pyodbc.py,pyodbc.py,python:S101,LOW,MAINTAINABILITY,CODE_SMELL,"Rename class ""_VARBINARY_pyodbc"" to match the regular expression ^_?([A-Z_][a-zA-Z0-9]*|[a-z_][a-z0-9_]*)$.",503,5min,0.0,1.0,15.0,16.0,65.0,73.0,69.0,746.0,A,E,3,2,67,2,,
AZ4INX21UdMD1-xUqr7N,lib/sqlalchemy/dialects/mssql/pyodbc.py,pyodbc.py,python:S101,LOW,MAINTAINABILITY,CODE_SMELL,"Rename class ""_BINARY_pyodbc"" to match the regular expression ^_?([A-Z_][a-zA-Z0-9]*|[a-z_][a-z0-9_]*)$.",507,5min,0.0,1.0,15.0,16.0,65.0,73.0,69.0,746.0,A,E,3,2,67,2,,
AZ4INX21UdMD1-xUqr7O,lib/sqlalchemy/dialects/mssql/pyodbc.py,pyodbc.py,python:S101,LOW,MAINTAINABILITY,CODE_SMELL,"Rename class ""_String_pyodbc"" to match the regular expression ^_?([A-Z_][a-zA-Z0-9]*|[a-z_][a-z0-9_]*)$.",511,5min,0.0,1.0,15.0,16.0,65.0,73.0,69.0,746.0,A,E,3,2,67,2,,
AZ4INX21UdMD1-xUqr7P,lib/sqlalchemy/dialects/mssql/pyodbc.py,pyodbc.py,python:S101,LOW,MAINTAINABILITY,CODE_SMELL,"Rename class ""_Unicode_pyodbc"" to match the regular expression ^_?([A-Z_][a-zA-Z0-9]*|[a-z_][a-z0-9_]*)$.",519,5min,0.0,1.0,15.0,16.0,65.0,73.0,69.0,746.0,A,E,3,2,67,2,,
AZ4INX21UdMD1-xUqr7Q,lib/sqlalchemy/dialects/mssql/pyodbc.py,pyodbc.py,python:S101,LOW,MAINTAINABILITY,CODE_SMELL,"Rename class ""_UnicodeText_pyodbc"" to match the regular expression ^_?([A-Z_][a-zA-Z0-9]*|[a-z_][a-z0-9_]*)$.",527,5min,0.0,1.0,15.0,16.0,65.0,73.0,69.0,746.0,A,E,3,2,67,2,,
AZ4INX21UdMD1-xUqr7R,lib/sqlalchemy/dialects/mssql/pyodbc.py,pyodbc.py,python:S101,LOW,MAINTAINABILITY,CODE_SMELL,"Rename class ""_JSON_pyodbc"" to match the regular expression ^_?([A-Z_][a-zA-Z0-9]*|[a-z_][a-z0-9_]*)$.",535,5min,0.0,1.0,15.0,16.0,65.0,73.0,69.0,746.0,A,E,3,2,67,2,,
AZ4INX21UdMD1-xUqr7S,lib/sqlalchemy/dialects/mssql/pyodbc.py,pyodbc.py,python:S101,LOW,MAINTAINABILITY,CODE_SMELL,"Rename class ""_JSONIndexType_pyodbc"" to match the regular expression ^_?([A-Z_][a-zA-Z0-9]*|[a-z_][a-z0-9_]*)$.",540,5min,0.0,1.0,15.0,16.0,65.0,73.0,69.0,746.0,A,E,3,2,67,2,,
AZ4INX21UdMD1-xUqr7T,lib/sqlalchemy/dialects/mssql/pyodbc.py,pyodbc.py,python:S101,LOW,MAINTAINABILITY,CODE_SMELL,"Rename class ""_JSONPathType_pyodbc"" to match the regular expression ^_?([A-Z_][a-zA-Z0-9]*|[a-z_][a-z0-9_]*)$.",545,5min,0.0,1.0,15.0,16.0,65.0,73.0,69.0,746.0,A,E,3,2,67,2,,
AZ4INX21UdMD1-xUqr7U,lib/sqlalchemy/dialects/mssql/pyodbc.py,pyodbc.py,python:S101,LOW,MAINTAINABILITY,CODE_SMELL,"Rename class ""MSExecutionContext_pyodbc"" to match the regular expression ^_?([A-Z_][a-zA-Z0-9]*|[a-z_][a-z0-9_]*)$.",550,5min,0.0,1.0,15.0,16.0,65.0,73.0,69.0,746.0,A,E,3,2,67,2,,
AZ4INX21UdMD1-xUqr7V,lib/sqlalchemy/dialects/mssql/pyodbc.py,pyodbc.py,python:S101,LOW,MAINTAINABILITY,CODE_SMELL,"Rename class ""MSDialect_pyodbc"" to match the regular expression ^_?([A-Z_][a-zA-Z0-9]*|[a-z_][a-z0-9_]*)$.",608,5min,0.0,1.0,15.0,16.0,65.0,73.0,69.0,746.0,A,E,3,2,67,2,,
AZ4INX21UdMD1-xUqr7W,lib/sqlalchemy/dialects/mssql/pyodbc.py,pyodbc.py,python:S117,LOW,MAINTAINABILITY,CODE_SMELL,"Rename this local variable ""odbc_SQL_SS_TIMESTAMPOFFSET"" to match the regular expression ^[_a-z][a-z0-9_]*$.",716,2min,0.0,1.0,15.0,16.0,65.0,73.0,69.0,746.0,A,E,3,2,67,2,,
AZ4INX4IUdMD1-xUqr98,lib/sqlalchemy/dialects/mysql/aiomysql.py,aiomysql.py,python:S101,LOW,MAINTAINABILITY,CODE_SMELL,"Rename class ""AsyncAdapt_aiomysql_cursor"" to match the regular expression ^_?([A-Z_][a-zA-Z0-9]*|[a-z_][a-z0-9_]*)$.",41,5min,0.0,0.0,16.0,16.0,54.0,16.0,64.0,334.0,A,A,8,3,129,2,,
AZ4INX4IUdMD1-xUqr99,lib/sqlalchemy/dialects/mysql/aiomysql.py,aiomysql.py,python:S1135,LOW,MAINTAINABILITY,CODE_SMELL,"Complete the task associated to this ""TODO"" comment.",42,0min,0.0,0.0,16.0,16.0,54.0,16.0,64.0,334.0,A,A,8,3,129,2,,
AZ4INX4IUdMD1-xUqr9_,lib/sqlalchemy/dialects/mysql/aiomysql.py,aiomysql.py,python:S101,LOW,MAINTAINABILITY,CODE_SMELL,"Rename class ""AsyncAdapt_aiomysql_ss_cursor"" to match the regular expression ^_?([A-Z_][a-zA-Z0-9]*|[a-z_][a-z0-9_]*)$.",144,5min,0.0,0.0,16.0,16.0,54.0,16.0,64.0,334.0,A,A,8,3,129,2,,
AZ4INX4IUdMD1-xUqr-A,lib/sqlalchemy/dialects/mysql/aiomysql.py,aiomysql.py,python:S1135,LOW,MAINTAINABILITY,CODE_SMELL,"Complete the task associated to this ""TODO"" comment.",145,0min,0.0,0.0,16.0,16.0,54.0,16.0,64.0,334.0,A,A,8,3,129,2,,
AZ4INX4IUdMD1-xUqr-B,lib/sqlalchemy/dialects/mysql/aiomysql.py,aiomysql.py,python:S101,LOW,MAINTAINABILITY,CODE_SMELL,"Rename class ""AsyncAdapt_aiomysql_connection"" to match the regular expression ^_?([A-Z_][a-zA-Z0-9]*|[a-z_][a-z0-9_]*)$.",174,5min,0.0,0.0,16.0,16.0,54.0,16.0,64.0,334.0,A,A,8,3,129,2,,
AZ4INX4IUdMD1-xUqr-C,lib/sqlalchemy/dialects/mysql/aiomysql.py,aiomysql.py,python:S1135,LOW,MAINTAINABILITY,CODE_SMELL,"Complete the task associated to this ""TODO"" comment.",175,0min,0.0,0.0,16.0,16.0,54.0,16.0,64.0,334.0,A,A,8,3,129,2,,
AZ4INX4IUdMD1-xUqr-D,lib/sqlalchemy/dialects/mysql/aiomysql.py,aiomysql.py,python:S101,LOW,MAINTAINABILITY,CODE_SMELL,"Rename class ""AsyncAdaptFallback_aiomysql_connection"" to match the regular expression ^_?([A-Z_][a-zA-Z0-9]*|[a-z_][a-z0-9_]*)$.",214,5min,0.0,0.0,16.0,16.0,54.0,16.0,64.0,334.0,A,A,8,3,129,2,,
AZ4INX4IUdMD1-xUqr-E,lib/sqlalchemy/dialects/mysql/aiomysql.py,aiomysql.py,python:S1135,LOW,MAINTAINABILITY,CODE_SMELL,"Complete the task associated to this ""TODO"" comment.",215,0min,0.0,0.0,16.0,16.0,54.0,16.0,64.0,334.0,A,A,8,3,129,2,,
AZ4INX4IUdMD1-xUqr-H,lib/sqlalchemy/dialects/mysql/aiomysql.py,aiomysql.py,python:S101,LOW,MAINTAINABILITY,CODE_SMELL,"Rename class ""AsyncAdapt_aiomysql_dbapi"" to match the regular expression ^_?([A-Z_][a-zA-Z0-9]*|[a-z_][a-z0-9_]*)$.",222,5min,0.0,0.0,16.0,16.0,54.0,16.0,64.0,334.0,A,A,8,3,129,2,,
AZ4INX4IUdMD1-xUqr-F,lib/sqlalchemy/dialects/mysql/aiomysql.py,aiomysql.py,python:S116,LOW,MAINTAINABILITY,CODE_SMELL,"Rename this field ""Cursor"" to match the regular expression ^[_a-z][_a-z0-9]*$.",228,2min,0.0,0.0,16.0,16.0,54.0,16.0,64.0,334.0,A,A,8,3,129,2,,
AZ4INX4IUdMD1-xUqr-G,lib/sqlalchemy/dialects/mysql/aiomysql.py,aiomysql.py,python:S116,LOW,MAINTAINABILITY,CODE_SMELL,"Rename this field ""SSCursor"" to match the regular expression ^[_a-z][_a-z0-9]*$.",228,2min,0.0,0.0,16.0,16.0,54.0,16.0,64.0,334.0,A,A,8,3,129,2,,
AZ4INX4IUdMD1-xUqr-K,lib/sqlalchemy/dialects/mysql/aiomysql.py,aiomysql.py,python:S101,LOW,MAINTAINABILITY,CODE_SMELL,"Rename class ""MySQLDialect_aiomysql"" to match the regular expression ^_?([A-Z_][a-zA-Z0-9]*|[a-z_][a-z0-9_]*)$.",284,5min,0.0,0.0,16.0,16.0,54.0,16.0,64.0,334.0,A,A,8,3,129,2,,
AZ4INX4RUdMD1-xUqr-R,lib/sqlalchemy/dialects/mysql/asyncmy.py,asyncmy.py,python:S101,LOW,MAINTAINABILITY,CODE_SMELL,"Rename class ""AsyncAdapt_asyncmy_cursor"" to match the regular expression ^_?([A-Z_][a-zA-Z0-9]*|[a-z_][a-z0-9_]*)$.",40,5min,0.0,0.0,14.0,14.0,55.0,19.0,72.0,338.0,A,A,8,3,122,2,,
AZ4INX4RUdMD1-xUqr-S,lib/sqlalchemy/dialects/mysql/asyncmy.py,asyncmy.py,python:S1135,LOW,MAINTAINABILITY,CODE_SMELL,"Complete the task associated to this ""TODO"" comment.",41,0min,0.0,0.0,14.0,14.0,55.0,19.0,72.0,338.0,A,A,8,3,122,2,,
AZ4INX4RUdMD1-xUqr-U,lib/sqlalchemy/dialects/mysql/asyncmy.py,asyncmy.py,python:S101,LOW,MAINTAINABILITY,CODE_SMELL,"Rename class ""AsyncAdapt_asyncmy_ss_cursor"" to match the regular expression ^_?([A-Z_][a-zA-Z0-9]*|[a-z_][a-z0-9_]*)$.",145,5min,0.0,0.0,14.0,14.0,55.0,19.0,72.0,338.0,A,A,8,3,122,2,,
AZ4INX4RUdMD1-xUqr-V,lib/sqlalchemy/dialects/mysql/asyncmy.py,asyncmy.py,python:S1135,LOW,MAINTAINABILITY,CODE_SMELL,"Complete the task associated to this ""TODO"" comment.",146,0min,0.0,0.0,14.0,14.0,55.0,19.0,72.0,338.0,A,A,8,3,122,2,,
AZ4INX4RUdMD1-xUqr-W,lib/sqlalchemy/dialects/mysql/asyncmy.py,asyncmy.py,python:S101,LOW,MAINTAINABILITY,CODE_SMELL,"Rename class ""AsyncAdapt_asyncmy_connection"" to match the regular expression ^_?([A-Z_][a-zA-Z0-9]*|[a-z_][a-z0-9_]*)$.",177,5min,0.0,0.0,14.0,14.0,55.0,19.0,72.0,338.0,A,A,8,3,122,2,,
AZ4INX4RUdMD1-xUqr-X,lib/sqlalchemy/dialects/mysql/asyncmy.py,asyncmy.py,python:S1135,LOW,MAINTAINABILITY,CODE_SMELL,"Complete the task associated to this ""TODO"" comment.",178,0min,0.0,0.0,14.0,14.0,55.0,19.0,72.0,338.0,A,A,8,3,122,2,,
AZ4INX4RUdMD1-xUqr-Y,lib/sqlalchemy/dialects/mysql/asyncmy.py,asyncmy.py,python:S101,LOW,MAINTAINABILITY,CODE_SMELL,"Rename class ""AsyncAdaptFallback_asyncmy_connection"" to match the regular expression ^_?([A-Z_][a-zA-Z0-9]*|[a-z_][a-z0-9_]*)$.",232,5min,0.0,0.0,14.0,14.0,55.0,19.0,72.0,338.0,A,A,8,3,122,2,,
AZ4INX4RUdMD1-xUqr-c,lib/sqlalchemy/dialects/mysql/asyncmy.py,asyncmy.py,python:S101,LOW,MAINTAINABILITY,CODE_SMELL,"Rename class ""AsyncAdapt_asyncmy_dbapi"" to match the regular expression ^_?([A-Z_][a-zA-Z0-9]*|[a-z_][a-z0-9_]*)$.",243,5min,0.0,0.0,14.0,14.0,55.0,19.0,72.0,338.0,A,A,8,3,122,2,,
AZ4INX4RUdMD1-xUqr-b,lib/sqlalchemy/dialects/mysql/asyncmy.py,asyncmy.py,python:S116,LOW,MAINTAINABILITY,CODE_SMELL,"Rename this field ""Binary"" to match the regular expression ^[_a-z][_a-z0-9]*$.",270,2min,0.0,0.0,14.0,14.0,55.0,19.0,72.0,338.0,A,A,8,3,122,2,,
AZ4INX4RUdMD1-xUqr-d,lib/sqlalchemy/dialects/mysql/asyncmy.py,asyncmy.py,python:S101,LOW,MAINTAINABILITY,CODE_SMELL,"Rename class ""MySQLDialect_asyncmy"" to match the regular expression ^_?([A-Z_][a-zA-Z0-9]*|[a-z_][a-z0-9_]*)$.",288,5min,0.0,0.0,14.0,14.0,55.0,19.0,72.0,338.0,A,A,8,3,122,2,,
AZ4INX3_UdMD1-xUqr9n,lib/sqlalchemy/dialects/mysql/base.py,base.py,python:S1135,LOW,MAINTAINABILITY,CODE_SMELL,"Complete the task associated to this ""TODO"" comment.",1661,0min,0.0,7.0,13.0,20.0,391.0,384.0,113.0,3450.0,A,E,17,9,1405,2,3.0,that hits each backend and maybe make a requires rule for it? | TODO: remove ?? | is very slow since mysql does not seem able to properly use indexse.
AZ4INX3_UdMD1-xUqr9q,lib/sqlalchemy/dialects/mysql/base.py,base.py,python:S2737,LOW,MAINTAINABILITY,CODE_SMELL,Add logic to this except clause or eliminate it and rethrow the exception automatically.,2568,5min,0.0,7.0,13.0,20.0,391.0,384.0,113.0,3450.0,A,E,17,9,1405,2,3.0,that hits each backend and maybe make a requires rule for it? | TODO: remove ?? | is very slow since mysql does not seem able to properly use indexse.
AZ4INX3_UdMD1-xUqr9v,lib/sqlalchemy/dialects/mysql/base.py,base.py,python:S2772,LOW,MAINTAINABILITY,CODE_SMELL,"Remove this unneeded ""pass"".",3158,2min,0.0,7.0,13.0,20.0,391.0,384.0,113.0,3450.0,A,E,17,9,1405,2,3.0,that hits each backend and maybe make a requires rule for it? | TODO: remove ?? | is very slow since mysql does not seem able to properly use indexse.
AZ4INX4aUdMD1-xUqr-i,lib/sqlalchemy/dialects/mysql/cymysql.py,cymysql.py,python:S101,LOW,MAINTAINABILITY,CODE_SMELL,"Rename class ""MySQLDialect_cymysql"" to match the regular expression ^_?([A-Z_][a-zA-Z0-9]*|[a-z_][a-z0-9_]*)$.",46,5min,0.0,0.0,1.0,1.0,9.0,8.0,5.0,85.0,A,A,3,3,49,2,,
AZ4INX4eUdMD1-xUqr-k,lib/sqlalchemy/dialects/mysql/mariadbconnector.py,mariadbconnector.py,python:S101,LOW,MAINTAINABILITY,CODE_SMELL,"Rename class ""MySQLExecutionContext_mariadbconnector"" to match the regular expression ^_?([A-Z_][a-zA-Z0-9]*|[a-z_][a-z0-9_]*)$.",73,5min,0.0,0.0,5.0,5.0,39.0,38.0,26.0,278.0,A,A,4,3,109,2,2.0,"work around JIRA issue | https://jira.mariadb.org/browse/CONPY-270.  When that issue is fixed,"
AZ4INX4eUdMD1-xUqr-l,lib/sqlalchemy/dialects/mysql/mariadbconnector.py,mariadbconnector.py,python:S101,LOW,MAINTAINABILITY,CODE_SMELL,"Rename class ""MySQLCompiler_mariadbconnector"" to match the regular expression ^_?([A-Z_][a-zA-Z0-9]*|[a-z_][a-z0-9_]*)$.",94,5min,0.0,0.0,5.0,5.0,39.0,38.0,26.0,278.0,A,A,4,3,109,2,2.0,"work around JIRA issue | https://jira.mariadb.org/browse/CONPY-270.  When that issue is fixed,"
AZ4INX4eUdMD1-xUqr-m,lib/sqlalchemy/dialects/mysql/mariadbconnector.py,mariadbconnector.py,python:S101,LOW,MAINTAINABILITY,CODE_SMELL,"Rename class ""MySQLDialect_mariadbconnector"" to match the regular expression ^_?([A-Z_][a-zA-Z0-9]*|[a-z_][a-z0-9_]*)$.",98,5min,0.0,0.0,5.0,5.0,39.0,38.0,26.0,278.0,A,A,4,3,109,2,2.0,"work around JIRA issue | https://jira.mariadb.org/browse/CONPY-270.  When that issue is fixed,"
AZ4INX4iUdMD1-xUqr-o,lib/sqlalchemy/dialects/mysql/mysqlconnector.py,mysqlconnector.py,python:S101,LOW,MAINTAINABILITY,CODE_SMELL,"Rename class ""MySQLCompiler_mysqlconnector"" to match the regular expression ^_?([A-Z_][a-zA-Z0-9]*|[a-z_][a-z0-9_]*)$.",35,5min,0.0,0.0,4.0,4.0,24.0,12.0,20.0,181.0,A,A,7,3,146,2,,
AZ4INX4iUdMD1-xUqr-p,lib/sqlalchemy/dialects/mysql/mysqlconnector.py,mysqlconnector.py,python:S101,LOW,MAINTAINABILITY,CODE_SMELL,"Rename class ""MySQLIdentifierPreparer_mysqlconnector"" to match the regular expression ^_?([A-Z_][a-zA-Z0-9]*|[a-z_][a-z0-9_]*)$.",44,5min,0.0,0.0,4.0,4.0,24.0,12.0,20.0,181.0,A,A,7,3,146,2,,
AZ4INX4iUdMD1-xUqr-r,lib/sqlalchemy/dialects/mysql/mysqlconnector.py,mysqlconnector.py,python:S101,LOW,MAINTAINABILITY,CODE_SMELL,"Rename class ""MySQLDialect_mysqlconnector"" to match the regular expression ^_?([A-Z_][a-zA-Z0-9]*|[a-z_][a-z0-9_]*)$.",65,5min,0.0,0.0,4.0,4.0,24.0,12.0,20.0,181.0,A,A,7,3,146,2,,
AZ4INX4LUdMD1-xUqr-M,lib/sqlalchemy/dialects/mysql/mysqldb.py,mysqldb.py,python:S101,LOW,MAINTAINABILITY,CODE_SMELL,"Rename class ""MySQLExecutionContext_mysqldb"" to match the regular expression ^_?([A-Z_][a-zA-Z0-9]*|[a-z_][a-z0-9_]*)$.",99,5min,0.0,2.0,3.0,5.0,31.0,28.0,15.0,304.0,A,E,5,3,112,2,1.0,note: the SQL here would be
AZ4INX4LUdMD1-xUqr-N,lib/sqlalchemy/dialects/mysql/mysqldb.py,mysqldb.py,python:S101,LOW,MAINTAINABILITY,CODE_SMELL,"Rename class ""MySQLCompiler_mysqldb"" to match the regular expression ^_?([A-Z_][a-zA-Z0-9]*|[a-z_][a-z0-9_]*)$.",103,5min,0.0,2.0,3.0,5.0,31.0,28.0,15.0,304.0,A,E,5,3,112,2,1.0,note: the SQL here would be
AZ4INX4LUdMD1-xUqr-O,lib/sqlalchemy/dialects/mysql/mysqldb.py,mysqldb.py,python:S101,LOW,MAINTAINABILITY,CODE_SMELL,"Rename class ""MySQLDialect_mysqldb"" to match the regular expression ^_?([A-Z_][a-zA-Z0-9]*|[a-z_][a-z0-9_]*)$.",107,5min,0.0,2.0,3.0,5.0,31.0,28.0,15.0,304.0,A,E,5,3,112,2,1.0,note: the SQL here would be
AZ4INX4VUdMD1-xUqr-f,lib/sqlalchemy/dialects/mysql/pymysql.py,pymysql.py,python:S101,LOW,MAINTAINABILITY,CODE_SMELL,"Rename class ""MySQLDialect_pymysql"" to match the regular expression ^_?([A-Z_][a-zA-Z0-9]*|[a-z_][a-z0-9_]*)$.",58,5min,0.0,1.0,2.0,3.0,14.0,16.0,7.0,138.0,A,E,4,3,48,2,,
AZ4INX4VUdMD1-xUqr-g,lib/sqlalchemy/dialects/mysql/pymysql.py,pymysql.py,python:S117,LOW,MAINTAINABILITY,CODE_SMELL,"Rename this local variable ""Connection"" to match the regular expression ^[_a-z][a-z0-9_]*$.",89,2min,0.0,1.0,2.0,3.0,14.0,16.0,7.0,138.0,A,E,4,3,48,2,,
AZ4INX4CUdMD1-xUqr93,lib/sqlalchemy/dialects/mysql/pyodbc.py,pyodbc.py,python:S101,LOW,MAINTAINABILITY,CODE_SMELL,"Rename class ""MySQLExecutionContext_pyodbc"" to match the regular expression ^_?([A-Z_][a-zA-Z0-9]*|[a-z_][a-z0-9_]*)$.",67,5min,0.0,0.0,4.0,4.0,11.0,6.0,14.0,139.0,A,A,3,3,48,2,,
AZ4INX4CUdMD1-xUqr94,lib/sqlalchemy/dialects/mysql/pyodbc.py,pyodbc.py,python:S101,LOW,MAINTAINABILITY,CODE_SMELL,"Rename class ""MySQLDialect_pyodbc"" to match the regular expression ^_?([A-Z_][a-zA-Z0-9]*|[a-z_][a-z0-9_]*)$.",76,5min,0.0,0.0,4.0,4.0,11.0,6.0,14.0,139.0,A,A,3,3,48,2,,
AZ4INX4CUdMD1-xUqr95,lib/sqlalchemy/dialects/mysql/pyodbc.py,pyodbc.py,python:S117,LOW,MAINTAINABILITY,CODE_SMELL,"Rename this local variable ""pyodbc_SQL_CHAR"" to match the regular expression ^[_a-z][a-z0-9_]*$.",129,2min,0.0,0.0,4.0,4.0,11.0,6.0,14.0,139.0,A,A,3,3,48,2,,
AZ4INX4CUdMD1-xUqr96,lib/sqlalchemy/dialects/mysql/pyodbc.py,pyodbc.py,python:S117,LOW,MAINTAINABILITY,CODE_SMELL,"Rename this local variable ""pyodbc_SQL_WCHAR"" to match the regular expression ^[_a-z][a-z0-9_]*$.",130,2min,0.0,0.0,4.0,4.0,11.0,6.0,14.0,139.0,A,A,3,3,48,2,,
AZ4INX4EUdMD1-xUqr97,lib/sqlalchemy/dialects/mysql/types.py,types.py,python:S1135,LOW,MAINTAINABILITY,CODE_SMELL,"Complete the task associated to this ""TODO"" comment.",98,0min,0.0,0.0,1.0,1.0,48.0,20.0,0.0,775.0,A,A,4,2,202,77,1.0,TODO: float arguments?
AZ4INX4mUdMD1-xUqr-s,lib/sqlalchemy/dialects/oracle/cx_oracle.py,cx_oracle.py,python:S117,LOW,MAINTAINABILITY,CODE_SMELL,"Rename this local variable ""cx_Oracle"" to match the regular expression ^[_a-z][a-z0-9_]*$.",459,2min,1.0,0.0,21.0,22.0,163.0,186.0,113.0,1484.0,C,A,5,4,98,2,9.0,TODO: the names used across CHAR / VARCHAR / NCHAR / NVARCHAR | here are inconsistent and not very good | take care of reserved words | TODO: we could likely do away with quoting altogether for | this is the only way to ensure a transaction is started without | TODO: Others ? | TODO: others? | TODO: need to end XA state here | TODO: need to end XA state here
AZ4INX4mUdMD1-xUqr-t,lib/sqlalchemy/dialects/oracle/cx_oracle.py,cx_oracle.py,python:S117,LOW,MAINTAINABILITY,CODE_SMELL,"Rename this local variable ""cx_Oracle"" to match the regular expression ^[_a-z][a-z0-9_]*$.",501,2min,1.0,0.0,21.0,22.0,163.0,186.0,113.0,1484.0,C,A,5,4,98,2,9.0,TODO: the names used across CHAR / VARCHAR / NCHAR / NVARCHAR | here are inconsistent and not very good | take care of reserved words | TODO: we could likely do away with quoting altogether for | this is the only way to ensure a transaction is started without | TODO: Others ? | TODO: others? | TODO: need to end XA state here | TODO: need to end XA state here
AZ4INX4mUdMD1-xUqr-w,lib/sqlalchemy/dialects/oracle/cx_oracle.py,cx_oracle.py,python:S101,LOW,MAINTAINABILITY,CODE_SMELL,"Rename class ""_OracleBINARY_FLOAT"" to match the regular expression ^_?([A-Z_][a-zA-Z0-9]*|[a-z_][a-z0-9_]*)$.",560,5min,1.0,0.0,21.0,22.0,163.0,186.0,113.0,1484.0,C,A,5,4,98,2,9.0,TODO: the names used across CHAR / VARCHAR / NCHAR / NVARCHAR | here are inconsistent and not very good | take care of reserved words | TODO: we could likely do away with quoting altogether for | this is the only way to ensure a transaction is started without | TODO: Others ? | TODO: others? | TODO: need to end XA state here | TODO: need to end XA state here
AZ4INX4mUdMD1-xUqr-x,lib/sqlalchemy/dialects/oracle/cx_oracle.py,cx_oracle.py,python:S101,LOW,MAINTAINABILITY,CODE_SMELL,"Rename class ""_OracleBINARY_DOUBLE"" to match the regular expression ^_?([A-Z_][a-zA-Z0-9]*|[a-z_][a-z0-9_]*)$.",564,5min,1.0,0.0,21.0,22.0,163.0,186.0,113.0,1484.0,C,A,5,4,98,2,9.0,TODO: the names used across CHAR / VARCHAR / NCHAR / NVARCHAR | here are inconsistent and not very good | take care of reserved words | TODO: we could likely do away with quoting altogether for | this is the only way to ensure a transaction is started without | TODO: Others ? | TODO: others? | TODO: need to end XA state here | TODO: need to end XA state here
AZ4INX4mUdMD1-xUqr-y,lib/sqlalchemy/dialects/oracle/cx_oracle.py,cx_oracle.py,python:S1135,LOW,MAINTAINABILITY,CODE_SMELL,"Complete the task associated to this ""TODO"" comment.",595,0min,1.0,0.0,21.0,22.0,163.0,186.0,113.0,1484.0,C,A,5,4,98,2,9.0,TODO: the names used across CHAR / VARCHAR / NCHAR / NVARCHAR | here are inconsistent and not very good | take care of reserved words | TODO: we could likely do away with quoting altogether for | this is the only way to ensure a transaction is started without | TODO: Others ? | TODO: others? | TODO: need to end XA state here | TODO: need to end XA state here
AZ4INX4mUdMD1-xUqr-z,lib/sqlalchemy/dialects/oracle/cx_oracle.py,cx_oracle.py,python:S101,LOW,MAINTAINABILITY,CODE_SMELL,"Rename class ""OracleCompiler_cx_oracle"" to match the regular expression ^_?([A-Z_][a-zA-Z0-9]*|[a-z_][a-z0-9_]*)$.",692,5min,1.0,0.0,21.0,22.0,163.0,186.0,113.0,1484.0,C,A,5,4,98,2,9.0,TODO: the names used across CHAR / VARCHAR / NCHAR / NVARCHAR | here are inconsistent and not very good | take care of reserved words | TODO: we could likely do away with quoting altogether for | this is the only way to ensure a transaction is started without | TODO: Others ? | TODO: others? | TODO: need to end XA state here | TODO: need to end XA state here
AZ4INX4mUdMD1-xUqr-0,lib/sqlalchemy/dialects/oracle/cx_oracle.py,cx_oracle.py,python:S1135,LOW,MAINTAINABILITY,CODE_SMELL,"Complete the task associated to this ""TODO"" comment.",739,0min,1.0,0.0,21.0,22.0,163.0,186.0,113.0,1484.0,C,A,5,4,98,2,9.0,TODO: the names used across CHAR / VARCHAR / NCHAR / NVARCHAR | here are inconsistent and not very good | take care of reserved words | TODO: we could likely do away with quoting altogether for | this is the only way to ensure a transaction is started without | TODO: Others ? | TODO: others? | TODO: need to end XA state here | TODO: need to end XA state here
AZ4INX4mUdMD1-xUqr-1,lib/sqlalchemy/dialects/oracle/cx_oracle.py,cx_oracle.py,python:S101,LOW,MAINTAINABILITY,CODE_SMELL,"Rename class ""OracleExecutionContext_cx_oracle"" to match the regular expression ^_?([A-Z_][a-zA-Z0-9]*|[a-z_][a-z0-9_]*)$.",763,5min,1.0,0.0,21.0,22.0,163.0,186.0,113.0,1484.0,C,A,5,4,98,2,9.0,TODO: the names used across CHAR / VARCHAR / NCHAR / NVARCHAR | here are inconsistent and not very good | take care of reserved words | TODO: we could likely do away with quoting altogether for | this is the only way to ensure a transaction is started without | TODO: Others ? | TODO: others? | TODO: need to end XA state here | TODO: need to end XA state here
AZ4INX4mUdMD1-xUqr-2,lib/sqlalchemy/dialects/oracle/cx_oracle.py,cx_oracle.py,python:S117,LOW,MAINTAINABILITY,CODE_SMELL,"Rename this local variable ""cx_Oracle"" to match the regular expression ^[_a-z][a-z0-9_]*$.",788,2min,1.0,0.0,21.0,22.0,163.0,186.0,113.0,1484.0,C,A,5,4,98,2,9.0,TODO: the names used across CHAR / VARCHAR / NCHAR / NVARCHAR | here are inconsistent and not very good | take care of reserved words | TODO: we could likely do away with quoting altogether for | this is the only way to ensure a transaction is started without | TODO: Others ? | TODO: others? | TODO: need to end XA state here | TODO: need to end XA state here
AZ4INX4mUdMD1-xUqr-4,lib/sqlalchemy/dialects/oracle/cx_oracle.py,cx_oracle.py,python:S101,LOW,MAINTAINABILITY,CODE_SMELL,"Rename class ""OracleDialect_cx_oracle"" to match the regular expression ^_?([A-Z_][a-zA-Z0-9]*|[a-z_][a-z0-9_]*)$.",970,5min,1.0,0.0,21.0,22.0,163.0,186.0,113.0,1484.0,C,A,5,4,98,2,9.0,TODO: the names used across CHAR / VARCHAR / NCHAR / NVARCHAR | here are inconsistent and not very good | take care of reserved words | TODO: we could likely do away with quoting altogether for | this is the only way to ensure a transaction is started without | TODO: Others ? | TODO: others? | TODO: need to end XA state here | TODO: need to end XA state here
AZ4INX4mUdMD1-xUqr-6,lib/sqlalchemy/dialects/oracle/cx_oracle.py,cx_oracle.py,python:S117,LOW,MAINTAINABILITY,CODE_SMELL,"Rename this parameter ""defaultType"" to match the regular expression ^[_a-z][a-z0-9_]*$.",1192,2min,1.0,0.0,21.0,22.0,163.0,186.0,113.0,1484.0,C,A,5,4,98,2,9.0,TODO: the names used across CHAR / VARCHAR / NCHAR / NVARCHAR | here are inconsistent and not very good | take care of reserved words | TODO: we could likely do away with quoting altogether for | this is the only way to ensure a transaction is started without | TODO: Others ? | TODO: others? | TODO: need to end XA state here | TODO: need to end XA state here
AZ4INX4mUdMD1-xUqr-7,lib/sqlalchemy/dialects/oracle/cx_oracle.py,cx_oracle.py,python:S117,LOW,MAINTAINABILITY,CODE_SMELL,"Rename this local variable ""cx_Oracle"" to match the regular expression ^[_a-z][a-z0-9_]*$.",1233,2min,1.0,0.0,21.0,22.0,163.0,186.0,113.0,1484.0,C,A,5,4,98,2,9.0,TODO: the names used across CHAR / VARCHAR / NCHAR / NVARCHAR | here are inconsistent and not very good | take care of reserved words | TODO: we could likely do away with quoting altogether for | this is the only way to ensure a transaction is started without | TODO: Others ? | TODO: others? | TODO: need to end XA state here | TODO: need to end XA state here
AZ4INX4mUdMD1-xUqr--,lib/sqlalchemy/dialects/oracle/cx_oracle.py,cx_oracle.py,python:S1135,LOW,MAINTAINABILITY,CODE_SMELL,"Complete the task associated to this ""TODO"" comment.",1409,0min,1.0,0.0,21.0,22.0,163.0,186.0,113.0,1484.0,C,A,5,4,98,2,9.0,TODO: the names used across CHAR / VARCHAR / NCHAR / NVARCHAR | here are inconsistent and not very good | take care of reserved words | TODO: we could likely do away with quoting altogether for | this is the only way to ensure a transaction is started without | TODO: Others ? | TODO: others? | TODO: need to end XA state here | TODO: need to end XA state here
AZ4INX4mUdMD1-xUqr-_,lib/sqlalchemy/dialects/oracle/cx_oracle.py,cx_oracle.py,python:S1135,LOW,MAINTAINABILITY,CODE_SMELL,"Complete the task associated to this ""TODO"" comment.",1418,0min,1.0,0.0,21.0,22.0,163.0,186.0,113.0,1484.0,C,A,5,4,98,2,9.0,TODO: the names used across CHAR / VARCHAR / NCHAR / NVARCHAR | here are inconsistent and not very good | take care of reserved words | TODO: we could likely do away with quoting altogether for | this is the only way to ensure a transaction is started without | TODO: Others ? | TODO: others? | TODO: need to end XA state here | TODO: need to end XA state here
AZ4INX4mUdMD1-xUqr_B,lib/sqlalchemy/dialects/oracle/cx_oracle.py,cx_oracle.py,python:S1135,LOW,MAINTAINABILITY,CODE_SMELL,"Complete the task associated to this ""TODO"" comment.",1444,0min,1.0,0.0,21.0,22.0,163.0,186.0,113.0,1484.0,C,A,5,4,98,2,9.0,TODO: the names used across CHAR / VARCHAR / NCHAR / NVARCHAR | here are inconsistent and not very good | take care of reserved words | TODO: we could likely do away with quoting altogether for | this is the only way to ensure a transaction is started without | TODO: Others ? | TODO: others? | TODO: need to end XA state here | TODO: need to end XA state here
AZ4INX4mUdMD1-xUqr_C,lib/sqlalchemy/dialects/oracle/cx_oracle.py,cx_oracle.py,python:S1135,LOW,MAINTAINABILITY,CODE_SMELL,"Complete the task associated to this ""TODO"" comment.",1459,0min,1.0,0.0,21.0,22.0,163.0,186.0,113.0,1484.0,C,A,5,4,98,2,9.0,TODO: the names used across CHAR / VARCHAR / NCHAR / NVARCHAR | here are inconsistent and not very good | take care of reserved words | TODO: we could likely do away with quoting altogether for | this is the only way to ensure a transaction is started without | TODO: Others ? | TODO: others? | TODO: need to end XA state here | TODO: need to end XA state here
AZ4INX4vUdMD1-xUqr_L,lib/sqlalchemy/dialects/oracle/dictionary.py,dictionary.py,python:S1135,LOW,MAINTAINABILITY,CODE_SMELL,"Complete the task associated to this ""TODO"" comment.",445,0min,0.0,0.0,1.0,1.0,0.0,0.0,0.0,508.0,A,A,1,1,2,116,1.0,"TODO figure out if it's still relevant, since there is no mention from here"
AZ4INX4xUdMD1-xUqr_M,lib/sqlalchemy/dialects/oracle/oracledb.py,oracledb.py,python:S101,LOW,MAINTAINABILITY,CODE_SMELL,"Rename class ""OracleExecutionContext_oracledb"" to match the regular expression ^_?([A-Z_][a-zA-Z0-9]*|[a-z_][a-z0-9_]*)$.",114,5min,0.0,0.0,9.0,9.0,68.0,34.0,55.0,432.0,A,A,8,5,42,2,,
AZ4INX4xUdMD1-xUqr_N,lib/sqlalchemy/dialects/oracle/oracledb.py,oracledb.py,python:S101,LOW,MAINTAINABILITY,CODE_SMELL,"Rename class ""OracleDialect_oracledb"" to match the regular expression ^_?([A-Z_][a-zA-Z0-9]*|[a-z_][a-z0-9_]*)$.",120,5min,0.0,0.0,9.0,9.0,68.0,34.0,55.0,432.0,A,A,8,5,42,2,,
AZ4INX4xUdMD1-xUqr_O,lib/sqlalchemy/dialects/oracle/oracledb.py,oracledb.py,python:S101,LOW,MAINTAINABILITY,CODE_SMELL,"Rename class ""AsyncAdapt_oracledb_cursor"" to match the regular expression ^_?([A-Z_][a-zA-Z0-9]*|[a-z_][a-z0-9_]*)$.",225,5min,0.0,0.0,9.0,9.0,68.0,34.0,55.0,432.0,A,A,8,5,42,2,,
AZ4INX4xUdMD1-xUqr_P,lib/sqlalchemy/dialects/oracle/oracledb.py,oracledb.py,python:S101,LOW,MAINTAINABILITY,CODE_SMELL,"Rename class ""AsyncAdapt_oracledb_ss_cursor"" to match the regular expression ^_?([A-Z_][a-zA-Z0-9]*|[a-z_][a-z0-9_]*)$.",280,5min,0.0,0.0,9.0,9.0,68.0,34.0,55.0,432.0,A,A,8,5,42,2,,
AZ4INX4xUdMD1-xUqr_Q,lib/sqlalchemy/dialects/oracle/oracledb.py,oracledb.py,python:S101,LOW,MAINTAINABILITY,CODE_SMELL,"Rename class ""AsyncAdapt_oracledb_connection"" to match the regular expression ^_?([A-Z_][a-zA-Z0-9]*|[a-z_][a-z0-9_]*)$.",291,5min,0.0,0.0,9.0,9.0,68.0,34.0,55.0,432.0,A,A,8,5,42,2,,
AZ4INX4xUdMD1-xUqr_S,lib/sqlalchemy/dialects/oracle/oracledb.py,oracledb.py,python:S101,LOW,MAINTAINABILITY,CODE_SMELL,"Rename class ""AsyncAdaptFallback_oracledb_connection"" to match the regular expression ^_?([A-Z_][a-zA-Z0-9]*|[a-z_][a-z0-9_]*)$.",353,5min,0.0,0.0,9.0,9.0,68.0,34.0,55.0,432.0,A,A,8,5,42,2,,
AZ4INX4xUdMD1-xUqr_T,lib/sqlalchemy/dialects/oracle/oracledb.py,oracledb.py,python:S101,LOW,MAINTAINABILITY,CODE_SMELL,"Rename class ""OracleExecutionContextAsync_oracledb"" to match the regular expression ^_?([A-Z_][a-zA-Z0-9]*|[a-z_][a-z0-9_]*)$.",382,5min,0.0,0.0,9.0,9.0,68.0,34.0,55.0,432.0,A,A,8,5,42,2,,
AZ4INX4xUdMD1-xUqr_U,lib/sqlalchemy/dialects/oracle/oracledb.py,oracledb.py,python:S101,LOW,MAINTAINABILITY,CODE_SMELL,"Rename class ""OracleDialectAsync_oracledb"" to match the regular expression ^_?([A-Z_][a-zA-Z0-9]*|[a-z_][a-z0-9_]*)$.",402,5min,0.0,0.0,9.0,9.0,68.0,34.0,55.0,432.0,A,A,8,5,42,2,,
AZ4INX4pUdMD1-xUqr_D,lib/sqlalchemy/dialects/oracle/types.py,types.py,python:S101,LOW,MAINTAINABILITY,CODE_SMELL,"Rename class ""BINARY_DOUBLE"" to match the regular expression ^_?([A-Z_][a-zA-Z0-9]*|[a-z_][a-z0-9_]*)$.",111,5min,0.0,0.0,5.0,5.0,30.0,12.0,35.0,288.0,A,A,5,4,55,54,,
AZ4INX4pUdMD1-xUqr_E,lib/sqlalchemy/dialects/oracle/types.py,types.py,python:S101,LOW,MAINTAINABILITY,CODE_SMELL,"Rename class ""BINARY_FLOAT"" to match the regular expression ^_?([A-Z_][a-zA-Z0-9]*|[a-z_][a-z0-9_]*)$.",115,5min,0.0,0.0,5.0,5.0,30.0,12.0,35.0,288.0,A,A,5,4,55,54,,
AZ4INX3vUdMD1-xUqr9S,lib/sqlalchemy/dialects/postgresql/_psycopg_common.py,_psycopg_common.py,python:S101,LOW,MAINTAINABILITY,CODE_SMELL,"Rename class ""_PGExecutionContext_common_psycopg"" to match the regular expression ^_?([A-Z_][a-zA-Z0-9]*|[a-z_][a-z0-9_]*)$.",89,5min,0.0,0.0,2.0,2.0,30.0,35.0,10.0,188.0,A,A,3,2,41,27,,
AZ4INX3vUdMD1-xUqr9T,lib/sqlalchemy/dialects/postgresql/_psycopg_common.py,_psycopg_common.py,python:S101,LOW,MAINTAINABILITY,CODE_SMELL,"Rename class ""_PGDialect_common_psycopg"" to match the regular expression ^_?([A-Z_][a-zA-Z0-9]*|[a-z_][a-z0-9_]*)$.",100,5min,0.0,0.0,2.0,2.0,30.0,35.0,10.0,188.0,A,A,3,2,41,27,,
AZ4INX3WUdMD1-xUqr8e,lib/sqlalchemy/dialects/postgresql/asyncpg.py,asyncpg.py,python:S117,LOW,MAINTAINABILITY,CODE_SMELL,"Rename this local variable ""asyncpg_Range"" to match the regular expression ^[_a-z][a-z0-9_]*$.",361,2min,0.0,0.0,17.0,17.0,164.0,141.0,67.0,1279.0,A,A,14,4,290,23,2.0,TODO: looks like we have to hand-roll some kind of batching here. | hardcoding for the moment but this should be improved.
AZ4INX3WUdMD1-xUqr8g,lib/sqlalchemy/dialects/postgresql/asyncpg.py,asyncpg.py,python:S117,LOW,MAINTAINABILITY,CODE_SMELL,"Rename this local variable ""asyncpg_Range"" to match the regular expression ^[_a-z][a-z0-9_]*$.",394,2min,0.0,0.0,17.0,17.0,164.0,141.0,67.0,1279.0,A,A,14,4,290,23,2.0,TODO: looks like we have to hand-roll some kind of batching here. | hardcoding for the moment but this should be improved.
AZ4INX3WUdMD1-xUqr8f,lib/sqlalchemy/dialects/postgresql/asyncpg.py,asyncpg.py,python:S117,LOW,MAINTAINABILITY,CODE_SMELL,"Rename this local variable ""NoneType"" to match the regular expression ^[_a-z][a-z0-9_]*$.",396,2min,0.0,0.0,17.0,17.0,164.0,141.0,67.0,1279.0,A,A,14,4,290,23,2.0,TODO: looks like we have to hand-roll some kind of batching here. | hardcoding for the moment but this should be improved.
AZ4INX3WUdMD1-xUqr8i,lib/sqlalchemy/dialects/postgresql/asyncpg.py,asyncpg.py,python:S101,LOW,MAINTAINABILITY,CODE_SMELL,"Rename class ""PGExecutionContext_asyncpg"" to match the regular expression ^_?([A-Z_][a-zA-Z0-9]*|[a-z_][a-z0-9_]*)$.",439,5min,0.0,0.0,17.0,17.0,164.0,141.0,67.0,1279.0,A,A,14,4,290,23,2.0,TODO: looks like we have to hand-roll some kind of batching here. | hardcoding for the moment but this should be improved.
AZ4INX3WUdMD1-xUqr8j,lib/sqlalchemy/dialects/postgresql/asyncpg.py,asyncpg.py,python:S101,LOW,MAINTAINABILITY,CODE_SMELL,"Rename class ""PGCompiler_asyncpg"" to match the regular expression ^_?([A-Z_][a-zA-Z0-9]*|[a-z_][a-z0-9_]*)$.",465,5min,0.0,0.0,17.0,17.0,164.0,141.0,67.0,1279.0,A,A,14,4,290,23,2.0,TODO: looks like we have to hand-roll some kind of batching here. | hardcoding for the moment but this should be improved.
AZ4INX3WUdMD1-xUqr8k,lib/sqlalchemy/dialects/postgresql/asyncpg.py,asyncpg.py,python:S101,LOW,MAINTAINABILITY,CODE_SMELL,"Rename class ""PGIdentifierPreparer_asyncpg"" to match the regular expression ^_?([A-Z_][a-zA-Z0-9]*|[a-z_][a-z0-9_]*)$.",469,5min,0.0,0.0,17.0,17.0,164.0,141.0,67.0,1279.0,A,A,14,4,290,23,2.0,TODO: looks like we have to hand-roll some kind of batching here. | hardcoding for the moment but this should be improved.
AZ4INX3WUdMD1-xUqr8l,lib/sqlalchemy/dialects/postgresql/asyncpg.py,asyncpg.py,python:S101,LOW,MAINTAINABILITY,CODE_SMELL,"Rename class ""AsyncAdapt_asyncpg_cursor"" to match the regular expression ^_?([A-Z_][a-zA-Z0-9]*|[a-z_][a-z0-9_]*)$.",473,5min,0.0,0.0,17.0,17.0,164.0,141.0,67.0,1279.0,A,A,14,4,290,23,2.0,TODO: looks like we have to hand-roll some kind of batching here. | hardcoding for the moment but this should be improved.
AZ4INX3WUdMD1-xUqr8m,lib/sqlalchemy/dialects/postgresql/asyncpg.py,asyncpg.py,python:S101,LOW,MAINTAINABILITY,CODE_SMELL,"Rename class ""AsyncAdapt_asyncpg_ss_cursor"" to match the regular expression ^_?([A-Z_][a-zA-Z0-9]*|[a-z_][a-z0-9_]*)$.",607,5min,0.0,0.0,17.0,17.0,164.0,141.0,67.0,1279.0,A,A,14,4,290,23,2.0,TODO: looks like we have to hand-roll some kind of batching here. | hardcoding for the moment but this should be improved.
AZ4INX3WUdMD1-xUqr8o,lib/sqlalchemy/dialects/postgresql/asyncpg.py,asyncpg.py,python:S1135,LOW,MAINTAINABILITY,CODE_SMELL,"Complete the task associated to this ""TODO"" comment.",669,0min,0.0,0.0,17.0,17.0,164.0,141.0,67.0,1279.0,A,A,14,4,290,23,2.0,TODO: looks like we have to hand-roll some kind of batching here. | hardcoding for the moment but this should be improved.
AZ4INX3WUdMD1-xUqr8n,lib/sqlalchemy/dialects/postgresql/asyncpg.py,asyncpg.py,python:S3626,LOW,MAINTAINABILITY,CODE_SMELL,Remove this redundant continue.,675,1min,0.0,0.0,17.0,17.0,164.0,141.0,67.0,1279.0,A,A,14,4,290,23,2.0,TODO: looks like we have to hand-roll some kind of batching here. | hardcoding for the moment but this should be improved.
AZ4INX3WUdMD1-xUqr8p,lib/sqlalchemy/dialects/postgresql/asyncpg.py,asyncpg.py,python:S101,LOW,MAINTAINABILITY,CODE_SMELL,"Rename class ""AsyncAdapt_asyncpg_connection"" to match the regular expression ^_?([A-Z_][a-zA-Z0-9]*|[a-z_][a-z0-9_]*)$.",686,5min,0.0,0.0,17.0,17.0,164.0,141.0,67.0,1279.0,A,A,14,4,290,23,2.0,TODO: looks like we have to hand-roll some kind of batching here. | hardcoding for the moment but this should be improved.
AZ4INX3WUdMD1-xUqr8r,lib/sqlalchemy/dialects/postgresql/asyncpg.py,asyncpg.py,python:S101,LOW,MAINTAINABILITY,CODE_SMELL,"Rename class ""AsyncAdaptFallback_asyncpg_connection"" to match the regular expression ^_?([A-Z_][a-zA-Z0-9]*|[a-z_][a-z0-9_]*)$.",922,5min,0.0,0.0,17.0,17.0,164.0,141.0,67.0,1279.0,A,A,14,4,290,23,2.0,TODO: looks like we have to hand-roll some kind of batching here. | hardcoding for the moment but this should be improved.
AZ4INX3WUdMD1-xUqr8s,lib/sqlalchemy/dialects/postgresql/asyncpg.py,asyncpg.py,python:S101,LOW,MAINTAINABILITY,CODE_SMELL,"Rename class ""AsyncAdapt_asyncpg_dbapi"" to match the regular expression ^_?([A-Z_][a-zA-Z0-9]*|[a-z_][a-z0-9_]*)$.",928,5min,0.0,0.0,17.0,17.0,164.0,141.0,67.0,1279.0,A,A,14,4,290,23,2.0,TODO: looks like we have to hand-roll some kind of batching here. | hardcoding for the moment but this should be improved.
AZ4INX3WUdMD1-xUqr8t,lib/sqlalchemy/dialects/postgresql/asyncpg.py,asyncpg.py,python:S100,LOW,MAINTAINABILITY,CODE_SMELL,"Rename method ""Binary"" to match the regular expression ^[a-z_][a-z0-9_]*$.",1017,5min,0.0,0.0,17.0,17.0,164.0,141.0,67.0,1279.0,A,A,14,4,290,23,2.0,TODO: looks like we have to hand-roll some kind of batching here. | hardcoding for the moment but this should be improved.
AZ4INX3WUdMD1-xUqr8u,lib/sqlalchemy/dialects/postgresql/asyncpg.py,asyncpg.py,python:S101,LOW,MAINTAINABILITY,CODE_SMELL,"Rename class ""PGDialect_asyncpg"" to match the regular expression ^_?([A-Z_][a-zA-Z0-9]*|[a-z_][a-z0-9_]*)$.",1021,5min,0.0,0.0,17.0,17.0,164.0,141.0,67.0,1279.0,A,A,14,4,290,23,2.0,TODO: looks like we have to hand-roll some kind of batching here. | hardcoding for the moment but this should be improved.
AZ4INX3AUdMD1-xUqr7v,lib/sqlalchemy/dialects/postgresql/pg8000.py,pg8000.py,python:S117,LOW,MAINTAINABILITY,CODE_SMELL,"Rename this local variable ""pg8000_Range"" to match the regular expression ^[_a-z][a-z0-9_]*$.",258,2min,0.0,2.0,9.0,11.0,84.0,51.0,39.0,663.0,A,E,4,3,23,2,,
AZ4INX3AUdMD1-xUqr7w,lib/sqlalchemy/dialects/postgresql/pg8000.py,pg8000.py,python:S117,LOW,MAINTAINABILITY,CODE_SMELL,"Rename this local variable ""pg8000_Range"" to match the regular expression ^[_a-z][a-z0-9_]*$.",285,2min,0.0,2.0,9.0,11.0,84.0,51.0,39.0,663.0,A,E,4,3,23,2,,
AZ4INX3AUdMD1-xUqr7x,lib/sqlalchemy/dialects/postgresql/pg8000.py,pg8000.py,python:S101,LOW,MAINTAINABILITY,CODE_SMELL,"Rename class ""PGExecutionContext_pg8000"" to match the regular expression ^_?([A-Z_][a-zA-Z0-9]*|[a-z_][a-z0-9_]*)$.",321,5min,0.0,2.0,9.0,11.0,84.0,51.0,39.0,663.0,A,E,4,3,23,2,,
AZ4INX3AUdMD1-xUqr7z,lib/sqlalchemy/dialects/postgresql/pg8000.py,pg8000.py,python:S101,LOW,MAINTAINABILITY,CODE_SMELL,"Rename class ""PGCompiler_pg8000"" to match the regular expression ^_?([A-Z_][a-zA-Z0-9]*|[a-z_][a-z0-9_]*)$.",387,5min,0.0,2.0,9.0,11.0,84.0,51.0,39.0,663.0,A,E,4,3,23,2,,
AZ4INX3AUdMD1-xUqr70,lib/sqlalchemy/dialects/postgresql/pg8000.py,pg8000.py,python:S101,LOW,MAINTAINABILITY,CODE_SMELL,"Rename class ""PGIdentifierPreparer_pg8000"" to match the regular expression ^_?([A-Z_][a-zA-Z0-9]*|[a-z_][a-z0-9_]*)$.",396,5min,0.0,2.0,9.0,11.0,84.0,51.0,39.0,663.0,A,E,4,3,23,2,,
AZ4INX3AUdMD1-xUqr71,lib/sqlalchemy/dialects/postgresql/pg8000.py,pg8000.py,python:S101,LOW,MAINTAINABILITY,CODE_SMELL,"Rename class ""PGDialect_pg8000"" to match the regular expression ^_?([A-Z_][a-zA-Z0-9]*|[a-z_][a-z0-9_]*)$.",402,5min,0.0,2.0,9.0,11.0,84.0,51.0,39.0,663.0,A,E,4,3,23,2,,
AZ4INX3TUdMD1-xUqr8b,lib/sqlalchemy/dialects/postgresql/pg_catalog.py,pg_catalog.py,python:S101,LOW,MAINTAINABILITY,CODE_SMELL,"Rename class ""PG_NODE_TREE"" to match the regular expression ^_?([A-Z_][a-zA-Z0-9]*|[a-z_][a-z0-9_]*)$.",33,5min,0.0,0.0,3.0,3.0,3.0,1.0,15.0,301.0,A,A,3,3,34,116,,
AZ4INX3oUdMD1-xUqr9O,lib/sqlalchemy/dialects/postgresql/provision.py,provision.py,python:S2737,LOW,MAINTAINABILITY,CODE_SMELL,Add logic to this except clause or eliminate it and rethrow the exception automatically.,57,5min,0.0,0.0,1.0,1.0,19.0,21.0,5.0,176.0,A,A,3,2,19,27,,
AZ4INX3GUdMD1-xUqr77,lib/sqlalchemy/dialects/postgresql/psycopg.py,psycopg.py,python:S117,LOW,MAINTAINABILITY,CODE_SMELL,"Rename this local variable ""psycopg_Range"" to match the regular expression ^[_a-z][a-z0-9_]*$.",202,2min,0.0,3.0,15.0,18.0,123.0,66.0,60.0,777.0,A,E,9,4,166,2,,
AZ4INX3GUdMD1-xUqr7-,lib/sqlalchemy/dialects/postgresql/psycopg.py,psycopg.py,python:S117,LOW,MAINTAINABILITY,CODE_SMELL,"Rename this local variable ""psycopg_Range"" to match the regular expression ^[_a-z][a-z0-9_]*$.",229,2min,0.0,3.0,15.0,18.0,123.0,66.0,60.0,777.0,A,E,9,4,166,2,,
AZ4INX3GUdMD1-xUqr79,lib/sqlalchemy/dialects/postgresql/psycopg.py,psycopg.py,python:S117,LOW,MAINTAINABILITY,CODE_SMELL,"Rename this local variable ""psycopg_Multirange"" to match the regular expression ^[_a-z][a-z0-9_]*$.",230,2min,0.0,3.0,15.0,18.0,123.0,66.0,60.0,777.0,A,E,9,4,166,2,,
AZ4INX3GUdMD1-xUqr78,lib/sqlalchemy/dialects/postgresql/psycopg.py,psycopg.py,python:S117,LOW,MAINTAINABILITY,CODE_SMELL,"Rename this local variable ""NoneType"" to match the regular expression ^[_a-z][a-z0-9_]*$.",234,2min,0.0,3.0,15.0,18.0,123.0,66.0,60.0,777.0,A,E,9,4,166,2,,
AZ4INX3GUdMD1-xUqr8A,lib/sqlalchemy/dialects/postgresql/psycopg.py,psycopg.py,python:S101,LOW,MAINTAINABILITY,CODE_SMELL,"Rename class ""PGExecutionContext_psycopg"" to match the regular expression ^_?([A-Z_][a-zA-Z0-9]*|[a-z_][a-z0-9_]*)$.",272,5min,0.0,3.0,15.0,18.0,123.0,66.0,60.0,777.0,A,E,9,4,166,2,,
AZ4INX3GUdMD1-xUqr8B,lib/sqlalchemy/dialects/postgresql/psycopg.py,psycopg.py,python:S101,LOW,MAINTAINABILITY,CODE_SMELL,"Rename class ""PGCompiler_psycopg"" to match the regular expression ^_?([A-Z_][a-zA-Z0-9]*|[a-z_][a-z0-9_]*)$.",276,5min,0.0,3.0,15.0,18.0,123.0,66.0,60.0,777.0,A,E,9,4,166,2,,
AZ4INX3GUdMD1-xUqr8C,lib/sqlalchemy/dialects/postgresql/psycopg.py,psycopg.py,python:S101,LOW,MAINTAINABILITY,CODE_SMELL,"Rename class ""PGIdentifierPreparer_psycopg"" to match the regular expression ^_?([A-Z_][a-zA-Z0-9]*|[a-z_][a-z0-9_]*)$.",280,5min,0.0,3.0,15.0,18.0,123.0,66.0,60.0,777.0,A,E,9,4,166,2,,
AZ4INX3GUdMD1-xUqr8D,lib/sqlalchemy/dialects/postgresql/psycopg.py,psycopg.py,python:S101,LOW,MAINTAINABILITY,CODE_SMELL,"Rename class ""PGDialect_psycopg"" to match the regular expression ^_?([A-Z_][a-zA-Z0-9]*|[a-z_][a-z0-9_]*)$.",288,5min,0.0,3.0,15.0,18.0,123.0,66.0,60.0,777.0,A,E,9,4,166,2,,
AZ4INX3GUdMD1-xUqr8F,lib/sqlalchemy/dialects/postgresql/psycopg.py,psycopg.py,python:S101,LOW,MAINTAINABILITY,CODE_SMELL,"Rename class ""AsyncAdapt_psycopg_cursor"" to match the regular expression ^_?([A-Z_][a-zA-Z0-9]*|[a-z_][a-z0-9_]*)$.",560,5min,0.0,3.0,15.0,18.0,123.0,66.0,60.0,777.0,A,E,9,4,166,2,,
AZ4INX3GUdMD1-xUqr8E,lib/sqlalchemy/dialects/postgresql/psycopg.py,psycopg.py,python:S116,LOW,MAINTAINABILITY,CODE_SMELL,"Rename this field ""_psycopg_ExecStatus"" to match the regular expression ^[_a-z][_a-z0-9]*$.",563,2min,0.0,3.0,15.0,18.0,123.0,66.0,60.0,777.0,A,E,9,4,166,2,,
AZ4INX3GUdMD1-xUqr8G,lib/sqlalchemy/dialects/postgresql/psycopg.py,psycopg.py,python:S101,LOW,MAINTAINABILITY,CODE_SMELL,"Rename class ""AsyncAdapt_psycopg_ss_cursor"" to match the regular expression ^_?([A-Z_][a-zA-Z0-9]*|[a-z_][a-z0-9_]*)$.",624,5min,0.0,3.0,15.0,18.0,123.0,66.0,60.0,777.0,A,E,9,4,166,2,,
AZ4INX3GUdMD1-xUqr8H,lib/sqlalchemy/dialects/postgresql/psycopg.py,psycopg.py,python:S101,LOW,MAINTAINABILITY,CODE_SMELL,"Rename class ""AsyncAdapt_psycopg_connection"" to match the regular expression ^_?([A-Z_][a-zA-Z0-9]*|[a-z_][a-z0-9_]*)$.",650,5min,0.0,3.0,15.0,18.0,123.0,66.0,60.0,777.0,A,E,9,4,166,2,,
AZ4INX3GUdMD1-xUqr8I,lib/sqlalchemy/dialects/postgresql/psycopg.py,psycopg.py,python:S101,LOW,MAINTAINABILITY,CODE_SMELL,"Rename class ""AsyncAdaptFallback_psycopg_connection"" to match the regular expression ^_?([A-Z_][a-zA-Z0-9]*|[a-z_][a-z0-9_]*)$.",702,5min,0.0,3.0,15.0,18.0,123.0,66.0,60.0,777.0,A,E,9,4,166,2,,
AZ4INX3GUdMD1-xUqr8J,lib/sqlalchemy/dialects/postgresql/psycopg.py,psycopg.py,python:S101,LOW,MAINTAINABILITY,CODE_SMELL,"Rename class ""PGDialectAsync_psycopg"" to match the regular expression ^_?([A-Z_][a-zA-Z0-9]*|[a-z_][a-z0-9_]*)$.",730,5min,0.0,3.0,15.0,18.0,123.0,66.0,60.0,777.0,A,E,9,4,166,2,,
AZ4INX3KUdMD1-xUqr8N,lib/sqlalchemy/dialects/postgresql/psycopg2.py,psycopg2.py,python:S117,LOW,MAINTAINABILITY,CODE_SMELL,"Rename this local variable ""psycopg2_Range"" to match the regular expression ^[_a-z][a-z0-9_]*$.",520,2min,0.0,5.0,4.0,9.0,67.0,51.0,17.0,887.0,A,E,3,2,34,2,,
AZ4INX3KUdMD1-xUqr8O,lib/sqlalchemy/dialects/postgresql/psycopg2.py,psycopg2.py,python:S101,LOW,MAINTAINABILITY,CODE_SMELL,"Rename class ""PGExecutionContext_psycopg2"" to match the regular expression ^_?([A-Z_][a-zA-Z0-9]*|[a-z_][a-z0-9_]*)$.",564,5min,0.0,5.0,4.0,9.0,67.0,51.0,17.0,887.0,A,E,3,2,34,2,,
AZ4INX3KUdMD1-xUqr8P,lib/sqlalchemy/dialects/postgresql/psycopg2.py,psycopg2.py,python:S101,LOW,MAINTAINABILITY,CODE_SMELL,"Rename class ""PGIdentifierPreparer_psycopg2"" to match the regular expression ^_?([A-Z_][a-zA-Z0-9]*|[a-z_][a-z0-9_]*)$.",588,5min,0.0,5.0,4.0,9.0,67.0,51.0,17.0,887.0,A,E,3,2,34,2,,
AZ4INX3KUdMD1-xUqr8Q,lib/sqlalchemy/dialects/postgresql/psycopg2.py,psycopg2.py,python:S101,LOW,MAINTAINABILITY,CODE_SMELL,"Rename class ""PGDialect_psycopg2"" to match the regular expression ^_?([A-Z_][a-zA-Z0-9]*|[a-z_][a-z0-9_]*)$.",603,5min,0.0,5.0,4.0,9.0,67.0,51.0,17.0,887.0,A,E,3,2,34,2,,
AZ4INX3lUdMD1-xUqr9N,lib/sqlalchemy/dialects/postgresql/psycopg2cffi.py,psycopg2cffi.py,python:S101,LOW,MAINTAINABILITY,CODE_SMELL,"Rename class ""PGDialect_psycopg2cffi"" to match the regular expression ^_?([A-Z_][a-zA-Z0-9]*|[a-z_][a-z0-9_]*)$.",29,5min,0.0,0.0,1.0,1.0,3.0,0.0,5.0,62.0,A,A,2,2,3,2,1.0,fixed this.
AZ4INX2jUdMD1-xUqr6u,lib/sqlalchemy/dialects/sqlite/aiosqlite.py,aiosqlite.py,python:S101,LOW,MAINTAINABILITY,CODE_SMELL,"Rename class ""AsyncAdapt_aiosqlite_cursor"" to match the regular expression ^_?([A-Z_][a-zA-Z0-9]*|[a-z_][a-z0-9_]*)$.",93,5min,0.0,0.0,12.0,12.0,53.0,38.0,51.0,397.0,A,A,7,3,159,2,1.0,"for improved stability, we instead invent our own awaitable version"
AZ4INX2jUdMD1-xUqr6v,lib/sqlalchemy/dialects/sqlite/aiosqlite.py,aiosqlite.py,python:S1135,LOW,MAINTAINABILITY,CODE_SMELL,"Complete the task associated to this ""TODO"" comment.",94,0min,0.0,0.0,12.0,12.0,53.0,38.0,51.0,397.0,A,A,7,3,159,2,1.0,"for improved stability, we instead invent our own awaitable version"
AZ4INX2jUdMD1-xUqr6x,lib/sqlalchemy/dialects/sqlite/aiosqlite.py,aiosqlite.py,python:S101,LOW,MAINTAINABILITY,CODE_SMELL,"Rename class ""AsyncAdapt_aiosqlite_ss_cursor"" to match the regular expression ^_?([A-Z_][a-zA-Z0-9]*|[a-z_][a-z0-9_]*)$.",186,5min,0.0,0.0,12.0,12.0,53.0,38.0,51.0,397.0,A,A,7,3,159,2,1.0,"for improved stability, we instead invent our own awaitable version"
AZ4INX2jUdMD1-xUqr6y,lib/sqlalchemy/dialects/sqlite/aiosqlite.py,aiosqlite.py,python:S1135,LOW,MAINTAINABILITY,CODE_SMELL,"Complete the task associated to this ""TODO"" comment.",187,0min,0.0,0.0,12.0,12.0,53.0,38.0,51.0,397.0,A,A,7,3,159,2,1.0,"for improved stability, we instead invent our own awaitable version"
AZ4INX2jUdMD1-xUqr6z,lib/sqlalchemy/dialects/sqlite/aiosqlite.py,aiosqlite.py,python:S101,LOW,MAINTAINABILITY,CODE_SMELL,"Rename class ""AsyncAdapt_aiosqlite_connection"" to match the regular expression ^_?([A-Z_][a-zA-Z0-9]*|[a-z_][a-z0-9_]*)$.",214,5min,0.0,0.0,12.0,12.0,53.0,38.0,51.0,397.0,A,A,7,3,159,2,1.0,"for improved stability, we instead invent our own awaitable version"
AZ4INX2jUdMD1-xUqr61,lib/sqlalchemy/dialects/sqlite/aiosqlite.py,aiosqlite.py,python:S101,LOW,MAINTAINABILITY,CODE_SMELL,"Rename class ""AsyncAdaptFallback_aiosqlite_connection"" to match the regular expression ^_?([A-Z_][a-zA-Z0-9]*|[a-z_][a-z0-9_]*)$.",301,5min,0.0,0.0,12.0,12.0,53.0,38.0,51.0,397.0,A,A,7,3,159,2,1.0,"for improved stability, we instead invent our own awaitable version"
AZ4INX2jUdMD1-xUqr62,lib/sqlalchemy/dialects/sqlite/aiosqlite.py,aiosqlite.py,python:S101,LOW,MAINTAINABILITY,CODE_SMELL,"Rename class ""AsyncAdapt_aiosqlite_dbapi"" to match the regular expression ^_?([A-Z_][a-zA-Z0-9]*|[a-z_][a-z0-9_]*)$.",307,5min,0.0,0.0,12.0,12.0,53.0,38.0,51.0,397.0,A,A,7,3,159,2,1.0,"for improved stability, we instead invent our own awaitable version"
AZ4INX2jUdMD1-xUqr63,lib/sqlalchemy/dialects/sqlite/aiosqlite.py,aiosqlite.py,python:S101,LOW,MAINTAINABILITY,CODE_SMELL,"Rename class ""SQLiteExecutionContext_aiosqlite"" to match the regular expression ^_?([A-Z_][a-zA-Z0-9]*|[a-z_][a-z0-9_]*)$.",356,5min,0.0,0.0,12.0,12.0,53.0,38.0,51.0,397.0,A,A,7,3,159,2,1.0,"for improved stability, we instead invent our own awaitable version"
AZ4INX2jUdMD1-xUqr64,lib/sqlalchemy/dialects/sqlite/aiosqlite.py,aiosqlite.py,python:S101,LOW,MAINTAINABILITY,CODE_SMELL,"Rename class ""SQLiteDialect_aiosqlite"" to match the regular expression ^_?([A-Z_][a-zA-Z0-9]*|[a-z_][a-z0-9_]*)$.",361,5min,0.0,0.0,12.0,12.0,53.0,38.0,51.0,397.0,A,A,7,3,159,2,1.0,"for improved stability, we instead invent our own awaitable version"
AZ4INX2cUdMD1-xUqr6c,lib/sqlalchemy/dialects/sqlite/base.py,base.py,python:S6353,LOW,MAINTAINABILITY,CODE_SMELL,Use concise character class syntax '\D' instead of '[^0-9]'.,957,5min,2.0,0.0,11.0,13.0,262.0,315.0,119.0,2807.0,C,A,18,10,569,2,11.0,"`sqlite3 SELECT does not BEGIN a transaction, but should according to spec <https://github.com/python/cpython/issues/54133>`_ - imported Python standard library issue on github | not recommended**.   While this is generally a bad idea for relational | Core and ORM queries that use UNION may not function properly**. | TODO: detect SQLite version 3.10.0 or greater; | this flag used by pysqlite dialect, and perhaps others in the | conversions (and perhaps datetime/time as well on some hypothetical | so parsing the columns is really about matching it up to what | Extract CHECK constraints by properly handling balanced parentheses | index. this could fail to extract the predicate correctly on | unless the regex is broken this case shouldn't happen | work around SQLite issue whereby cursor.description"
AZ4INX2cUdMD1-xUqr6g,lib/sqlalchemy/dialects/sqlite/base.py,base.py,python:S1135,LOW,MAINTAINABILITY,CODE_SMELL,"Complete the task associated to this ""TODO"" comment.",1885,0min,2.0,0.0,11.0,13.0,262.0,315.0,119.0,2807.0,C,A,18,10,569,2,11.0,"`sqlite3 SELECT does not BEGIN a transaction, but should according to spec <https://github.com/python/cpython/issues/54133>`_ - imported Python standard library issue on github | not recommended**.   While this is generally a bad idea for relational | Core and ORM queries that use UNION may not function properly**. | TODO: detect SQLite version 3.10.0 or greater; | this flag used by pysqlite dialect, and perhaps others in the | conversions (and perhaps datetime/time as well on some hypothetical | so parsing the columns is really about matching it up to what | Extract CHECK constraints by properly handling balanced parentheses | index. this could fail to extract the predicate correctly on | unless the regex is broken this case shouldn't happen | work around SQLite issue whereby cursor.description"
AZ4INX2cUdMD1-xUqr6i,lib/sqlalchemy/dialects/sqlite/base.py,base.py,python:S5857,LOW,MAINTAINABILITY,CODE_SMELL,"Replace this use of a reluctant quantifier with ""[^\)]*"".",2332,3min,2.0,0.0,11.0,13.0,262.0,315.0,119.0,2807.0,C,A,18,10,569,2,11.0,"`sqlite3 SELECT does not BEGIN a transaction, but should according to spec <https://github.com/python/cpython/issues/54133>`_ - imported Python standard library issue on github | not recommended**.   While this is generally a bad idea for relational | Core and ORM queries that use UNION may not function properly**. | TODO: detect SQLite version 3.10.0 or greater; | this flag used by pysqlite dialect, and perhaps others in the | conversions (and perhaps datetime/time as well on some hypothetical | so parsing the columns is really about matching it up to what | Extract CHECK constraints by properly handling balanced parentheses | index. this could fail to extract the predicate correctly on | unless the regex is broken this case shouldn't happen | work around SQLite issue whereby cursor.description"
AZ4INX2YUdMD1-xUqr6T,lib/sqlalchemy/dialects/sqlite/provision.py,provision.py,python:S1135,LOW,MAINTAINABILITY,CODE_SMELL,"Complete the task associated to this ""TODO"" comment.",26,0min,0.0,0.0,7.0,7.0,33.0,37.0,26.0,199.0,A,A,3,1,39,95,2.0,TODO: I can't get this to build dynamically with pytest-xdist procs | apply SQLite savepoint workaround
AZ4INX2YUdMD1-xUqr6V,lib/sqlalchemy/dialects/sqlite/provision.py,provision.py,python:S3626,LOW,MAINTAINABILITY,CODE_SMELL,Remove this redundant continue.,61,1min,0.0,0.0,7.0,7.0,33.0,37.0,26.0,199.0,A,A,3,1,39,95,2.0,TODO: I can't get this to build dynamically with pytest-xdist procs | apply SQLite savepoint workaround
AZ4INX2fUdMD1-xUqr6s,lib/sqlalchemy/dialects/sqlite/pysqlcipher.py,pysqlcipher.py,python:S101,LOW,MAINTAINABILITY,CODE_SMELL,"Rename class ""SQLiteDialect_pysqlcipher"" to match the regular expression ^_?([A-Z_][a-zA-Z0-9]*|[a-z_][a-z0-9_]*)$.",103,5min,0.0,0.0,1.0,1.0,9.0,10.0,5.0,156.0,A,A,2,2,20,27,,
AZ4INX2pUdMD1-xUqr66,lib/sqlalchemy/dialects/sqlite/pysqlite.py,pysqlite.py,python:S101,LOW,MAINTAINABILITY,CODE_SMELL,"Rename class ""_SQLite_pysqliteTimeStamp"" to match the regular expression ^_?([A-Z_][a-zA-Z0-9]*|[a-z_][a-z0-9_]*)$.",461,5min,0.0,0.0,7.0,7.0,59.0,46.0,36.0,757.0,A,A,7,4,206,2,,
AZ4INX2pUdMD1-xUqr67,lib/sqlalchemy/dialects/sqlite/pysqlite.py,pysqlite.py,python:S101,LOW,MAINTAINABILITY,CODE_SMELL,"Rename class ""_SQLite_pysqliteDate"" to match the regular expression ^_?([A-Z_][a-zA-Z0-9]*|[a-z_][a-z0-9_]*)$.",475,5min,0.0,0.0,7.0,7.0,59.0,46.0,36.0,757.0,A,A,7,4,206,2,,
AZ4INX2pUdMD1-xUqr68,lib/sqlalchemy/dialects/sqlite/pysqlite.py,pysqlite.py,python:S101,LOW,MAINTAINABILITY,CODE_SMELL,"Rename class ""SQLiteDialect_pysqlite"" to match the regular expression ^_?([A-Z_][a-zA-Z0-9]*|[a-z_][a-z0-9_]*)$.",489,5min,0.0,0.0,7.0,7.0,59.0,46.0,36.0,757.0,A,A,7,4,206,2,,
AZ4INX2pUdMD1-xUqr69,lib/sqlalchemy/dialects/sqlite/pysqlite.py,pysqlite.py,python:S101,LOW,MAINTAINABILITY,CODE_SMELL,"Rename class ""_SQLiteDialect_pysqlite_numeric"" to match the regular expression ^_?([A-Z_][a-zA-Z0-9]*|[a-z_][a-z0-9_]*)$.",652,5min,0.0,0.0,7.0,7.0,59.0,46.0,36.0,757.0,A,A,7,4,206,2,,
AZ4INX2pUdMD1-xUqr6_,lib/sqlalchemy/dialects/sqlite/pysqlite.py,pysqlite.py,python:S101,LOW,MAINTAINABILITY,CODE_SMELL,"Rename class ""_SQLiteDialect_pysqlite_dollar"" to match the regular expression ^_?([A-Z_][a-zA-Z0-9]*|[a-z_][a-z0-9_]*)$.",739,5min,0.0,0.0,7.0,7.0,59.0,46.0,36.0,757.0,A,A,7,4,206,2,,
AZ4INX5FUdMD1-xUqr_o,lib/sqlalchemy/engine/cursor.py,cursor.py,python:S1135,LOW,MAINTAINABILITY,CODE_SMELL,"Complete the task associated to this ""TODO"" comment.",265,0min,0.0,0.0,18.0,18.0,209.0,189.0,82.0,2182.0,A,A,10,4,552,2,8.0,"TODO: need unit test for: | 1. originally, it was used to fix an issue in very old SQLite | TODO: can consider pre-loading ints and negative ints | TODO: consider serializing this as SimpleResultMetaData | TODO: test this case | all result rows are exhausted using the fetchXXX() methods. | TODO: if these are Row objects, can we save on not having to | what's actually happening right now?  maybe look into this"
AZ4INX5FUdMD1-xUqr_q,lib/sqlalchemy/engine/cursor.py,cursor.py,python:S1481,LOW,MAINTAINABILITY,CODE_SMELL,"Replace unused local variable ""e_ridx"" with ""_"".",777,5min,0.0,0.0,18.0,18.0,209.0,189.0,82.0,2182.0,A,A,10,4,552,2,8.0,"TODO: need unit test for: | 1. originally, it was used to fix an issue in very old SQLite | TODO: can consider pre-loading ints and negative ints | TODO: consider serializing this as SimpleResultMetaData | TODO: test this case | all result rows are exhausted using the fetchXXX() methods. | TODO: if these are Row objects, can we save on not having to | what's actually happening right now?  maybe look into this"
AZ4INX5FUdMD1-xUqr_r,lib/sqlalchemy/engine/cursor.py,cursor.py,python:S1135,LOW,MAINTAINABILITY,CODE_SMELL,"Complete the task associated to this ""TODO"" comment.",838,0min,0.0,0.0,18.0,18.0,209.0,189.0,82.0,2182.0,A,A,10,4,552,2,8.0,"TODO: need unit test for: | 1. originally, it was used to fix an issue in very old SQLite | TODO: can consider pre-loading ints and negative ints | TODO: consider serializing this as SimpleResultMetaData | TODO: test this case | all result rows are exhausted using the fetchXXX() methods. | TODO: if these are Row objects, can we save on not having to | what's actually happening right now?  maybe look into this"
AZ4INX5FUdMD1-xUqr_s,lib/sqlalchemy/engine/cursor.py,cursor.py,python:S1135,LOW,MAINTAINABILITY,CODE_SMELL,"Complete the task associated to this ""TODO"" comment.",884,0min,0.0,0.0,18.0,18.0,209.0,189.0,82.0,2182.0,A,A,10,4,552,2,8.0,"TODO: need unit test for: | 1. originally, it was used to fix an issue in very old SQLite | TODO: can consider pre-loading ints and negative ints | TODO: consider serializing this as SimpleResultMetaData | TODO: test this case | all result rows are exhausted using the fetchXXX() methods. | TODO: if these are Row objects, can we save on not having to | what's actually happening right now?  maybe look into this"
AZ4INX5FUdMD1-xUqr_3,lib/sqlalchemy/engine/cursor.py,cursor.py,python:S1135,LOW,MAINTAINABILITY,CODE_SMELL,"Complete the task associated to this ""TODO"" comment.",1868,0min,0.0,0.0,18.0,18.0,209.0,189.0,82.0,2182.0,A,A,10,4,552,2,8.0,"TODO: need unit test for: | 1. originally, it was used to fix an issue in very old SQLite | TODO: can consider pre-loading ints and negative ints | TODO: consider serializing this as SimpleResultMetaData | TODO: test this case | all result rows are exhausted using the fetchXXX() methods. | TODO: if these are Row objects, can we save on not having to | what's actually happening right now?  maybe look into this"
AZ4INX5vUdMD1-xUqsAx,lib/sqlalchemy/engine/default.py,default.py,python:S1135,LOW,MAINTAINABILITY,CODE_SMELL,"Complete the task associated to this ""TODO"" comment.",267,0min,0.0,0.0,17.0,17.0,313.0,398.0,215.0,2366.0,A,A,12,6,65,54,2.0,TODO: this is not to be part of 2.0.  implement rudimentary binary | slightly inconsistent with the approach taken as of
AZ4INX5dUdMD1-xUqsAN,lib/sqlalchemy/engine/events.py,events.py,python:S1135,LOW,MAINTAINABILITY,CODE_SMELL,"Complete the task associated to this ""TODO"" comment.",558,0min,0.0,1.0,2.0,3.0,39.0,19.0,0.0,952.0,A,E,2,2,4,116,2.0,"TODO: deprecate ""context"" | TODO: deprecate ""context"""
AZ4INX5dUdMD1-xUqsAO,lib/sqlalchemy/engine/events.py,events.py,python:S1135,LOW,MAINTAINABILITY,CODE_SMELL,"Complete the task associated to this ""TODO"" comment.",570,0min,0.0,1.0,2.0,3.0,39.0,19.0,0.0,952.0,A,E,2,2,4,116,2.0,"TODO: deprecate ""context"" | TODO: deprecate ""context"""
AZ4INX5MUdMD1-xUqr__,lib/sqlalchemy/engine/reflection.py,reflection.py,python:S117,LOW,MAINTAINABILITY,CODE_SMELL,"Rename this local variable ""SchemaTab"" to match the regular expression ^[_a-z][a-z0-9_]*$.",573,2min,0.0,0.0,6.0,6.0,159.0,172.0,66.0,2099.0,A,A,2,2,3,2,1.0,simple heuristic to improve reflection performance if a
AZ4INX5qUdMD1-xUqsAo,lib/sqlalchemy/engine/result.py,result.py,python:S1135,LOW,MAINTAINABILITY,CODE_SMELL,"Complete the task associated to this ""TODO"" comment.",303,0min,1.0,0.0,8.0,9.0,302.0,287.0,152.0,2383.0,E,A,8,4,583,53,2.0,TODO: are we freezing the result with or without uniqueness | TODO: this throws away the iterator which may be holding
AZ4INX5qUdMD1-xUqsAs,lib/sqlalchemy/engine/result.py,result.py,python:S1481,LOW,MAINTAINABILITY,CODE_SMELL,"Replace unused local variable ""uniques"" with ""_"".",774,5min,1.0,0.0,8.0,9.0,302.0,287.0,152.0,2383.0,E,A,8,4,583,53,2.0,TODO: are we freezing the result with or without uniqueness | TODO: this throws away the iterator which may be holding
AZ4INX5qUdMD1-xUqsAv,lib/sqlalchemy/engine/result.py,result.py,python:S1135,LOW,MAINTAINABILITY,CODE_SMELL,"Complete the task associated to this ""TODO"" comment.",2322,0min,1.0,0.0,8.0,9.0,302.0,287.0,152.0,2383.0,E,A,8,4,583,53,2.0,TODO: are we freezing the result with or without uniqueness | TODO: this throws away the iterator which may be holding
AZ4INX49UdMD1-xUqr_h,lib/sqlalchemy/engine/strategies.py,strategies.py,python:S116,LOW,MAINTAINABILITY,CODE_SMELL,"Rename this field ""MockConnection"" to match the regular expression ^[_a-z][_a-z0-9]*$.",19,2min,0.0,0.0,1.0,1.0,0.0,0.0,2.0,20.0,A,A,2,2,7,116,,
AZ4INX5CUdMD1-xUqr_j,lib/sqlalchemy/engine/url.py,url.py,python:S1940,LOW,MAINTAINABILITY,CODE_SMELL,"Use the opposite operator (""!="") instead.",690,2min,1.0,0.0,4.0,5.0,100.0,110.0,29.0,911.0,B,A,1,1,2,116,,
AZ4INX5CUdMD1-xUqr_l,lib/sqlalchemy/engine/url.py,url.py,python:S5842,LOW,RELIABILITY,BUG,Rework this part of the regex to not match the empty string.,861,5min,1.0,0.0,4.0,5.0,100.0,110.0,29.0,911.0,B,A,1,1,2,116,,
AZ4INYCXUdMD1-xUqsS9,lib/sqlalchemy/event/attr.py,attr.py,python:S2737,LOW,MAINTAINABILITY,CODE_SMELL,Add logic to this except clause or eliminate it and rethrow the exception automatically.,485,5min,1.0,0.0,8.0,9.0,117.0,64.0,40.0,656.0,E,A,3,3,52,2,1.0,"first error, I don't really understand:"
AZ4INYCRUdMD1-xUqsSy,lib/sqlalchemy/event/legacy.py,legacy.py,python:S1481,LOW,MAINTAINABILITY,CODE_SMELL,"Replace unused local variable ""conv"" with ""_"".",194,5min,0.0,0.0,6.0,6.0,26.0,33.0,37.0,247.0,A,A,3,2,21,2,,
AZ4INYCRUdMD1-xUqsSz,lib/sqlalchemy/event/legacy.py,legacy.py,python:S1481,LOW,MAINTAINABILITY,CODE_SMELL,"Replace unused local variable ""args"" with ""_"".",194,5min,0.0,0.0,6.0,6.0,26.0,33.0,37.0,247.0,A,A,3,2,21,2,,
AZ4INYB2UdMD1-xUqsSV,lib/sqlalchemy/ext/associationproxy.py,associationproxy.py,python:S3626,LOW,MAINTAINABILITY,CODE_SMELL,Remove this redundant return.,1501,1min,1.0,0.0,15.0,16.0,350.0,262.0,94.0,2006.0,C,A,7,4,71,2,3.0,"we still need to use the pre-pep-673 workaround. | TODO: no idea how to do this without separate ""stub"" | TODO: again, no idea how to create an actual MutableMapping."
AZ4INYB2UdMD1-xUqsSX,lib/sqlalchemy/ext/associationproxy.py,associationproxy.py,python:S1135,LOW,MAINTAINABILITY,CODE_SMELL,"Complete the task associated to this ""TODO"" comment.",1605,0min,1.0,0.0,15.0,16.0,350.0,262.0,94.0,2006.0,C,A,7,4,71,2,3.0,"we still need to use the pre-pep-673 workaround. | TODO: no idea how to do this without separate ""stub"" | TODO: again, no idea how to create an actual MutableMapping."
AZ4INYB2UdMD1-xUqsSY,lib/sqlalchemy/ext/associationproxy.py,associationproxy.py,python:S1135,LOW,MAINTAINABILITY,CODE_SMELL,"Complete the task associated to this ""TODO"" comment.",1698,0min,1.0,0.0,15.0,16.0,350.0,262.0,94.0,2006.0,C,A,7,4,71,2,3.0,"we still need to use the pre-pep-673 workaround. | TODO: no idea how to do this without separate ""stub"" | TODO: again, no idea how to create an actual MutableMapping."
AZ4INYB2UdMD1-xUqsSa,lib/sqlalchemy/ext/associationproxy.py,associationproxy.py,python:S3626,LOW,MAINTAINABILITY,CODE_SMELL,Remove this redundant return.,1820,1min,1.0,0.0,15.0,16.0,350.0,262.0,94.0,2006.0,C,A,7,4,71,2,3.0,"we still need to use the pre-pep-673 workaround. | TODO: no idea how to do this without separate ""stub"" | TODO: again, no idea how to create an actual MutableMapping."
AZ4INYBMUdMD1-xUqsRn,lib/sqlalchemy/ext/automap.py,automap.py,python:S117,LOW,MAINTAINABILITY,CODE_SMELL,"Rename this local variable ""Base"" to match the regular expression ^[_a-z][a-z0-9_]*$.",1434,2min,0.0,2.0,17.0,19.0,72.0,116.0,145.0,1692.0,A,E,3,2,25,2,,
AZ4INYB5UdMD1-xUqsSg,lib/sqlalchemy/ext/baked.py,baked.py,python:S1135,LOW,MAINTAINABILITY,CODE_SMELL,"Complete the task associated to this ""TODO"" comment.",533,0min,0.0,0.0,1.0,1.0,66.0,44.0,0.0,575.0,A,A,2,2,3,2,1.0,TODO: can mapper._get_clause be pre-adapted?
AZ4INYByUdMD1-xUqsSO,lib/sqlalchemy/ext/compiler.py,compiler.py,python:S1135,LOW,MAINTAINABILITY,CODE_SMELL,"Complete the task associated to this ""TODO"" comment.",489,0min,0.0,0.0,3.0,3.0,16.0,26.0,6.0,556.0,A,A,2,2,3,2,2.0,"TODO: why is the lambda needed ? | TODO: yes, this could also switch off of DBAPI in use."
AZ4INYByUdMD1-xUqsSP,lib/sqlalchemy/ext/compiler.py,compiler.py,python:S1135,LOW,MAINTAINABILITY,CODE_SMELL,"Complete the task associated to this ""TODO"" comment.",524,0min,0.0,0.0,3.0,3.0,16.0,26.0,6.0,556.0,A,A,2,2,3,2,2.0,"TODO: why is the lambda needed ? | TODO: yes, this could also switch off of DBAPI in use."
AZ4INYA3UdMD1-xUqsRC,lib/sqlalchemy/ext/horizontal_shard.py,horizontal_shard.py,python:S1135,LOW,MAINTAINABILITY,CODE_SMELL,"Complete the task associated to this ""TODO"" comment.",458,0min,0.0,0.0,2.0,2.0,43.0,55.0,8.0,482.0,A,A,3,3,6,2,1.0,TODO: if we had an ORMOption that gets applied at ORM statement
AZ4INYBvUdMD1-xUqsSM,lib/sqlalchemy/ext/indexable.py,indexable.py,python:S1481,LOW,MAINTAINABILITY,CODE_SMELL,"Remove the unused local variable ""x"".",289,5min,0.0,0.0,1.0,1.0,16.0,19.0,5.0,342.0,A,A,3,2,57,116,,
AZ4INYA9UdMD1-xUqsRJ,lib/sqlalchemy/ext/mypy/decl_class.py,decl_class.py,python:S1135,LOW,MAINTAINABILITY,CODE_SMELL,"Complete the task associated to this ""TODO"" comment.",135,0min,0.0,0.0,8.0,8.0,61.0,121.0,92.0,516.0,A,A,0,0,0,0,,
AZ4INYA9UdMD1-xUqsRM,lib/sqlalchemy/ext/mypy/decl_class.py,decl_class.py,python:S1135,LOW,MAINTAINABILITY,CODE_SMELL,"Complete the task associated to this ""TODO"" comment.",429,0min,0.0,0.0,8.0,8.0,61.0,121.0,92.0,516.0,A,A,0,0,0,0,,
AZ4INYBIUdMD1-xUqsRU,lib/sqlalchemy/ext/mypy/infer.py,infer.py,python:S1135,LOW,MAINTAINABILITY,CODE_SMELL,"Complete the task associated to this ""TODO"" comment.",181,0min,0.0,0.0,8.0,8.0,65.0,121.0,72.0,591.0,A,A,0,0,0,0,,
AZ4INYBIUdMD1-xUqsRW,lib/sqlalchemy/ext/mypy/infer.py,infer.py,python:S1135,LOW,MAINTAINABILITY,CODE_SMELL,"Complete the task associated to this ""TODO"" comment.",301,0min,0.0,0.0,8.0,8.0,65.0,121.0,72.0,591.0,A,A,0,0,0,0,,
AZ4INYBIUdMD1-xUqsRV,lib/sqlalchemy/ext/mypy/infer.py,infer.py,python:S1481,LOW,MAINTAINABILITY,CODE_SMELL,"Remove the unused local variable ""the_mapped_type"".",303,5min,0.0,0.0,8.0,8.0,65.0,121.0,72.0,591.0,A,A,0,0,0,0,,
AZ4INYBIUdMD1-xUqsRa,lib/sqlalchemy/ext/mypy/infer.py,infer.py,python:S1135,LOW,MAINTAINABILITY,CODE_SMELL,"Complete the task associated to this ""TODO"" comment.",571,0min,0.0,0.0,8.0,8.0,65.0,121.0,72.0,591.0,A,A,0,0,0,0,,
AZ4INYA5UdMD1-xUqsRE,lib/sqlalchemy/ext/mypy/util.py,util.py,python:S1135,LOW,MAINTAINABILITY,CODE_SMELL,"Complete the task associated to this ""TODO"" comment.",290,0min,0.0,0.0,2.0,2.0,59.0,52.0,6.0,358.0,A,A,0,0,0,0,,
AZ4INYCkUdMD1-xUqsS_,lib/sqlalchemy/log.py,log.py,python:S100,LOW,MAINTAINABILITY,CODE_SMELL,"Rename method ""isEnabledFor"" to match the regular expression ^[a-z_][a-z0-9_]*$.",212,5min,0.0,0.0,2.0,2.0,35.0,21.0,10.0,289.0,A,A,4,3,8,2,,
AZ4INYCkUdMD1-xUqsTA,lib/sqlalchemy/log.py,log.py,python:S100,LOW,MAINTAINABILITY,CODE_SMELL,"Rename method ""getEffectiveLevel"" to match the regular expression ^[a-z_][a-z0-9_]*$.",219,5min,0.0,0.0,2.0,2.0,35.0,21.0,10.0,289.0,A,A,4,3,8,2,,
AZ4INX-kUdMD1-xUqsLQ,lib/sqlalchemy/orm/attributes.py,attributes.py,python:S1135,LOW,MAINTAINABILITY,CODE_SMELL,"Complete the task associated to this ""TODO"" comment.",595,0min,0.0,0.0,19.0,19.0,358.0,359.0,130.0,2836.0,A,A,8,2,51,116,9.0,"ideally Proxy() would have a separate set of methods to deal | hack to make __doc__ writeable on instances of | TODO: can move this to descriptor_props if the need for this | this is unfortunately very complicated, and is easily prone | comparator itself might be unreachable | TODO: no test coverage here. | TODO: better solution here would be to add | TODO: need coverage in test/orm/ of remove event | TODO: this appears to be the WriteOnlyAttributeImpl /"
AZ4INX-kUdMD1-xUqsLS,lib/sqlalchemy/orm/attributes.py,attributes.py,python:S1135,LOW,MAINTAINABILITY,CODE_SMELL,"Complete the task associated to this ""TODO"" comment.",1094,0min,0.0,0.0,19.0,19.0,358.0,359.0,130.0,2836.0,A,A,8,2,51,116,9.0,"ideally Proxy() would have a separate set of methods to deal | hack to make __doc__ writeable on instances of | TODO: can move this to descriptor_props if the need for this | this is unfortunately very complicated, and is easily prone | comparator itself might be unreachable | TODO: no test coverage here. | TODO: better solution here would be to add | TODO: need coverage in test/orm/ of remove event | TODO: this appears to be the WriteOnlyAttributeImpl /"
AZ4INX-kUdMD1-xUqsLY,lib/sqlalchemy/orm/attributes.py,attributes.py,python:S1135,LOW,MAINTAINABILITY,CODE_SMELL,"Complete the task associated to this ""TODO"" comment.",1903,0min,0.0,0.0,19.0,19.0,358.0,359.0,130.0,2836.0,A,A,8,2,51,116,9.0,"ideally Proxy() would have a separate set of methods to deal | hack to make __doc__ writeable on instances of | TODO: can move this to descriptor_props if the need for this | this is unfortunately very complicated, and is easily prone | comparator itself might be unreachable | TODO: no test coverage here. | TODO: better solution here would be to add | TODO: need coverage in test/orm/ of remove event | TODO: this appears to be the WriteOnlyAttributeImpl /"
AZ4INX-kUdMD1-xUqsLb,lib/sqlalchemy/orm/attributes.py,attributes.py,python:S1135,LOW,MAINTAINABILITY,CODE_SMELL,"Complete the task associated to this ""TODO"" comment.",2295,0min,0.0,0.0,19.0,19.0,358.0,359.0,130.0,2836.0,A,A,8,2,51,116,9.0,"ideally Proxy() would have a separate set of methods to deal | hack to make __doc__ writeable on instances of | TODO: can move this to descriptor_props if the need for this | this is unfortunately very complicated, and is easily prone | comparator itself might be unreachable | TODO: no test coverage here. | TODO: better solution here would be to add | TODO: need coverage in test/orm/ of remove event | TODO: this appears to be the WriteOnlyAttributeImpl /"
AZ4INX-kUdMD1-xUqsLe,lib/sqlalchemy/orm/attributes.py,attributes.py,python:S1135,LOW,MAINTAINABILITY,CODE_SMELL,"Complete the task associated to this ""TODO"" comment.",2611,0min,0.0,0.0,19.0,19.0,358.0,359.0,130.0,2836.0,A,A,8,2,51,116,9.0,"ideally Proxy() would have a separate set of methods to deal | hack to make __doc__ writeable on instances of | TODO: can move this to descriptor_props if the need for this | this is unfortunately very complicated, and is easily prone | comparator itself might be unreachable | TODO: no test coverage here. | TODO: better solution here would be to add | TODO: need coverage in test/orm/ of remove event | TODO: this appears to be the WriteOnlyAttributeImpl /"
AZ4INYAHUdMD1-xUqsPz,lib/sqlalchemy/orm/bulk_persistence.py,bulk_persistence.py,python:S1135,LOW,MAINTAINABILITY,CODE_SMELL,"Complete the task associated to this ""TODO"" comment.",2071,0min,0.0,0.0,7.0,7.0,242.0,309.0,67.0,2085.0,A,A,7,5,73,116,8.0,"TODO: dive more into how a local table PK is used for fetch | workaround for mypy https://github.com/python/mypy/issues/14027 | The way this is organized seems strange, why don't we just | answer?, why does this go through the whole execute phase using an | over and over again.   so perhaps if it could be RETURNING just | these workarounds are currently hypothetical for UPDATE, | now get into special workarounds because MariaDB supports | TODO: inline this and call remove_newly_deleted"
AZ4INYAXUdMD1-xUqsQE,lib/sqlalchemy/orm/context.py,context.py,python:S1135,LOW,MAINTAINABILITY,CODE_SMELL,"Complete the task associated to this ""TODO"" comment.",430,0min,1.0,0.0,30.0,31.0,452.0,571.0,278.0,3269.0,B,A,11,4,150,2,13.0,"TODO: this structure is set up by JoinedLoader | user knows what they are doing | experimentation here, the best approach seems to be, use | TODO: some complexity with order_by here was due to mapper.order_by. | TODO: this goes away once we get rid of the deep entity | figure out the best ""left"" side based on our existing froms / | specific way of telling us what the ""left"" side is, e.g.: | TODO: should we be checking for multiple mapper entities | the ORM-ness in this case right now, ideally it would not | TODO: we had orm_only=False here before, removing | TODO: we might be able to implement this but for now | however I can't think of a case where we would be here and | TODO: polymorphic subclasses ?"
AZ4INYAXUdMD1-xUqsQK,lib/sqlalchemy/orm/context.py,context.py,python:S1135,LOW,MAINTAINABILITY,CODE_SMELL,"Complete the task associated to this ""TODO"" comment.",1229,0min,1.0,0.0,30.0,31.0,452.0,571.0,278.0,3269.0,B,A,11,4,150,2,13.0,"TODO: this structure is set up by JoinedLoader | user knows what they are doing | experimentation here, the best approach seems to be, use | TODO: some complexity with order_by here was due to mapper.order_by. | TODO: this goes away once we get rid of the deep entity | figure out the best ""left"" side based on our existing froms / | specific way of telling us what the ""left"" side is, e.g.: | TODO: should we be checking for multiple mapper entities | the ORM-ness in this case right now, ideally it would not | TODO: we had orm_only=False here before, removing | TODO: we might be able to implement this but for now | however I can't think of a case where we would be here and | TODO: polymorphic subclasses ?"
AZ4INYAXUdMD1-xUqsQL,lib/sqlalchemy/orm/context.py,context.py,python:S1135,LOW,MAINTAINABILITY,CODE_SMELL,"Complete the task associated to this ""TODO"" comment.",1333,0min,1.0,0.0,30.0,31.0,452.0,571.0,278.0,3269.0,B,A,11,4,150,2,13.0,"TODO: this structure is set up by JoinedLoader | user knows what they are doing | experimentation here, the best approach seems to be, use | TODO: some complexity with order_by here was due to mapper.order_by. | TODO: this goes away once we get rid of the deep entity | figure out the best ""left"" side based on our existing froms / | specific way of telling us what the ""left"" side is, e.g.: | TODO: should we be checking for multiple mapper entities | the ORM-ness in this case right now, ideally it would not | TODO: we had orm_only=False here before, removing | TODO: we might be able to implement this but for now | however I can't think of a case where we would be here and | TODO: polymorphic subclasses ?"
AZ4INYAXUdMD1-xUqsQR,lib/sqlalchemy/orm/context.py,context.py,python:S1226,LOW,RELIABILITY,BUG,Introduce a new variable or use its initial value before reassigning 'left'.,1969,5min,1.0,0.0,30.0,31.0,452.0,571.0,278.0,3269.0,B,A,11,4,150,2,13.0,"TODO: this structure is set up by JoinedLoader | user knows what they are doing | experimentation here, the best approach seems to be, use | TODO: some complexity with order_by here was due to mapper.order_by. | TODO: this goes away once we get rid of the deep entity | figure out the best ""left"" side based on our existing froms / | specific way of telling us what the ""left"" side is, e.g.: | TODO: should we be checking for multiple mapper entities | the ORM-ness in this case right now, ideally it would not | TODO: we had orm_only=False here before, removing | TODO: we might be able to implement this but for now | however I can't think of a case where we would be here and | TODO: polymorphic subclasses ?"
AZ4INYAXUdMD1-xUqsQS,lib/sqlalchemy/orm/context.py,context.py,python:S1135,LOW,MAINTAINABILITY,CODE_SMELL,"Complete the task associated to this ""TODO"" comment.",2132,0min,1.0,0.0,30.0,31.0,452.0,571.0,278.0,3269.0,B,A,11,4,150,2,13.0,"TODO: this structure is set up by JoinedLoader | user knows what they are doing | experimentation here, the best approach seems to be, use | TODO: some complexity with order_by here was due to mapper.order_by. | TODO: this goes away once we get rid of the deep entity | figure out the best ""left"" side based on our existing froms / | specific way of telling us what the ""left"" side is, e.g.: | TODO: should we be checking for multiple mapper entities | the ORM-ness in this case right now, ideally it would not | TODO: we had orm_only=False here before, removing | TODO: we might be able to implement this but for now | however I can't think of a case where we would be here and | TODO: polymorphic subclasses ?"
AZ4INYAXUdMD1-xUqsQU,lib/sqlalchemy/orm/context.py,context.py,python:S1135,LOW,MAINTAINABILITY,CODE_SMELL,"Complete the task associated to this ""TODO"" comment.",2209,0min,1.0,0.0,30.0,31.0,452.0,571.0,278.0,3269.0,B,A,11,4,150,2,13.0,"TODO: this structure is set up by JoinedLoader | user knows what they are doing | experimentation here, the best approach seems to be, use | TODO: some complexity with order_by here was due to mapper.order_by. | TODO: this goes away once we get rid of the deep entity | figure out the best ""left"" side based on our existing froms / | specific way of telling us what the ""left"" side is, e.g.: | TODO: should we be checking for multiple mapper entities | the ORM-ness in this case right now, ideally it would not | TODO: we had orm_only=False here before, removing | TODO: we might be able to implement this but for now | however I can't think of a case where we would be here and | TODO: polymorphic subclasses ?"
AZ4INYAXUdMD1-xUqsQb,lib/sqlalchemy/orm/context.py,context.py,python:S1135,LOW,MAINTAINABILITY,CODE_SMELL,"Complete the task associated to this ""TODO"" comment.",2879,0min,1.0,0.0,30.0,31.0,452.0,571.0,278.0,3269.0,B,A,11,4,150,2,13.0,"TODO: this structure is set up by JoinedLoader | user knows what they are doing | experimentation here, the best approach seems to be, use | TODO: some complexity with order_by here was due to mapper.order_by. | TODO: this goes away once we get rid of the deep entity | figure out the best ""left"" side based on our existing froms / | specific way of telling us what the ""left"" side is, e.g.: | TODO: should we be checking for multiple mapper entities | the ORM-ness in this case right now, ideally it would not | TODO: we had orm_only=False here before, removing | TODO: we might be able to implement this but for now | however I can't think of a case where we would be here and | TODO: polymorphic subclasses ?"
AZ4INYAXUdMD1-xUqsQd,lib/sqlalchemy/orm/context.py,context.py,python:S1481,LOW,MAINTAINABILITY,CODE_SMELL,"Replace unused local variable ""extra"" with ""_"".",2904,5min,1.0,0.0,30.0,31.0,452.0,571.0,278.0,3269.0,B,A,11,4,150,2,13.0,"TODO: this structure is set up by JoinedLoader | user knows what they are doing | experimentation here, the best approach seems to be, use | TODO: some complexity with order_by here was due to mapper.order_by. | TODO: this goes away once we get rid of the deep entity | figure out the best ""left"" side based on our existing froms / | specific way of telling us what the ""left"" side is, e.g.: | TODO: should we be checking for multiple mapper entities | the ORM-ness in this case right now, ideally it would not | TODO: we had orm_only=False here before, removing | TODO: we might be able to implement this but for now | however I can't think of a case where we would be here and | TODO: polymorphic subclasses ?"
AZ4INYAXUdMD1-xUqsQf,lib/sqlalchemy/orm/context.py,context.py,python:S1135,LOW,MAINTAINABILITY,CODE_SMELL,"Complete the task associated to this ""TODO"" comment.",3196,0min,1.0,0.0,30.0,31.0,452.0,571.0,278.0,3269.0,B,A,11,4,150,2,13.0,"TODO: this structure is set up by JoinedLoader | user knows what they are doing | experimentation here, the best approach seems to be, use | TODO: some complexity with order_by here was due to mapper.order_by. | TODO: this goes away once we get rid of the deep entity | figure out the best ""left"" side based on our existing froms / | specific way of telling us what the ""left"" side is, e.g.: | TODO: should we be checking for multiple mapper entities | the ORM-ness in this case right now, ideally it would not | TODO: we had orm_only=False here before, removing | TODO: we might be able to implement this but for now | however I can't think of a case where we would be here and | TODO: polymorphic subclasses ?"
AZ4INX-RUdMD1-xUqsKf,lib/sqlalchemy/orm/decl_api.py,decl_api.py,python:S1226,LOW,RELIABILITY,BUG,Introduce a new variable or use its initial value before reassigning 'dict_'.,175,5min,1.0,0.0,2.0,3.0,132.0,90.0,13.0,1884.0,B,A,15,4,1398,10,,
AZ4INX_QUdMD1-xUqsNN,lib/sqlalchemy/orm/decl_base.py,decl_base.py,python:S117,LOW,MAINTAINABILITY,CODE_SMELL,"Rename this local variable ""cls_as_Decl"" to match the regular expression ^[_a-z][a-z0-9_]*$.",755,2min,0.0,0.0,23.0,23.0,342.0,608.0,401.0,2181.0,A,A,12,3,1762,108,3.0,"this was fixed by | TODO: should ""registry"" here be also?   might be too late | we would assert this, however we want the below"
AZ4INX_QUdMD1-xUqsNP,lib/sqlalchemy/orm/decl_base.py,decl_base.py,python:S3626,LOW,MAINTAINABILITY,CODE_SMELL,Remove this redundant continue.,890,1min,0.0,0.0,23.0,23.0,342.0,608.0,401.0,2181.0,A,A,12,3,1762,108,3.0,"this was fixed by | TODO: should ""registry"" here be also?   might be too late | we would assert this, however we want the below"
AZ4INX_QUdMD1-xUqsNO,lib/sqlalchemy/orm/decl_base.py,decl_base.py,python:S3626,LOW,MAINTAINABILITY,CODE_SMELL,Remove this redundant continue.,993,1min,0.0,0.0,23.0,23.0,342.0,608.0,401.0,2181.0,A,A,12,3,1762,108,3.0,"this was fixed by | TODO: should ""registry"" here be also?   might be too late | we would assert this, however we want the below"
AZ4INX_QUdMD1-xUqsNV,lib/sqlalchemy/orm/decl_base.py,decl_base.py,python:S1135,LOW,MAINTAINABILITY,CODE_SMELL,"Complete the task associated to this ""TODO"" comment.",1520,0min,0.0,0.0,23.0,23.0,342.0,608.0,401.0,2181.0,A,A,12,3,1762,108,3.0,"this was fixed by | TODO: should ""registry"" here be also?   might be too late | we would assert this, however we want the below"
AZ4INX_QUdMD1-xUqsNX,lib/sqlalchemy/orm/decl_base.py,decl_base.py,python:S117,LOW,MAINTAINABILITY,CODE_SMELL,"Rename this local variable ""cls_as_Decl"" to match the regular expression ^[_a-z][a-z0-9_]*$.",1699,2min,0.0,0.0,23.0,23.0,342.0,608.0,401.0,2181.0,A,A,12,3,1762,108,3.0,"this was fixed by | TODO: should ""registry"" here be also?   might be too late | we would assert this, however we want the below"
AZ4INX-5UdMD1-xUqsMT,lib/sqlalchemy/orm/dependency.py,dependency.py,python:S1135,LOW,MAINTAINABILITY,CODE_SMELL,"Complete the task associated to this ""TODO"" comment.",253,0min,1.0,0.0,33.0,34.0,257.0,484.0,334.0,1305.0,C,A,3,2,8,2,4.0,TODO: add a high speed method | TODO: this whole block is not covered | collection here too.  but this would be a somewhat | TODO: no tests fail if this whole
AZ4INX-5UdMD1-xUqsMV,lib/sqlalchemy/orm/dependency.py,dependency.py,python:S1135,LOW,MAINTAINABILITY,CODE_SMELL,"Complete the task associated to this ""TODO"" comment.",395,0min,1.0,0.0,33.0,34.0,257.0,484.0,334.0,1305.0,C,A,3,2,8,2,4.0,TODO: add a high speed method | TODO: this whole block is not covered | collection here too.  but this would be a somewhat | TODO: no tests fail if this whole
AZ4INX-5UdMD1-xUqsMY,lib/sqlalchemy/orm/dependency.py,dependency.py,python:S1940,LOW,MAINTAINABILITY,CODE_SMELL,"Use the opposite operator (""!="") instead.",446,2min,1.0,0.0,33.0,34.0,257.0,484.0,334.0,1305.0,C,A,3,2,8,2,4.0,TODO: add a high speed method | TODO: this whole block is not covered | collection here too.  but this would be a somewhat | TODO: no tests fail if this whole
AZ4INX-5UdMD1-xUqsMa,lib/sqlalchemy/orm/dependency.py,dependency.py,python:S1940,LOW,MAINTAINABILITY,CODE_SMELL,"Use the opposite operator (""!="") instead.",473,2min,1.0,0.0,33.0,34.0,257.0,484.0,334.0,1305.0,C,A,3,2,8,2,4.0,TODO: add a high speed method | TODO: this whole block is not covered | collection here too.  but this would be a somewhat | TODO: no tests fail if this whole
AZ4INX-5UdMD1-xUqsMc,lib/sqlalchemy/orm/dependency.py,dependency.py,python:S1940,LOW,MAINTAINABILITY,CODE_SMELL,"Use the opposite operator (""!="") instead.",543,2min,1.0,0.0,33.0,34.0,257.0,484.0,334.0,1305.0,C,A,3,2,8,2,4.0,TODO: add a high speed method | TODO: this whole block is not covered | collection here too.  but this would be a somewhat | TODO: no tests fail if this whole
AZ4INX-5UdMD1-xUqsMe,lib/sqlalchemy/orm/dependency.py,dependency.py,python:S1940,LOW,MAINTAINABILITY,CODE_SMELL,"Use the opposite operator (""!="") instead.",583,2min,1.0,0.0,33.0,34.0,257.0,484.0,334.0,1305.0,C,A,3,2,8,2,4.0,TODO: add a high speed method | TODO: this whole block is not covered | collection here too.  but this would be a somewhat | TODO: no tests fail if this whole
AZ4INX-5UdMD1-xUqsMi,lib/sqlalchemy/orm/dependency.py,dependency.py,python:S1940,LOW,MAINTAINABILITY,CODE_SMELL,"Use the opposite operator (""!="") instead.",793,2min,1.0,0.0,33.0,34.0,257.0,484.0,334.0,1305.0,C,A,3,2,8,2,4.0,TODO: add a high speed method | TODO: this whole block is not covered | collection here too.  but this would be a somewhat | TODO: no tests fail if this whole
AZ4INX-5UdMD1-xUqsMm,lib/sqlalchemy/orm/dependency.py,dependency.py,python:S1135,LOW,MAINTAINABILITY,CODE_SMELL,"Complete the task associated to this ""TODO"" comment.",1039,0min,1.0,0.0,33.0,34.0,257.0,484.0,334.0,1305.0,C,A,3,2,8,2,4.0,TODO: add a high speed method | TODO: this whole block is not covered | collection here too.  but this would be a somewhat | TODO: no tests fail if this whole
AZ4INX_bUdMD1-xUqsN0,lib/sqlalchemy/orm/descriptor_props.py,descriptor_props.py,python:S117,LOW,MAINTAINABILITY,CODE_SMELL,"Rename this local variable ""MappedColumn"" to match the regular expression ^[_a-z][a-z0-9_]*$.",358,2min,0.0,0.0,11.0,11.0,153.0,160.0,49.0,1077.0,A,A,11,3,132,2,3.0,"TODO: need a deserialize hook here | not a good choice for default behavior though, not clear how it would | TODO: when initialized, check _proxied_object,"
AZ4INX_bUdMD1-xUqsN2,lib/sqlalchemy/orm/descriptor_props.py,descriptor_props.py,python:S117,LOW,MAINTAINABILITY,CODE_SMELL,"Rename this local variable ""MappedColumn"" to match the regular expression ^[_a-z][a-z0-9_]*$.",439,2min,0.0,0.0,11.0,11.0,153.0,160.0,49.0,1077.0,A,A,11,3,132,2,3.0,"TODO: need a deserialize hook here | not a good choice for default behavior though, not clear how it would | TODO: when initialized, check _proxied_object,"
AZ4INX_bUdMD1-xUqsN3,lib/sqlalchemy/orm/descriptor_props.py,descriptor_props.py,python:S117,LOW,MAINTAINABILITY,CODE_SMELL,"Rename this local variable ""MappedColumn"" to match the regular expression ^[_a-z][a-z0-9_]*$.",479,2min,0.0,0.0,11.0,11.0,153.0,160.0,49.0,1077.0,A,A,11,3,132,2,3.0,"TODO: need a deserialize hook here | not a good choice for default behavior though, not clear how it would | TODO: when initialized, check _proxied_object,"
AZ4INX_bUdMD1-xUqsN4,lib/sqlalchemy/orm/descriptor_props.py,descriptor_props.py,python:S117,LOW,MAINTAINABILITY,CODE_SMELL,"Rename this local variable ""MappedColumn"" to match the regular expression ^[_a-z][a-z0-9_]*$.",505,2min,0.0,0.0,11.0,11.0,153.0,160.0,49.0,1077.0,A,A,11,3,132,2,3.0,"TODO: need a deserialize hook here | not a good choice for default behavior though, not clear how it would | TODO: when initialized, check _proxied_object,"
AZ4INX_bUdMD1-xUqsN5,lib/sqlalchemy/orm/descriptor_props.py,descriptor_props.py,python:S117,LOW,MAINTAINABILITY,CODE_SMELL,"Rename this local variable ""ColumnProperty"" to match the regular expression ^[_a-z][a-z0-9_]*$.",526,2min,0.0,0.0,11.0,11.0,153.0,160.0,49.0,1077.0,A,A,11,3,132,2,3.0,"TODO: need a deserialize hook here | not a good choice for default behavior though, not clear how it would | TODO: when initialized, check _proxied_object,"
AZ4INX_bUdMD1-xUqsN7,lib/sqlalchemy/orm/descriptor_props.py,descriptor_props.py,python:S1135,LOW,MAINTAINABILITY,CODE_SMELL,"Complete the task associated to this ""TODO"" comment.",633,0min,0.0,0.0,11.0,11.0,153.0,160.0,49.0,1077.0,A,A,11,3,132,2,3.0,"TODO: need a deserialize hook here | not a good choice for default behavior though, not clear how it would | TODO: when initialized, check _proxied_object,"
AZ4INX_bUdMD1-xUqsN8,lib/sqlalchemy/orm/descriptor_props.py,descriptor_props.py,python:S1481,LOW,MAINTAINABILITY,CODE_SMELL,"Remove the unused local variable ""key"".",780,5min,0.0,0.0,11.0,11.0,153.0,160.0,49.0,1077.0,A,A,11,3,132,2,3.0,"TODO: need a deserialize hook here | not a good choice for default behavior though, not clear how it would | TODO: when initialized, check _proxied_object,"
AZ4INX_bUdMD1-xUqsN9,lib/sqlalchemy/orm/descriptor_props.py,descriptor_props.py,python:S1135,LOW,MAINTAINABILITY,CODE_SMELL,"Complete the task associated to this ""TODO"" comment.",975,0min,0.0,0.0,11.0,11.0,153.0,160.0,49.0,1077.0,A,A,11,3,132,2,3.0,"TODO: need a deserialize hook here | not a good choice for default behavior though, not clear how it would | TODO: when initialized, check _proxied_object,"
AZ4INYAnUdMD1-xUqsQ2,lib/sqlalchemy/orm/events.py,events.py,python:S1135,LOW,MAINTAINABILITY,CODE_SMELL,"Complete the task associated to this ""TODO"" comment.",1078,0min,0.0,0.0,7.0,7.0,163.0,162.0,54.0,3262.0,A,A,10,3,993,2,2.0,TODO: need coverage for this event | TODO: coverage
AZ4INYAnUdMD1-xUqsQ4,lib/sqlalchemy/orm/events.py,events.py,python:S1135,LOW,MAINTAINABILITY,CODE_SMELL,"Complete the task associated to this ""TODO"" comment.",2533,0min,0.0,0.0,7.0,7.0,163.0,162.0,54.0,3262.0,A,A,10,3,993,2,2.0,TODO: need coverage for this event | TODO: coverage
AZ4INYARUdMD1-xUqsP9,lib/sqlalchemy/orm/instrumentation.py,instrumentation.py,python:S1135,LOW,MAINTAINABILITY,CODE_SMELL,"Complete the task associated to this ""TODO"" comment.",716,0min,0.0,0.0,3.0,3.0,119.0,81.0,5.0,755.0,A,A,3,2,5,2,3.0,"TODO: we should use the ClassManager's notion of the | original '__init__' method, once ClassManager is fixed | FIXME: need to juggle local names to avoid constructor argument"
AZ4INYAuUdMD1-xUqsQ7,lib/sqlalchemy/orm/interfaces.py,interfaces.py,python:S1135,LOW,MAINTAINABILITY,CODE_SMELL,"Complete the task associated to this ""TODO"" comment.",141,0min,0.0,0.0,3.0,3.0,100.0,53.0,10.0,1470.0,A,A,8,4,101,2,5.0,"TODO: add python_type and sql_type here; combining them | into ""type"" is a bad idea | as in PropComparator, may have some special typing workarounds such as the | search among: exact match, ""attr.*"", ""default"" strategy | a bad idea; should use strategy key at all times because every"
AZ4INX_eUdMD1-xUqsOD,lib/sqlalchemy/orm/loading.py,loading.py,python:S1135,LOW,MAINTAINABILITY,CODE_SMELL,"Complete the task associated to this ""TODO"" comment.",384,0min,0.0,0.0,23.0,23.0,250.0,504.0,400.0,1683.0,A,A,8,4,42,2,12.0,"this is a bit of a hack at the moment. | TODO: need test coverage and documentation for the FrozenResult | TODO: no coverage here | things would be better off having the PK attributes flushed | It would probably be a pretty big effort to add such a flow.  So | SQLAlchemy finds itself doing like, ever, obviously, we are | be present in some unexpected way. | we are a single row query for the exact entity; polymorphic | TODO: polymorphic_from seems to be a Mapper in all cases. | TODO: we are currently ignoring the case where the | TODO:  allow ""existing"" populator to know this is | TODO: same path"
AZ4INX_eUdMD1-xUqsOE,lib/sqlalchemy/orm/loading.py,loading.py,python:S1135,LOW,MAINTAINABILITY,CODE_SMELL,"Complete the task associated to this ""TODO"" comment.",469,0min,0.0,0.0,23.0,23.0,250.0,504.0,400.0,1683.0,A,A,8,4,42,2,12.0,"this is a bit of a hack at the moment. | TODO: need test coverage and documentation for the FrozenResult | TODO: no coverage here | things would be better off having the PK attributes flushed | It would probably be a pretty big effort to add such a flow.  So | SQLAlchemy finds itself doing like, ever, obviously, we are | be present in some unexpected way. | we are a single row query for the exact entity; polymorphic | TODO: polymorphic_from seems to be a Mapper in all cases. | TODO: we are currently ignoring the case where the | TODO:  allow ""existing"" populator to know this is | TODO: same path"
AZ4INX_eUdMD1-xUqsOJ,lib/sqlalchemy/orm/loading.py,loading.py,python:S1135,LOW,MAINTAINABILITY,CODE_SMELL,"Complete the task associated to this ""TODO"" comment.",1261,0min,0.0,0.0,23.0,23.0,250.0,504.0,400.0,1683.0,A,A,8,4,42,2,12.0,"this is a bit of a hack at the moment. | TODO: need test coverage and documentation for the FrozenResult | TODO: no coverage here | things would be better off having the PK attributes flushed | It would probably be a pretty big effort to add such a flow.  So | SQLAlchemy finds itself doing like, ever, obviously, we are | be present in some unexpected way. | we are a single row query for the exact entity; polymorphic | TODO: polymorphic_from seems to be a Mapper in all cases. | TODO: we are currently ignoring the case where the | TODO:  allow ""existing"" populator to know this is | TODO: same path"
AZ4INX_eUdMD1-xUqsOK,lib/sqlalchemy/orm/loading.py,loading.py,python:S1135,LOW,MAINTAINABILITY,CODE_SMELL,"Complete the task associated to this ""TODO"" comment.",1280,0min,0.0,0.0,23.0,23.0,250.0,504.0,400.0,1683.0,A,A,8,4,42,2,12.0,"this is a bit of a hack at the moment. | TODO: need test coverage and documentation for the FrozenResult | TODO: no coverage here | things would be better off having the PK attributes flushed | It would probably be a pretty big effort to add such a flow.  So | SQLAlchemy finds itself doing like, ever, obviously, we are | be present in some unexpected way. | we are a single row query for the exact entity; polymorphic | TODO: polymorphic_from seems to be a Mapper in all cases. | TODO: we are currently ignoring the case where the | TODO:  allow ""existing"" populator to know this is | TODO: same path"
AZ4INX_eUdMD1-xUqsON,lib/sqlalchemy/orm/loading.py,loading.py,python:S1135,LOW,MAINTAINABILITY,CODE_SMELL,"Complete the task associated to this ""TODO"" comment.",1369,0min,0.0,0.0,23.0,23.0,250.0,504.0,400.0,1683.0,A,A,8,4,42,2,12.0,"this is a bit of a hack at the moment. | TODO: need test coverage and documentation for the FrozenResult | TODO: no coverage here | things would be better off having the PK attributes flushed | It would probably be a pretty big effort to add such a flow.  So | SQLAlchemy finds itself doing like, ever, obviously, we are | be present in some unexpected way. | we are a single row query for the exact entity; polymorphic | TODO: polymorphic_from seems to be a Mapper in all cases. | TODO: we are currently ignoring the case where the | TODO:  allow ""existing"" populator to know this is | TODO: same path"
AZ4INX_eUdMD1-xUqsOO,lib/sqlalchemy/orm/loading.py,loading.py,python:S1135,LOW,MAINTAINABILITY,CODE_SMELL,"Complete the task associated to this ""TODO"" comment.",1378,0min,0.0,0.0,23.0,23.0,250.0,504.0,400.0,1683.0,A,A,8,4,42,2,12.0,"this is a bit of a hack at the moment. | TODO: need test coverage and documentation for the FrozenResult | TODO: no coverage here | things would be better off having the PK attributes flushed | It would probably be a pretty big effort to add such a flow.  So | SQLAlchemy finds itself doing like, ever, obviously, we are | be present in some unexpected way. | we are a single row query for the exact entity; polymorphic | TODO: polymorphic_from seems to be a Mapper in all cases. | TODO: we are currently ignoring the case where the | TODO:  allow ""existing"" populator to know this is | TODO: same path"
AZ4INX_LUdMD1-xUqsM-,lib/sqlalchemy/orm/mapper.py,mapper.py,python:S1135,LOW,MAINTAINABILITY,CODE_SMELL,"Complete the task associated to this ""TODO"" comment.",1975,0min,0.0,0.0,17.0,17.0,535.0,708.0,332.0,4422.0,A,A,14,4,195,2,5.0,"TODO: what happens if polymorphic_on column attribute name | this splits the behavior among the ""regular"" joined inheritance | legacy case we should probably disable. | was a bug, as it could cause configure_mappers() to invoke | TODO: weakref would be a good idea here"
AZ4INX_LUdMD1-xUqsNG,lib/sqlalchemy/orm/mapper.py,mapper.py,python:S1135,LOW,MAINTAINABILITY,CODE_SMELL,"Complete the task associated to this ""TODO"" comment.",4407,0min,0.0,0.0,17.0,17.0,535.0,708.0,332.0,4422.0,A,A,14,4,195,2,5.0,"TODO: what happens if polymorphic_on column attribute name | this splits the behavior among the ""regular"" joined inheritance | legacy case we should probably disable. | was a bug, as it could cause configure_mappers() to invoke | TODO: weakref would be a good idea here"
AZ4INX_xUdMD1-xUqsPB,lib/sqlalchemy/orm/path_registry.py,path_registry.py,python:S1135,LOW,MAINTAINABILITY,CODE_SMELL,"Complete the task associated to this ""TODO"" comment.",222,0min,0.0,0.0,4.0,4.0,124.0,97.0,19.0,812.0,A,A,4,2,32,48,1.0,TODO: what are we using this for?
AZ4INYADUdMD1-xUqsPb,lib/sqlalchemy/orm/persistence.py,persistence.py,python:S1135,LOW,MAINTAINABILITY,CODE_SMELL,"Complete the task associated to this ""TODO"" comment.",460,0min,0.0,0.0,25.0,25.0,297.0,607.0,507.0,1783.0,A,A,4,3,19,2,9.0,"call before_XXX extensions | TODO: ordered values, etc | HACK: check for history in other tables, in case the | we can do an executemany UPDATE which is more efficient | we can do an executemany UPDATE which is more efficient | TODO: why with bookkeeping=False? | TODO: why does this ""only warn"" if versioning is turned off, | call after_XXX extensions | TODO: this still goes a little too often.  would be nice to"
AZ4INYADUdMD1-xUqsPj,lib/sqlalchemy/orm/persistence.py,persistence.py,python:S1135,LOW,MAINTAINABILITY,CODE_SMELL,"Complete the task associated to this ""TODO"" comment.",889,0min,0.0,0.0,25.0,25.0,297.0,607.0,507.0,1783.0,A,A,4,3,19,2,9.0,"call before_XXX extensions | TODO: ordered values, etc | HACK: check for history in other tables, in case the | we can do an executemany UPDATE which is more efficient | we can do an executemany UPDATE which is more efficient | TODO: why with bookkeeping=False? | TODO: why does this ""only warn"" if versioning is turned off, | call after_XXX extensions | TODO: this still goes a little too often.  would be nice to"
AZ4INYADUdMD1-xUqsPo,lib/sqlalchemy/orm/persistence.py,persistence.py,python:S1135,LOW,MAINTAINABILITY,CODE_SMELL,"Complete the task associated to this ""TODO"" comment.",1483,0min,0.0,0.0,25.0,25.0,297.0,607.0,507.0,1783.0,A,A,4,3,19,2,9.0,"call before_XXX extensions | TODO: ordered values, etc | HACK: check for history in other tables, in case the | we can do an executemany UPDATE which is more efficient | we can do an executemany UPDATE which is more efficient | TODO: why with bookkeeping=False? | TODO: why does this ""only warn"" if versioning is turned off, | call after_XXX extensions | TODO: this still goes a little too often.  would be nice to"
AZ4INYADUdMD1-xUqsPs,lib/sqlalchemy/orm/persistence.py,persistence.py,python:S1135,LOW,MAINTAINABILITY,CODE_SMELL,"Complete the task associated to this ""TODO"" comment.",1720,0min,0.0,0.0,25.0,25.0,297.0,607.0,507.0,1783.0,A,A,4,3,19,2,9.0,"call before_XXX extensions | TODO: ordered values, etc | HACK: check for history in other tables, in case the | we can do an executemany UPDATE which is more efficient | we can do an executemany UPDATE which is more efficient | TODO: why with bookkeeping=False? | TODO: why does this ""only warn"" if versioning is turned off, | call after_XXX extensions | TODO: this still goes a little too often.  would be nice to"
AZ4INYANUdMD1-xUqsP1,lib/sqlalchemy/orm/query.py,query.py,python:S1135,LOW,MAINTAINABILITY,CODE_SMELL,"Complete the task associated to this ""TODO"" comment.",556,0min,0.0,0.0,8.0,8.0,250.0,149.0,15.0,3397.0,A,A,9,5,57,2,7.0,"We could find a way to make this collection ""correct"", however | TODO: this event needs to be deprecated, as it currently applies | TODO: deprecate, property has to be supplied | TODO: deprecate | TODO: not sure why we can't use result.scalar() here | an iterable block is broken, so close the result | TODO: isn't this supposed to be a list?"
AZ4INYANUdMD1-xUqsP2,lib/sqlalchemy/orm/query.py,query.py,python:S1135,LOW,MAINTAINABILITY,CODE_SMELL,"Complete the task associated to this ""TODO"" comment.",1292,0min,0.0,0.0,8.0,8.0,250.0,149.0,15.0,3397.0,A,A,9,5,57,2,7.0,"We could find a way to make this collection ""correct"", however | TODO: this event needs to be deprecated, as it currently applies | TODO: deprecate, property has to be supplied | TODO: deprecate | TODO: not sure why we can't use result.scalar() here | an iterable block is broken, so close the result | TODO: isn't this supposed to be a list?"
AZ4INYANUdMD1-xUqsP4,lib/sqlalchemy/orm/query.py,query.py,python:S1135,LOW,MAINTAINABILITY,CODE_SMELL,"Complete the task associated to this ""TODO"" comment.",1335,0min,0.0,0.0,8.0,8.0,250.0,149.0,15.0,3397.0,A,A,9,5,57,2,7.0,"We could find a way to make this collection ""correct"", however | TODO: this event needs to be deprecated, as it currently applies | TODO: deprecate, property has to be supplied | TODO: deprecate | TODO: not sure why we can't use result.scalar() here | an iterable block is broken, so close the result | TODO: isn't this supposed to be a list?"
AZ4INYANUdMD1-xUqsP5,lib/sqlalchemy/orm/query.py,query.py,python:S1135,LOW,MAINTAINABILITY,CODE_SMELL,"Complete the task associated to this ""TODO"" comment.",2803,0min,0.0,0.0,8.0,8.0,250.0,149.0,15.0,3397.0,A,A,9,5,57,2,7.0,"We could find a way to make this collection ""correct"", however | TODO: this event needs to be deprecated, as it currently applies | TODO: deprecate, property has to be supplied | TODO: deprecate | TODO: not sure why we can't use result.scalar() here | an iterable block is broken, so close the result | TODO: isn't this supposed to be a list?"
AZ4INYANUdMD1-xUqsP6,lib/sqlalchemy/orm/query.py,query.py,python:S1135,LOW,MAINTAINABILITY,CODE_SMELL,"Complete the task associated to this ""TODO"" comment.",2957,0min,0.0,0.0,8.0,8.0,250.0,149.0,15.0,3397.0,A,A,9,5,57,2,7.0,"We could find a way to make this collection ""correct"", however | TODO: this event needs to be deprecated, as it currently applies | TODO: deprecate, property has to be supplied | TODO: deprecate | TODO: not sure why we can't use result.scalar() here | an iterable block is broken, so close the result | TODO: isn't this supposed to be a list?"
AZ4INX_WUdMD1-xUqsNr,lib/sqlalchemy/orm/relationships.py,relationships.py,python:S1135,LOW,MAINTAINABILITY,CODE_SMELL,"Complete the task associated to this ""TODO"" comment.",2516,0min,0.0,0.0,20.0,20.0,463.0,574.0,243.0,3501.0,A,A,9,3,138,2,2.0,"TODO: coverage | (not just ==), perhaps they need to turn on ""viewonly=True""."
AZ4INX_tUdMD1-xUqsOt,lib/sqlalchemy/orm/session.py,session.py,python:S1135,LOW,MAINTAINABILITY,CODE_SMELL,"Complete the task associated to this ""TODO"" comment.",1198,0min,0.0,1.0,19.0,20.0,498.0,583.0,242.0,5302.0,A,E,13,9,147,2,7.0,"we probably can do this conditionally based on | TODO: shouldn't we only be here if not | TODO: these two None sets were historically after the | Why do we need to get rid of them at all?  test_memusage::CycleTest | the idea is that at some point NO_ARG will warn that in the future | TODO: this was being tested before, but this is not possible | have this here since it otherwise causes issues with the proxy"
AZ4INX_tUdMD1-xUqsOx,lib/sqlalchemy/orm/session.py,session.py,python:S1135,LOW,MAINTAINABILITY,CODE_SMELL,"Complete the task associated to this ""TODO"" comment.",1426,0min,0.0,1.0,19.0,20.0,498.0,583.0,242.0,5302.0,A,E,13,9,147,2,7.0,"we probably can do this conditionally based on | TODO: shouldn't we only be here if not | TODO: these two None sets were historically after the | Why do we need to get rid of them at all?  test_memusage::CycleTest | the idea is that at some point NO_ARG will warn that in the future | TODO: this was being tested before, but this is not possible | have this here since it otherwise causes issues with the proxy"
AZ4INX_tUdMD1-xUqsO2,lib/sqlalchemy/orm/session.py,session.py,python:S1481,LOW,MAINTAINABILITY,CODE_SMELL,"Remove the unused local variable ""obj"".",3433,5min,0.0,1.0,19.0,20.0,498.0,583.0,242.0,5302.0,A,E,13,9,147,2,7.0,"we probably can do this conditionally based on | TODO: shouldn't we only be here if not | TODO: these two None sets were historically after the | Why do we need to get rid of them at all?  test_memusage::CycleTest | the idea is that at some point NO_ARG will warn that in the future | TODO: this was being tested before, but this is not possible | have this here since it otherwise causes issues with the proxy"
AZ4INX_tUdMD1-xUqsO4,lib/sqlalchemy/orm/session.py,session.py,python:S1135,LOW,MAINTAINABILITY,CODE_SMELL,"Complete the task associated to this ""TODO"" comment.",3852,0min,0.0,1.0,19.0,20.0,498.0,583.0,242.0,5302.0,A,E,13,9,147,2,7.0,"we probably can do this conditionally based on | TODO: shouldn't we only be here if not | TODO: these two None sets were historically after the | Why do we need to get rid of them at all?  test_memusage::CycleTest | the idea is that at some point NO_ARG will warn that in the future | TODO: this was being tested before, but this is not possible | have this here since it otherwise causes issues with the proxy"
AZ4INX-qUdMD1-xUqsLi,lib/sqlalchemy/orm/state.py,state.py,python:S1481,LOW,MAINTAINABILITY,CODE_SMELL,"Replace unused local variable ""instance"" with ""_"".",563,5min,0.0,0.0,12.0,12.0,170.0,179.0,114.0,1144.0,A,A,3,2,29,116,2.0,"is mapped with ""noload"" or perhaps ""immediateload"". | loader is reset in the same way as a column loader."
AZ4INYATUdMD1-xUqsQA,lib/sqlalchemy/orm/state_changes.py,state_changes.py,python:S2737,LOW,MAINTAINABILITY,CODE_SMELL,Add logic to this except clause or eliminate it and rethrow the exception automatically.,141,5min,0.0,0.0,3.0,3.0,15.0,28.0,24.0,199.0,A,A,5,4,12,116,,
AZ4INYATUdMD1-xUqsQB,lib/sqlalchemy/orm/state_changes.py,state_changes.py,python:S2737,LOW,MAINTAINABILITY,CODE_SMELL,Add logic to this except clause or eliminate it and rethrow the exception automatically.,191,5min,0.0,0.0,3.0,3.0,15.0,28.0,24.0,199.0,A,A,5,4,12,116,,
AZ4INX-xUdMD1-xUqsLv,lib/sqlalchemy/orm/strategies.py,strategies.py,python:S1135,LOW,MAINTAINABILITY,CODE_SMELL,"Complete the task associated to this ""TODO"" comment.",239,0min,1.0,0.0,27.0,28.0,453.0,577.0,249.0,3403.0,B,A,11,6,92,18,10.0,"typically, ""mapper"" is the same as prop.parent, due to the way | TODO: check all columns ?  check for foreign key as well? | TODO: the ""not self.uselist"" can be taken out entirely; a m2o | compiled query but swapping the params, seems only marginally | self.parent is a subclass mapper.  Fixes #13209. | appear more than once in the path, issue #11449 | conflicting value already loaded, this shouldn't happen | ""in"" expression are in terms of the related entity.  So | as of #8399 we let the loader option itself figure out what it | this sort is really for the benefit of the unit tests"
AZ4INX-xUdMD1-xUqsLw,lib/sqlalchemy/orm/strategies.py,strategies.py,python:S1135,LOW,MAINTAINABILITY,CODE_SMELL,"Complete the task associated to this ""TODO"" comment.",739,0min,1.0,0.0,27.0,28.0,453.0,577.0,249.0,3403.0,B,A,11,6,92,18,10.0,"typically, ""mapper"" is the same as prop.parent, due to the way | TODO: check all columns ?  check for foreign key as well? | TODO: the ""not self.uselist"" can be taken out entirely; a m2o | compiled query but swapping the params, seems only marginally | self.parent is a subclass mapper.  Fixes #13209. | appear more than once in the path, issue #11449 | conflicting value already loaded, this shouldn't happen | ""in"" expression are in terms of the related entity.  So | as of #8399 we let the loader option itself figure out what it | this sort is really for the benefit of the unit tests"
AZ4INX-xUdMD1-xUqsL8,lib/sqlalchemy/orm/strategies.py,strategies.py,python:S1481,LOW,MAINTAINABILITY,CODE_SMELL,"Replace unused local variable ""root_mapper"" with ""_"".",2276,5min,1.0,0.0,27.0,28.0,453.0,577.0,249.0,3403.0,B,A,11,6,92,18,10.0,"typically, ""mapper"" is the same as prop.parent, due to the way | TODO: check all columns ?  check for foreign key as well? | TODO: the ""not self.uselist"" can be taken out entirely; a m2o | compiled query but swapping the params, seems only marginally | self.parent is a subclass mapper.  Fixes #13209. | appear more than once in the path, issue #11449 | conflicting value already loaded, this shouldn't happen | ""in"" expression are in terms of the related entity.  So | as of #8399 we let the loader option itself figure out what it | this sort is really for the benefit of the unit tests"
AZ4INX-xUdMD1-xUqsL9,lib/sqlalchemy/orm/strategies.py,strategies.py,python:S1226,LOW,RELIABILITY,BUG,Introduce a new variable or use its initial value before reassigning 'adapter'.,2313,5min,1.0,0.0,27.0,28.0,453.0,577.0,249.0,3403.0,B,A,11,6,92,18,10.0,"typically, ""mapper"" is the same as prop.parent, due to the way | TODO: check all columns ?  check for foreign key as well? | TODO: the ""not self.uselist"" can be taken out entirely; a m2o | compiled query but swapping the params, seems only marginally | self.parent is a subclass mapper.  Fixes #13209. | appear more than once in the path, issue #11449 | conflicting value already loaded, this shouldn't happen | ""in"" expression are in terms of the related entity.  So | as of #8399 we let the loader option itself figure out what it | this sort is really for the benefit of the unit tests"
AZ4INX-xUdMD1-xUqsMB,lib/sqlalchemy/orm/strategies.py,strategies.py,python:S1135,LOW,MAINTAINABILITY,CODE_SMELL,"Complete the task associated to this ""TODO"" comment.",2607,0min,1.0,0.0,27.0,28.0,453.0,577.0,249.0,3403.0,B,A,11,6,92,18,10.0,"typically, ""mapper"" is the same as prop.parent, due to the way | TODO: check all columns ?  check for foreign key as well? | TODO: the ""not self.uselist"" can be taken out entirely; a m2o | compiled query but swapping the params, seems only marginally | self.parent is a subclass mapper.  Fixes #13209. | appear more than once in the path, issue #11449 | conflicting value already loaded, this shouldn't happen | ""in"" expression are in terms of the related entity.  So | as of #8399 we let the loader option itself figure out what it | this sort is really for the benefit of the unit tests"
AZ4INX_EUdMD1-xUqsMu,lib/sqlalchemy/orm/strategy_options.py,strategy_options.py,python:S1135,LOW,MAINTAINABILITY,CODE_SMELL,"Complete the task associated to this ""TODO"" comment.",1458,0min,0.0,0.0,10.0,10.0,244.0,266.0,76.0,2570.0,A,A,6,4,76,18,4.0,TODO: no cases in test suite where we actually get | TODO: need to figure out this None thing being returned by | TODO: attrs against different classes.  we likely have to | add some extra state to Load of some kind
AZ4INX_EUdMD1-xUqsM0,lib/sqlalchemy/orm/strategy_options.py,strategy_options.py,python:S1135,LOW,MAINTAINABILITY,CODE_SMELL,"Complete the task associated to this ""TODO"" comment.",2374,0min,0.0,0.0,10.0,10.0,244.0,266.0,76.0,2570.0,A,A,6,4,76,18,4.0,TODO: no cases in test suite where we actually get | TODO: need to figure out this None thing being returned by | TODO: attrs against different classes.  we likely have to | add some extra state to Load of some kind
AZ4INX_EUdMD1-xUqsM1,lib/sqlalchemy/orm/strategy_options.py,strategy_options.py,python:S1135,LOW,MAINTAINABILITY,CODE_SMELL,"Complete the task associated to this ""TODO"" comment.",2428,0min,0.0,0.0,10.0,10.0,244.0,266.0,76.0,2570.0,A,A,6,4,76,18,4.0,TODO: no cases in test suite where we actually get | TODO: need to figure out this None thing being returned by | TODO: attrs against different classes.  we likely have to | add some extra state to Load of some kind
AZ4INYAbUdMD1-xUqsQj,lib/sqlalchemy/orm/unitofwork.py,unitofwork.py,python:S1135,LOW,MAINTAINABILITY,CODE_SMELL,"Complete the task associated to this ""TODO"" comment.",281,0min,0.0,0.0,8.0,8.0,162.0,178.0,93.0,797.0,A,A,2,2,7,2,2.0,"the related item may or may not itself be in a | TODO: store the history as (state, object) tuples"
AZ4INX_2UdMD1-xUqsPK,lib/sqlalchemy/orm/util.py,util.py,python:S1481,LOW,MAINTAINABILITY,CODE_SMELL,"Remove the unused local variable ""l"".",1765,5min,0.0,0.0,11.0,11.0,251.0,294.0,115.0,2424.0,A,A,12,2,187,101,4.0,"to eliminate reference cycles, the AliasedClass is held weakly. | subject can be None but it's much better if it's not. | (probably should), so do some gymnastics to get the entity. | or implicit ON clause, augment it the same way we'd augment the"
AZ4INYCGUdMD1-xUqsSq,lib/sqlalchemy/pool/base.py,base.py,python:S1135,LOW,MAINTAINABILITY,CODE_SMELL,"Complete the task associated to this ""TODO"" comment.",1495,0min,0.0,0.0,4.0,4.0,174.0,177.0,69.0,1516.0,A,A,6,4,20,90,2.0,"""invalidation time"" to ""starttime"" should perhaps use >= so that the | TODO: should this be _return_conn?"
AZ4INYB-UdMD1-xUqsSh,lib/sqlalchemy/pool/events.py,events.py,python:S117,LOW,MAINTAINABILITY,CODE_SMELL,"Rename this local variable ""Engine"" to match the regular expression ^[_a-z][a-z0-9_]*$.",67,2min,0.0,1.0,1.0,2.0,16.0,10.0,2.0,371.0,A,E,2,1,29,103,,
AZ4INX7cUdMD1-xUqsEz,lib/sqlalchemy/sql/annotation.py,annotation.py,python:S1226,LOW,RELIABILITY,BUG,Introduce a new variable or use its initial value before reassigning 'cls'.,271,5min,1.0,0.0,6.0,7.0,72.0,55.0,37.0,586.0,B,A,4,3,14,116,1.0,annotated objects hack the __hash__() method so if we want to
AZ4INX8GUdMD1-xUqsGP,lib/sqlalchemy/sql/base.py,base.py,python:S1135,LOW,MAINTAINABILITY,CODE_SMELL,"Complete the task associated to this ""TODO"" comment.",328,0min,0.0,0.0,11.0,11.0,268.0,202.0,63.0,2186.0,A,A,19,6,816,2,7.0,"TODO: cython candidate | TODO: very inefficient.  This is used only in test suites | TODO: fairly inefficient, used only in debugging right now. | don't really know how this part is supposed to work w/ the | TODO: cython candidate | matches a1.c.x->table.c.x better than | operation may very well be occurring"
AZ4INX8GUdMD1-xUqsGR,lib/sqlalchemy/sql/base.py,base.py,python:S1135,LOW,MAINTAINABILITY,CODE_SMELL,"Complete the task associated to this ""TODO"" comment.",844,0min,0.0,0.0,11.0,11.0,268.0,202.0,63.0,2186.0,A,A,19,6,816,2,7.0,"TODO: cython candidate | TODO: very inefficient.  This is used only in test suites | TODO: fairly inefficient, used only in debugging right now. | don't really know how this part is supposed to work w/ the | TODO: cython candidate | matches a1.c.x->table.c.x better than | operation may very well be occurring"
AZ4INX8GUdMD1-xUqsGS,lib/sqlalchemy/sql/base.py,base.py,python:S1135,LOW,MAINTAINABILITY,CODE_SMELL,"Complete the task associated to this ""TODO"" comment.",852,0min,0.0,0.0,11.0,11.0,268.0,202.0,63.0,2186.0,A,A,19,6,816,2,7.0,"TODO: cython candidate | TODO: very inefficient.  This is used only in test suites | TODO: fairly inefficient, used only in debugging right now. | don't really know how this part is supposed to work w/ the | TODO: cython candidate | matches a1.c.x->table.c.x better than | operation may very well be occurring"
AZ4INX8GUdMD1-xUqsGW,lib/sqlalchemy/sql/base.py,base.py,python:S1135,LOW,MAINTAINABILITY,CODE_SMELL,"Complete the task associated to this ""TODO"" comment.",1843,0min,0.0,0.0,11.0,11.0,268.0,202.0,63.0,2186.0,A,A,19,6,816,2,7.0,"TODO: cython candidate | TODO: very inefficient.  This is used only in test suites | TODO: fairly inefficient, used only in debugging right now. | don't really know how this part is supposed to work w/ the | TODO: cython candidate | matches a1.c.x->table.c.x better than | operation may very well be occurring"
AZ4INX7XUdMD1-xUqsEE,lib/sqlalchemy/sql/cache_key.py,cache_key.py,python:S1135,LOW,MAINTAINABILITY,CODE_SMELL,"Complete the task associated to this ""TODO"" comment.",176,0min,1.0,0.0,46.0,47.0,97.0,120.0,253.0,1058.0,E,A,3,2,49,116,4.0,TODO: wouldn't we instead get this from our superclass? | efficient on startup but simpler. | TODO: see if C code can help here as Python lacks an | efficient switch construct
AZ4INX7XUdMD1-xUqsEG,lib/sqlalchemy/sql/cache_key.py,cache_key.py,python:S1135,LOW,MAINTAINABILITY,CODE_SMELL,"Complete the task associated to this ""TODO"" comment.",276,0min,1.0,0.0,46.0,47.0,97.0,120.0,253.0,1058.0,E,A,3,2,49,116,4.0,TODO: wouldn't we instead get this from our superclass? | efficient on startup but simpler. | TODO: see if C code can help here as Python lacks an | efficient switch construct
AZ4INX7XUdMD1-xUqsEI,lib/sqlalchemy/sql/cache_key.py,cache_key.py,python:S1940,LOW,MAINTAINABILITY,CODE_SMELL,"Use the opposite operator (""!="") instead.",484,2min,1.0,0.0,46.0,47.0,97.0,120.0,253.0,1058.0,E,A,3,2,49,116,4.0,TODO: wouldn't we instead get this from our superclass? | efficient on startup but simpler. | TODO: see if C code can help here as Python lacks an | efficient switch construct
AZ4INX7_UdMD1-xUqsGI,lib/sqlalchemy/sql/coercions.py,coercions.py,python:S1226,LOW,RELIABILITY,BUG,Introduce a new variable or use its initial value before reassigning 'code'.,678,5min,1.0,0.0,9.0,10.0,203.0,249.0,84.0,1406.0,B,A,5,3,13,116,6.0,"TODO: there's no test coverage now for the | this is a hack right now as we want to use coercion on an | ORM context _join and _legacy_join() would need to be improved | see #5754 for why we can't easily deprecate this coercion. | TODO: doing _implicit_subquery here causes tests to fail, | how was this working before?  probably that ORM"
AZ4INX7_UdMD1-xUqsGJ,lib/sqlalchemy/sql/coercions.py,coercions.py,python:S1135,LOW,MAINTAINABILITY,CODE_SMELL,"Complete the task associated to this ""TODO"" comment.",758,0min,1.0,0.0,9.0,10.0,203.0,249.0,84.0,1406.0,B,A,5,3,13,116,6.0,"TODO: there's no test coverage now for the | this is a hack right now as we want to use coercion on an | ORM context _join and _legacy_join() would need to be improved | see #5754 for why we can't easily deprecate this coercion. | TODO: doing _implicit_subquery here causes tests to fail, | how was this working before?  probably that ORM"
AZ4INX7_UdMD1-xUqsGL,lib/sqlalchemy/sql/coercions.py,coercions.py,python:S1940,LOW,MAINTAINABILITY,CODE_SMELL,"Use the opposite operator (""!="") instead.",888,2min,1.0,0.0,9.0,10.0,203.0,249.0,84.0,1406.0,B,A,5,3,13,116,6.0,"TODO: there's no test coverage now for the | this is a hack right now as we want to use coercion on an | ORM context _join and _legacy_join() would need to be improved | see #5754 for why we can't easily deprecate this coercion. | TODO: doing _implicit_subquery here causes tests to fail, | how was this working before?  probably that ORM"
AZ4INX7_UdMD1-xUqsGM,lib/sqlalchemy/sql/coercions.py,coercions.py,python:S1135,LOW,MAINTAINABILITY,CODE_SMELL,"Complete the task associated to this ""TODO"" comment.",1257,0min,1.0,0.0,9.0,10.0,203.0,249.0,84.0,1406.0,B,A,5,3,13,116,6.0,"TODO: there's no test coverage now for the | this is a hack right now as we want to use coercion on an | ORM context _join and _legacy_join() would need to be improved | see #5754 for why we can't easily deprecate this coercion. | TODO: doing _implicit_subquery here causes tests to fail, | how was this working before?  probably that ORM"
AZ4INX8kUdMD1-xUqsHJ,lib/sqlalchemy/sql/compiler.py,compiler.py,python:S1481,LOW,MAINTAINABILITY,CODE_SMELL,"Replace unused local variable ""only_cols"" with ""_"".",2494,5min,1.0,0.0,153.0,154.0,1158.0,1323.0,1258.0,7819.0,B,A,37,12,879,2,17.0,"way.   The parameters present in self.bind_names may be clones of | elsewhere in the statement already (e.g. a subquery or perhaps a | TODO: would need a fast cast again here, | for postcompile w/ expanding, move the ""wrapped"" part | TODO: this condition is not well understood. | TODO: accumulate_bind_names is passed by crud.py to gather | TODO: can we get at the .columns_plus_names collection | TODO: proxy_name is not technically safe, | as the better target for this now however for 1.4 we will keep | this is a hack to allow legacy result column lookups | TODO: this only seems to be tested indirectly | TODO: likely need asfrom=True here? | TODO: do we want non-primary key explicit sentinel cols | insert_sentinel=""degrade"" perhaps.  not for the initial release. | params inside them.   After multiple attempts to figure this out, | TODO: remove in 2.1 | TODO: no coverage here"
AZ4INX8kUdMD1-xUqsHd,lib/sqlalchemy/sql/compiler.py,compiler.py,python:S1135,LOW,MAINTAINABILITY,CODE_SMELL,"Complete the task associated to this ""TODO"" comment.",3112,0min,1.0,0.0,153.0,154.0,1158.0,1323.0,1258.0,7819.0,B,A,37,12,879,2,17.0,"way.   The parameters present in self.bind_names may be clones of | elsewhere in the statement already (e.g. a subquery or perhaps a | TODO: would need a fast cast again here, | for postcompile w/ expanding, move the ""wrapped"" part | TODO: this condition is not well understood. | TODO: accumulate_bind_names is passed by crud.py to gather | TODO: can we get at the .columns_plus_names collection | TODO: proxy_name is not technically safe, | as the better target for this now however for 1.4 we will keep | this is a hack to allow legacy result column lookups | TODO: this only seems to be tested indirectly | TODO: likely need asfrom=True here? | TODO: do we want non-primary key explicit sentinel cols | insert_sentinel=""degrade"" perhaps.  not for the initial release. | params inside them.   After multiple attempts to figure this out, | TODO: remove in 2.1 | TODO: no coverage here"
AZ4INX8kUdMD1-xUqsHk,lib/sqlalchemy/sql/compiler.py,compiler.py,python:S1481,LOW,MAINTAINABILITY,CODE_SMELL,"Remove the unused local variable ""element"".",3186,5min,1.0,0.0,153.0,154.0,1158.0,1323.0,1258.0,7819.0,B,A,37,12,879,2,17.0,"way.   The parameters present in self.bind_names may be clones of | elsewhere in the statement already (e.g. a subquery or perhaps a | TODO: would need a fast cast again here, | for postcompile w/ expanding, move the ""wrapped"" part | TODO: this condition is not well understood. | TODO: accumulate_bind_names is passed by crud.py to gather | TODO: can we get at the .columns_plus_names collection | TODO: proxy_name is not technically safe, | as the better target for this now however for 1.4 we will keep | this is a hack to allow legacy result column lookups | TODO: this only seems to be tested indirectly | TODO: likely need asfrom=True here? | TODO: do we want non-primary key explicit sentinel cols | insert_sentinel=""degrade"" perhaps.  not for the initial release. | params inside them.   After multiple attempts to figure this out, | TODO: remove in 2.1 | TODO: no coverage here"
AZ4INX8kUdMD1-xUqsHl,lib/sqlalchemy/sql/compiler.py,compiler.py,python:S1481,LOW,MAINTAINABILITY,CODE_SMELL,"Remove the unused local variable ""element"".",3193,5min,1.0,0.0,153.0,154.0,1158.0,1323.0,1258.0,7819.0,B,A,37,12,879,2,17.0,"way.   The parameters present in self.bind_names may be clones of | elsewhere in the statement already (e.g. a subquery or perhaps a | TODO: would need a fast cast again here, | for postcompile w/ expanding, move the ""wrapped"" part | TODO: this condition is not well understood. | TODO: accumulate_bind_names is passed by crud.py to gather | TODO: can we get at the .columns_plus_names collection | TODO: proxy_name is not technically safe, | as the better target for this now however for 1.4 we will keep | this is a hack to allow legacy result column lookups | TODO: this only seems to be tested indirectly | TODO: likely need asfrom=True here? | TODO: do we want non-primary key explicit sentinel cols | insert_sentinel=""degrade"" perhaps.  not for the initial release. | params inside them.   After multiple attempts to figure this out, | TODO: remove in 2.1 | TODO: no coverage here"
AZ4INX8kUdMD1-xUqsHx,lib/sqlalchemy/sql/compiler.py,compiler.py,python:S1135,LOW,MAINTAINABILITY,CODE_SMELL,"Complete the task associated to this ""TODO"" comment.",3735,0min,1.0,0.0,153.0,154.0,1158.0,1323.0,1258.0,7819.0,B,A,37,12,879,2,17.0,"way.   The parameters present in self.bind_names may be clones of | elsewhere in the statement already (e.g. a subquery or perhaps a | TODO: would need a fast cast again here, | for postcompile w/ expanding, move the ""wrapped"" part | TODO: this condition is not well understood. | TODO: accumulate_bind_names is passed by crud.py to gather | TODO: can we get at the .columns_plus_names collection | TODO: proxy_name is not technically safe, | as the better target for this now however for 1.4 we will keep | this is a hack to allow legacy result column lookups | TODO: this only seems to be tested indirectly | TODO: likely need asfrom=True here? | TODO: do we want non-primary key explicit sentinel cols | insert_sentinel=""degrade"" perhaps.  not for the initial release. | params inside them.   After multiple attempts to figure this out, | TODO: remove in 2.1 | TODO: no coverage here"
AZ4INX8kUdMD1-xUqsHy,lib/sqlalchemy/sql/compiler.py,compiler.py,python:S1481,LOW,MAINTAINABILITY,CODE_SMELL,"Replace unused local variable ""to_update"" with ""_"".",3831,5min,1.0,0.0,153.0,154.0,1158.0,1323.0,1258.0,7819.0,B,A,37,12,879,2,17.0,"way.   The parameters present in self.bind_names may be clones of | elsewhere in the statement already (e.g. a subquery or perhaps a | TODO: would need a fast cast again here, | for postcompile w/ expanding, move the ""wrapped"" part | TODO: this condition is not well understood. | TODO: accumulate_bind_names is passed by crud.py to gather | TODO: can we get at the .columns_plus_names collection | TODO: proxy_name is not technically safe, | as the better target for this now however for 1.4 we will keep | this is a hack to allow legacy result column lookups | TODO: this only seems to be tested indirectly | TODO: likely need asfrom=True here? | TODO: do we want non-primary key explicit sentinel cols | insert_sentinel=""degrade"" perhaps.  not for the initial release. | params inside them.   After multiple attempts to figure this out, | TODO: remove in 2.1 | TODO: no coverage here"
AZ4INX8kUdMD1-xUqsH1,lib/sqlalchemy/sql/compiler.py,compiler.py,python:S1135,LOW,MAINTAINABILITY,CODE_SMELL,"Complete the task associated to this ""TODO"" comment.",3925,0min,1.0,0.0,153.0,154.0,1158.0,1323.0,1258.0,7819.0,B,A,37,12,879,2,17.0,"way.   The parameters present in self.bind_names may be clones of | elsewhere in the statement already (e.g. a subquery or perhaps a | TODO: would need a fast cast again here, | for postcompile w/ expanding, move the ""wrapped"" part | TODO: this condition is not well understood. | TODO: accumulate_bind_names is passed by crud.py to gather | TODO: can we get at the .columns_plus_names collection | TODO: proxy_name is not technically safe, | as the better target for this now however for 1.4 we will keep | this is a hack to allow legacy result column lookups | TODO: this only seems to be tested indirectly | TODO: likely need asfrom=True here? | TODO: do we want non-primary key explicit sentinel cols | insert_sentinel=""degrade"" perhaps.  not for the initial release. | params inside them.   After multiple attempts to figure this out, | TODO: remove in 2.1 | TODO: no coverage here"
AZ4INX8kUdMD1-xUqsH5,lib/sqlalchemy/sql/compiler.py,compiler.py,python:S1135,LOW,MAINTAINABILITY,CODE_SMELL,"Complete the task associated to this ""TODO"" comment.",4120,0min,1.0,0.0,153.0,154.0,1158.0,1323.0,1258.0,7819.0,B,A,37,12,879,2,17.0,"way.   The parameters present in self.bind_names may be clones of | elsewhere in the statement already (e.g. a subquery or perhaps a | TODO: would need a fast cast again here, | for postcompile w/ expanding, move the ""wrapped"" part | TODO: this condition is not well understood. | TODO: accumulate_bind_names is passed by crud.py to gather | TODO: can we get at the .columns_plus_names collection | TODO: proxy_name is not technically safe, | as the better target for this now however for 1.4 we will keep | this is a hack to allow legacy result column lookups | TODO: this only seems to be tested indirectly | TODO: likely need asfrom=True here? | TODO: do we want non-primary key explicit sentinel cols | insert_sentinel=""degrade"" perhaps.  not for the initial release. | params inside them.   After multiple attempts to figure this out, | TODO: remove in 2.1 | TODO: no coverage here"
AZ4INX8kUdMD1-xUqsH6,lib/sqlalchemy/sql/compiler.py,compiler.py,python:S1135,LOW,MAINTAINABILITY,CODE_SMELL,"Complete the task associated to this ""TODO"" comment.",4124,0min,1.0,0.0,153.0,154.0,1158.0,1323.0,1258.0,7819.0,B,A,37,12,879,2,17.0,"way.   The parameters present in self.bind_names may be clones of | elsewhere in the statement already (e.g. a subquery or perhaps a | TODO: would need a fast cast again here, | for postcompile w/ expanding, move the ""wrapped"" part | TODO: this condition is not well understood. | TODO: accumulate_bind_names is passed by crud.py to gather | TODO: can we get at the .columns_plus_names collection | TODO: proxy_name is not technically safe, | as the better target for this now however for 1.4 we will keep | this is a hack to allow legacy result column lookups | TODO: this only seems to be tested indirectly | TODO: likely need asfrom=True here? | TODO: do we want non-primary key explicit sentinel cols | insert_sentinel=""degrade"" perhaps.  not for the initial release. | params inside them.   After multiple attempts to figure this out, | TODO: remove in 2.1 | TODO: no coverage here"
AZ4INX8kUdMD1-xUqsIC,lib/sqlalchemy/sql/compiler.py,compiler.py,python:S1135,LOW,MAINTAINABILITY,CODE_SMELL,"Complete the task associated to this ""TODO"" comment.",4516,0min,1.0,0.0,153.0,154.0,1158.0,1323.0,1258.0,7819.0,B,A,37,12,879,2,17.0,"way.   The parameters present in self.bind_names may be clones of | elsewhere in the statement already (e.g. a subquery or perhaps a | TODO: would need a fast cast again here, | for postcompile w/ expanding, move the ""wrapped"" part | TODO: this condition is not well understood. | TODO: accumulate_bind_names is passed by crud.py to gather | TODO: can we get at the .columns_plus_names collection | TODO: proxy_name is not technically safe, | as the better target for this now however for 1.4 we will keep | this is a hack to allow legacy result column lookups | TODO: this only seems to be tested indirectly | TODO: likely need asfrom=True here? | TODO: do we want non-primary key explicit sentinel cols | insert_sentinel=""degrade"" perhaps.  not for the initial release. | params inside them.   After multiple attempts to figure this out, | TODO: remove in 2.1 | TODO: no coverage here"
AZ4INX8kUdMD1-xUqsIW,lib/sqlalchemy/sql/compiler.py,compiler.py,python:S1135,LOW,MAINTAINABILITY,CODE_SMELL,"Complete the task associated to this ""TODO"" comment.",5283,0min,1.0,0.0,153.0,154.0,1158.0,1323.0,1258.0,7819.0,B,A,37,12,879,2,17.0,"way.   The parameters present in self.bind_names may be clones of | elsewhere in the statement already (e.g. a subquery or perhaps a | TODO: would need a fast cast again here, | for postcompile w/ expanding, move the ""wrapped"" part | TODO: this condition is not well understood. | TODO: accumulate_bind_names is passed by crud.py to gather | TODO: can we get at the .columns_plus_names collection | TODO: proxy_name is not technically safe, | as the better target for this now however for 1.4 we will keep | this is a hack to allow legacy result column lookups | TODO: this only seems to be tested indirectly | TODO: likely need asfrom=True here? | TODO: do we want non-primary key explicit sentinel cols | insert_sentinel=""degrade"" perhaps.  not for the initial release. | params inside them.   After multiple attempts to figure this out, | TODO: remove in 2.1 | TODO: no coverage here"
AZ4INX8kUdMD1-xUqsIX,lib/sqlalchemy/sql/compiler.py,compiler.py,python:S1135,LOW,MAINTAINABILITY,CODE_SMELL,"Complete the task associated to this ""TODO"" comment.",5371,0min,1.0,0.0,153.0,154.0,1158.0,1323.0,1258.0,7819.0,B,A,37,12,879,2,17.0,"way.   The parameters present in self.bind_names may be clones of | elsewhere in the statement already (e.g. a subquery or perhaps a | TODO: would need a fast cast again here, | for postcompile w/ expanding, move the ""wrapped"" part | TODO: this condition is not well understood. | TODO: accumulate_bind_names is passed by crud.py to gather | TODO: can we get at the .columns_plus_names collection | TODO: proxy_name is not technically safe, | as the better target for this now however for 1.4 we will keep | this is a hack to allow legacy result column lookups | TODO: this only seems to be tested indirectly | TODO: likely need asfrom=True here? | TODO: do we want non-primary key explicit sentinel cols | insert_sentinel=""degrade"" perhaps.  not for the initial release. | params inside them.   After multiple attempts to figure this out, | TODO: remove in 2.1 | TODO: no coverage here"
AZ4INX8kUdMD1-xUqsIb,lib/sqlalchemy/sql/compiler.py,compiler.py,python:S1226,LOW,RELIABILITY,BUG,Introduce a new variable or use its initial value before reassigning 'visited_bindparam'.,5743,5min,1.0,0.0,153.0,154.0,1158.0,1323.0,1258.0,7819.0,B,A,37,12,879,2,17.0,"way.   The parameters present in self.bind_names may be clones of | elsewhere in the statement already (e.g. a subquery or perhaps a | TODO: would need a fast cast again here, | for postcompile w/ expanding, move the ""wrapped"" part | TODO: this condition is not well understood. | TODO: accumulate_bind_names is passed by crud.py to gather | TODO: can we get at the .columns_plus_names collection | TODO: proxy_name is not technically safe, | as the better target for this now however for 1.4 we will keep | this is a hack to allow legacy result column lookups | TODO: this only seems to be tested indirectly | TODO: likely need asfrom=True here? | TODO: do we want non-primary key explicit sentinel cols | insert_sentinel=""degrade"" perhaps.  not for the initial release. | params inside them.   After multiple attempts to figure this out, | TODO: remove in 2.1 | TODO: no coverage here"
AZ4INX8kUdMD1-xUqsIj,lib/sqlalchemy/sql/compiler.py,compiler.py,python:S1135,LOW,MAINTAINABILITY,CODE_SMELL,"Complete the task associated to this ""TODO"" comment.",6359,0min,1.0,0.0,153.0,154.0,1158.0,1323.0,1258.0,7819.0,B,A,37,12,879,2,17.0,"way.   The parameters present in self.bind_names may be clones of | elsewhere in the statement already (e.g. a subquery or perhaps a | TODO: would need a fast cast again here, | for postcompile w/ expanding, move the ""wrapped"" part | TODO: this condition is not well understood. | TODO: accumulate_bind_names is passed by crud.py to gather | TODO: can we get at the .columns_plus_names collection | TODO: proxy_name is not technically safe, | as the better target for this now however for 1.4 we will keep | this is a hack to allow legacy result column lookups | TODO: this only seems to be tested indirectly | TODO: likely need asfrom=True here? | TODO: do we want non-primary key explicit sentinel cols | insert_sentinel=""degrade"" perhaps.  not for the initial release. | params inside them.   After multiple attempts to figure this out, | TODO: remove in 2.1 | TODO: no coverage here"
AZ4INX8kUdMD1-xUqsJT,lib/sqlalchemy/sql/compiler.py,compiler.py,python:S1135,LOW,MAINTAINABILITY,CODE_SMELL,"Complete the task associated to this ""TODO"" comment.",7427,0min,1.0,0.0,153.0,154.0,1158.0,1323.0,1258.0,7819.0,B,A,37,12,879,2,17.0,"way.   The parameters present in self.bind_names may be clones of | elsewhere in the statement already (e.g. a subquery or perhaps a | TODO: would need a fast cast again here, | for postcompile w/ expanding, move the ""wrapped"" part | TODO: this condition is not well understood. | TODO: accumulate_bind_names is passed by crud.py to gather | TODO: can we get at the .columns_plus_names collection | TODO: proxy_name is not technically safe, | as the better target for this now however for 1.4 we will keep | this is a hack to allow legacy result column lookups | TODO: this only seems to be tested indirectly | TODO: likely need asfrom=True here? | TODO: do we want non-primary key explicit sentinel cols | insert_sentinel=""degrade"" perhaps.  not for the initial release. | params inside them.   After multiple attempts to figure this out, | TODO: remove in 2.1 | TODO: no coverage here"
AZ4INX82UdMD1-xUqsJq,lib/sqlalchemy/sql/crud.py,crud.py,python:S1135,LOW,MAINTAINABILITY,CODE_SMELL,"Complete the task associated to this ""TODO"" comment.",648,0min,0.0,0.0,28.0,28.0,237.0,314.0,228.0,1670.0,A,A,8,3,159,2,6.0,"TODO - see TODO(return_defaults_columns) below | TODO - see TODO(return_defaults_columns) below | TODO(return_defaults_columns): there can still be more columns in | kw,  # TODO: no test coverage for literal binds here | TODO: not sure if accumulated_bind_names applies here | TODO: this is weird.  See #9685 where we have to"
AZ4INX82UdMD1-xUqsJr,lib/sqlalchemy/sql/crud.py,crud.py,python:S1135,LOW,MAINTAINABILITY,CODE_SMELL,"Complete the task associated to this ""TODO"" comment.",676,0min,0.0,0.0,28.0,28.0,237.0,314.0,228.0,1670.0,A,A,8,3,159,2,6.0,"TODO - see TODO(return_defaults_columns) below | TODO - see TODO(return_defaults_columns) below | TODO(return_defaults_columns): there can still be more columns in | kw,  # TODO: no test coverage for literal binds here | TODO: not sure if accumulated_bind_names applies here | TODO: this is weird.  See #9685 where we have to"
AZ4INX82UdMD1-xUqsJt,lib/sqlalchemy/sql/crud.py,crud.py,python:S1135,LOW,MAINTAINABILITY,CODE_SMELL,"Complete the task associated to this ""TODO"" comment.",771,0min,0.0,0.0,28.0,28.0,237.0,314.0,228.0,1670.0,A,A,8,3,159,2,6.0,"TODO - see TODO(return_defaults_columns) below | TODO - see TODO(return_defaults_columns) below | TODO(return_defaults_columns): there can still be more columns in | kw,  # TODO: no test coverage for literal binds here | TODO: not sure if accumulated_bind_names applies here | TODO: this is weird.  See #9685 where we have to"
AZ4INX82UdMD1-xUqsJ7,lib/sqlalchemy/sql/crud.py,crud.py,python:S1135,LOW,MAINTAINABILITY,CODE_SMELL,"Complete the task associated to this ""TODO"" comment.",1379,0min,0.0,0.0,28.0,28.0,237.0,314.0,228.0,1670.0,A,A,8,3,159,2,6.0,"TODO - see TODO(return_defaults_columns) below | TODO - see TODO(return_defaults_columns) below | TODO(return_defaults_columns): there can still be more columns in | kw,  # TODO: no test coverage for literal binds here | TODO: not sure if accumulated_bind_names applies here | TODO: this is weird.  See #9685 where we have to"
AZ4INX82UdMD1-xUqsJ8,lib/sqlalchemy/sql/crud.py,crud.py,python:S1135,LOW,MAINTAINABILITY,CODE_SMELL,"Complete the task associated to this ""TODO"" comment.",1509,0min,0.0,0.0,28.0,28.0,237.0,314.0,228.0,1670.0,A,A,8,3,159,2,6.0,"TODO - see TODO(return_defaults_columns) below | TODO - see TODO(return_defaults_columns) below | TODO(return_defaults_columns): there can still be more columns in | kw,  # TODO: no test coverage for literal binds here | TODO: not sure if accumulated_bind_names applies here | TODO: this is weird.  See #9685 where we have to"
AZ4INX82UdMD1-xUqsJ-,lib/sqlalchemy/sql/crud.py,crud.py,python:S1135,LOW,MAINTAINABILITY,CODE_SMELL,"Complete the task associated to this ""TODO"" comment.",1628,0min,0.0,0.0,28.0,28.0,237.0,314.0,228.0,1670.0,A,A,8,3,159,2,6.0,"TODO - see TODO(return_defaults_columns) below | TODO - see TODO(return_defaults_columns) below | TODO(return_defaults_columns): there can still be more columns in | kw,  # TODO: no test coverage for literal binds here | TODO: not sure if accumulated_bind_names applies here | TODO: this is weird.  See #9685 where we have to"
AZ4INX9TUdMD1-xUqsKS,lib/sqlalchemy/sql/elements.py,elements.py,python:S1135,LOW,MAINTAINABILITY,CODE_SMELL,"Complete the task associated to this ""TODO"" comment.",2077,0min,1.0,0.0,18.0,19.0,666.0,408.0,125.0,5500.0,E,A,27,10,1450,2,10.0,"process leaves around a lot of remnants of the previous clause | TODO: this code is uncovered and in all likelihood is not included | 16 bits leftward.  fill extra add_hash on right | regular namespace.  eliminates chance of these | ""CAST(casttest.v1 AS DECIMAL) AS casttest_v1__1"" looks better than | TODO: set up protocol for bind parameter callable | TODO: this seems wrong, it seems like we might not | doesn't make too much sense but we should | TODO: this is only covered in test_text.py, but nothing | TODO: no coverage for this block, again would be in"
AZ4INX9TUdMD1-xUqsKT,lib/sqlalchemy/sql/elements.py,elements.py,python:S1135,LOW,MAINTAINABILITY,CODE_SMELL,"Complete the task associated to this ""TODO"" comment.",2579,0min,1.0,0.0,18.0,19.0,666.0,408.0,125.0,5500.0,E,A,27,10,1450,2,10.0,"process leaves around a lot of remnants of the previous clause | TODO: this code is uncovered and in all likelihood is not included | 16 bits leftward.  fill extra add_hash on right | regular namespace.  eliminates chance of these | ""CAST(casttest.v1 AS DECIMAL) AS casttest_v1__1"" looks better than | TODO: set up protocol for bind parameter callable | TODO: this seems wrong, it seems like we might not | doesn't make too much sense but we should | TODO: this is only covered in test_text.py, but nothing | TODO: no coverage for this block, again would be in"
AZ4INX9TUdMD1-xUqsKU,lib/sqlalchemy/sql/elements.py,elements.py,python:S101,LOW,MAINTAINABILITY,CODE_SMELL,"Rename class ""False_"" to match the regular expression ^_?([A-Z_][a-zA-Z0-9]*|[a-z_][a-z0-9_]*)$.",2621,5min,1.0,0.0,18.0,19.0,666.0,408.0,125.0,5500.0,E,A,27,10,1450,2,10.0,"process leaves around a lot of remnants of the previous clause | TODO: this code is uncovered and in all likelihood is not included | 16 bits leftward.  fill extra add_hash on right | regular namespace.  eliminates chance of these | ""CAST(casttest.v1 AS DECIMAL) AS casttest_v1__1"" looks better than | TODO: set up protocol for bind parameter callable | TODO: this seems wrong, it seems like we might not | doesn't make too much sense but we should | TODO: this is only covered in test_text.py, but nothing | TODO: no coverage for this block, again would be in"
AZ4INX9TUdMD1-xUqsKV,lib/sqlalchemy/sql/elements.py,elements.py,python:S101,LOW,MAINTAINABILITY,CODE_SMELL,"Rename class ""True_"" to match the regular expression ^_?([A-Z_][a-zA-Z0-9]*|[a-z_][a-z0-9_]*)$.",2652,5min,1.0,0.0,18.0,19.0,666.0,408.0,125.0,5500.0,E,A,27,10,1450,2,10.0,"process leaves around a lot of remnants of the previous clause | TODO: this code is uncovered and in all likelihood is not included | 16 bits leftward.  fill extra add_hash on right | regular namespace.  eliminates chance of these | ""CAST(casttest.v1 AS DECIMAL) AS casttest_v1__1"" looks better than | TODO: set up protocol for bind parameter callable | TODO: this seems wrong, it seems like we might not | doesn't make too much sense but we should | TODO: this is only covered in test_text.py, but nothing | TODO: no coverage for this block, again would be in"
AZ4INX9TUdMD1-xUqsKZ,lib/sqlalchemy/sql/elements.py,elements.py,python:S1135,LOW,MAINTAINABILITY,CODE_SMELL,"Complete the task associated to this ""TODO"" comment.",4679,0min,1.0,0.0,18.0,19.0,666.0,408.0,125.0,5500.0,E,A,27,10,1450,2,10.0,"process leaves around a lot of remnants of the previous clause | TODO: this code is uncovered and in all likelihood is not included | 16 bits leftward.  fill extra add_hash on right | regular namespace.  eliminates chance of these | ""CAST(casttest.v1 AS DECIMAL) AS casttest_v1__1"" looks better than | TODO: set up protocol for bind parameter callable | TODO: this seems wrong, it seems like we might not | doesn't make too much sense but we should | TODO: this is only covered in test_text.py, but nothing | TODO: no coverage for this block, again would be in"
AZ4INX9TUdMD1-xUqsKa,lib/sqlalchemy/sql/elements.py,elements.py,python:S1135,LOW,MAINTAINABILITY,CODE_SMELL,"Complete the task associated to this ""TODO"" comment.",4690,0min,1.0,0.0,18.0,19.0,666.0,408.0,125.0,5500.0,E,A,27,10,1450,2,10.0,"process leaves around a lot of remnants of the previous clause | TODO: this code is uncovered and in all likelihood is not included | 16 bits leftward.  fill extra add_hash on right | regular namespace.  eliminates chance of these | ""CAST(casttest.v1 AS DECIMAL) AS casttest_v1__1"" looks better than | TODO: set up protocol for bind parameter callable | TODO: this seems wrong, it seems like we might not | doesn't make too much sense but we should | TODO: this is only covered in test_text.py, but nothing | TODO: no coverage for this block, again would be in"
AZ4INX7hUdMD1-xUqsE4,lib/sqlalchemy/sql/functions.py,functions.py,python:S1135,LOW,MAINTAINABILITY,CODE_SMELL,"Complete the task associated to this ""TODO"" comment.",407,0min,0.0,0.0,1.0,1.0,134.0,42.0,0.0,2056.0,A,A,20,7,547,48,2.0,TODO: this might not be fully accurate | slight hack to limit to just one positional argument
AZ4INX75UdMD1-xUqsFr,lib/sqlalchemy/sql/lambdas.py,lambdas.py,python:S1226,LOW,RELIABILITY,BUG,Introduce a new variable or use its initial value before reassigning 'fn'.,220,5min,1.0,0.0,24.0,25.0,166.0,184.0,125.0,1450.0,B,A,6,3,32,2,9.0,"TODO: this needs A LOT of tests | that is exactly what people will be doing, it doesn't work, so | I'm not really sure how to handle this right now. | TODO: TEST TEST TEST, this is very out there | TODO: A LOT A LOT of tests.   for _resolve_with_args, we don't know | TODO: validate kw haven't changed? | TODO: should we coerce consts None/True/False here? | TODO: coverage where an ORM option or similar is here | TODO: coverage"
AZ4INX75UdMD1-xUqsFs,lib/sqlalchemy/sql/lambdas.py,lambdas.py,python:S1135,LOW,MAINTAINABILITY,CODE_SMELL,"Complete the task associated to this ""TODO"" comment.",380,0min,1.0,0.0,24.0,25.0,166.0,184.0,125.0,1450.0,B,A,6,3,32,2,9.0,"TODO: this needs A LOT of tests | that is exactly what people will be doing, it doesn't work, so | I'm not really sure how to handle this right now. | TODO: TEST TEST TEST, this is very out there | TODO: A LOT A LOT of tests.   for _resolve_with_args, we don't know | TODO: validate kw haven't changed? | TODO: should we coerce consts None/True/False here? | TODO: coverage where an ORM option or similar is here | TODO: coverage"
AZ4INX75UdMD1-xUqsFt,lib/sqlalchemy/sql/lambdas.py,lambdas.py,python:S1135,LOW,MAINTAINABILITY,CODE_SMELL,"Complete the task associated to this ""TODO"" comment.",481,0min,1.0,0.0,24.0,25.0,166.0,184.0,125.0,1450.0,B,A,6,3,32,2,9.0,"TODO: this needs A LOT of tests | that is exactly what people will be doing, it doesn't work, so | I'm not really sure how to handle this right now. | TODO: TEST TEST TEST, this is very out there | TODO: A LOT A LOT of tests.   for _resolve_with_args, we don't know | TODO: validate kw haven't changed? | TODO: should we coerce consts None/True/False here? | TODO: coverage where an ORM option or similar is here | TODO: coverage"
AZ4INX75UdMD1-xUqsFu,lib/sqlalchemy/sql/lambdas.py,lambdas.py,python:S1135,LOW,MAINTAINABILITY,CODE_SMELL,"Complete the task associated to this ""TODO"" comment.",496,0min,1.0,0.0,24.0,25.0,166.0,184.0,125.0,1450.0,B,A,6,3,32,2,9.0,"TODO: this needs A LOT of tests | that is exactly what people will be doing, it doesn't work, so | I'm not really sure how to handle this right now. | TODO: TEST TEST TEST, this is very out there | TODO: A LOT A LOT of tests.   for _resolve_with_args, we don't know | TODO: validate kw haven't changed? | TODO: should we coerce consts None/True/False here? | TODO: coverage where an ORM option or similar is here | TODO: coverage"
AZ4INX75UdMD1-xUqsFw,lib/sqlalchemy/sql/lambdas.py,lambdas.py,python:S1135,LOW,MAINTAINABILITY,CODE_SMELL,"Complete the task associated to this ""TODO"" comment.",748,0min,1.0,0.0,24.0,25.0,166.0,184.0,125.0,1450.0,B,A,6,3,32,2,9.0,"TODO: this needs A LOT of tests | that is exactly what people will be doing, it doesn't work, so | I'm not really sure how to handle this right now. | TODO: TEST TEST TEST, this is very out there | TODO: A LOT A LOT of tests.   for _resolve_with_args, we don't know | TODO: validate kw haven't changed? | TODO: should we coerce consts None/True/False here? | TODO: coverage where an ORM option or similar is here | TODO: coverage"
AZ4INX75UdMD1-xUqsFy,lib/sqlalchemy/sql/lambdas.py,lambdas.py,python:S1135,LOW,MAINTAINABILITY,CODE_SMELL,"Complete the task associated to this ""TODO"" comment.",905,0min,1.0,0.0,24.0,25.0,166.0,184.0,125.0,1450.0,B,A,6,3,32,2,9.0,"TODO: this needs A LOT of tests | that is exactly what people will be doing, it doesn't work, so | I'm not really sure how to handle this right now. | TODO: TEST TEST TEST, this is very out there | TODO: A LOT A LOT of tests.   for _resolve_with_args, we don't know | TODO: validate kw haven't changed? | TODO: should we coerce consts None/True/False here? | TODO: coverage where an ORM option or similar is here | TODO: coverage"
AZ4INX75UdMD1-xUqsGA,lib/sqlalchemy/sql/lambdas.py,lambdas.py,python:S1135,LOW,MAINTAINABILITY,CODE_SMELL,"Complete the task associated to this ""TODO"" comment.",1329,0min,1.0,0.0,24.0,25.0,166.0,184.0,125.0,1450.0,B,A,6,3,32,2,9.0,"TODO: this needs A LOT of tests | that is exactly what people will be doing, it doesn't work, so | I'm not really sure how to handle this right now. | TODO: TEST TEST TEST, this is very out there | TODO: A LOT A LOT of tests.   for _resolve_with_args, we don't know | TODO: validate kw haven't changed? | TODO: should we coerce consts None/True/False here? | TODO: coverage where an ORM option or similar is here | TODO: coverage"
AZ4INX75UdMD1-xUqsGC,lib/sqlalchemy/sql/lambdas.py,lambdas.py,python:S1135,LOW,MAINTAINABILITY,CODE_SMELL,"Complete the task associated to this ""TODO"" comment.",1419,0min,1.0,0.0,24.0,25.0,166.0,184.0,125.0,1450.0,B,A,6,3,32,2,9.0,"TODO: this needs A LOT of tests | that is exactly what people will be doing, it doesn't work, so | I'm not really sure how to handle this right now. | TODO: TEST TEST TEST, this is very out there | TODO: A LOT A LOT of tests.   for _resolve_with_args, we don't know | TODO: validate kw haven't changed? | TODO: should we coerce consts None/True/False here? | TODO: coverage where an ORM option or similar is here | TODO: coverage"
AZ4INX8PUdMD1-xUqsGa,lib/sqlalchemy/sql/naming.py,naming.py,python:S100,LOW,MAINTAINABILITY,CODE_SMELL,"Rename method ""_column_X"" to match the regular expression ^[a-z_][a-z0-9_]*$.",44,5min,0.0,0.0,9.0,9.0,39.0,64.0,61.0,213.0,A,A,2,2,7,116,,
AZ4INX8PUdMD1-xUqsGb,lib/sqlalchemy/sql/naming.py,naming.py,python:S100,LOW,MAINTAINABILITY,CODE_SMELL,"Rename method ""_key_column_X_key"" to match the regular expression ^[a-z_][a-z0-9_]*$.",72,5min,0.0,0.0,9.0,9.0,39.0,64.0,61.0,213.0,A,A,2,2,7,116,,
AZ4INX8PUdMD1-xUqsGc,lib/sqlalchemy/sql/naming.py,naming.py,python:S100,LOW,MAINTAINABILITY,CODE_SMELL,"Rename method ""_key_column_X_name"" to match the regular expression ^[a-z_][a-z0-9_]*$.",78,5min,0.0,0.0,9.0,9.0,39.0,64.0,61.0,213.0,A,A,2,2,7,116,,
AZ4INX8PUdMD1-xUqsGd,lib/sqlalchemy/sql/naming.py,naming.py,python:S100,LOW,MAINTAINABILITY,CODE_SMELL,"Rename method ""_key_column_X_label"" to match the regular expression ^[a-z_][a-z0-9_]*$.",81,5min,0.0,0.0,9.0,9.0,39.0,64.0,61.0,213.0,A,A,2,2,7,116,,
AZ4INX8PUdMD1-xUqsGe,lib/sqlalchemy/sql/naming.py,naming.py,python:S1481,LOW,MAINTAINABILITY,CODE_SMELL,"Replace unused local variable ""refschema"" with ""_"".",88,5min,0.0,0.0,9.0,9.0,39.0,64.0,61.0,213.0,A,A,2,2,7,116,,
AZ4INX8PUdMD1-xUqsGf,lib/sqlalchemy/sql/naming.py,naming.py,python:S1481,LOW,MAINTAINABILITY,CODE_SMELL,"Replace unused local variable ""refcol"" with ""_"".",88,5min,0.0,0.0,9.0,9.0,39.0,64.0,61.0,213.0,A,A,2,2,7,116,,
AZ4INX8PUdMD1-xUqsGg,lib/sqlalchemy/sql/naming.py,naming.py,python:S100,LOW,MAINTAINABILITY,CODE_SMELL,"Rename method ""_key_referred_column_X_name"" to match the regular expression ^[a-z_][a-z0-9_]*$.",93,5min,0.0,0.0,9.0,9.0,39.0,64.0,61.0,213.0,A,A,2,2,7,116,,
AZ4INX8tUdMD1-xUqsJg,lib/sqlalchemy/sql/roles.py,roles.py,python:S1135,LOW,MAINTAINABILITY,CODE_SMELL,"Complete the task associated to this ""TODO"" comment.",283,0min,0.0,0.0,1.0,1.0,8.0,4.0,0.0,324.0,A,A,3,2,15,116,1.0,TODO: are we using this?
AZ4INX7qUdMD1-xUqsFF,lib/sqlalchemy/sql/schema.py,schema.py,python:S1135,LOW,MAINTAINABILITY,CODE_SMELL,"Complete the task associated to this ""TODO"" comment.",2477,0min,1.0,1.0,32.0,34.0,563.0,612.0,380.0,6159.0,C,E,15,5,998,2,7.0,"TODO: likely should be copied in all cases | TODO: if a Sequence, we would need to transfer the Sequence | TODO: DefaultGenerator is not copied here!  it's just used again | would be doing so via another Column, so that's what would | TODO: no test coverage for self not in memos | TODO: consider ""table"" argument being public, but for | overload needed to work around mypy this mypy"
AZ4INX7qUdMD1-xUqsFG,lib/sqlalchemy/sql/schema.py,schema.py,python:S1135,LOW,MAINTAINABILITY,CODE_SMELL,"Complete the task associated to this ""TODO"" comment.",2478,0min,1.0,1.0,32.0,34.0,563.0,612.0,380.0,6159.0,C,E,15,5,998,2,7.0,"TODO: likely should be copied in all cases | TODO: if a Sequence, we would need to transfer the Sequence | TODO: DefaultGenerator is not copied here!  it's just used again | would be doing so via another Column, so that's what would | TODO: no test coverage for self not in memos | TODO: consider ""table"" argument being public, but for | overload needed to work around mypy this mypy"
AZ4INX7qUdMD1-xUqsFH,lib/sqlalchemy/sql/schema.py,schema.py,python:S1135,LOW,MAINTAINABILITY,CODE_SMELL,"Complete the task associated to this ""TODO"" comment.",2487,0min,1.0,1.0,32.0,34.0,563.0,612.0,380.0,6159.0,C,E,15,5,998,2,7.0,"TODO: likely should be copied in all cases | TODO: if a Sequence, we would need to transfer the Sequence | TODO: DefaultGenerator is not copied here!  it's just used again | would be doing so via another Column, so that's what would | TODO: no test coverage for self not in memos | TODO: consider ""table"" argument being public, but for | overload needed to work around mypy this mypy"
AZ4INX7qUdMD1-xUqsFO,lib/sqlalchemy/sql/schema.py,schema.py,python:S1481,LOW,MAINTAINABILITY,CODE_SMELL,"Replace unused local variable ""colname"" with ""_"".",3008,5min,1.0,1.0,32.0,34.0,563.0,612.0,380.0,6159.0,C,E,15,5,998,2,7.0,"TODO: likely should be copied in all cases | TODO: if a Sequence, we would need to transfer the Sequence | TODO: DefaultGenerator is not copied here!  it's just used again | would be doing so via another Column, so that's what would | TODO: no test coverage for self not in memos | TODO: consider ""table"" argument being public, but for | overload needed to work around mypy this mypy"
AZ4INX7qUdMD1-xUqsFP,lib/sqlalchemy/sql/schema.py,schema.py,python:S1481,LOW,MAINTAINABILITY,CODE_SMELL,"Replace unused local variable ""parenttable"" with ""_"".",3239,5min,1.0,1.0,32.0,34.0,563.0,612.0,380.0,6159.0,C,E,15,5,998,2,7.0,"TODO: likely should be copied in all cases | TODO: if a Sequence, we would need to transfer the Sequence | TODO: DefaultGenerator is not copied here!  it's just used again | would be doing so via another Column, so that's what would | TODO: no test coverage for self not in memos | TODO: consider ""table"" argument being public, but for | overload needed to work around mypy this mypy"
AZ4INX7qUdMD1-xUqsFQ,lib/sqlalchemy/sql/schema.py,schema.py,python:S1135,LOW,MAINTAINABILITY,CODE_SMELL,"Complete the task associated to this ""TODO"" comment.",3243,0min,1.0,1.0,32.0,34.0,563.0,612.0,380.0,6159.0,C,E,15,5,998,2,7.0,"TODO: likely should be copied in all cases | TODO: if a Sequence, we would need to transfer the Sequence | TODO: DefaultGenerator is not copied here!  it's just used again | would be doing so via another Column, so that's what would | TODO: no test coverage for self not in memos | TODO: consider ""table"" argument being public, but for | overload needed to work around mypy this mypy"
AZ4INX7qUdMD1-xUqsFY,lib/sqlalchemy/sql/schema.py,schema.py,python:S1135,LOW,MAINTAINABILITY,CODE_SMELL,"Complete the task associated to this ""TODO"" comment.",5221,0min,1.0,1.0,32.0,34.0,563.0,612.0,380.0,6159.0,C,E,15,5,998,2,7.0,"TODO: likely should be copied in all cases | TODO: if a Sequence, we would need to transfer the Sequence | TODO: DefaultGenerator is not copied here!  it's just used again | would be doing so via another Column, so that's what would | TODO: no test coverage for self not in memos | TODO: consider ""table"" argument being public, but for | overload needed to work around mypy this mypy"
AZ4INX70UdMD1-xUqsFm,lib/sqlalchemy/sql/selectable.py,selectable.py,python:S1135,LOW,MAINTAINABILITY,CODE_SMELL,"Complete the task associated to this ""TODO"" comment.",4300,0min,0.0,0.0,15.0,15.0,542.0,403.0,191.0,7005.0,A,A,34,10,672,2,9.0,a fixed counter rather than hash() identity. | it seems like this could be _proxy_key and we would | you need two levels of duplication to be here | TODO: this is hacky and slow | this is a slightly hacky thing - the union exports a | a compound embedded in a compound.  it's probably more appropriate | i haven't tried to think what it means for compound nested in | TODO: this seems like we should be using coercions for this | designed around expecting that inner elements inside of
AZ4INX70UdMD1-xUqsFp,lib/sqlalchemy/sql/selectable.py,selectable.py,python:S1135,LOW,MAINTAINABILITY,CODE_SMELL,"Complete the task associated to this ""TODO"" comment.",6705,0min,0.0,0.0,15.0,15.0,542.0,403.0,191.0,7005.0,A,A,34,10,672,2,9.0,a fixed counter rather than hash() identity. | it seems like this could be _proxy_key and we would | you need two levels of duplication to be here | TODO: this is hacky and slow | this is a slightly hacky thing - the union exports a | a compound embedded in a compound.  it's probably more appropriate | i haven't tried to think what it means for compound nested in | TODO: this seems like we should be using coercions for this | designed around expecting that inner elements inside of
AZ4INX8VUdMD1-xUqsGl,lib/sqlalchemy/sql/sqltypes.py,sqltypes.py,python:S1135,LOW,MAINTAINABILITY,CODE_SMELL,"Complete the task associated to this ""TODO"" comment.",875,0min,0.0,0.0,6.0,6.0,408.0,329.0,28.0,3822.0,A,A,25,4,471,2,2.0,TODO: this is useless for real world scenarios; implement | for now we're staying conservative w/ behavioral changes (perhaps
AZ4INX8VUdMD1-xUqsGm,lib/sqlalchemy/sql/sqltypes.py,sqltypes.py,python:S117,LOW,MAINTAINABILITY,CODE_SMELL,"Rename this local variable ""DBAPIBinary"" to match the regular expression ^[_a-z][a-z0-9_]*$.",894,2min,0.0,0.0,6.0,6.0,408.0,329.0,28.0,3822.0,A,A,25,4,471,2,2.0,TODO: this is useless for real world scenarios; implement | for now we're staying conservative w/ behavioral changes (perhaps
AZ4INX8VUdMD1-xUqsGn,lib/sqlalchemy/sql/sqltypes.py,sqltypes.py,python:S101,LOW,MAINTAINABILITY,CODE_SMELL,"Rename class ""DOUBLE_PRECISION"" to match the regular expression ^_?([A-Z_][a-zA-Z0-9]*|[a-z_][a-z0-9_]*)$.",3240,5min,0.0,0.0,6.0,6.0,408.0,329.0,28.0,3822.0,A,A,25,4,471,2,2.0,TODO: this is useless for real world scenarios; implement | for now we're staying conservative w/ behavioral changes (perhaps
AZ4INX7NUdMD1-xUqsDe,lib/sqlalchemy/sql/traversals.py,traversals.py,python:S1135,LOW,MAINTAINABILITY,CODE_SMELL,"Complete the task associated to this ""TODO"" comment.",359,0min,0.0,0.0,59.0,59.0,222.0,241.0,349.0,1025.0,A,A,3,2,8,2,2.0,"TODO: use abc classes | TODO: look at attrname for ""legacy_join"" and use different structure"
AZ4INX7NUdMD1-xUqsD5,lib/sqlalchemy/sql/traversals.py,traversals.py,python:S1135,LOW,MAINTAINABILITY,CODE_SMELL,"Complete the task associated to this ""TODO"" comment.",834,0min,0.0,0.0,59.0,59.0,222.0,241.0,349.0,1025.0,A,A,3,2,8,2,2.0,"TODO: use abc classes | TODO: look at attrname for ""legacy_join"" and use different structure"
AZ4INX8bUdMD1-xUqsGv,lib/sqlalchemy/sql/util.py,util.py,python:S1135,LOW,MAINTAINABILITY,CODE_SMELL,"Complete the task associated to this ""TODO"" comment.",933,0min,0.0,0.0,15.0,15.0,256.0,382.0,180.0,1487.0,A,A,9,2,36,2,6.0,"TODO: add specific coverage here | TODO: add specific coverage here | Ideally there could be overloads specific to ColumnElement and | TODO: cython candidate | we are doing here and we would do better to have an inlined | TODO: typing is finding a few gaps in here, see if they can be"
AZ4INX8bUdMD1-xUqsGw,lib/sqlalchemy/sql/util.py,util.py,python:S1135,LOW,MAINTAINABILITY,CODE_SMELL,"Complete the task associated to this ""TODO"" comment.",940,0min,0.0,0.0,15.0,15.0,256.0,382.0,180.0,1487.0,A,A,9,2,36,2,6.0,"TODO: add specific coverage here | TODO: add specific coverage here | Ideally there could be overloads specific to ColumnElement and | TODO: cython candidate | we are doing here and we would do better to have an inlined | TODO: typing is finding a few gaps in here, see if they can be"
AZ4INX8bUdMD1-xUqsG1,lib/sqlalchemy/sql/util.py,util.py,python:S1135,LOW,MAINTAINABILITY,CODE_SMELL,"Complete the task associated to this ""TODO"" comment.",1147,0min,0.0,0.0,15.0,15.0,256.0,382.0,180.0,1487.0,A,A,9,2,36,2,6.0,"TODO: add specific coverage here | TODO: add specific coverage here | Ideally there could be overloads specific to ColumnElement and | TODO: cython candidate | we are doing here and we would do better to have an inlined | TODO: typing is finding a few gaps in here, see if they can be"
AZ4INX8bUdMD1-xUqsG3,lib/sqlalchemy/sql/util.py,util.py,python:S1135,LOW,MAINTAINABILITY,CODE_SMELL,"Complete the task associated to this ""TODO"" comment.",1448,0min,0.0,0.0,15.0,15.0,256.0,382.0,180.0,1487.0,A,A,9,2,36,2,6.0,"TODO: add specific coverage here | TODO: add specific coverage here | Ideally there could be overloads specific to ColumnElement and | TODO: cython candidate | we are doing here and we would do better to have an inlined | TODO: typing is finding a few gaps in here, see if they can be"
AZ4INX6HUdMD1-xUqsBt,lib/sqlalchemy/testing/assertsql.py,assertsql.py,python:S1481,LOW,MAINTAINABILITY,CODE_SMELL,"Replace unused local variable ""received_params"" with ""_"".",272,5min,0.0,0.0,13.0,13.0,88.0,108.0,79.0,517.0,A,A,3,1,9,116,1.0,TODO: why do we need this part?
AZ4INX6HUdMD1-xUqsBu,lib/sqlalchemy/testing/assertsql.py,assertsql.py,python:S1135,LOW,MAINTAINABILITY,CODE_SMELL,"Complete the task associated to this ""TODO"" comment.",276,0min,0.0,0.0,13.0,13.0,88.0,108.0,79.0,517.0,A,A,3,1,9,116,1.0,TODO: why do we need this part?
AZ4INX6rUdMD1-xUqsCW,lib/sqlalchemy/testing/engines.py,engines.py,python:S1135,LOW,MAINTAINABILITY,CODE_SMELL,"Complete the task associated to this ""TODO"" comment.",252,0min,0.0,0.0,3.0,3.0,100.0,77.0,21.0,473.0,A,A,6,2,138,2,3.0,"TODO: this doesn't cover all cases | as nicely as we'd like, namely MySQLdb. | proxy server idea to get better"
AZ4INX6-UdMD1-xUqsC8,lib/sqlalchemy/testing/entities.py,entities.py,python:S1940,LOW,MAINTAINABILITY,CODE_SMELL,"Use the opposite operator (""!="") instead.",59,2min,0.0,0.0,3.0,3.0,22.0,37.0,37.0,118.0,A,A,1,1,2,116,,
AZ4INX64UdMD1-xUqsCy,lib/sqlalchemy/testing/pickleable.py,pickleable.py,python:S1135,LOW,MAINTAINABILITY,CODE_SMELL,"Complete the task associated to this ""TODO"" comment.",41,0min,0.0,0.0,3.0,3.0,25.0,3.0,10.0,156.0,A,A,1,1,2,116,1.0,TODO: these are kind of arbitrary....
AZ4INX6iUdMD1-xUqsCH,lib/sqlalchemy/testing/profiling.py,profiling.py,python:S1481,LOW,MAINTAINABILITY,CODE_SMELL,"Remove the unused local variable ""warm"".",246,5min,0.0,0.0,7.0,7.0,48.0,52.0,35.0,325.0,A,A,4,3,8,2,,
AZ4INX6iUdMD1-xUqsCG,lib/sqlalchemy/testing/profiling.py,profiling.py,python:S1481,LOW,MAINTAINABILITY,CODE_SMELL,"Remove the unused local variable ""time"".",251,5min,0.0,0.0,7.0,7.0,48.0,52.0,35.0,325.0,A,A,4,3,8,2,,
AZ4INX6iUdMD1-xUqsCI,lib/sqlalchemy/testing/profiling.py,profiling.py,python:S1481,LOW,MAINTAINABILITY,CODE_SMELL,"Replace unused local variable ""line_no"" with ""_"".",291,5min,0.0,0.0,7.0,7.0,48.0,52.0,35.0,325.0,A,A,4,3,8,2,,
AZ4INX7JUdMD1-xUqsDC,lib/sqlalchemy/testing/requirements.py,requirements.py,python:S1135,LOW,MAINTAINABILITY,CODE_SMELL,"Complete the task associated to this ""TODO"" comment.",143,0min,0.0,0.0,4.0,4.0,251.0,32.0,15.0,1819.0,A,A,19,7,152,96,1.0,"TODO: exclusions should be composable,"
AZ4INX6yUdMD1-xUqsCj,lib/sqlalchemy/testing/util.py,util.py,python:S1135,LOW,MAINTAINABILITY,CODE_SMELL,"Complete the task associated to this ""TODO"" comment.",228,0min,0.0,0.0,8.0,8.0,77.0,80.0,37.0,538.0,A,A,4,2,18,2,2.0,TODO: this warning can be used to find all the places | TODO:
AZ4INX6yUdMD1-xUqsCk,lib/sqlalchemy/testing/util.py,util.py,python:S1481,LOW,MAINTAINABILITY,CODE_SMELL,"Remove the unused local variable ""arg"".",293,5min,0.0,0.0,8.0,8.0,77.0,80.0,37.0,538.0,A,A,4,2,18,2,2.0,TODO: this warning can be used to find all the places | TODO:
AZ4INX6yUdMD1-xUqsCl,lib/sqlalchemy/testing/util.py,util.py,python:S1135,LOW,MAINTAINABILITY,CODE_SMELL,"Complete the task associated to this ""TODO"" comment.",333,0min,0.0,0.0,8.0,8.0,77.0,80.0,37.0,538.0,A,A,4,2,18,2,2.0,TODO: this warning can be used to find all the places | TODO:
AZ4INX18UdMD1-xUqr5j,lib/sqlalchemy/util/_py_collections.py,_py_collections.py,python:S1481,LOW,MAINTAINABILITY,CODE_SMELL,"Remove the unused local variable ""m"".",364,5min,0.0,0.0,3.0,3.0,149.0,67.0,15.0,542.0,A,A,0,0,0,0,,
AZ4INX18UdMD1-xUqr5k,lib/sqlalchemy/util/_py_collections.py,_py_collections.py,python:S1481,LOW,MAINTAINABILITY,CODE_SMELL,"Remove the unused local variable ""m"".",389,5min,0.0,0.0,3.0,3.0,149.0,67.0,15.0,542.0,A,A,0,0,0,0,,
AZ4INX2IUdMD1-xUqr59,lib/sqlalchemy/util/concurrency.py,concurrency.py,python:S2772,LOW,MAINTAINABILITY,CODE_SMELL,"Remove this unneeded ""pass"".",24,2min,0.0,0.0,11.0,11.0,21.0,13.0,57.0,109.0,A,A,3,3,8,116,,
AZ4INX2EUdMD1-xUqr5m,lib/sqlalchemy/util/langhelpers.py,langhelpers.py,python:S1481,LOW,MAINTAINABILITY,CODE_SMELL,"Replace unused local variable ""exc_type"" with ""_"".",143,5min,0.0,0.0,23.0,23.0,359.0,435.0,211.0,2219.0,A,A,12,3,434,2,8.0,"such as when a kw-only indicator ""*"" is present, which is why | detail, and can be removed or deprecated in future Python releases. | way other than completely deceiving the type checker into thinking there | way to achieve this. | NOTE: we should ultimately get rid of this global thing, | however, currently it is to support pickling.  The best | TODO: this is not working for params like "":param case_sensitive=True:"" | TODO: this still won't cover if the code example itself has"
AZ4INX2EUdMD1-xUqr55,lib/sqlalchemy/util/langhelpers.py,langhelpers.py,python:S1481,LOW,MAINTAINABILITY,CODE_SMELL,"Remove the unused local variable ""strong_fn"".",1908,5min,0.0,0.0,23.0,23.0,359.0,435.0,211.0,2219.0,A,A,12,3,434,2,8.0,"such as when a kw-only indicator ""*"" is present, which is why | detail, and can be removed or deprecated in future Python releases. | way other than completely deceiving the type checker into thinking there | way to achieve this. | NOTE: we should ultimately get rid of this global thing, | however, currently it is to support pickling.  The best | TODO: this is not working for params like "":param case_sensitive=True:"" | TODO: this still won't cover if the code example itself has"
AZ4INX2EUdMD1-xUqr57,lib/sqlalchemy/util/langhelpers.py,langhelpers.py,python:S1135,LOW,MAINTAINABILITY,CODE_SMELL,"Complete the task associated to this ""TODO"" comment.",2148,0min,0.0,0.0,23.0,23.0,359.0,435.0,211.0,2219.0,A,A,12,3,434,2,8.0,"such as when a kw-only indicator ""*"" is present, which is why | detail, and can be removed or deprecated in future Python releases. | way other than completely deceiving the type checker into thinking there | way to achieve this. | NOTE: we should ultimately get rid of this global thing, | however, currently it is to support pickling.  The best | TODO: this is not working for params like "":param case_sensitive=True:"" | TODO: this still won't cover if the code example itself has"
AZ4INX2EUdMD1-xUqr58,lib/sqlalchemy/util/langhelpers.py,langhelpers.py,python:S1135,LOW,MAINTAINABILITY,CODE_SMELL,"Complete the task associated to this ""TODO"" comment.",2178,0min,0.0,0.0,23.0,23.0,359.0,435.0,211.0,2219.0,A,A,12,3,434,2,8.0,"such as when a kw-only indicator ""*"" is present, which is why | detail, and can be removed or deprecated in future Python releases. | way other than completely deceiving the type checker into thinking there | way to achieve this. | NOTE: we should ultimately get rid of this global thing, | however, currently it is to support pickling.  The best | TODO: this is not working for params like "":param case_sensitive=True:"" | TODO: this still won't cover if the code example itself has"
